SMILES,Reason
CN(C)CCN1C(=O)C2=C3C(=CC=C4C3=C(C=C2)C(=O)N(C4=O)CCN(C)C)C1=O,PDI core not found
C1=CC2=C3C(=CC=C4C3=C1C(=O)N(C4=O)CCCCO)C(=O)N(C2=O)CCCCO,PDI core not found
C1CCC(CC1)N2C(=O)C3=C4C(=CC=C5C4=C(C=C3)C(=O)N(C5=O)C6CCCCC6)C2=O,PDI core not found
CCN(CCCCCCN1C(=O)C2=C3C(=CC=C4C3=C(C=C2)C(=O)N(C4=O)CCCCCCN(CC)CC5=CC=CC=C5OC)C1=O)CC6=CC=CC=C6OC,PDI core not found
CN(C)CCCN1C(=O)C2=C3C(=CC=C4C3=C(C=C2)C(=O)N(C4=O)CCCN(C)C)C1=O,PDI core not found
C1=CC(=CC(=C1)O)N2C(=O)C3=C4C(=CC=C5C4=C(C=C3)C(=O)N(C5=O)C6=CC(=CC=C6)O)C2=O,PDI core not found
CC(=O)OCCN1C(=O)C2=C3C(=CC=C4C3=C(C=C2)C(=O)N(C4=O)CCOC(=O)C)C1=O,PDI core not found
C1COCCN1CCCN2C(=O)C3=C4C(=CC=C5C4=C(C=C3)C(=O)N(C5=O)CCCN6CCOCC6)C2=O,PDI core not found
COC1=CC=CC=C1CNCCCN2C(=O)C3=C4C(=CC=C5C4=C(C=C3)C(=O)N(C5=O)CCCNCCCCN)C2=O,PDI core not found
COC1=CC=CC=C1CNCCCN2C(=O)C3=C4C(=CC=C5C4=C(C=C3)C(=O)N(C5=O)CCCNCCCCNCCCN)C2=O,PDI core not found
C1=CC(=CC(=C1)N2C(=O)C3=C4C(=CC=C5C4=C(C=C3)C(=O)N(C5=O)C6=CC=CC(=C6)C(=O)O)C2=O)C(=O)O,PDI core not found
C1=CC(=CC=C1N2C(=O)C3=C4C(=CC=C5C4=C(C=C3)C(=O)N(C5=O)C6=CC=C(C=C6)O)C2=O)O,PDI core not found
C1=CC=C(C=C1)N2C(=O)C3=C4C(=CC=C5C4=C(C=C3)C(=O)NC5=O)C2=O,PDI core not found
CCCCCCN1C(=O)C2=C3C(=CC=C4C3=C(C=C2)C(=O)N(C4=O)CCCCCC)C1=O,PDI core not found
CCN(CC)CCN1C(=O)C2=C3C(=CC=C4C3=C(C=C2)C(=O)N(C4=O)CCN(CC)CC)C1=O,PDI core not found
CC(=O)NN1C(=O)C2=C3C(=CC=C4C3=C(C=C2)C(=O)N(C4=O)NC(=O)C)C1=O,PDI core not found
C1=CC(=CC=C1N2C(=O)C3=C4C(=CC=C5C4=C(C=C3)C(=O)N(C5=O)C6=CC=C(C=C6)S(=O)(=O)N)C2=O)S(=O)(=O)N,PDI core not found
COC1=CC=CC=C1CNCCCCCCCCCCN2C(=O)C3=C4C(=CC=C5C4=C(C=C3)C(=O)N(C5=O)CCCCCCCCCCNCC6=CC=CC=C6OC)C2=O,PDI core not found
COC1=CC=CC=C1CNCCN2C(=O)C3=C4C(=CC=C5C4=C(C=C3)C(=O)N(C5=O)CCNCC6=CC=CC=C6OC)C2=O,PDI core not found
COC1=CC=CC=C1CNCCCN2C(=O)C3=C4C(=CC=C5C4=C(C=C3)C(=O)N(C5=O)CCCNCC6=CC=CC=C6OC)C2=O,PDI core not found
COC1=CC=CC=C1CNCCCCN2C(=O)C3=C4C(=CC=C5C4=C(C=C3)C(=O)N(C5=O)CCCCNCC6=CC=CC=C6OC)C2=O,PDI core not found
COC1=CC=CC=C1CNCCCCCCCCN2C(=O)C3=C4C(=CC=C5C4=C(C=C3)C(=O)N(C5=O)CCCCCCCCNCC6=CC=CC=C6OC)C2=O,PDI core not found
COC1=CC=CC=C1CNCCCCCCCCCN2C(=O)C3=C4C(=CC=C5C4=C(C=C3)C(=O)N(C5=O)CCCCCCCCCNCC6=CC=CC=C6OC)C2=O,PDI core not found
C1=CC2=C3C(=CC=C4C3=C1C(=O)N(C4=O)CCN=C=S)C(=O)N(C2=O)CCN=C=S,PDI core not found
C1=CC2=C3C(=CC=C4C3=C1C(=O)N(C4=O)CCCN=C=S)C(=O)N(C2=O)CCCN=C=S,PDI core not found
COC1=C(C(=C(C=C1)CNCCCN2C(=O)C3=C4C(=CC=C5C4=C(C=C3)C(=O)N(C5=O)CCCNCC6=C(C(=C(C=C6)OC)OC)OC)C2=O)OC)OC,PDI core not found
CN(CCCN1C(=O)C2=C3C(=CC=C4C3=C(C=C2)C(=O)N(C4=O)CCCN(C)CCCN(CC5=CC=CC=N5)CC6=CC=CC=N6)C1=O)CCCN(CC7=CC=CC=N7)CC8=CC=CC=N8,PDI core not found
C1C(C(C(C(C1N)OC2C(C(C(C(O2)CN)O)O)N)OC3C(C(C(O3)CSCCOCCSCC(CN4C(=O)C5=C6C(=CC=C7C6=C(C=C5)C(=O)N(C7=O)CC(CSCCOCCSCC8C(C(C(C(O8)OC9C(CC(C(C9O)OC1C(CC(C(O1)CN)O)N)N)N)O)N)O)O)C4=O)O)OC1C(C(C(C(O1)CN)O)O)N)O)O)N,PDI core not found
C1C(C(C(C(C1N)OC2C(C(C(C(O2)CN)O)O)N)OC3C(C(C(O3)CSCCOCCSCC(CN4C(=O)C5=C6C(=CC=C7C6=C(C=C5)C(=O)N(C7=O)CC(CSCCOCCSCC8C(C(C(O8)OC9C(C(CC(C9OC1C(C(C(C(O1)CN)O)O)N)N)N)O)O)OC1C(C(C(C(O1)CN)O)O)N)O)C4=O)O)OC1C(C(C(C(O1)CN)O)O)N)O)O)N,PDI core not found
C1CNC(=O)C2=CC=C(C=C2)C(=O)NCCCN3CCN(CCCN4C(=O)C5=C6C(=CC=C7C6=C(C=C5)C(=O)N(C7=O)CCCN8CCN(C1)CC8)C4=O)CC3,PDI core not found
COC1=CC=CC=C1CNCCCN2C(=O)C3=C4C(=CC=C5C4=C(C=C3)C(=O)N(C5=O)CCCCNCCCN)C2=O,PDI core not found
C1=CC(=CC=C1CCN2C(=O)C3=C4C(=CC=C5C4=C(C=C3)C(=O)N(C5=O)CCS(=O)(=O)N)C2=O)S(=O)(=O)N,PDI core not found
COC1=CC=CC=C1CNCCCN2C(=O)C3=C4C(=CC=C5C4=C(C=C3)C(=O)N(C5=O)CCCNCCCN)C2=O,PDI core not found
COC1=CC=CC=C1CNCCCN2C(=O)C3=C4C(=CC=C5C4=C(C=C3)C(=O)N(C5=O)CCCOCCCCOCCCN)C2=O,PDI core not found
CNCCCNCCCN1C(=O)C2=C3C(=CC=C4C3=C(C=C2)C(=O)N(C4=O)CCCNCC5=CC=CC=C5OC)C1=O,PDI core not found
CNCCCNCCCCNCCCN1C(=O)C2=C3C(=CC=C4C3=C(C=C2)C(=O)N(C4=O)CCCNCC5=CC=CC=C5OC)C1=O,PDI core not found
COC1=CC=CC=C1CNCCCN2C(=O)C3=C4C(=CC=C5C4=C(C=C3)C(=O)N(C5=O)CCCN)C2=O,PDI core not found
CCCN1C(=O)C2=C3C(=CC=C4C3=C(C=C2)C(=O)N(C4=O)CCCNCC5=CC=CC=C5OC)C1=O,PDI core not found
COC1=CC=CC=C1CNCCCN2C(=O)C3=C4C(=CC=C5C4=C(C=C3)C(=O)N(C5=O)CCCNCCNCCCN)C2=O,PDI core not found
C1=CC(=CC=C1CN2C(=O)C3=C4C(=CC=C5C4=C(C=C3)C(=O)N(C5=O)CC6=CC=C(C=C6)S(=O)(=O)N)C2=O)S(=O)(=O)N,PDI core not found
CN1CCN(CC1)CCN2C(=O)C3=C4C(=CC=C5C4=C(C=C3)C(=O)N(C5=O)CCN6CCN(CC6)C)C2=O,PDI core not found
CN1CCN(CC1)CCCN2C(=O)C3=C4C(=CC=C5C4=C(C=C3)C(=O)N(C5=O)CCCN6CCN(CC6)C)C2=O,PDI core not found
CN1CCN(CC1)C2=CC=CC=C2N3C(=O)C4=C5C(=CC=C6C5=C(C=C4)C(=O)N(C6=O)C7=CC=CC=C7N8CCN(CC8)C)C3=O,PDI core not found
CC(CCN1C(=O)C2=C3C(=CC=C4C3=C(C=C2)C(=O)N(C4=O)CCC(C)N5CCN(CC5)C)C1=O)N6CCN(CC6)C,PDI core not found
CC(C)(CN1C(=O)C2=C3C(=CC=C4C3=C(C=C2)C(=O)N(C4=O)CC(C)(C)N5CCN(CC5)C)C1=O)N6CCN(CC6)C,PDI core not found
CN1CCN(CC1)C2=CC(=CC=C2)N3C(=O)C4=C5C(=CC=C6C5=C(C=C4)C(=O)N(C6=O)C7=CC=CC(=C7)N8CCN(CC8)C)C3=O,PDI core not found
CN1CCN(CC1)C2=CC=C(C=C2)N3C(=O)C4=C5C(=CC=C6C5=C(C=C4)C(=O)N(C6=O)C7=CC=C(C=C7)N8CCN(CC8)C)C3=O,PDI core not found
CC(CN1C(=O)C2=C3C(=CC=C4C3=C(C=C2)C(=O)N(C4=O)CC(C)N5CCN(CC5)C)C1=O)N6CCN(CC6)C,PDI core not found
CN1CCN(CC1)CC2(CC2)CN3C(=O)C4=C5C(=CC=C6C5=C(C=C4)C(=O)N(C6=O)CC7(CC7)CN8CCN(CC8)C)C3=O,PDI core not found
C1COCCN1C2=CC=CC=C2N3C(=O)C4=C5C(=CC=C6C5=C(C=C4)C(=O)N(C6=O)C7=CC=CC=C7N8CCOCC8)C3=O,PDI core not found
CCOC(=O)CN1C(=O)C2=C3C(=CC=C4C3=C(C=C2)C(=O)N(C4=O)CC(=O)OCC)C1=O,PDI core not found
C[N+](C)(C)CCN1C(=O)C2=C3C(=CC=C4C3=C(C=C2)C(=O)N(C4=O)CC[N+](C)(C)C)C1=O,PDI core not found
C[N+](C)(C)CCCN1C(=O)C2=C3C(=CC=C4C3=C(C=C2)C(=O)N(C4=O)CCC[N+](C)(C)C)C1=O,PDI core not found
CN(C)CCN1C(=O)C2=C3C(=CC=C4C3=C(C=C2)C(=O)N(C4=O)CCN=C=S)C1=O,PDI core not found
C1=CC2=C3C(=CC=C4C3=C1C(=O)NC4=O)C(=O)NC2=O,PDI core not found
C1=CC(=CN=C1)CN2C(=O)C3=C4C(=CC=C5C4=C(C=C3)C(=O)N(C5=O)CC6=CN=CC=C6)C2=O,PDI core not found
CCCC[N+](C)(CCCC)CCCN1C(=O)C2=C3C(=CC=C4C3=C(C=C2)C(=O)N(C4=O)CCC[N+](C)(CCCC)CCCC)C1=O,PDI core not found
C1=CC2=C3C(=CC=C4C3=C1C(=O)N(C4=O)CCNCCO)C(=O)N(C2=O)CCNCCO,PDI core not found
C1=CC2=C3C(=CC=C4C3=C1C(=O)N(C4=O)NC(=O)CC(=O)NC5=NC=CS5)C(=O)N(C2=O)NC(=O)CC(=O)NC6=NC=CS6,PDI core not found
COC1=CC=CC=C1CNCCCCCN2C(=O)C3=C4C(=CC=C5C4=C(C=C3)C(=O)N(C5=O)CCCCCNCC6=CC=CC=C6OC)C2=O,PDI core not found
COC1=CC=CC=C1CNCCCCCCN2C(=O)C3=C4C(=CC=C5C4=C(C=C3)C(=O)N(C5=O)CCCCCCNCC6=CC=CC=C6OC)C2=O,PDI core not found
COC1=CC=CC=C1CNCCCCCCCN2C(=O)C3=C4C(=CC=C5C4=C(C=C3)C(=O)N(C5=O)CCCCCCCNCC6=CC=CC=C6OC)C2=O,PDI core not found
CCC[N+](C)(CCC)CN1C(=O)C2=C3C(=CC=C4C3=C(C=C2)C(=O)N(C4=O)C[N+](C)(CCC)CCC)C1=O,PDI core not found
C[N+](C)(C)CN1C(=O)C2=C3C(=CC=C4C3=C(C=C2)C(=O)N(C4=O)C[N+](C)(C)C)C1=O,PDI core not found
CC[N+](C)(CC)CN1C(=O)C2=C3C(=CC=C4C3=C(C=C2)C(=O)N(C4=O)C[N+](C)(CC)CC)C1=O,PDI core not found
C1C(C(C(C(C1N)OC2C(C(C(C(O2)CSCCOCCSCC(CN3C(=O)C4=C5C(=CC=C6C5=C(C=C4)C(=O)N(C6=O)CC(CSCCOCCSCC7C(C(C(C(O7)OC8C(CC(C(C8O)OC9C(CC(C(O9)CN)O)N)N)N)O)N)O)O)C3=O)O)O)N)O)O)OC1C(CC(C(O1)CN)O)N)N,PDI core not found
CN1CCCNC(=O)CC2(CCCCC2)CC(=O)NCCCN(CCCN3C(=O)C4=C5C(=CC=C6C5=C(C=C4)C(=O)N(C6=O)CCC1)C3=O)C,PDI core not found
COC1=C(C(=C(C=C1)CNCCCN2C(=O)C3=C4C(=CC=C5C4=C(C=C3)C(=O)N(C5=O)CCCNCCCCNCCCN)C2=O)OC)OC,PDI core not found
CN(C)CCCN1C(=O)C2=C3C(=CC=C4C3=C(C=C2)C(=O)N(C4=O)CCCO)C1=O,PDI core not found
CCCCN1C(=O)C2=C3C(=CC=C4C3=C(C=C2)C(=O)N(C4=O)C5=NC=CC=N5)C1=O,PDI core not found
C1COCCN1CCCN2C(=O)C3=C4C(=CC=C5C4=C(C=C3)C(=O)N(C5=O)CCCO)C2=O,PDI core not found
CC(C)CN1C(=O)C2=C3C(=CC=C4C3=C(C=C2)C(=O)N(C4=O)CCCO)C1=O,PDI core not found
CCCCN1C(=O)C2=C3C(=CC=C4C3=C(C=C2)C(=O)N(C4=O)CCCN(C)C)C1=O,PDI core not found
CC1(CC(=O)NCCCN(CCCN2C(=O)C3=C4C(=CC=C5C4=C(C=C3)C(=O)N(C5=O)CCCN(CCCNC(=O)C1)C)C2=O)C)C,PDI core not found
CN1CCCNC(=O)CCCC(=O)NCCCN(CCCN2C(=O)C3=C4C(=CC=C5C4=C(C=C3)C(=O)N(C5=O)CCC1)C2=O)C,PDI core not found
CC1=CC(N=C(N1)NN2C(=O)C3=C4C(=CC=C5C4=C(C=C3)C(=O)N(C5=O)NC6=NC(C=C(N6)C)C7=CC=CC=C7)C2=O)C8=CC=CC=C8,PDI core not found
C1=CC2=C3C(=CC=C4C3=C1C(=O)N(C4=O)CCO)C(=O)N(C2=O)CCO,PDI core not found
CCCCN1C(=O)C2=C3C(=CC=C4C3=C(C=C2)C(=O)N(C4=O)CCC)C1=O,PDI core not found
C1=CC2=C3C(=CC=C4C3=C1C(=O)N(C4=O)CCCO)C(=O)N(C2=O)CCCO,PDI core not found
CN(CCCN)CCCN1C(=O)C2=C3C(=CC=C4C3=C(C=C2)C(=O)N(C4=O)CCCN(C)CCCNC(=O)C(CC5=CN=CN5)NC(=O)CNC(=O)CN)C1=O,PDI core not found
CN(CCCNC(=O)C(CC1=CN=CN1)NC(=O)CNC(=O)CN)CCCN2C(=O)C3=C4C(=CC=C5C4=C(C=C3)C(=O)N(C5=O)CCCN(C)CCCNC(=O)C(CC6=CN=CN6)NC(=O)CNC(=O)CN)C2=O,PDI core not found
CCCC[N+](C)(CCCC)CN1C(=O)C2=C3C(=CC=C4C3=C(C=C2)C(=O)N(C4=O)C[N+](C)(CCCC)CCCC)C1=O,PDI core not found
COC1=CC=CC=C1CNCCCN2C(=O)C3=C4C(=CC=C5C4=C(C=C3)C(=O)N(C5=O)CCCNCCCNCCCN)C2=O,PDI core not found
CCCCN1C(=O)C2=C3C(=CC=C4C3=C(C=C2)C(=O)N(C4=O)CCCN5CCOCC5)C1=O,PDI core not found
CCCCN1C(=O)C2=C3C(=CC=C4C3=C(C=C2)C(=O)N(C4=O)C5CCCCC5)C1=O,PDI core not found
CCCCN1C(=O)C2=C3C(=CC=C4C3=C(C=C2)C(=O)N(C4=O)CC(C)C)C1=O,PDI core not found
CCCCN1C(=O)C2=C3C(=CC=C4C3=C(C=C2)C(=O)N(C4=O)CC5CC5)C1=O,PDI core not found
CCCCN1C(=O)C2=C3C(=CC=C4C3=C(C=C2)C(=O)N(C4=O)C5=CN=CC=C5)C1=O,PDI core not found
CCCCN1C(=O)C2=C3C(=CC=C4C3=C(C=C2)C(=O)N(C4=O)C5CC5)C1=O,PDI core not found
C1COCCN1C(CN2C(=O)C3=C4C(=CC=C5C4=C(C=C3)C(=O)N(C5=O)CC(C6=CC=CC=N6)N7CCOCC7)C2=O)C8=CC=CC=N8,PDI core not found
C1COCCN1C2=CC=C(C=C2)N3C(=O)C4=C5C(=CC=C6C5=C(C=C4)C(=O)N(C6=O)C7=CC=C(C=C7)N8CCOCC8)C3=O,PDI core not found
COC1=CC=CC2=C1OC(=O)C(=C2)C3=CSC(=N3)N4C(=O)C5=C6C(=CC=C7C6=C(C=C5)C(=O)N(C7=O)C8=NC(=CS8)C9=CC1=C(C(=CC=C1)OC)OC9=O)C4=O,PDI core not found
C=CCCC=CC1=C(C2=C(C=C1)OC(=O)C(=C2)C3=CSC(=N3)N4C(=O)C5=C6C(=CC=C7C6=C(C=C5)C(=O)N(C7=O)C8=NC(=CS8)C9=CC1=C(C=CC(=C1C=CCCC=C)C=CCCC=C)OC9=O)C4=O)C=CCCC=C,PDI core not found
C1=CC=C2C(=C1)C=C(C(=O)O2)C3=CSC(=N3)N4C(=O)C5=C6C(=CC=C7C6=C(C=C5)C(=O)N(C7=O)C8=NC(=CS8)C9=CC1=CC=CC=C1OC9=O)C4=O,PDI core not found
COC(CN1C(=O)C2=C3C(=CC=C4C3=C(C=C2)C(=O)N(C4=O)CC(OC)OO)C1=O)OO,PDI core not found
C1=CC=C(C=C1)N2C(=O)C3=C4C(=CC=C5C4=C(C=C3)C(=O)N(C5=O)C6=CC=CC=C6)C2=O,PDI core not found
C1=CC2=C3C(=CC=C4C3=C1C(=O)N(C4=O)C5=NC=CS5)C(=O)N(C2=O)C6=NC=CS6,PDI core not found
CN1C(=O)C2=C3C(=CC=C4C3=C(C=C2)C(=O)N(C4=O)C)C1=O,PDI core not found
C1=CC=C(C=C1)CCN2C(=O)C3=C4C(=CC=C5C4=C(C=C3)C(=O)N(C5=O)CCC6=CC=CC=C6)C2=O,PDI core not found
C1=CC2=C3C(=CC=C4C3=C1C(=O)N(C4=O)CC(=O)O)C(=O)N(C2=O)CC(=O)O,PDI core not found
CC(CN1C(=O)C2=C3C(=CC=C4C3=C(C=C2)C(=O)N(C4=O)CC(C)O)C1=O)O,PDI core not found
CCCCCCCCN1C(=O)C2=C3C(=CC=C4C3=C(C=C2)C(=O)N(C4=O)CCCCCCCC)C1=O,PDI core not found
C1=CC=NC(=C1)N2C(=O)C3=C4C(=CC=C5C4=C(C=C3)C(=O)N(C5=O)C6=CC=CC=N6)C2=O,PDI core not found
COC1=CC=C(C=C1)N2C(=O)C3=C4C(=CC=C5C4=C(C=C3)C(=O)N(C5=O)C6=CC=C(C=C6)OC)C2=O,PDI core not found
C1=CC2=C3C(=CC=C4C3=C1C(=O)N(C4=O)C5=CC=NC=C5)C(=O)N(C2=O)C6=CC=NC=C6,PDI core not found
C1=CC=C(C=C1)CN2C(=O)C3=C4C(=CC=C5C4=C(C=C3)C(=O)N(C5=O)CC6=CC=CC=C6)C2=O,PDI core not found
CC[N+]1(CCCCC1)C2=CC=C(C=C2)N3C(=O)C4=C5C(=CC=C6C5=C(C=C4)C(=O)N(C6=O)C7=CC=C(C=C7)[N+]8(CCCCC8)CC)C3=O,PDI core not found
C#CCN1C(=O)C2=C3C(=CC=C4C3=C(C=C2)C(=O)N(C4=O)CC#C)C1=O,PDI core not found
CC1=CC=C(C=C1)N2C(=O)C3=C4C(=CC=C5C4=C(C=C3)C(=O)N(C5=O)C6=CC=C(C=C6)C)C2=O,PDI core not found
CCCCN1C(=O)C2=C3C(=CC=C4C3=C(C=C2)C(=O)N(C4=O)CCCC)C1=O,PDI core not found
C1=CC2=C3C(=CC=C4C3=C1C(=O)N(C4=O)CCCN5C=CN=C5)C(=O)N(C2=O)CCCN6C=CN=C6,PDI core not found
C1=CC(=CN=C1)N2C(=O)C3=C4C(=CC=C5C4=C(C=C3)C(=O)N(C5=O)C6=CN=CC=C6)C2=O,PDI core not found
CCCCCCCCCCCCN1C(=O)C2=C3C(=CC=C4C3=C(C=C2)C(=O)N(C4=O)CCCCCCCCCCCC)C1=O,PDI core not found
CCCN1C(=O)C2=C3C(=CC=C4C3=C(C=C2)C(=O)N(C4=O)CCC)C1=O,PDI core not found
C1=CC2=C3C(=CC=C4C3=C1C(=O)N(C4=O)CCOCCO)C(=O)N(C2=O)CCOCCO,PDI core not found
CCN1C(=O)C2=C3C(=CC=C4C3=C(C=C2)C(=O)N(C4=O)CC)C1=O,PDI core not found
CC(C)C1=C(C(=CC=C1)C(C)C)N2C(=O)C3=C4C(=CC=C5C4=C(C=C3)C(=O)N(C5=O)C6=C(C=CC=C6C(C)C)C(C)C)C2=O,PDI core not found
C1=CC(=CC=C1N2C(=O)C3=C4C(=CC=C5C4=C(C=C3)C(=O)N(C5=O)C6=CC=C(C=C6)[N+](=O)[O-])C2=O)[N+](=O)[O-],PDI core not found
CC1=CC(=C(C(=C1)C)N2C(=O)C3=C4C(=CC=C5C4=C(C=C3)C(=O)N(C5=O)C6=C(C=C(C=C6C)C)C)C2=O)C,PDI core not found
CC1=CC=C(C=C1)CN2C(=O)C3=C4C(=CC=C5C4=C(C=C3)C(=O)N(C5=O)CC6=CC=C(C=C6)C)C2=O,PDI core not found
C1CC(C1)N2C(=O)C3=C4C(=CC=C5C4=C(C=C3)C(=O)N(C5=O)C6CCC6)C2=O,PDI core not found
CCC(CC)N1C(=O)C2=C3C(=CC=C4C3=C(C=C2)C(=O)N(C4=O)C(CC)CC)C1=O,PDI core not found
C1CCCC(CC1)N2C(=O)C3=C4C(=CC=C5C4=C(C=C3)C(=O)N(C5=O)C6CCCCCC6)C2=O,PDI core not found
C1CCC(C1)N2C(=O)C3=C4C(=CC=C5C4=C(C=C3)C(=O)N(C5=O)C6CCCC6)C2=O,PDI core not found
C1=CC2=C3C(=CC=C4C3=C1C(=O)N(C4=O)CCC5=CC=NC=C5)C(=O)N(C2=O)CCC6=CC=NC=C6,PDI core not found
CCCCCCCCN1C(=O)C2=C3C=CSC3=C4C5=C2C(=C6C(=C5C(=O)N(C4=O)CCCCCCCC)C=CS6)C1=O,PDI core not found
CCCCOC1=CC=C(C=C1)N2C(=O)C3=C4C(=CC=C5C4=C(C=C3)C(=O)N(C5=O)C6=CC=C(C=C6)OCCCC)C2=O,PDI core not found
CCCCCCCCN1C(=O)C2=C3C4=C(C=C2)C(=O)N(C(=O)C4=C5C(=C3C1=O)C=CS5)CCCCCCCC,PDI core not found
CCCCCCC1=CC=C(S1)C2=CC=C(S2)C3=CC=C(S3)C4=CC=C(S4)C5=CC6=C7C8=C5C(=O)N(C(=O)C8=CC(=C7C(=O)N(C6=O)CC(CC)CCCC)C9=CC=C(S9)C1=CC=C(S1)C1=CC=C(S1)C1=CC=C(S1)CCCCCC)CC(CC)CCCC,PDI core not found
C1=CC=C(C=C1)NC2=C3C4=C5C(=C2)C(=O)N(C(=O)C5=C(C=C4C(=O)N(C3=O)C6=CC=CC=C6)NC7=CC=CC=C7)C8=CC=CC=C8,PDI core not found
CC1=CC=CC=C1N2C(=O)C3=C4C(=CC=C5C4=C(C=C3)C(=O)N(C5=O)C6=CC=CC=C6C)C2=O,PDI core not found
COC1=CC=CC(=C1)N2C(=O)C3=C4C(=CC=C5C4=C(C=C3)C(=O)N(C5=O)C6=CC(=CC=C6)OC)C2=O,PDI core not found
C1=CC=C(C(=C1)N2C(=O)C3=C4C(=CC=C5C4=C(C=C3)C(=O)N(C5=O)C6=CC=CC=C6O)C2=O)O,PDI core not found
C1=CC=C(C=C1)OC2=CC=C(C=C2)N3C(=O)C4=C5C(=CC=C6C5=C(C=C4)C(=O)N(C6=O)C7=CC=C(C=C7)OC8=CC=CC=C8)C3=O,PDI core not found
C1=CC2=C3C(=CC=C4C3=C1C(=O)N(C4=O)CCC(=O)O)C(=O)N(C2=O)CCC(=O)O,PDI core not found
C1CC(OC1)CN2C(=O)C3=C4C(=CC=C5C4=C(C=C3)C(=O)N(C5=O)CC6CCCO6)C2=O,PDI core not found
COCCN1C(=O)C2=C3C(=CC=C4C3=C(C=C2)C(=O)N(C4=O)CCOC)C1=O,PDI core not found
CC1=CC=C(C=C1)N2C(=O)C3=C4C(=CC=C5C4=C(C=C3)C(=O)NC5=O)C2=O,PDI core not found
CC1=CC(=C(C=C1)N2C(=O)C3=C4C(=CC=C5C4=C(C=C3)C(=O)N(C5=O)C6=C(C=C(C=C6)C)C)C2=O)C,PDI core not found
C1=CC=C(C=C1)NC2=C3C4=C(C=CC5=C4C(=C2)C(=O)N(C5=O)C6=CC=CC=C6)C(=O)N(C3=O)C7=CC=CC=C7,PDI core not found
CC1=CC(=C(C=C1)C)N2C(=O)C3=C4C(=CC=C5C4=C(C=C3)C(=O)N(C5=O)C6=C(C=CC(=C6)C)C)C2=O,PDI core not found
C1=CC2=C3C(=CC=C4C3=C1C(=O)N(C4=O)C5=CC(=CC(=C5)C(=O)O)C(=O)O)C(=O)N(C2=O)C6=CC(=CC(=C6)C(=O)O)C(=O)O,PDI core not found
CC1=C(C(=CC=C1)N2C(=O)C3=C4C(=CC=C5C4=C(C=C3)C(=O)N(C5=O)C6=CC=CC(=C6C)C)C2=O)C,PDI core not found
CC1=C(C=C(C=C1)C(C)(C)C)N2C(=O)C3=C4C(=CC=C5C4=C(C=C3)C(=O)N(C5=O)C6=C(C=CC(=C6)C(C)(C)C)C)C2=O,PDI core not found
CC(C)(C)C1=CC=CC=C1N2C(=O)C3=C4C(=CC=C5C4=C(C=C3)C(=O)N(C5=O)C6=CC=CC=C6C(C)(C)C)C2=O,PDI core not found
CC(C)(C)C1=CC=C(C=C1)N2C(=O)C3=C4C(=CC=C5C4=C(C=C3)C(=O)N(C5=O)C6=CC=C(C=C6)C(C)(C)C)C2=O,PDI core not found
CCCCCCC(CCCCCC)(CCCCCC)CN1C(=O)C2=C3C(=CC=C4C3=C(C=C2)C(=O)N(C4=O)CC(CCCCCC)(CCCCCC)CCCCCC)C1=O,PDI core not found
CCCCC(CCCC)(CN1C(=O)C2=C3C(=CC=C4C3=C(C=C2)C(=O)N(C4=O)CC(CCCC)(CCCC)C5=CC=CC=C5)C1=O)C6=CC=CC=C6,PDI core not found
CCCCCC(C)(C)CN1C(=O)C2=C3C(=CC=C4C3=C(C=C2)C(=O)N(C4=O)CC(C)(C)CCCCC)C1=O,PDI core not found
CCC(CC)(CN1C(=O)C2=C3C(=CC=C4C3=C(C=C2)C(=O)N(C4=O)CC(CC)(CC)C5=CC=CC=C5)C1=O)C6=CC=CC=C6,PDI core not found
CC(C)(C)C1=CC(=C(C=C1)C(C)(C)C)N2C(=O)C3=C4C(=CC=C5C4=C(C=C3)C(=O)N(C5=O)C6=C(C=CC(=C6)C(C)(C)C)C(C)(C)C)C2=O,PDI core not found
CCC(C)N1C(=O)C2=C3C(=CC=C4C3=C(C=C2)C(=O)N(C4=O)C(C)CC)C1=O,PDI core not found
CCCC(C)(CCC)CN1C(=O)C2=C3C(=CC=C4C3=C(C=C2)C(=O)N(C4=O)CC(C)(CCC)CCC)C1=O,PDI core not found
C1=CC=C(C=C1)C(=O)C2=CC=CC=C2N3C(=O)C4=C5C(=CC=C6C5=C(C=C4)C(=O)N(C6=O)C7=CC=CC=C7C(=O)C8=CC=CC=C8)C3=O,PDI core not found
C1CCCC(CCC1)N2C(=O)C3=C4C(=CC=C5C4=C(C=C3)C(=O)N(C5=O)C6CCCCCCC6)C2=O,PDI core not found
C1=CC2=CC(=C1)OC3=CC=C(C=C3)S(=O)(=O)C4=CC=C(C=C4)C5=CC=C(C=C5)S(=O)(=O)C6=CC=C(C=C6)OC7=CC=CC(=C7)N8C(=O)C9=C1C(=CC=C3C1=C(C=C9)C(=O)N2C3=O)C8=O,PDI core not found
C1=CC2=C3C(=CC=C4C3=C1C(=O)N(C4=O)N5C=NN=C5)C(=O)N(C2=O)N6C=NN=C6,PDI core not found
COC(=O)C1=CN=C(C=C1)N2C(=O)C3=C4C(=CC=C5C4=C(C=C3)C(=O)N(C5=O)CCO)C2=O,PDI core not found
C1=CC2=C3C(=CC=C4C3=C1C(=O)N(C4=O)CC5=CC=NC=C5)C(=O)N(C2=O)CC6=CC=NC=C6,PDI core not found
C1=CC=C(C=C1)N2C(=O)C3=C4C(=C(C(=C5C4=C(C(=C3C#N)C#N)C(=O)N(C5=O)C6=CC=CC=C6)C#N)C#N)C2=O,PDI core not found
C1=CC=C(C=C1)N2C(=O)C3=C4C(=CC=C5C4=C(C=C3)C(=O)N(C5=O)C6=CC=C(C=C6)C=O)C2=O,PDI core not found
CC1=C(C(=C(C(=C1N2C(=O)C3=C4C(=CC=C5C4=C(C=C3)C(=O)N(C5=O)CCNC(=O)CNC(=O)CCC(=O)NC(CC6=CN=CN6)C(=O)NC(CC7=CN=CN7)C(=O)NC(CC8=CN=CN8)C(=O)NCC(=O)N)C2=O)C)C)N9C(=O)C1=C2C(=CC=C3C2=C(C=C1)C(=O)N(C3=O)C1=C(C(=C(C(=C1C)C)N1C(=O)C2=C3C(=CC=C4C3=C(C=C2)C(=O)N(C4=O)CCNC(=O)CNC(=O)OCC2C3=CC=CC=C3C3=CC=CC=C23)C1=O)C)C)C9=O)C,PDI core not found
CC1=CC(=C(C(=C1)C)N2C(=O)C3=CC(=C4C5=C(C=C(C(=C35)C2=O)C#N)C(=O)N(C4=O)C6=C(C=C(C=C6C)C)C)C#N)C,PDI core not found
C1=CC=C(C=C1)N2C(=O)C3=C4C(=CC=C5C4=C(C=C3)C(=O)N(C5=O)C6=CC=C(C=C6)C=NNC(=O)C[NH3+])C2=O,PDI core not found
C1=C(C2=C3C(=CC(=C4C3=C1C(=O)NC4=O)C#N)C(=O)NC2=O)C#N,PDI core not found
C1=CC=C(C=C1)N2C(=O)C3=CC(=C4C5=C(C=C(C(=C35)C2=O)C#N)C(=O)N(C4=O)C6=CC=CC=C6)C#N,PDI core not found
CC(C)(C)C1=CC2=CC(=C1)CN3C(=O)C4=C5C(=CC=C6C5=C(C=C4)C(=O)N(C6=O)CC7=CC(=CC(=C7)CN8C(=O)C9=C1C(=CC=C4C1=C(C=C9)C(=O)N(C2)C4=O)C8=O)C(C)(C)C)C3=O,PDI core not found
C1=CC=C(C=C1)N2C(=O)C3=C4C(=CC=C5C4=C(C=C3)C(=O)N(C5=O)C6=CC=C(C=C6)C=NNC7=CC=C(C=C7)S(=O)(=O)[O-])C2=O,PDI core not found
CC1=C(C(=C(C(=C1N2C(=O)C3=C4C(=CC=C5C4=C(C=C3)C(=O)N(C5=O)CCNC(=O)CNC(=O)CCC(=O)NC(CCC(=O)O)C(=O)NC(CCC(=O)O)C(=O)NC(CCC(=O)O)C(=O)O)C2=O)C)C)N6C(=O)C7=C8C(=CC=C9C8=C(C=C7)C(=O)N(C9=O)C1=C(C(=C(C(=C1C)C)N1C(=O)C2=C3C(=CC=C4C3=C(C=C2)C(=O)N(C4=O)CCNC(=O)CNC(=O)OCC2C3=CC=CC=C3C3=CC=CC=C23)C1=O)C)C)C6=O)C,PDI core not found
CCCCCC(C)N1C(=O)C2=C3C(=CC=C4C3=C(C=C2)C(=O)N(C4=O)C(C)CCCCC)C1=O,PDI core not found
C1=CC2=C3C(=CC=C4C3=C1C(=O)N(C4=O)CCC(=O)NCCC(=O)NCCC(=O)NCCC(=O)NC(CCCC[NH3+])C(=O)NCCN5C(=O)C6=C7C(=CC=C8C7=C(C=C6)C(=O)N(C8=O)CCC(=O)NCC(=O)[O-])C5=O)C(=O)N(C2=O)CCNC(=O)C(CCCC[NH3+])[NH3+],PDI core not found
C1=CC2=C3C(=CC=C4C3=C1C(=O)N(C4=O)CCC(=O)NCC(=O)NCC(=O)NCC(=O)NC(CCCC[NH3+])C(=O)NCCN5C(=O)C6=C7C(=CC=C8C7=C(C=C6)C(=O)N(C8=O)CCC(=O)NCC(=O)[O-])C5=O)C(=O)N(C2=O)CCNC(=O)C(CCCC[NH3+])[NH3+],PDI core not found
C1=CC2=C3C(=CC=C4C3=C1C(=O)N(C4=O)CCC(=O)NCCC(=O)NCCC(=O)NCCC(=O)NC(CCCC[NH3+])C(=O)NCCN5C(=O)C6=C7C(=CC=C8C7=C(C=C6)C(=O)N(C8=O)CCC(=O)NCC(=O)N)C5=O)C(=O)N(C2=O)CCNC(=O)C(CCCC[NH3+])NC(=O)CCCCC(=O)NC(CCCC[NH3+])C(=O)NCCN9C(=O)C1=C2C(=CC=C3C2=C(C=C1)C(=O)N(C3=O)CCC(=O)NCCC(=O)NCCC(=O)NCCC(=O)NC(CCCC[NH3+])C(=O)NCCN1C(=O)C2=C3C(=CC=C4C3=C(C=C2)C(=O)N(C4=O)CCC(=O)NCC(=O)N)C1=O)C9=O,PDI core not found
CNC(=O)C(CCCCNC(=O)C1CSSC1)N2C(=O)C3=C4C(=CC=C5C4=C(C=C3)C(=O)N(C5=O)C(CCCCNC(=O)C6CSSC6)C(=O)NC)C2=O,PDI core not found
CCOC1=C2C3=C4C(=C1)C(=O)N(C(=O)C4=C(C=C3C(=O)N(C2=O)C(CCCCNC(=O)C5CSSC5)C(=O)NC)OCC)C(CCCCNC(=O)C6CSSC6)C(=O)NC,PDI core not found
CCSC1=C2C3=C4C(=C1)C(=O)N(C(=O)C4=C(C=C3C(=O)N(C2=O)C(CCCCNC(=O)C5CSSC5)C(=O)NC)SCC)C(CCCCNC(=O)C6CSSC6)C(=O)NC,PDI core not found
CCCCCCN1C(=O)C2=CC(=C3C4=C2C(=C(C=C4C(=O)N(C3=O)CCCCCC)C(=O)C5=CC=CC=C5)C1=O)C(=O)C6=CC=CC=C6,PDI core not found
C1CCC2=C(C1)C(=C(S2)N3C(=O)C4=C5C(=CC=C6C5=C(C=C4)C(=O)N(C6=O)C7=C(C8=C(S7)CCCC8)C#N)C3=O)C#N,PDI core not found
CCOC(=O)C1=C(SC2=C1CCCC2)N3C(=O)C4=C5C(=CC=C6C5=C(C=C4)C(=O)N(C6=O)C7=C(C8=C(S7)CCCC8)C(=O)OCC)C3=O,PDI core not found
CCCCCCCCN1C(=O)C2=C3C(=CC=C4C3=C(C=C2)C(=O)NC4=O)C1=O,PDI core not found
CCCCCN1C(=O)C2=C3C(=CC=C4C3=C(C=C2)C(=O)N(C4=O)CCCCC)C1=O,PDI core not found
CCCCCCCCCCCCCCN1C(=O)C2=C3C(=CC=C4C3=C(C=C2)C(=O)N(C4=O)CCCCCCCCCCCCCC)C1=O,PDI core not found
CC(C)N1C(=O)C2=C3C=CC=CC3=C4C5=C(C6=CC=CC=C6C(=C25)C1=O)C(=O)N(C4=O)C(C)C,PDI core not found
CCC(C)(C)C1=CC(=C(C=C1)OCC2=CC=CC=C2)N3C(=O)C4=C5C(=CC=C6C5=C(C=C4)C(=O)N(C6=O)C7=C(C=CC(=C7)C(C)(C)CC)OCC8=CC=CC=C8)C3=O,PDI core not found
CCCCCCN1C(=O)C2=C3C=CC=CC3=C4C5=C(C6=CC=CC=C6C(=C25)C1=O)C(=O)N(C4=O)CCCCCC,PDI core not found
CCCCCCCCOC1=CC(=CC(=C1OCCCCCCCC)OCCCCCCCC)C(=O)NCCN2C(=O)C3=C4C(=CC=C5C4=C(C=C3)C(=O)N(C5=O)CCNC(=O)C6=CC(=C(C(=C6)OCCCCCCCC)OCCCCCCCC)OCCCCCCCC)C2=O,PDI core not found
CC1=CC=C(C=C1)S(=O)(=O)OCCOCCN2C(=O)C3=C4C(=CC=C5C4=C(C=C3)C(=O)N(C5=O)CCOCCOS(=O)(=O)C6=CC=C(C=C6)C)C2=O,PDI core not found
CCC(C)(C)C1=CC(=C(C=C1)O)N2C(=O)C3=C4C(=CC=C5C4=C(C=C3)C(=O)N(C5=O)C6=C(C=CC(=C6)C(C)(C)CC)O)C2=O,PDI core not found
CCC(C)(C)C1=CC(=C(C=C1)OCC(=O)O)N2C(=O)C3=C4C(=CC=C5C4=C(C=C3)C(=O)N(C5=O)C6=C(C=CC(=C6)C(C)(C)CC)OCC(=O)O)C2=O,PDI core not found
CC(C)N(CCN1C(=O)C2=C3C(=CC=C4C3=C(C=C2)C(=O)N(C4=O)CCN(C(C)C)C(C)C)C1=O)C(C)C,PDI core not found
C1CCN(C1)CCCN2C(=O)C3=C4C(=CC=C5C4=C(C=C3)C(=O)N(C5=O)CCCN6CCCC6)C2=O,PDI core not found
CC1(CC(CC(N1[O-])(C)C)N2C(=O)C3=C4C(=CC=C5C4=C(C=C3)C(=O)N(C5=O)C6CC([N+](=O)C(C6)(C)C)(C)C)C2=O)C,PDI core not found
COCCOCCOCCN1C(=O)C2=C3C(=CC=C4C3=C(C=C2)C(=O)N(C4=O)CCOCCOCCOC)C1=O,PDI core not found
CCC(C)(C)C1=CC(=C(C=C1)OCC(=O)C2=CC3=CC=CC=C3C=C2)N4C(=O)C5=C6C(=CC=C7C6=C(C=C5)C(=O)N(C7=O)C8=C(C=CC(=C8)C(C)(C)CC)OCC(=O)C9=CC1=CC=CC=C1C=C9)C4=O,PDI core not found
CCC(C)(C)C1=CC(=C(C=C1)OCC(=O)C2=C3C=CC4=CC=CC5=C4C3=C(C=C5)C=C2)N6C(=O)C7=C8C(=CC=C9C8=C(C=C7)C(=O)N(C9=O)C1=C(C=CC(=C1)C(C)(C)CC)OCC(=O)C1=C2C=CC3=CC=CC4=C3C2=C(C=C4)C=C1)C6=O,PDI core not found
CCCCCCCCC(CCCCCCCC)(CN1C(=O)C2=C3C(=CC=C4C3=C(C=C2)C(=O)N(C4=O)CC(CCCCCCCC)(CCCCCCCC)CO)C1=O)CO,PDI core not found
CCC(CC)(CN1C(=O)C2=C3C(=CC=C4C3=C(C=C2)C(=O)N(C4=O)CC(CC)(CC)CO)C1=O)CO,PDI core not found
CCCC(CCC)(CN1C(=O)C2=C3C(=CC=C4C3=C(C=C2)C(=O)N(C4=O)CC(CCC)(CCC)CO)C1=O)CO,PDI core not found
CCCCC(CCCC)(CN1C(=O)C2=C3C(=CC=C4C3=C(C=C2)C(=O)N(C4=O)CC(CCCC)(CCCC)CO)C1=O)CO,PDI core not found
CCCCCC(CCCCC)(CN1C(=O)C2=C3C(=CC=C4C3=C(C=C2)C(=O)N(C4=O)CC(CCCCC)(CCCCC)CO)C1=O)CO,PDI core not found
CC(C)(C)C1=CC=C(C=C1)C2(C3=CC=C(C=C3)OCCCCCN4C=C(CC[N+]5=CC=C(C=C5)C6=CC=[N+](CCC7=CN(CCCCCOC8=CC=C(C=C8)C(C9=CC=C(C=C9)OCCCCCN1C(=O)C3=C5C(=CC=C8C5=C(C=C3)C(=O)N(C8=O)CCCCCOC3=CC=C2C=C3)C1=O)(C1=CC=C(C=C1)C(C)(C)C)C1=CC=C(C=C1)C(C)(C)C)N=N7)C=C6)N=N4)C1=CC=C(C=C1)C(C)(C)C,PDI core not found
CCCCCCOC1=CC=C(C=C1)N2C(=O)C3=C4C(=CC=C5C4=C(C=C3)C(=O)N(C5=O)C6=CC=C(C=C6)OCCCCCC)C2=O,PDI core not found
CCCCCCCCOC1=CC=C(C=C1)N2C(=O)C3=C4C(=CC=C5C4=C(C=C3)C(=O)N(C5=O)C6=CC=C(C=C6)OCCCCCCCC)C2=O,PDI core not found
CCC(C)(C)C1=CC(=C(C=C1)OC(=O)CC2=C3C=CC4=CC=CC5=C4C3=C(C=C5)C=C2)N6C(=O)C7=C8C(=CC=C9C8=C(C=C7)C(=O)N(C9=O)C1=C(C=CC(=C1)C(C)(C)CC)OC(=O)CC1=C2C=CC3=CC=CC4=C3C2=C(C=C4)C=C1)C6=O,PDI core not found
C1=C(C2=C3C(=CC(=C4C3=C1C(=O)NC4=O)C=O)C(=O)NC2=O)C=O,PDI core not found
CC1=CC(=C(C=C1N2C(=O)C3=C4C(=CC=C5C4=C(C=C3)C(=O)N(C5=O)C6=C(C=CC(=C6)C(C)(C)C)C(C)(C)C)C2=O)C)N7C(=O)C8=C9C(=C(C=C8)N1CCN(CC1)C1=CC=C(C=C1)C1=CSC(=C2SC=CS2)S1)C=CC=C9C7=O,PDI core not found
CN(C)C1CCCCC1N2C(=O)C3=CC(=C4C5=C3C(=C(C=C5C(=O)N(C4=O)C6CCCCC6NC(=O)C7CCCN7)SC8=CC=CC=C8)C2=O)SC9=CC=CC=C9,PDI core not found
CC(C)(C)C1=CC=C(C=C1)C(C2=CC=C(C=C2)C(C)(C)C)(C3=CC=C(C=C3)OCCCCCN=[N+]=[N-])C4=CC=C(C=C4)OCCCCCN5C(=O)C6=C7C(=CC=C8C7=C(C=C6)C(=O)N(C8=O)CCCCCOC9=CC=C(C=C9)C(C1=CC=C(C=C1)C(C)(C)C)(C1=CC=C(C=C1)C(C)(C)C)C1=CC=C(C=C1)OCCCCCN=[N+]=[N-])C5=O,PDI core not found
C1=CC=C(C=C1)C2=C(C3=C(C(=C2C4=CC=CC=C4)C5=CC=CC=C5)C6=C7C8=C3C(=O)NC(=O)C8=C9C(=C(C(=C(C9=C7C(=O)NC6=O)C1=CC=CC=C1)C1=CC=CC=C1)C1=CC=CC=C1)C1=CC=CC=C1)C1=CC=CC=C1,PDI core not found
C1=CC=C2C(=C1)C3=CC=CC=C3C4=C2C5=C6C7=C4C(=O)NC(=O)C7=C8C9=CC=CC=C9C1=CC=CC=C1C8=C6C(=O)NC5=O,PDI core not found
CCCCN1C(=O)C2=C3C(=CC=C4C3=C(C=C2)C(=O)N(C4=O)CCCCC(C(=O)O)NC(=O)C5CCCN5)C1=O,PDI core not found
CC(C)C1=CC(=C(C=C1)N2C(=O)C3=C4C5=C(C=C3)C(=O)N(C(=O)C5=C6C7=CC8=C9C(=CC1=C3C9=C7C5=C7C3=C(C=C3C7=C(C=C5C6=C4C2=O)C(=O)N(C3=O)C2=C(C=C(C=C2)C(C)C)C(C)C)C2=C3C4=C(C=CC5=C4C(=C12)C(=O)N(C5=O)C1=C(C=C(C=C1)C(C)C)C(C)C)C(=O)N(C3=O)C1=C(C=C(C=C1)C(C)C)C(C)C)C(=O)N(C8=O)C1=C(C=C(C=C1)C(C)C)C(C)C)C1=C(C=C(C=C1)C(C)C)C(C)C)C(C)C,PDI core not found
CCC1=CC2=C3C4=C1C(=O)N(C(=O)C4=CC(=C3C(=O)N(C2=O)CC)CC)CC,PDI core not found
CCCCC(CCCC)(CC1=C2C3=C(C=CC4=C3C(=C1CC(CCCC)(CCCC)CO)C(=O)NC4=O)C(=O)NC2=O)CO,PDI core not found
C1=CC2=C3C(=CC=C4C3=C1C(=O)NC4=O)C(=O)NC2=O.C1=CC2=C3C(=CC=C4C3=C1C(=O)NC4=O)C(=O)NC2=O,PDI core not found
C1=CC2=C3C(=CC=C4C3=C1C(=O)N(C4=O)NC(=O)C5=CC=NC=C5)C(=O)N(C2=O)NC(=O)C6=CC=NC=C6,PDI core not found
CC(=O)C1(CCCCC1)N2C(=O)C3=C4C(=CC=C5C4=C(C=C3)C(=O)N(C5=O)C6(CCCCC6)C(=O)C)C2=O,PDI core not found
CSCCCN1C(=O)C2=C3C(=CC=C4C3=C(C=C2)C(=O)N(C4=O)CCCSC)C1=O,PDI core not found
C1CCC2C(C1)N3C(=O)C4=C5C(=CC=C6C5=C(C=C4)C(=O)N(C6=O)C7CCCCC7N8C(=O)C9=C1C(=CC=C4C1=C(C=C9)C(=O)N(C4=O)C1CCCCC1N1C(=O)C4=C5C(=CC=C6C5=C(C=C4)C(=O)N2C6=O)C1=O)C8=O)C3=O.C1CCC2C(C1)N3C(=O)C4=C5C(=CC=C6C5=C(C=C4)C(=O)N(C6=O)C7CCCCC7N8C(=O)C9=C1C(=CC=C4C1=C(C=C9)C(=O)N(C4=O)C1CCCCC1N1C(=O)C4=C5C(=CC=C6C5=C(C=C4)C(=O)N2C6=O)C1=O)C8=O)C3=O.C1CCC2C(C1)N3C(=O)C4=C5C(=CC=C6C5=C(C=C4)C(=O)N(C6=O)C7CCCCC7N8C(=O)C9=C1C(=CC=C4C1=C(C=C9)C(=O)N(C4=O)C1CCCCC1N1C(=O)C4=C5C(=CC=C6C5=C(C=C4)C(=O)N2C6=O)C1=O)C8=O)C3=O.C1CCC2C(C1)N3C(=O)C4=C5C(=CC=C6C5=C(C=C4)C(=O)N(C6=O)C7CCCCC7N8C(=O)C9=C1C(=CC=C4C1=C(C=C9)C(=O)N(C4=O)C1CCCCC1N1C(=O)C4=C5C(=CC=C6C5=C(C=C4)C(=O)N2C6=O)C1=O)C8=O)C3=O,PDI core not found
CC(C)N1C(=O)C2=C3C=CC=CC3=C4C5=C(C6=CC=CC=C6C(=C25)C1=O)C(=O)N(C4=O)C(C)C.CC(C)N1C(=O)C2=C3C=CC=CC3=C4C5=C(C6=CC=CC=C6C(=C25)C1=O)C(=O)N(C4=O)C(C)C.CC(C)N1C(=O)C2=C3C=CC=CC3=C4C5=C(C6=CC=CC=C6C(=C25)C1=O)C(=O)N(C4=O)C(C)C,PDI core not found
CCCCCCN1C(=O)C2=C3C=CC=CC3=C4C5=C(C6=CC=CC=C6C(=C25)C1=O)C(=O)N(C4=O)CCCCCC.CCCCCCN1C(=O)C2=C3C=CC=CC3=C4C5=C(C6=CC=CC=C6C(=C25)C1=O)C(=O)N(C4=O)CCCCCC,PDI core not found
CCC(C)(C)C1=CC(=C(C=C1)OCC2=CC=CC=C2)N3C(=O)C4=C5C(=CC=C6C5=C(C=C4)C(=O)N(C6=O)C7=C(C=CC(=C7)C(C)(C)CC)OCC8=CC=CC=C8)C3=O.CCC(C)(C)C1=CC(=C(C=C1)OCC2=CC=CC=C2)N3C(=O)C4=C5C(=CC=C6C5=C(C=C4)C(=O)N(C6=O)C7=C(C=CC(=C7)C(C)(C)CC)OCC8=CC=CC=C8)C3=O,PDI core not found
CC(C(=O)OC)NC(=O)C(C)N1C(=O)C2=C3C(=CC=C4C3=C(C=C2)C(=O)N(C4=O)C(C)C(=O)NC(C)C(=O)OC)C1=O,PDI core not found
CC(C(=O)OC)NC(=O)C(C)N1C(=O)C2=C3C(=CC=C4C3=C(C=C2)C(=O)N(C4=O)C(C)C(=O)NC(C)C(=O)OC)C1=O,PDI core not found
CCC(C)(C)C1=CC(=C(C=C1)OC(=O)C)N2C(=O)C3=C4C(=CC=C5C4=C(C=C3)C(=O)N(C5=O)C6=C(C=CC(=C6)C(C)(C)CC)OC(=O)C)C2=O,PDI core not found
CCOC(C(CC(C)C)N1C(=O)C2=C3C(=CC=C4C3=C(C=C2)C(=O)N(C4=O)C(CC(C)C)C(O)OCC)C1=O)O,PDI core not found
C1=CC2=C3C(=CC=C4C3=C1C(=O)N(C4=O)CC[N+]#C[S-])C(=O)N(C2=O)CC[N+]#C[S-].C1=CC2=C3C(=CC=C4C3=C1C(=O)N(C4=O)CC[N+]#C[S-])C(=O)N(C2=O)CC[N+]#C[S-],PDI core not found
COC(=O)C(CC1=CC=C(C=C1)O)N2C(=O)C3=C4C(=CC=C5C4=C(C=C3)C(=O)N(C5=O)C(CC6=CC=C(C=C6)O)C(=O)OC)C2=O,PDI core not found
CCCCCCCOC1=CC=C(C=C1)N2C(=O)C3=C4C(=CC=C5C4=C(C=C3)C(=O)N(C5=O)C6=CC=C(C=C6)OCCCCCCC)C2=O,PDI core not found
CCCCCCCCCOC1=CC=C(C=C1)N2C(=O)C3=C4C(=CC=C5C4=C(C=C3)C(=O)N(C5=O)C6=CC=C(C=C6)OCCCCCCCCC)C2=O,PDI core not found
CCSC1=C2C3=C4C(=C1)C(=O)N(C(=O)C4=C(C=C3C(=O)N(C2=O)C(CCCNC(=O)C5CSSC5)C(=O)NC)SCC)C(CCCNC(=O)C6CSSC6)C(=O)NC,PDI core not found
CCOC1=C2C3=C4C(=C1)C(=O)N(C(=O)C4=C(C=C3C(=O)N(C2=O)C(CCCNC(=O)C5CSSC5)C(=O)NC)OCC)C(CCCNC(=O)C6CSSC6)C(=O)NC,PDI core not found
CCOC1=C2C3=C4C(=C1)C(=O)N(C(=O)C4=C(C=C3C(=O)N(C2=O)C(CCCNC(=O)OCC5=CC=CC=C5)C(=O)NC)OCC)C(CCCNC(=O)OCC6=CC=CC=C6)C(=O)NC,PDI core not found
CCOC1=C2C3=C4C(=C1)C(=O)N(C(=O)C4=C(C=C3C(=O)N(C2=O)C(CCCN)C(=O)NC)OCC)C(CCCN)C(=O)NC,PDI core not found
CCOC1=C2C3=C4C(=C1)C(=O)N(C(=O)C4=C(C=C3C(=O)N(C2=O)C(CCCNC(=O)C(CSSC(C)(C)C)NC(=O)OC(C)(C)C)C(=O)NC)OCC)C(CCCNC(=O)C(CSSC(C)(C)C)NC(=O)OC(C)(C)C)C(=O)NC,PDI core not found
CCOC1=C2C3=C4C(=C1)C(=O)N(C(=O)C4=C(C=C3C(=O)N(C2=O)C(CCCNC(=O)C(CSSC(C)(C)C)N)C(=O)NC)OCC)C(CCCNC(=O)C(CSSC(C)(C)C)N)C(=O)NC,PDI core not found
CC(CN1C(=O)C2=C3C(=CC=C4C3=C(C=C2)C(=O)N(C4=O)CC(C)OCCOCCOC)C1=O)OCCOCCOC,PDI core not found
CN(C)C1=CC=C(C=C1)N2C(C(C2=O)N3C(=O)C4=C5C(=CC=C6C5=C(C=C4)C(=O)N(C6=O)C7C(N(C7=O)C8=CC=C(C=C8)N(C)C)C9=CC(=C(C=C9)OC)OC)C3=O)C1=CC(=C(C=C1)OC)OC,PDI core not found
COC1=CC=C(C=C1)N2C(=O)C(C23C4=CC=CC=C4C5=CC=CC=C35)N6C(=O)C7=C8C(=CC=C9C8=C(C=C7)C(=O)N(C9=O)C1C(=O)N(C11C2=CC=CC=C2C2=CC=CC=C12)C1=CC=C(C=C1)OC)C6=O,PDI core not found
COC1=CC=C(C=C1)N2C(C(C2=O)N3C(=O)C4=C5C(=CC=C6C5=C(C=C4)C(=O)N(C6=O)C7C(N(C7=O)C8=CC=C(C=C8)OC)C9=C1C=CC=CC1=CC1=CC=CC=C19)C3=O)C1=C2C=CC=CC2=CC2=CC=CC=C21,PDI core not found
CN(C)C1=CC=C(C=C1)N2C(C(C2=O)N3C(=O)C4=C5C(=CC=C6C5=C(C=C4)C(=O)N(C6=O)C7C(N(C7=O)C8=CC=C(C=C8)N(C)C)C9=C1C=CC=CC1=CC1=CC=CC=C19)C3=O)C1=C2C=CC=CC2=CC2=CC=CC=C21,PDI core not found
CCOC1=CC=C(C=C1)N2C(C(C2=O)N3C(=O)C4=C5C(=CC=C6C5=C(C=C4)C(=O)N(C6=O)C7C(N(C7=O)C8=CC=C(C=C8)OCC)C9=C1C=CC=CC1=CC1=CC=CC=C19)C3=O)C1=C2C=CC=CC2=CC2=CC=CC=C21,PDI core not found
CCN(CC)C1=CC=C(C=C1)N2C(C(C2=O)N3C(=O)C4=C5C(=CC=C6C5=C(C=C4)C(=O)N(C6=O)C7C(N(C7=O)C8=CC=C(C=C8)N(CC)CC)C9=C1C=CC=CC1=CC1=CC=CC=C19)C3=O)C1=C2C=CC=CC2=CC2=CC=CC=C21,PDI core not found
CC(C)(C)OC(=O)N1C(=O)C2=C3C(=CC=C4C3=C(C=C2)C(=O)N(C4=O)C(=O)OC(C)(C)C)C1=O,PDI core not found
C1=CC2=C3C(=CC=C4C3=C1C(=O)N(C4=O)N5C(=NN=C5C6=CC=NC=C6)C7=CC=NC=C7)C(=O)N(C2=O)N8C(=NN=C8C9=CC=NC=C9)C1=CC=NC=C1,PDI core not found
C1=CC=NC(=C1)C2=NN=C(N2N3C(=O)C4=C5C(=CC=C6C5=C(C=C4)C(=O)N(C6=O)N7C(=NN=C7C8=CC=CC=N8)C9=CC=CC=N9)C3=O)C1=CC=CC=N1,PDI core not found
C1=CC(=CN=C1)C2=NN=C(N2N3C(=O)C4=C5C(=CC=C6C5=C(C=C4)C(=O)N(C6=O)N7C(=NN=C7C8=CN=CC=C8)C9=CN=CC=C9)C3=O)C1=CN=CC=C1,PDI core not found
CCCCN1C(=O)C2=C3C(=CC=C4C3=C(C=C2)C(=O)N(C4=O)C5=CC6=CC(=C5)OCCOCCOCCOC7=CC8=CC=CC=C8C=C7OCCOCCOCCO6)C1=O.CCCCN1C(=O)C2=C3C(=CC=C4C3=C(C=C2)C(=O)N(C4=O)C5=CC6=CC(=C5)OCCOCCOCCOC7=CC8=CC=CC=C8C=C7OCCOCCOCCO6)C1=O,PDI core not found
CCCCCCN1C(=O)C2=C3C(=CC=C4C3=C(C=C2)C(=O)N(C4=O)CC(C)C5=CC=CC=C5)C1=O,PDI core not found
CCCCCCN1C(=O)C2=C3C(=CC=C4C3=C(C=C2)C(=O)N(C4=O)CC(C)C5=CC=CC=C5)C1=O,PDI core not found
C1=CC(=CC=C1C2=CC=NC=C2)N3C(=O)C4=C5C(=CC=C6C5=C(C=C4)C(=O)N(C6=O)C7=CC=C(C=C7)C8=CC=NC=C8)C3=O.C1=CC(=CC=C1C2=CC=NC=C2)N3C(=O)C4=C5C(=CC=C6C5=C(C=C4)C(=O)N(C6=O)C7=CC=C(C=C7)C8=CC=NC=C8)C3=O.C1=CC(=CC=C1C2=CC=NC=C2)N3C(=O)C4=C5C(=CC=C6C5=C(C=C4)C(=O)N(C6=O)C7=CC=C(C=C7)C8=CC=NC=C8)C3=O,PDI core not found
C1=CSC(=C1)CN2C(=O)C3=C4C(=CC=C5C4=C(C=C3)C(=O)N(C5=O)CC6=CC=CS6)C2=O,PDI core not found
C1=CC=C(C=C1)CN2C(=O)C3=C4C(=CC=C5C4=C(C=C3)C(=O)N(C5=O)CC6=CC=CC=C6)C2=O.C1=CC=C(C=C1)CN2C(=O)C3=C4C(=CC=C5C4=C(C=C3)C(=O)N(C5=O)CC6=CC=CC=C6)C2=O,PDI core not found
COCCCN1C(=O)C2=C3C(=CC=C4C3=C(C=C2)C(=O)N(C4=O)CCCOC)C1=O,PDI core not found
C[N+]1=CC=C(C=C1)CN2C(=O)C3=C4C(=CC=C5C4=C(C=C3)C(=O)N(C5=O)CC6=CC=[N+](C=C6)C)C2=O,PDI core not found
C1=CC2=C3C(=CC=C4C3=C1C(=O)N(C4=O)CCCNCCCN)C(=O)N(C2=O)CCCNCCCN,PDI core not found
C1=CC2=C3C(=CC=C4C3=C1C(=O)N(C4=O)CCCCNCCCN)C(=O)N(C2=O)CCCCNCCCN,PDI core not found
C1=CC2=C3C(=CC=C4C3=C1C(=O)N(C4=O)CCCCNCCCCN)C(=O)N(C2=O)CCCCNCCCCN,PDI core not found
C1=CC2=C3C(=CC=C4C3=C1C(=O)N(C4=O)CCCNCCCNCCCN)C(=O)N(C2=O)CCCNCCCNCCCN,PDI core not found
C1=CC2=C3C(=CC=C4C3=C1C(=O)N(C4=O)CCCNCCCCNCCCN)C(=O)N(C2=O)CCCNCCCCNCCCN,PDI core not found
C1=CC2=C3C(=CC=C4C3=C1C(=O)N(C4=O)CCCCNCCCCNCCCCN)C(=O)N(C2=O)CCCCNCCCCNCCCCN,PDI core not found
CCOC(=O)C1=CC=C(C=C1)N2C(=O)C3=C4C(=CC=C5C4=C(C=C3)C(=O)N(C5=O)C6=CC=C(C=C6)C(=O)OCC)C2=O,PDI core not found
CN1C=CC(=[N+]2C(=O)C3=C4C(=CC=C5C4=C(C=C3)C(=O)[N+](=C6C=CN(C=C6)C)C5=O)C2=O)C=C1,PDI core not found
C1=CC2=C3C(=CC=C4C3=C1C(=O)N(C4=O)CCCCCC(=O)NO)C(=O)N(C2=O)CCCNCCCCNCCCN,PDI core not found
C1=CC2=C3C(=CC=C4C3=C1C(=O)N(C4=O)CCCCCC(=O)NO)C(=O)N(C2=O)CCCNCCCNCCCN,PDI core not found
C1=CC2=C3C(=CC=C4C3=C1C(=O)N(C4=O)CCCCCC(=O)NO)C(=O)N(C2=O)CCCNCCCCNCCCCN,PDI core not found
C1=CC2=C3C(=CC=C4C3=C1C(=O)N(C4=O)CCCCCC(=O)NO)C(=O)N(C2=O)CCCNCCNCCCN,PDI core not found
C1=CC2=C3C(=CC=C4C3=C1C(=O)N(C4=O)CCCCCC(=O)NO)C(=O)N(C2=O)CCCNCCCN,PDI core not found
CN(C)CCN1C(=O)C2=C3C(=CC(=C4C3=C(C=C2)C(=O)N(C4=O)CCN(C)C)C#CC5=CC(=C(C=C5)CN(C)C)O)C1=O,PDI core not found
C[N+]1=CC=CC2=C1C=CC=C2N3C(=O)C4=C5C(=CC=C6C5=C(C=C4)C(=O)N(C6=O)C7=CC=CC8=C7C=CC=[N+]8C)C3=O,PDI core not found
C[N+]1=CC=CC2=C1C=CC(=C2)N3C(=O)C4=C5C(=CC=C6C5=C(C=C4)C(=O)N(C6=O)C7=CC8=C(C=C7)[N+](=CC=C8)C)C3=O,PDI core not found
C[N+]1=CC=CC(=C1)N2C(=O)C3=C4C(=CC=C5C4=C(C=C3)C(=O)N(C5=O)C6=C[N+](=CC=C6)C)C2=O,PDI core not found
C[N+]1=CC(=CC2=CC=CC=C21)N3C(=O)C4=C5C(=CC=C6C5=C(C=C4)C(=O)N(C6=O)C7=CC8=CC=CC=C8[N+](=C7)C)C3=O,PDI core not found
C1=CC=C(C(=C1)C#N)N2C(=O)C3=C4C(=CC=C5C4=C(C=C3)C(=O)N(C5=O)C6=CC=CC=C6C#N)C2=O,PDI core not found
COC(=O)C1=CC=C(C=C1)N2C(=O)C3=C4C(=CC=C5C4=C(C=C3)C(=O)N(C5=O)C6=CC=C(C=C6)C(=O)OC)C2=O,PDI core not found
CC(=O)C1=CC=C(C=C1)N2C(=O)C3=C4C(=CC=C5C4=C(C=C3)C(=O)N(C5=O)C6=CC=C(C=C6)C(=O)C)C2=O,PDI core not found
CN(C)C1=CC=C(C=C1)N2C(=O)C3=C4C(=CC=C5C4=C(C=C3)C(=O)N(C5=O)C6=CC=C(C=C6)N(C)C)C2=O,PDI core not found
C1=CC(=CC=C1CCN2C(=O)C3=C4C(=CC=C5C4=C(C=C3)C(=O)N(C5=O)CCC6=CC=C(C=C6)S(=O)(=O)N)C2=O)S(=O)(=O)N,PDI core not found
C1=CC(=CC(=C1)[N+](=O)[O-])N2C(=O)C3=C4C(=CC=C5C4=C(C=C3)C(=O)N(C5=O)C6=CC(=CC=C6)[N+](=O)[O-])C2=O,PDI core not found
C1=COC(=C1)CN2C(=O)C3=C4C(=CC=C5C4=C(C=C3)C(=O)N(C5=O)CC6=CC=CO6)C2=O,PDI core not found
C1=CC=C(C=C1)OCCN2C(=O)C3=C4C(=CC=C5C4=C(C=C3)C(=O)N(C5=O)CCOC6=CC=CC=C6)C2=O,PDI core not found
CC1=CC(=CC=C1)NC2=C3C4=C(C=CC5=C4C(=C2)C(=O)N(C5=O)C6=CC=CC(=C6)C)C(=O)N(C3=O)C7=CC=CC(=C7)C,PDI core not found
CC(=O)NC1=CC=C(C=C1)N2C(=O)C3=C4C(=CC=C5C4=C(C=C3)C(=O)N(C5=O)C6=CC=C(C=C6)NC(=O)C)C2=O,PDI core not found
C1=CC=C(C(=C1)C(=O)[O-])N2C(=O)C3=C4C(=CC=C5C4=C(C=C3)C(=O)N(C5=O)C6=CC=CC=C6C(=O)[O-])C2=O,PDI core not found
C1=CC2=C3C(=CC=C4C3=C1C(=O)N(C4=O)CCCS(=O)(=O)[O-])C(=O)N(C2=O)CCCS(=O)(=O)[O-],PDI core not found
C1=CC2=C3C(=CC=C4C3=C1C(=O)N(C4=O)CCCCCC(=O)[O-])C(=O)N(C2=O)CCCCCC(=O)[O-],PDI core not found
C1=CC2=C3C(=C1)C(=O)N(C(=O)C3=CC=C2)CCCCN4C(=O)C5=C6C(=CC=C7C6=C(C=C5)C(=O)N(C7=O)CCCCN8C(=O)C9=CC=CC1=C9C(=CC=C1)C8=O)C4=O,PDI core not found
C1=CC2=C3C(=CC=C4C3=C1C(=O)N(C4=O)CC(=O)[O-])C(=O)N(C2=O)CC(=O)[O-],PDI core not found
CN(C)CCCN1C(=O)C2=C3C4=C(C=C2)C(=O)N(C(=O)C4=C5C(=C3C1=O)NC6=C(N5)C=C(C=C6)[N+](=O)[O-])CCCN(C)C,PDI core not found
CN(C)CCCN1C(=O)C2=C3C4=C(C=C2)C(=O)N(C(=O)C4=C5C(=C3C1=O)NC6=CC=CC=C6N5)CCCN(C)C,PDI core not found
CN(C)CCCN1C(=O)C2=C3C4=C(C=C2)C(=O)N(C(=O)C4=C5C(=C3C1=O)NC6=C(N5)C=C(C=C6)C(=O)O)CCCN(C)C,PDI core not found
CN(C)CCCNC1=C2C3=C4C(=C1)C(=O)N(C(=O)C4=C5C(=C3C(=O)N(C2=O)CCCN(C)C)NC6=CC=CC=C6N5)CCCN(C)C,PDI core not found
CCCCOC(=O)C1=CC=C(C=C1)N2C(=O)C3=C4C(=CC=C5C4=C(C=C3)C(=O)N(C5=O)C6=CC=C(C=C6)C(=O)OCCCC)C2=O,PDI core not found
CC1=NC(=CC=C1)C2=CC=CC(=N2)C#CCN3C(=O)C4=C5C(=CC=C6C5=C(C=C4)C(=O)N(C6=O)CC#CC7=NC(=CC=C7)C8=CC=CC(=N8)C)C3=O,PDI core not found
C1=CC(=CC=C1C(=O)O)N2C(=O)C3=C4C(=CC=C5C4=C(C=C3)C(=O)N(C5=O)C6=CC=C(C=C6)C(=O)O)C2=O,PDI core not found
C1=CC=C(C(=C1)N)N2C(=O)C3=C4C(=CC=C5C4=C(C=C3)C(=O)N(C5=O)C6=CC=CC=C6N)C2=O,PDI core not found
COC(=O)C1=CC=CC=C1N2C(=O)C3=C4C(=CC=C5C4=C(C=C3)C(=O)N(C5=O)C6=CC=CC=C6C(=O)OC)C2=O,PDI core not found
COC1=CC(=C(C=C1)OC)N2C(=O)C3=C4C(=CC=C5C4=C(C=C3)C(=O)N(C5=O)C6=C(C=CC(=C6)OC)OC)C2=O,PDI core not found
CC(=O)C1=CC(=CC=C1)N2C(=O)C3=C4C(=CC=C5C4=C(C=C3)C(=O)N(C5=O)C6=CC=CC(=C6)C(=O)C)C2=O,PDI core not found
CC(C1=CC=CC=C1)N2C(=O)C3=C4C(=CC=C5C4=C(C=C3)C(=O)N(C5=O)C(C)C6=CC=CC=C6)C2=O,PDI core not found
CC(C)CN1C(=O)C2=C3C(=CC=C4C3=C(C=C2)C(=O)N(C4=O)CC(C)C)C1=O,PDI core not found
CC1=C(C=C(C=C1)C(=O)O)N2C(=O)C3=C4C(=CC=C5C4=C(C=C3)C(=O)N(C5=O)C6=C(C=CC(=C6)C(=O)O)C)C2=O,PDI core not found
CC1=CC(=CC=C1)N2C(=O)C3=C4C(=CC=C5C4=C(C=C3)C(=O)N(C5=O)C6=CC=CC(=C6)C)C2=O,PDI core not found
C1=CC=C2C(=C1)C(=O)N(C2=O)N3C(=O)C4=C5C(=CC=C6C5=C(C=C4)C(=O)N(C6=O)N7C(=O)C8=CC=CC=C8C7=O)C3=O,PDI core not found
C1=CC2=C3C(=CC=C4C3=C1C(=O)N(C4=O)CCCS(=O)(=O)O)C(=O)N(C2=O)CCCS(=O)(=O)O,PDI core not found
C1=CC=C2C(=C1)N=C(S2)N3C(=O)C4=C5C(=CC=C6C5=C(C=C4)C(=O)N(C6=O)C7=NC8=CC=CC=C8S7)C3=O,PDI core not found
C1=CN=C(N=C1)N2C(=O)C3=C4C(=CC=C5C4=C(C=C3)C(=O)N(C5=O)C6=NC=CC=N6)C2=O,PDI core not found
C=CCN1C(=O)C2=C3C(=CC=C4C3=C(C=C2)C(=O)N(C4=O)CC=C)C1=O,PDI core not found
C1COCCN1CCN2C(=O)C3=C4C(=CC=C5C4=C(C=C3)C(=O)N(C5=O)CCN6C=CN=C6)C2=O,PDI core not found
CC(C1=CC=CC2=CC=CC=C21)N3C(=O)C4=C5C(=CC=C6C5=C(C=C4)C(=O)N(C6=O)C(C)C7=CC=CC8=CC=CC=C87)C3=O,PDI core not found
CC1=CN=C(C=C1)N2C(=O)C3=C4C(=CC=C5C4=C(C=C3)C(=O)N(C5=O)C6=NC=C(C=C6)C)C2=O,PDI core not found
CC1=C(N=CC=C1)N2C(=O)C3=C4C(=CC=C5C4=C(C=C3)C(=O)N(C5=O)C6=C(C=CC=N6)C)C2=O,PDI core not found
C1=CC(=CC=C1C#N)N2C(=O)C3=C4C(=CC=C5C4=C(C=C3)C(=O)N(C5=O)C6=CC=C(C=C6)C#N)C2=O,PDI core not found
C1=CC(=CC=C1N2C(=O)C3=C4C(=CC=C5C4=C(C=C3)C(=O)N(C5=O)C6=CC=C(C=C6)S(=O)(=O)O)C2=O)S(=O)(=O)O,PDI core not found
C1=CC2=C3C(=CC=C4C3=C1C(=O)N(C4=O)N)C(=O)N(C2=O)N,PDI core not found
CC(C)C(C)N1C(=O)C2=C3C(=CC=C4C3=C(C=C2)C(=O)N(C4=O)C(C)C(C)C)C1=O,PDI core not found
CCC1=CC=CC(=C1N2C(=O)C3=C4C(=CC=C5C4=C(C=C3)C(=O)N(C5=O)CCOCC)C2=O)C,PDI core not found
CCOCCN1C(=O)C2=C3C(=CC=C4C3=C(C=C2)C(=O)N(C4=O)CCOCC)C1=O,PDI core not found
CCC1=CC=CC(=C1N2C(=O)C3=C4C(=CC=C5C4=C(C=C3)C(=O)N(C5=O)C(C)C(C)C)C2=O)C,PDI core not found
CNN1C(=O)C2=C3C(=CC=C4C3=C(C=C2)C(=O)N(C4=O)C)C1=O,PDI core not found
COC1=CC=C(C=C1)C2=C(N=C(C3=NON=C23)C4=CC=C(C=C4)OC)C(=O)NCCCN5CCN(CC5)CCCN6C(=O)C7=C8C(=CC=C9C8=C(C=C7)C(=O)N(C9=O)CCCN1CCN(CC1)CCCNC(=O)C1=C(C2=NON=C2C(=N1)C1=CC=C(C=C1)OC)C1=CC=C(C=C1)OC)C6=O,PDI core not found
C1=CC2=C3C(=CC=C4C3=C1C(=O)N(C4=O)CCCC(=O)O)C(=O)N(C2=O)CCCC(=O)O,PDI core not found
C1=CC(=CC(=C1)S(=O)(=O)O)N2C(=O)C3=C4C(=CC=C5C4=C(C=C3)C(=O)N(C5=O)C6=CC(=CC=C6)S(=O)(=O)O)C2=O,PDI core not found
CCCCC(CC)CN1C(=O)C2=C3C(=CC=C4C3=C(C=C2)C(=O)N(C4=O)CC(CC)CCCC)C1=O,PDI core not found
CCCCCCCCCCCCCCCCN1C(=O)C2=C3C(=CC=C4C3=C(C=C2)C(=O)N(C4=O)CCCCCCCCCCCCCCCC)C1=O,PDI core not found
CC(C)N1C(=O)C2=C3C(=CC=C4C3=C(C=C2)C(=O)N(C4=O)C(C)C)C1=O,PDI core not found
CC1=CC=C(C=C1)N2C(=O)C3=C4C(=CC=C5C4=C(C=C3)C(=O)N(C5=O)C)C2=O,PDI core not found
CN1C(=O)C2=C3C(=CC=C4C3=C(C=C2)C(=O)N(C4=O)CCCN5C(=O)C6=C7C(=CC=C8C7=C(C=C6)C9=C2C8=CC=C3C2=C(C=C9)C2=NC4=CC=CC=C4N2C3=O)C5=O)C1=O,PDI core not found
CC1=CC(=CC=C1)N2C(=O)C3=C4C(=CC=C5C4=C(C=C3)C(=O)N(C5=O)C6=CC(=CC=C6)S(=O)(=O)C=C)C2=O,PDI core not found
CCN1C(=O)C2=C3C(=CC=C4C3=C(C=C2)C(=O)N(C4=O)C)C1=O,PDI core not found
CCCCCN1C(=O)C2=C3C(=CC=C4C3=C(C=C2)C(=O)N(C4=O)CCCC)C1=O,PDI core not found
CC1=CC=C(C=C1)OC2=CC=C(C=C2)N3C(=O)C4=C5C(=CC=C6C5=C(C=C4)C(=O)N(C6=O)C7=CC(=C(C=C7)C8=C(C=C(C=C8)N9C(=O)C1=C2C(=CC=C4C2=C(C=C1)C(=O)N(C4=O)C)C9=O)S(=O)(=O)O)S(O)(O)O)C3=O,PDI core not found
CCCC[N+]1(CC[N+](CC1)(C)CCCN2C(=O)C3=C4C(=CC=C5C4=C(C=C3)C(=O)N(C5=O)CCC[N+]6(CC[N+](CC6)(C)CCCC)C)C2=O)C,PDI core not found
CCCC[N+](C)(C)CCCN1C(=O)C2=C3C(=CC=C4C3=C(C=C2)C(=O)N(C4=O)CCC[N+](C)(C)CCCC)C1=O,PDI core not found
CC(=O)NCCCN1CCN(CC1)CCCN2C(=O)C3=C4C(=CC=C5C4=C(C=C3)C(=O)N(C5=O)CCCN6CCN(CC6)CCCNC(=O)C)C2=O,PDI core not found
CCC1=CC=CC(=C1N2C(=O)C3=C4C(=CC=C5C4=C(C=C3)C(=O)N(C5=O)C6=C(C=CC=C6CC)C)C2=O)C,PDI core not found
C=CS(=O)(=O)C1=CC=CC(=C1)N2C(=O)C3=C4C(=CC=C5C4=C(C=C3)C(=O)N(C5=O)C6=CC(=CC=C6)S(=O)(=O)C=C)C2=O,PDI core not found
CC1=C(C=C(C=C1)C2=CC(=C(C=C2)N3C(=O)C4=C5C(=CC=C6C5=C(C=C4)C(=O)N(C6=O)C)C3=O)OCC(C7=CC=CC=C7)C8=CC=CC=C8)OCC(C9=CC=CC=C9)C1=CC=CC=C1,PDI core not found
CN1C(=O)C2=C3C(=CC=C4C3=C(C=C2)C(=O)N(C4=O)CC(=O)O)C1=O,PDI core not found
CC1=C(C2=C3C(=C(C(=C4C3=C1C(=O)N(C4=O)C)C)C)C(=O)N(C2=O)C)C,PDI core not found
CCCCN1C(=O)C2=C3C(=CC=C4C3=C(C=C2)C(=O)N(C4=O)C5=CSC=C5)C1=O,PDI core not found
CCCCN1C(=O)C2=C3C(=CC=C4C3=C(C=C2)C(=O)N(C4=O)C5=CSC(=C5)C6=CC(=CS6)N7C(=O)C8=C9C(=CC=C2C9=C(C=C8)C(=O)N(C2=O)CCCC)C7=O)C1=O,PDI core not found
CC(C1=CC=CC2=CC=CC=C21)N3C(=O)C4=C5C(=CC=C6C5=C(C=C4)C(=O)N(C6=O)C(C)C7=CC=CC8=CC=CC=C87)C3=O,PDI core not found
C1C(OC2=CSC=C2O1)CN3C(=O)C4=C5C(=CC=C6C5=C(C=C4)C(=O)N(C6=O)CC7COC8=CSC=C8O7)C3=O,PDI core not found
C1=CC=NC(=C1)CN(CCN2C(=O)C3=C4C(=CC=C5C4=C(C=C3)C(=O)N(C5=O)CCN(CC6=CC=CC=N6)CC7=CC=CC=N7)C2=O)CC8=CC=CC=N8,PDI core not found
C1=CC2=C3C(=CC=C4C3=C1C(=O)N(C4=O)CCS(=O)(=O)O)C(=O)N(C2=O)CCS(=O)(=O)O,PDI core not found
C1=CC2=C3C(=CC=C4C3=C1C(=O)N(C4=O)CC(CC(=O)O)O)C(=O)N(C2=O)CC(CC(=O)O)O,PDI core not found
C1=CC2=C3C(=CC=C4C3=C1C(=O)N(C4=O)CCC(C(=O)O)N)C(=O)N(C2=O)CCC(C(=O)O)N,PDI core not found
C1=CC2=C3C(=CC=C4C3=C1C(=O)N(C4=O)CCOCC(C(=O)O)N)C(=O)N(C2=O)CCOCC(C(=O)O)N,PDI core not found
C1=CC2=C3C(=CC=C4C3=C1C(=O)N(C4=O)CCS(=O)(=O)N)C(=O)N(C2=O)CCS(=O)(=O)N,PDI core not found
CC1=C(C2=C3C(=C(C(=C4C3=C1C(=O)N(C4=O)CCS(=O)(=O)O)C)C)C(=O)N(C2=O)CCS(=O)(=O)O)C,PDI core not found
COC1=C2C3=C4C(=C1)C(=O)N(C(=O)C4=C(C=C3C(=O)N(C2=O)CC(=O)O)OC)CC(=O)O,PDI core not found
C1=CC2=C3C(=CC=C4C3=C1C(=O)NC4=O)C(=O)N(C2=O)CCS(=O)(=O)O,PDI core not found
CCCCCCC(CCCCCC)N1C(=O)C2=C3C(=CC=C4C3=C(C=C2)C(=O)N(C4=O)C(CCCCCC)CCCCCC)C1=O,PDI core not found
CCCCCCC(CCCCCC)N1C(=O)C2=C3C(=C4C5=C2C(=C6C(=C5C(=O)N(C4=O)C(CCCCCC)CCCCCC)N=C(N6)C7=CC=CC=C7)C1=O)N=C(N3)C8=CC=CC=C8,PDI core not found
CCCCCC(C)N1C(=O)C2=C3C(=CC=C4C3=C(C=C2)C(=O)N(C4=O)C(C)CCCCC)C1=O,PDI core not found
CCCCCCCN1C(=O)C2=C3C(=CC=C4C3=C(C=C2)C(=O)N(C4=O)CCCCCCC)C1=O,PDI core not found
CCOCN1C(=O)C2=C3C(=CC=C4C3=C(C=C2)C(=O)N(C4=O)C(C)C(C)C)C1=O,PDI core not found
CC1=C(C(=CC=C1)C)N2C(=O)C3=C4C(=CC=C5C4=C(C=C3)C(=O)N(C5=O)C6=C(C=CC=C6C)C)C2=O,PDI core not found
CCCCC(C)(CCCC)CN1C(=O)C2=C3C(=CC=C4C3=C(C=C2)C(=O)N(C4=O)CC(C)(CCCC)CCCC)C1=O,PDI core not found
CCC1(CCCCC1)CN2C(=O)C3=C4C(=CC=C5C4=C(C=C3)C(=O)N(C5=O)CC6(CCCCC6)CC)C2=O,PDI core not found
CC1=C(C(=CC=C1)C(C)C)N2C(=O)C3=C4C(=CC=C5C4=C(C=C3)C(=O)N(C5=O)C6=C(C=CC=C6C(C)C)C)C2=O,PDI core not found
CC1=C2C3=C(C=CC4=C3C(=C1)C(=O)N(C4=O)C5=CC=CC(=C5)C(C)(C)C)C(=O)N(C2=O)C6=CC=CC(=C6)C(C)(C)C,PDI core not found
CCCCCCCCCNN1C(=O)C2=C3C(=CC=C4C3=C(C=C2)C(=O)N(C4=O)CCCCCCCCC)C1=O,PDI core not found
CCCCCCCCCNN1C(=O)C2=C3C(=CC=C4C3=C(C=C2)C(=O)N(C4=O)NCCCCCCCCC)C1=O,PDI core not found
CCCC(C1CCCCC1)N2C(=O)C3=C4C(=CC=C5C4=C(C=C3)C(=O)N(C5=O)C(CCC)C6CCCCC6)C2=O,PDI core not found
CN1C(=O)C2=C3C(=CC=C4C3=C(C=C2)C(=O)N(C4=O)CCS(=O)(=O)[O-])C1=O,PDI core not found
CCCCCCCN(CCCCCCC)C1=C2C3=C(C=CC4=C3C(=C1)C(=O)NC4=O)C(=O)NC2=O,PDI core not found
CCCCCCCNN1C(=O)C2=C3C(=CC=C4C3=C(C=C2)C(=O)N(C4=O)CCCCCCC)C1=O,PDI core not found
CN(C)CCN1C(=O)C2=C3C(=CC=C4C3=C(C=C2)C(=O)N(C4=O)CCN)C1=O,PDI core not found
CCN1C(=O)C2=C3C(=CC=C4C3=C(C=C2)C(=O)NC4=O)C1=O,PDI core not found
C[N+]1=CC=CC=C1C2=[N+](C=C(C=C2)C(=O)NCCCCCN3C(=O)C4=C5C(=CC=C6C5=C(C=C4)C(=O)N(C6=O)CCCCCNC(=O)C7=C[N+](=C(C=C7)C8=CC=CC=[N+]8C)C)C3=O)C,PDI core not found
CN(CCCNC(=O)CCCCCC1C2C(CS1)NC(=O)N2)CCCN3C(=O)C4=C5C(=CC=C6C5=C(C=C4)C(=O)N(C6=O)CCCN(C)CCCNC(=O)CCCCCC7C8C(CS7)NC(=O)N8)C3=O,PDI core not found
CC1(CC(CC(N1C)(C)C)N2C(=O)C3=C4C(=CC=C5C4=C(C=C3)C(=O)N(C5=O)C6CC(N(C(C6)(C)C)C)(C)C)C2=O)C,PDI core not found
CN1C2CCC1CC(C2)N3C(=O)C4=C5C(=CC=C6C5=C(C=C4)C(=O)N(C6=O)C7CC8CCC(C7)N8C)C3=O,PDI core not found
C1COC(CO1)N2C(=O)C3=C4C(=CC=C5C4=C(C=C3)C(=O)N(C5=O)C6COCCO6)C2=O,PDI core not found
CC1CC(CO1)N2C(=O)C3=C4C(=CC=C5C4=C(C=C3)C(=O)N(C5=O)C6CC(OC6)C)C2=O,PDI core not found
C1COCCC1N2C(=O)C3=C4C(=CC=C5C4=C(C=C3)C(=O)N(C5=O)C6CCOCC6)C2=O,PDI core not found
CCOC(=O)N1CCC(CC1)N2C(=O)C3=C4C(=CC=C5C4=C(C=C3)C(=O)N(C5=O)C6CCN(CC6)C(=O)OCC)C2=O,PDI core not found
C1CCC(CC1)N2C(=O)C3=C4C(=CC=C5C4=C(C=C3)C(=O)N(C5=O)C6CCCSC6)C2=O,PDI core not found
C1CSCCC1N2C(=O)C3=C4C(=CC=C5C4=C(C=C3)C(=O)N(C5=O)C6CCSCC6)C2=O,PDI core not found
CC1(CC(CC(N1)(C)C)N2C(=O)C3=C4C(=CC=C5C4=C(C=C3)C(=O)N(C5=O)C6CC(NC(C6)(C)C)(C)C)C2=O)C,PDI core not found
CN1CCC(CC1)N2C(=O)C3=C4C(=CC=C5C4=C(C=C3)C(=O)N(C5=O)C6CCN(CC6)C)C2=O,PDI core not found
CCCCN1CCC(CC1)N2C(=O)C3=C4C(=CC=C5C4=C(C=C3)C(=O)N(C5=O)C6CCN(CC6)CCCC)C2=O,PDI core not found
CCCCCCOC(=O)C1CCC(CC1)N2C(=O)C3=C4C(=CC=C5C4=C(C=C3)C(=O)N(C5=O)C6CCSCC6)C2=O,PDI core not found
C1COCC1N2C(=O)C3=C4C(=CC=C5C4=C(C=C3)C(=O)N(C5=O)C6CCOC6)C2=O,PDI core not found
C1COCCN1N2C(=O)C3=C4C(=CC=C5C4=C(C=C3)C(=O)N(C5=O)N6CCOCC6)C2=O,PDI core not found
C1CN(CCC1N2C(=O)C3=C4C(=CC=C5C4=C(C=C3)C(=O)N(C5=O)C6CCN(CC6)CC7=CC=CC=C7)C2=O)CC8=CC=CC=C8,PDI core not found
C1CC(COC1)N2C(=O)C3=C4C(=CC=C5C4=C(C=C3)C(=O)N(C5=O)C6CCCOC6)C2=O,PDI core not found
C1CC(CSC1)N2C(=O)C3=C4C(=CC=C5C4=C(C=C3)C(=O)N(C5=O)C6CCCSC6)C2=O,PDI core not found
CCC(CC)N1C(=O)C2=C3C(=CC=C4C3=C(C=C2)C(=O)N(C4=O)C(CC)C5=CC=CC=C5)C1=O,PDI core not found
CCC(C1=CC=CC=C1)N2C(=O)C3=C4C(=CC=C5C4=C(C=C3)C(=O)N(C5=O)C(C)C(C)C)C2=O,PDI core not found
CCCCN1C(=O)C2=C3C(=CC=C4C3=C(C=C2)C(=O)N(C4=O)C(CC)C5=CC=CC=C5)C1=O,PDI core not found
CCC(CC)N1C(=O)C2=C3C(=CC=C4C3=C(C=C2)C(=O)N(C4=O)C(C)C5=CC=CC=C5)C1=O,PDI core not found
CCN1C(=O)C2=C3C(=CC=C4C3=C(C=C2)C(=O)N(C4=O)C(C)C5=CC=CC=C5)C1=O,PDI core not found
CC(C1=CC=CC=C1)N2C(=O)C3=C4C(=CC=C5C4=C(C=C3)C(=O)N(C5=O)C)C2=O,PDI core not found
CC(C)C(C)N1C(=O)C2=C3C(=CC=C4C3=C(C=C2)C(=O)N(C4=O)C(C)C5=CC=CC=C5)C1=O,PDI core not found
CCC(C)N1C(=O)C2=C3C(=CC=C4C3=C(C=C2)C(=O)N(C4=O)C(CC)C5=CC=CC=C5)C1=O,PDI core not found
CC(C)N1C(=O)C2=C3C(=CC=C4C3=C(C=C2)C(=O)N(C4=O)C(C)C5=CC=CC=C5)C1=O,PDI core not found
CCC(C1=CC=CC=C1)N2C(=O)C3=C4C(=CC=C5C4=C(C=C3)C(=O)N(C5=O)CC)C2=O,PDI core not found
CCCN1C(=O)C2=C3C(=CC=C4C3=C(C=C2)C(=O)N(C4=O)C(CC)C5=CC=CC=C5)C1=O,PDI core not found
CCC(C)N1C(=O)C2=C3C(=CC=C4C3=C(C=C2)C(=O)N(C4=O)C(C)C5=CC=CC=C5)C1=O,PDI core not found
CCC(C1=CC=CC=C1)N2C(=O)C3=C4C(=CC=C5C4=C(C=C3)C(=O)N(C5=O)C(C)C)C2=O,PDI core not found
CCC(C1=CC=CC=C1)N2C(=O)C3=C4C(=CC=C5C4=C(C=C3)C(=O)N(C5=O)C)C2=O,PDI core not found
CCCN1C(=O)C2=C3C(=CC=C4C3=C(C=C2)C(=O)N(C4=O)C(C)C5=CC=CC=C5)C1=O,PDI core not found
CCCCN1C(=O)C2=C3C(=CC=C4C3=C(C=C2)C(=O)N(C4=O)C(C)C5=CC=CC=C5)C1=O,PDI core not found
CC1(COC2(C(OCC(COC(C(C(C(OCN3C(=O)C4=C5C(=CC=C6C5=C(C=C4)C(=O)N(C6=O)COC2(C)C)C3=O)(C)C)(C)C(=O)C7CCC(CC7)C(=O)C(C)(C)C)(OC1)C)(C)C)(CO)CO)(C)C)C)C,PDI core not found
CC1(COC(C(OCN2C(=O)C3=C4C(=CC=C5C4=C(C=C3)C(=O)N(C5=O)COC6(C(C(=O)C7CCC(CC7)C(=O)C(C(C(=O)CN8C(=O)C9=C3C(=CC=C4C3=C(C=C9)C(=O)N(C4=O)CC(=O)C6(C(OC1)(C)C)C)C8=O)(C)C)(C)C)(C)C)C)C2=O)(C)C)(C)C)C,PDI core not found
CCC1(COC(C2(C(OCN3C(=O)C4=C5C(=CC=C6C5=C(C=C4)C(=O)N(C6=O)COC(C(C(C(OC1)(C)C)(OCC(CO2)(C)C)C)(C)C(=O)C7CCC(CC7)C(=O)C(C)(C)C)(C)C)C3=O)(C)C)C)(C)C)CO,PDI core not found
CC(C)(C)N1C(=O)C2=C3C(=CC=C4C3=C(C=C2)C(=O)N(C4=O)C(C)(C)C)C1=O,PDI core not found
CCC(CC)N1C(=O)C2=C3C(=CC=C4C3=C(C=C2)C(=O)N(C4=O)N(C5=CC=CC=C5)C6=CC=CC=C6)C1=O,PDI core not found
CCCC(CCC)N1C(=O)C2=C3C(=CC=C4C3=C(C=C2)C(=O)N(C4=O)N(CC5=CC=CC=C5)C6=CC=CC=C6)C1=O,PDI core not found
CC(C)C(C)N1C(=O)C2=C3C(=CC=C4C3=C(C=C2)C(=O)N(C4=O)N(C)C5=CC=CC=C5)C1=O,PDI core not found
CCCC(CCC)N1C(=O)C2=C3C(=CC=C4C3=C(C=C2)C(=O)N(C4=O)N(C)C)C1=O,PDI core not found
CCOCCCN1C(=O)C2=C3C(=CC=C4C3=C(C=C2)C(=O)N(C4=O)N(C5=CC=CC=C5)C6=CC=CC=C6)C1=O,PDI core not found
CCCCCCC(N1C(=O)C2=C3C(=CC=C4C3=C(C=C2)C(=O)N(C4=O)N(C5=CC=CC=C5)C6=CC=CC=C6)C1=O)OCC,PDI core not found
CCCCCC(C)N1C(=O)C2=C3C(=CC=C4C3=C(C=C2)C(=O)N(C4=O)N(CC5=CC=CC=C5)C6=CC=CC=C6)C1=O,PDI core not found
CCCCCC(C)N1C(=O)C2=C3C(=CC=C4C3=C(C=C2)C(=O)N(C4=O)N(C)C5=CC=CC=C5)C1=O,PDI core not found
CCCCCC(C)N1C(=O)C2=C3C(=CC=C4C3=C(C=C2)C(=O)N(C4=O)N(C5=CC=CC=C5)C6=CC=CC=C6)C1=O,PDI core not found
CCCCCC(C)N1C(=O)C2=C3C(=CC=C4C3=C(C=C2)C(=O)N(C4=O)N(CC5=CC=CC=C5)CC6=CC=CC=C6)C1=O,PDI core not found
CCCCCC(C)N1C(=O)C2=C3C(=CC=C4C3=C(C=C2)C(=O)N(C4=O)N5CCCCC5)C1=O,PDI core not found
CCCC(CCC)N1C(=O)C2=C3C(=CC=C4C3=C(C=C2)C(=O)N(C4=O)N(CC)C5=CC=CC=C5)C1=O,PDI core not found
CC1=CC=C(C=C1)CN(C2=CC=C(C=C2)C)N3C(=O)C4=C5C(=CC=C6C5=C(C=C4)C(=O)N(C6=O)C7=CC=C(C=C7)C8=CC=C(C=C8)C)C3=O,PDI core not found
CCCCCC(C)N1C(=O)C2=C3C(=C(C(=C4C3=C(C(=C2C)C)C(=O)N(C4=O)N(CC5=CC=CC=C5)CC6=CC=CC=C6)C)C)C1=O,PDI core not found
CCC(CC)N1C(=O)C2=C3C(=CC=C4C3=C(C=C2)C(=O)N(C4=O)N(CCN(C)CC)CCN(CC)CC)C1=O,PDI core not found
CCCCCCC(C)N1C(=O)C2=C3C(=CC=C4C3=C(C=C2)C(=O)N(C4=O)N5CCCCC5)C1=O,PDI core not found
CC(C)CN1C(=O)C2=C3C(=CC=C4C3=C(C=C2)C(=O)N(C4=O)N(C)C5=CC=CC=C5)C1=O,PDI core not found
CCC(C)N1C(=O)C2=C3C(=CC=C4C3=C(C=C2)C(=O)N(C4=O)N(CC)C5=CC=C(S5)C)C1=O,PDI core not found
CC1CCCCCCCN1N2C(=O)C3=C4C(=CC=C5C4=C(C=C3)C(=O)[N+]6(C5=O)CCCCCCCC6C)C2=O,PDI core not found
C1=CC=C(C=C1)CN2C(=O)C3=C4C(=CC=C5C4=C(C=C3)C(=O)N(C5=O)N(CC6=CC=CC=C6)CC7=CC=CC=C7)C2=O,PDI core not found
CCCCCC(C)N1C(=O)C2=C3C(=CC=C4C3=C(C=C2)C(=O)N(C4=O)N(CC)C5=CC=CC=C5)C1=O,PDI core not found
CC(C)C(C)N1C(=O)C2=C3C(=CC=C4C3=C(C=C2)C(=O)N(C4=O)N(C)C)C1=O,PDI core not found
CC(C)CN1C(=O)C2=C3C(=CC=C4C3=C(C=C2)C(=O)N(C4=O)N(C)C)C1=O,PDI core not found
C1=CC=C(C=C1)N(C2=CC=CC=C2)N3C(=O)C4=C5C(=CC=C6C5=C(C=C4)C(=O)N(C6=O)C7=CC=CC8=CC=CC=C87)C3=O,PDI core not found
CN1C(=O)C2=C3C(=CC=C4C3=C(C=C2)C(=O)N(C4=O)N(C)C)C1=O,PDI core not found
CC(C)N1C(=O)C2=C3C(=CC=C4C3=C(C=C2)C(=O)N(C4=O)N5CCCCC5)C1=O,PDI core not found
CCCCCC(C)N1C(=O)C2=C3C(=CC=C4C3=C(C=C2)C(=O)N(C4=O)N(C)C)C1=O,PDI core not found
CC(C)C(C)N1C(=O)C2=C3C(=CC=C4C3=C(C=C2)C(=O)N(C4=O)N(CC5=CC=CC=C5)CC6=CC=CC=C6)C1=O,PDI core not found
CCC(CC)N1C(=O)C2=C3C(=CC=C4C3=C(C=C2)C(=O)N(C4=O)N(C)C)C1=O,PDI core not found
CCCC(CCC)N1C(=O)C2=C3C(=CC=C4C3=C(C=C2)C(=O)N(C4=O)N(C5=CC=CC=C5)C6=CC=CC=C6)C1=O,PDI core not found
CC(C)C(C)N1C(=O)C2=C3C(=CC=C4C3=C(C=C2)C(=O)N(C4=O)N(C5=CC=CC=C5)C6=CC=CC=C6)C1=O,PDI core not found
CCCC(CCC)N1C(=O)C2=C3C(=CC=C4C3=C(C=C2)C(=O)N(C4=O)N(C)C5=CC=CC=C5)C1=O,PDI core not found
CCCC(CCC)N1C(=O)C2=C3C(=CC=C4C3=C(C=C2)C(=O)N(C4=O)N(CC5=CC=CC=C5)CC6=CC=CC=C6)C1=O,PDI core not found
CCN(C1=CC=CC=C1)N2C(=O)C3=C4C(=CC=C5C4=C(C=C3)C(=O)N(C5=O)C(C)C(C)C)C2=O,PDI core not found
CCC(CC)N1C(=O)C2=C3C(=CC=C4C3=C(C=C2)C(=O)N(C4=O)N(C)C5=CC=CC=C5)C1=O,PDI core not found
CCCCCC(C)N1C(=O)C2=C3C(=CC=C4C3=C(C=C2)C(=O)N(C4=O)N5CCCCCC5)C1=O,PDI core not found
CCN1C(=O)C2=C3C(=CC=C4C3=C(C=C2)C(=O)N(C4=O)N(C5=CC=CC=C5)C6=CC=CC=C6)C1=O,PDI core not found
CCN1C(=O)C2=C3C(=CC=C4C3=C(C=C2)C(=O)N(C4=O)N(CC5=CC=CC=C5)CC6=CC=CC=C6)C1=O,PDI core not found
CC(C)CCN1C(=O)C2=C3C(=CC=C4C3=C(C=C2)C(=O)N(C4=O)N(C5=CC=CC=C5)C6=CC=CC=C6)C1=O,PDI core not found
CCCCCCC(N1C(=O)C2=C3C(=CC=C4C3=C(C=C2)C(=O)N(C4=O)N(CC)C5=CC=CC=C5)C1=O)OCC,PDI core not found
C1CCN(CC1)N2C(=O)C3=C4C(=CC=C5C4=C(C=C3)C(=O)N(C5=O)C6=CC=CC=C6)C2=O,PDI core not found
CCCCCC(C)N1C(=O)C2=C3C(=CC=C4C3=C(C=C2)C(=O)N(C4=O)N5CCN(CC5)C)C1=O,PDI core not found
CC(C)CN1C(=O)C2=C3C(=CC=C4C3=C(C=C2)C(=O)N(C4=O)N(C5=CC=CC=C5)C6=CC=CC=C6)C1=O,PDI core not found
CCCC(CCC)N1C(=O)C2=C3C(=CC=C4C3=C(C=C2)C(=O)NC4=O)C1=O,PDI core not found
CCC(CC)N1C(=O)C2=C3C(=CC=C4C3=C(C=C2)C(=O)N(C4=O)N(CC)C5=CC=CC=C5)C1=O,PDI core not found
CC(C)N1C(=O)C2=C3C(=CC=C4C3=C(C=C2)C(=O)N(C4=O)N(C5=CC=CC=C5)C6=CC=CC=C6)C1=O,PDI core not found
CCN(C1=CC=CC=C1)N2C(=O)C3=C4C(=CC=C5C4=C(C=C3)C(=O)N(C5=O)C6=CC=C(C=C6)C7=NC(=NC(=N7)C8=CC=CC=C8)C9=CC=CC=C9)C2=O,PDI core not found
CCN(C1=CC=CC=C1)N2C(=O)C3=C4C(=CC=C5C4=C(C=C3)C(=O)N(C5=O)C(C)C)C2=O,PDI core not found
CC(C)N1C(=O)C2=C3C(=CC=C4C3=C(C=C2)C(=O)N(C4=O)N(C)C5=CC=CC=C5)C1=O,PDI core not found
CCCCCCC(C)N1C(=O)C2=C3C(=CC=C4C3=C(C=C2)C(=O)N(C4=O)N(C)C5=CC=CC=C5)C1=O,PDI core not found
CCCCCCC(C)N1C(=O)C2=C3C(=CC=C4C3=C(C=C2)C(=O)N(C4=O)N5CCOCC5)C1=O,PDI core not found
CCCC(CCC)N1C(=O)C2=C3C(=CC=C4C3=C(C=C2)C(=O)N(C4=O)N5CCOCC5)C1=O,PDI core not found
CCCCCCCCN1C(=O)C2=C3C(=CC=C4C3=C(C=C2)C(=O)N(C4=O)N(C)C)C1=O,PDI core not found
CCC(CC)N1C(=O)C2=C3C(=CC=C4C3=C(C=C2)C(=O)N(C4=O)N(CC5=CC=CC=C5)CC6=CC=CC=C6)C1=O,PDI core not found
CN(C)N1C(=O)C2=C3C(=CC=C4C3=C(C=C2)C(=O)N(C4=O)C5=CC=CC=C5)C1=O,PDI core not found
C1=CC(=C(C=C1C(=O)O)N2C(=O)C3=C4C(=CC=C5C4=C(C=C3)C(=O)N(C5=O)C(CCC(=O)O)C(=O)O)C2=O)N,PDI core not found
CC1=CC=C(C=C1)CC2=CC=C(C=C2)N3C(=O)C4=C5C(=CC=C6C5=C(C=C4)C(=O)N(C6=O)C)C3=O,PDI core not found
CC1=CC=C(C=C1)C2=CC=C(C=C2)N3C(=O)C4=C5C(=CC=C6C5=C(C=C4)C(=O)N(C6=O)C7=CC(=C(C=C7)C8=C(C=C(C=C8)N9C(=O)C1=C2C(=CC=C4C2=C(C=C1)C(=O)N(C4=O)C)C9=O)S(=O)(=O)O)SOOO)C3=O,PDI core not found
CCC(C)(CC)C(=O)C1CCC(CC1)C(=O)C2(CCC(OCN3C(=O)C4=C5C(=CC=C6C5=C(C=C4)C(=O)N(C6=O)COC(CCC(OCC(COC2(C)C)(C)C)(C)C)(C)C)C3=O)(C)C)C,PDI core not found
CCC1(CCC2(CCC(OCC(COC(CCC(CC(CCC(OCN3C(=O)C4=C5C(=CC=C6C5=C(C=C4)C(=O)N(C6=O)CO1)C3=O)(C)C)(C)C(=O)C7CCC(CC7)C(=O)C(C)(C)C)(COCC(CO2)(C)C)C)(C)C)(CO)CO)(C)C)C)C,PDI core not found
CCCOCN1C(=O)C2=C3C(=CC=C4C3=C(C=C2)C(=O)N(C4=O)COC(C)(C)CCCC(C)(C)OCC(C)(C)COC(C)(C)C(C)(C)C(=O)CN5C(=O)C6=C7C(=CC=C8C7=C(C=C6)C(=O)N(C8=O)CC(=O)C(C)(C)CCC(C)(C)C(=O)C9CCC(CC9)C(=O)C(C)(C)CC)C5=O)C1=O,PDI core not found
CCCOCN1C(=O)C2=C3C(=CC=C4C3=C(C=C2)C(=O)N(C4=O)COC(C)(C)CCCC(C)(C)OCC(C)(C)COC(C)(C)C5(CCCC(C(=O)C6CCC(CC6)C(=O)C(CCC(C(=O)CN7C(=O)C8=C9C(=CC=C2C9=C(C=C8)C(=O)N(C2=O)CC5=O)C7=O)(C)C)(C)C)(C)C)C)C1=O,PDI core not found
CC1=C(C2=C3C(=C(C(=C4C3=C1C(=O)N(C4=O)C(C)C)C)C)C(=O)N(C2=O)C(C)C)C,PDI core not found
CC1=C(C2=C3C(=C(C(=C4C3=C1C(=O)NC4=O)C)C)C(=O)NC2=O)C,PDI core not found
CN(C)N1C(=O)C2=C3C(=CC=C4C3=C(C=C2)C(=O)N(C4=O)N(C)C)C1=O,PDI core not found
CC(C)(C)C1=CC=C(C=C1)N(C2=CC=C(C=C2)C(C)(C)C)N3C(=O)C4=C5C(=CC=C6C5=C(C=C4)C(=O)N(C6=O)N(C7=CC=C(C=C7)C(C)(C)C)C8=CC=C(C=C8)C(C)(C)C)C3=O,PDI core not found
CC1=CC=C(C=C1)N(CC2=CC=CC=C2)N3C(=O)C4=C5C(=CC=C6C5=C(C=C4)C(=O)N(C6=O)N(CC7=CC=CC=C7)C8=CC=C(C=C8)C)C3=O,PDI core not found
C1CCN(CC1)N2C(=O)C3=C4C(=CC=C5C4=C(C=C3)C(=O)N(C5=O)N6CCCCC6)C2=O,PDI core not found
CCCC(CCC)N1C(=O)C2=C3C(=CC=C4C3=C(C=C2)C(=O)N(C4=O)N5CCCCC5)C1=O,PDI core not found
CCCCCC(C)N(CC1=CC=CC=C1)N2C(=O)C3=C4C(=CC=C5C4=C(C=C3)C(=O)N(C5=O)N(CC6=CC=CC=C6)C(C)CCCCC)C2=O,PDI core not found
CN(C1=CC=CC=C1)N2C(=O)C3=C4C(=CC=C5C4=C(C=C3)C(=O)N(C5=O)N(C)C6=CC=CC=C6)C2=O,PDI core not found
CCCCN(CC)N1C(=O)C2=C3C(=CC=C4C3=C(C=C2)C(=O)N(C4=O)N(CC)CCCC)C1=O,PDI core not found
CCCCC(C)N(CC1=CC=CC=C1)N2C(=O)C3=C4C(=CC=C5C4=C(C=C3)C(=O)N(C5=O)N(CC)C(C)(C)C)C2=O,PDI core not found
CCC1=CC=C(C=C1)N(C2=CC=C(C=C2)C3=CC=C(C=C3)C)N4C(=O)C5=C6C(=CC=C7C6=C(C=C5)C(=O)N(C7=O)N(C8=CC=C(C=C8)CC)C9=CC=C(C=C9)C1=CC=C(C=C1)C)C4=O,PDI core not found
C1=CC=C(C=C1)CN(CC2=CC=CC=C2)N3C(=O)C4=C5C(=CC=C6C5=C(C=C4)C(=O)N(C6=O)N(CC7=CC=CC=C7)CC8=CC=CC=C8)C3=O,PDI core not found
CCN(C1=CC=C(S1)C)N2C(=O)C3=C4C(=CC=C5C4=C(C=C3)C(=O)N(C5=O)N(CC)C6=CC=C(S6)C)C2=O,PDI core not found
CCCCCCN(C(C)CCOC)N1C(=O)C2=C3C(=CC=C4C3=C(C=C2)C(=O)N(C4=O)N(CCCCCC)C(C)CCOCC)C1=O,PDI core not found
CCCCN(C(CC)CC)N1C(=O)C2=C3C(=CC=C4C3=C(C=C2)C(=O)N(C4=O)N(CCCC)C(CC)CC)C1=O,PDI core not found
CCCCCC(C)N(CCC1=CC=CC=C1)N2C(=O)C3=C4C(=CC=C5C4=C(C=C3)C(=O)N(C5=O)N(CC6=CC=CC=C6)C7=CC=CC(=C7)C)C2=O,PDI core not found
CC1=CC2=C(C=C1)N(C3=CC=CC=C32)N4C(=O)C5=C6C(=CC=C7C6=C(C=C5)C(=O)N(C7=O)N8C9=C(C=C(C=C9)C)C1=CC=CC=C18)C4=O,PDI core not found
C1=CC=C(C=C1)N(CC2=CC3=CC=CC=C3C=C2)N4C(=O)C5=C6C(=CC=C7C6=C(C=C5)C(=O)N(C7=O)N(CC8=CC9=CC=CC=C9C=C8)C1=CC=CC=C1)C4=O,PDI core not found
C1=CC=C(C=C1)N(C2=CC=CC=C2)N3C(=O)C4=C5C(=CC=C6C5=C(C=C4)C(=O)N(C6=O)N(C7=CC=CC=C7)C8=CC=CC=C8)C3=O,PDI core not found
C1=CC=C(C=C1)N(C2=CC=CC=C2)N3C(=O)C4=C5C(=CC=C6C5=C(C=C4)C(=O)N(C6=O)N(C7=CC=NC=C7)C8=CC=NC=C8)C3=O,PDI core not found
CCCCCCN(C(C)CCOCC)N1C(=O)C2=C(C(=C3C4=C2C(=C(C(=C4C(=O)N(C3=O)N(CCCCCC)C(C)CCOCC)C)OC)C1=O)OC)C,PDI core not found
CCCCN(CCCC)N1C(=O)C2=C3C(=CC=C4C3=C(C=C2)C(=O)N(C4=O)N(CCCC)CCCC)C1=O,PDI core not found
CCCC(C)CCN(C1=CC=CC=C1)N2C(=O)C3=C4C(=CC=C5C4=C(C=C3)C(=O)N(C5=O)N(CCC(C)CCC)C6=CC=CC=C6)C2=O,PDI core not found
CCCCC(C)N(CC1=CC=CC=C1)N2C(=O)C3=C4C(=CC=C5C4=C(C=C3)C(=O)N(C5=O)N(CC)CC6=CC=CC=C6)C2=O,PDI core not found
CCOC1=CC=C(C=C1)CN(C2CCCCC2)N3C(=O)C4=C5C(=CC=C6C5=C(C=C4)C(=O)N(C6=O)N(CC7=CC=C(C=C7)OCC)C8CCCCC8)C3=O,PDI core not found
CCN(CC)N1C(=O)C2=C3C(=CC=C4C3=C(C=C2)C(=O)N(C4=O)N(CC)CC)C1=O,PDI core not found
CCN(C1=CC=CC=C1)N2C(=O)C3=C4C(=CC=C5C4=C(C=C3)C(=O)N(C5=O)CC(C)C)C2=O,PDI core not found
CC(C)CCN(C1=CC=CC2=CC=CC=C21)N3C(=O)C4=C5C(=CC=C6C5=C(C=C4)C(=O)N(C6=O)N(CCC(C)C)C7=CC=CC8=CC=CC=C87)C3=O,PDI core not found
CCN(CC1=CC=CC=C1)N2C(=O)C3=C4C(=CC=C5C4=C(C=C3)C(=O)N(C5=O)N(CC)CC6=CC=CC=C6)C2=O,PDI core not found
CC(C)C(C)N(C(C)C(C)C)N1C(=O)C2=C3C(=CC=C4C3=C(C=C2)C(=O)N(C4=O)N(C(C)C(C)C)C(C)C(C)C)C1=O,PDI core not found
CCN(C)CCN(CCN(CC)CC)N1C(=O)C2=C3C(=CC=C4C3=C(C=C2)C(=O)N(C4=O)N(CCN(C)CC)CCN(CC)CC)C1=O,PDI core not found
C1CC2=CC=CC=C2N(C1)N3C(=O)C4=C5C(=CC=C6C5=C(C=C4)C(=O)N(C6=O)N7CCCC8=CC=CC=C87)C3=O,PDI core not found
CCCCCC(C)N(C(C)CCCCC)N1C(=O)C2=C3C(=CC=C4C3=C(C=C2)C(=O)N(C4=O)N(CC5=CC=CC=C5)C6=CC=CC=C6)C1=O,PDI core not found
CCN1CCN(C2=CC=CC=C21)N3C(=O)C4=CC(=C5C6=C(C=C(C(=C46)C3=O)C)C(=O)N(C5=O)N7CCN(C8=CC=CC=C87)CC)C,PDI core not found
C1=CC=C(C=C1)CN(CCN(CCN(CC2=CC=CC=C2)C3=CC=CC=C3)N4C(=O)C5=C6C(=CC=C7C6=C(C=C5)C(=O)N(C7=O)N(CCN(CC8=CC=CC=C8)C9=CC=CC=C9)CCN(CC1=CC=CC=C1)C1=CC=CC=C1)C4=O)C1=CC=CC=C1,PDI core not found
CCCCCC(C)N(C(C)CCCC)N1C(=O)C2=C3C(=CC=C4C3=C(C=C2)C(=O)N(C4=O)N(C(C)CCCC)C(C)CCCCC)C1=O,PDI core not found
CC1=CC2=C3C4=C1C(=O)N(C(=O)C4=CC(=C3C(=O)N(C2=O)C)C#N)C,PDI core not found
C1=CC2=C3C(=CC=C4C3=C1C(=O)N(C4=O)CCCN5C=CN=C5)C(=O)N(C2=O)CCCN6C=C[N+](=C6)C[N+]7=CN(C=C7)CCCN8C(=O)C9=C1C(=CC=C2C1=C(C=C9)C(=O)N(C2=O)CCCN1C=CN=C1)C8=O,PDI core not found
C1=CC2=C3C(=CC=C4C3=C1C(=O)N(C4=O)CCCN5C=CN=C5)C(=O)N(C2=O)CCCN6C=C[N+](=C6)C[N+]7=CN(C=C7)CCCN8C(=O)C9=C1C(=CC=C2C1=C(C=C9)C(=O)N(C2=O)CCCN1C=C[N+](=C1)C[N+]1=CN(C=C1)CCCN1C(=O)C2=C3C(=CC=C4C3=C(C=C2)C(=O)N(C4=O)CCCN2C=CN=C2)C1=O)C8=O,PDI core not found
C=C1C2=C3C(=CC=C4C3=C(C=C2)C(=O)N(C4=O)CCCN5C=CC(=C5)CC6=CN(C=C6)CCCN7C(=O)C8=C9C(=CC=C2C9=C(C=C8)C(=O)N(C2=O)CCCN2C=CN=C2)C7=O)C(=O)N1CCCN1C=CN=C1,PDI core not found
C1=CN(C=C1)CCCN2C(=O)C3=C4C(=CC=C5C4=C(C=C3)C(=O)N(C5=O)CCCN6C=C[N+](=C6)C[N+]7=CN(C=C7)CCCN8C(=O)C9=C1C(=CC=C3C1=C(C=C9)C(=O)N(C3=O)CCCN1C=C[N+](=C1)C[N+]1=CN(C=C1)CCCN1C(=O)C3=C4C(=CC=C5C4=C(C=C3)C(=O)N(C5=O)CCCN3C=CN=C3)C1=O)C8=O)C2=O,PDI core not found
CC1=CC=CC=C1CN2C(=O)C3=C4C(=CC=C5C4=C(C=C3)C(=O)N(C5=O)CC6=CC=CC=C6C)C2=O,PDI core not found
CC1=CC=C(C=C1)CCN2C(=O)C3=C4C(=CC=C5C4=C(C=C3)C(=O)N(C5=O)CCC6=CC=C(C=C6)C)C2=O,PDI core not found
COC1=CC=CC(=C1)CCN2C(=O)C3=C4C(=CC=C5C4=C(C=C3)C(=O)N(C5=O)CCC6=CC(=CC=C6)OC)C2=O,PDI core not found
CC1=CC(=CC=C1)C(C)CN2C(=O)C3=C4C(=CC=C5C4=C(C=C3)C(=O)N(C5=O)CC(C)C6=CC=CC(=C6)C)C2=O,PDI core not found
CC1=CC(=CC=C1)CCN2C(=O)C3=C4C(=CC=C5C4=C(C=C3)C(=O)N(C5=O)CCC6=CC=CC=C6)C2=O,PDI core not found
CC1=C(C=C(C=C1)CCN2C(=O)C3=C4C(=CC=C5C4=C(C=C3)C(=O)N(C5=O)CCC6=CC(=C(C=C6)C)C)C2=O)C,PDI core not found
CC1=CC(=CC=C1)CN2C(=O)C3=C4C(=CC=C5C4=C(C=C3)C(=O)N(C5=O)CC6=CC=CC(=C6)C)C2=O,PDI core not found
CC1=CC(=CC=C1)CCN2C(=O)C3=C4C(=CC=C5C4=C(C=C3)C(=O)N(C5=O)CCC6=CC=CC(=C6)C)C2=O,PDI core not found
CC(CN1C(=O)C2=C3C(=CC=C4C3=C(C=C2)C(=O)N(C4=O)CC(C)C5=CC=CC=C5)C1=O)C6=CC=CC=C6,PDI core not found
CC1=CC=CC=C1CCN2C(=O)C3=C4C(=CC=C5C4=C(C=C3)C(=O)N(C5=O)CCC6=CC=CC=C6C)C2=O,PDI core not found
CCC1=CC(=CC=C1)CCN2C(=O)C3=C4C(=CC=C5C4=C(C=C3)C(=O)N(C5=O)CCC6=CC=CC(=C6)CC)C2=O,PDI core not found
CCC1=CC=C(C=C1)CCN2C(=O)C3=C4C(=CC=C5C4=C(C=C3)C(=O)N(C5=O)CCC6=CC=C(C=C6)CC)C2=O,PDI core not found
CCCCCCCCCCC(CCCCCCCC)CN1C(=O)C2=CC(=C3C4=C(C=C(C(=C24)C1=O)C)C(=O)N(C3=O)CC(CCCCCCCC)CCCCCCCCCC)C5=CC=C(S5)C6=CC=C(S6)C,PDI core not found
CN(CCCNC(=O)CCCCCC1CCC2C1NC(=O)N2)CCCN3C(=O)C4=C5C(=CC=C6C5=C(C=C4)C(=O)N(C6=O)CCCN(C)CCCNC(=O)CCCCCC7CCC8C7NC(=O)N8)C3=O,PDI core not found
COC1=CC(=C(C=C1)N2C(=O)C3=CC(=C4C5=C3C(=C(C=C5C(=O)N(C4=O)C6=C(C=C(C=C6)OC)OC)OC)C2=O)OC)OC,PDI core not found
C[N+](C)(CCCCCC(=O)NC1=C2C=CC=NC2=C3C(=C1)C=CC=N3)CCCN4C(=O)C5=C6C(=CC=C7C6=C(C=C5)C(=O)N(C7=O)CCC[N+](C)(C)CCCCCC(=O)NC8=C9C=CC=NC9=C1C(=C8)C=CC=N1)C4=O,PDI core not found
CC(=C)C(=O)OCCCN1C(=O)C2=C3C(=CC=C4C3=C(C=C2)C(=O)N(C4=O)C)C1=O,PDI core not found
CC1=C2C=CC=CC2=C(C3=CC=CC=C13)N4C(=O)C5=C6C(=CC=C7C6=C(C=C5)C(=O)N(C7=O)C8=C9C=CC=CC9=C(C1=CC=CC=C18)C)C4=O,PDI core not found
CC1=CC(=CC=C1)N2C(=O)C3=C4C(=CC=C5C4=C(C=C3)C(=O)N(C5=O)C6=CC=CC=C6)C2=O,PDI core not found
C1=CC=C2C(=C1)C=C3C=CC=CC3=C2N4C(=O)C5=C6C(=CC=C7C6=C(C=C5)C(=O)N(C7=O)C8=C9C=CC=CC9=CC1=CC=CC=C18)C4=O,PDI core not found
CC1=CC2=C(C=C1)C=C3C=C(C=CC3=C2)N4C(=O)C5=C6C(=CC=C7C6=C(C=C5)C(=O)N(C7=O)C8=CC9=CC1=C(C=C(C=C1)C)C=C9C=C8)C4=O,PDI core not found
CC1=CC=C(C=C1)N2C(=O)C3=C4C(=CC=C5C4=C(C=C3)C(=O)N(C5=O)C6=CC=CC(=C6)C)C2=O,PDI core not found
CC1=CC2=C(C=C1)C(=CC=C2)N3C(=O)C4=C5C(=CC=C6C5=C(C=C4)C(=O)N(C6=O)C7=CC=CC8=C7C=CC(=C8)C)C3=O,PDI core not found
CC1=CC(=CC=C1)N2C(=O)C3=C4C(=CC=C5C4=C(C=C3)C(=O)N(C5=O)C6=CC=CC=C6C)C2=O,PDI core not found
CCCCC1=CC=C(C=C1)N2C(=O)C3=C4C(=CC=C5C4=C(C=C3)C(=O)N(C5=O)C6=CC=C(C=C6)CCCC)C2=O,PDI core not found
CC1=C2C=CC(=CC2=CC=C1)N3C(=O)C4=C5C(=CC=C6C5=C(C=C4)C(=O)N(C6=O)C7=CC8=CC=CC(=C8C=C7)C)C3=O,PDI core not found
CC1=CC2=CC=CC=C2C(=C1)N3C(=O)C4=C5C(=CC=C6C5=C(C=C4)C(=O)N(C6=O)C7=CC(=CC8=CC=CC=C87)C)C3=O,PDI core not found
CCCC1=CC(=CC=C1)N2C(=O)C3=C4C(=CC=C5C4=C(C=C3)C(=O)N(C5=O)C6=CC=CC(=C6)CCC)C2=O,PDI core not found
CCC1=CC(=CC=C1)N2C(=O)C3=C4C(=CC=C5C4=C(C=C3)C(=O)N(C5=O)C6=CC=CC(=C6)CC)C2=O,PDI core not found
C1=CC=C(C=C1)N(C2=CC=CC=C2)C3=CC=C(C=C3)CN4C(=O)C5=C6C(=CC=C7C6=C(C=C5)C(=O)N(C7=O)CC8=CC=C(C=C8)N(C9=CC=CC=C9)C1=CC=CC=C1)C4=O,PDI core not found
CCCCCCCCCCCCOC1=CC(=CC(=C1OCCCCCCCCCCCC)OCCCCCCCCCCCC)N2C(=O)C3=C(C(=C4C5=C3C(=C(C(=C5C(=O)N(C4=O)C6=CC(=C(C(=C6)OCCCCCCCCCCCC)OCCCCCCCCCCCC)OCCCCCCCCCCCC)C7=CC=C(S7)C8=CC=C(S8)C9=CC=C(S9)C1=CC=CS1)C1=CC=C(S1)C1=CC=C(S1)C1=CC=C(S1)C1=CC=CS1)C2=O)C1=CC=C(S1)C1=CC=C(S1)C1=CC=C(S1)C1=CC=CS1)C1=CC=C(S1)C1=CC=C(S1)C1=CC=C(S1)C1=CC=CS1,PDI core not found
CCCCCCC1=CC=C(S1)C2=CC=C(S2)C3=C4C5=C6C(=C3C7=CC=C(S7)C8=CC=C(S8)CCCCCC)C(=O)N(C(=O)C6=C(C(=C5C(=O)N(C4=O)C(CCCCCC)CCCCCC)C9=CC=C(S9)C1=CC=C(S1)CCCCCC)C1=CC=C(S1)C1=CC=C(S1)CCCCCC)C(CCCCCC)CCCCCC,PDI core not found
CC1=CC(=CC(=C1)N2C(=O)C3=C4C(=CC=C5C4=C(C=C3)C(=O)N(C5=O)C6=CC(=CC(=C6)C(=O)O)N7C(=O)C8=C9C(=CC=C1C9=C(C=C8)C(=O)N(C1=O)C1=CC(=CC(=C1)C(=O)O)N1C(=O)C3=C4C(=CC=C5C4=C(C=C3)C(=O)N(C5=O)C3=CC(=CC(=C3)N3C(=O)C4=C5C(=CC=C6C5=C(C=C4)C(=O)N(C6=O)C4=CC(=CC(=C4)N4C(=O)C5=C6C(=CC=C8C6=C(C=C5)C(=O)N(C8=O)C5=CC(=CC(=C5)N5C(=O)C6=C8C(=CC=C9C8=C(C=C6)C(=O)N(C9=O)C6=CC=C(C=C6)OC6=C(C=C(C=C6)N6C(=O)C8=C9C(=CC=C%10C9=C(C=C8)C(=O)N(C%10=O)C)C6=O)S(=O)(=O)O)C5=O)C(=O)O)C4=O)C(=O)O)C3=O)C(=O)O)C1=O)C7=O)C2=O)C(=O)O,PDI core not found
CN1C(=O)C2=C3C(=CC(=C4C3=C(C=C2)C(=O)N(C4=O)C)[N+]#[C-])C1=O,PDI core not found
CN1C(=O)C2=CC(=C3C4=C(C(=CC(=C24)C1=O)C#N)C(=O)N(C3=O)C)[N+]#[C-],PDI core not found
CN1C(=O)C2=CC(=C3C4=C(C=C(C(=C24)C1=O)C#N)C(=O)N(C3=O)C)[N+]#[C-],PDI core not found
CN1C(=O)C2=C3C4=C(C(=C2C#N)C#N)C(=O)N(C(=O)C4=C(C(=C3C1=O)[N+]#[C-])[N+]#[C-])C,PDI core not found
CN1C(=O)C2=C3C4=C(C(=C2)C#N)C(=O)N(C(=O)C4=C(C(=C3C1=O)[N+]#[C-])[N+]#[C-])C,PDI core not found
CCCCCCC1=CC2=C(C=C1)N(C3=C2C=C(C=C3)CCCCCC)CCN4C(=O)C5=C6C(=CC=C7C6=C(C=C5)C(=O)N(C7=O)CCN8C9=C(C=C(C=C9)CCCCCC)C1=C8C=CC(=C1)CCCCCC)C4=O,PDI core not found
CCCCCCC1=CC=C(C=C1)N(C2=CC=C(C=C2)CCCCCC)C3=CC=C(C=C3)CCCN4C(=O)C5=C6C(=CC=C7C6=C(C=C5)C(=O)N(C7=O)CCCC8=CC=C(C=C8)N(C9=CC=C(C=C9)CCCCCC)C1=CC=C(C=C1)CCCCCC)C4=O,PDI core not found
CCCCCCC1=CC2=C(C=C1)N(C3=C2C=C(C=C3)CCCCCC)CCCN4C(=O)C5=C6C(=CC=C7C6=C(C=C5)C(=O)N(C7=O)CCCN8C9=C(C=C(C=C9)CCCCCC)C1=C8C=CC(=C1)CCCCCC)C4=O,PDI core not found
CCCCCCCCN1C(=O)C2=C3C(=CC(=C4C3=C(C=C2)C(=O)N(C4=O)CCCCCCCC)CCC5=CC=CC=C5)C1=O,PDI core not found
CCCCCCCCN1C(=O)C2=CC(=C3C4=C(C(=CC(=C24)C1=O)CCC5=CC=CC=C5)C(=O)N(C3=O)CCCCCCCC)CCC6=CC=CC=C6,PDI core not found
CCC1=CC=CC(=C1N2C(=O)C3=C4C(=CC=C5C4=C(C=C3)C(=O)N(C5=O)C(CC)CO)C2=O)C,PDI core not found
CCCCCC(C)N1C(=O)C2=C3C(=CC=C4C3=C(C=C2)C(=O)C(C4=O)N5C(=O)C6=C7C(=CC=C8C7=C(C=C6)C(=O)N(C8=O)C(C)CCCCC)C5=O)C1=O,PDI core not found
CON1C(=O)C2=C3C(=CC=C4C3=C(C=C2)C(=O)N(C4=O)OC)C1=O,PDI core not found
CC(C)N1C(=O)C2=C3C(=CC=C4C3=C(C=C2)C(=O)NC4=O)C1=O,PDI core not found
C1CCCCN2C(=O)C3=C4C(=CC=C5C4=C(C=C3)C(=O)N(C5=O)CCCCCCCCCN6C(=O)C7=C(C6=O)C=C8C(=C7)C(=O)N(C8=O)CCCC1)C2=O,PDI core not found
C1CCCCCN2C(=O)C3=C4C(=CC=C5C4=C(C=C3)C(=O)N(C5=O)CCCCCCCCCCCN6C(=O)C7=C8C(=CC=C9C8=C(C=C7)C(=O)N(C9=O)CCCCC1)C6=O)C2=O,PDI core not found
CC1=C(C=C(C=C1)C(=O)O)N2C(=O)C3=C4C(=CC=C5C4=C(C=C3)C(=O)N(C5=O)C6=C(C=CC(=C6)OC=O)C)C2=O,PDI core not found
CC1=C(C=CC(=C1)[N+](=O)[O-])N2C(=O)C3=C4C(=CC=C5C4=C(C=C3)C(=O)N(C5=O)C6=C(C=C(C=C6)[N+](=O)[O-])C)C2=O,PDI core not found
CCCC(C(=O)O)N1C(=O)C2=C3C(=CC=C4C3=C(C=C2)C(=O)N(C4=O)C5=CC=CC=C5CC)C1=O,PDI core not found
[C-]#[N+]C1=CC=C(C=C1)N2C(=O)C3=C4C(=CC=C5C4=C(C=C3)C(=O)N(C5=O)C6=CC=C(C=C6)C#N)C2=O,PDI core not found
CCC1=C(C(=CC=C1)CC)N2C(=O)C3=C4C(=CC=C5C4=C(C=C3)C(=O)N(C5=O)C6=CC=CC=C6CO)C2=O,PDI core not found
C1=CC(=CC=C1C(=O)O)N2C(=O)C3=C4C(=CC=C5C4=C(C=C3)C(=O)N(C5=O)C6=CC=C(C=C6)OC=O)C2=O,PDI core not found
CCCCCCCCC1CCC(CC1)N2C(=O)C3=C4C(=CC=C5C4=C(C=C3)C(=O)N(C5=O)C6CCC(CC6)C)C2=O,PDI core not found
CCCCCC1CCC(CC1)N2C(=O)C3=C4C(=CC=C5C4=C(C=C3)C(=O)N(C5=O)C6CCC(CC6)C)C2=O,PDI core not found
CCCCCC1CCC(CC1)N2C(=O)C3=C4C(=CC=C5C4=C(C=C3)C(=O)N(C5=O)C6CCCCC6)C2=O,PDI core not found
CCCCCC(C)N1C(=O)C2=C3C(=CC=C4C3=C(C=C2)C(=O)N(C4=O)N5C(=O)C6=C7C(=CC=C8C7=C(C=C6)C(=O)N(C8=O)C(C)CCCCC#C)C5=O)C1=O,PDI core not found
CCCCCC1CCC(CC1)N2C(=O)C3=C4C(=CC=C5C4=C(C=C3)C(=O)N(C5=O)C6CCC(CC6)CCCC)C2=O,PDI core not found
CCCCCC(C)N1C(=O)C2=C3C(=CC=C4C3=C(C=C2)C(=O)N(C4=O)N5C(=C6C=C(C(=CC6=C5C7=CC=CC=C7)C)C)C8=CC=CC=C8)C1=O,PDI core not found
CC1=CC=C(C=C1)C2(C3=CC=CC=C3C4=CC=CC=C42)C5=CC=C(C=C5)N6C(=O)C7=C8C(=CC=C9C8=C(C=C7)C(=O)N(C9=O)C1=CC=C(C=C1)C1=C(C=C(C=C1)N1C(=O)C2=C3C(=CC=C4C3=C(C=C2)C(=O)N(C4=O)C)C1=O)S(=O)(=O)O)C6=O,PDI core not found
CC1=CC=C(C=C1)C2(C3=CC=CC=C3C4=CC=CC=C42)C5=CC=C(C=C5)C6CC7=C8C(=CC=C9C8=C(CC(C9)C1=CC=C(C=C1)C1=C(C=C(C=C1)N1C(=O)C2=C3C(=CC=C4C3=C(C=C2)C(=O)N(C4=O)C)C1=O)S(=O)(=O)O)C=C7)C6,PDI core not found
CCCCCCCCCCC(CCCCCCCC)CN1C(=O)C2=CC(=C3C4=C(C=C(C(=C24)C1=O)C)C(=O)N(C3=O)CC(CCCCCCCC)CCCCCCCCCC)C5=CC=C(S5)C(=C(C6=CC=C(S6)C)OCC)C,PDI core not found
CCOC(=C(C)C1=CC=C(S1)C2=C3C4=C(C=C(C5=C4C(=C2)C(=O)N(C5=O)CCOCCOCCOC)C)C(=O)N(C3=O)CCOCCOCCOC)C6=CC=C(S6)C,PDI core not found
CC1=CC2=C3C(=C(C=C4C3=C1C(=O)N(C4=O)C)C)C(=O)N(C2=O)C,PDI core not found
CC1=CC2=C3C(=C(C=C4C3=C1C(=O)N(C4=O)C5=CC=CC=C5)C)C(=O)N(C2=O)C6=CC=CC=C6,PDI core not found
CN1C(=O)C2=CC(=C3C4=C(C=C(C(=C24)C1=O)C5=CC=CC=C5)C(=O)N(C3=O)C)C6=CC=CC=C6,PDI core not found
CC1=CC=C(C=C1)N2C(=O)C3=CC(=C4C5=C(C=C(C(=C35)C2=O)C)C(=O)N(C4=O)C6=CC=C(C=C6)C)C,PDI core not found
CC1=CC=C(C=C1)C2=CC3=C4C5=C2C(=O)N(C(=O)C5=CC(=C4C(=O)N(C3=O)C)C6=CC=C(C=C6)C)C,PDI core not found
CN1C(=O)C2=CC(=C3C4=C(C=C(C(=C24)C1=O)C5=CC(=CC=C5)[N+](=O)[O-])C(=O)N(C3=O)C)C6=CC(=CC=C6)[N+](=O)[O-],PDI core not found
CC1=CC2=C3C(=C(C=C4C3=C1C(=O)N(C4=O)C5CCCCC5)C)C(=O)N(C2=O)C6CCCCC6,PDI core not found
CN1C(=O)C2=C3C(=CC(=C4C3=C(C=C2)C(=O)N(C4=O)C)C5=CC=C(C=C5)C#N)C1=O,PDI core not found
C1=CC=C(C=C1)N2C(=O)C3=C4C(=CC=C5C4=C(C=C3)C(=O)N(C5=O)C6=CC=C(C=C6)C(=O)NC7=CC(=CC=C7)NC(=O)C8=CC(=CC=C8)C(=O)NC9=CC=CC(=C9)NC(=O)C1=CC=C(C=C1)N1C(=O)C3=C4C(=CC=C5C4=C(C=C3)C(=O)N(C5=O)C3=CC=CC=C3)C1=O)C2=O,PDI core not found
C1=CC=C(C=C1)N2C(=O)C3=C4C(=CC=C5C4=C(C=C3)C(=O)N(C5=O)C6=CC=C(C=C6)C(=O)NC7=CC(=CC=C7)NC(=O)C8=CC(=CC=C8)C(=O)NC9=CC=CC(=C9)NC(=O)C1=CC=C(C=C1)N1C(=O)C3=C4C(=CC=C5C4=C(C=C3)C(=O)N(C5=O)C3=CC=NC=C3)C1=O)C2=O,PDI core not found
C1=CC(=CC(=C1)N2C(=O)C3=C4C(=CC=C5C4=C(C=C3)C(=O)N(C5=O)C6=CC=NC=C6)C2=O)NC(=O)C7=NC(=CC=C7)C(=O)NC8=CC(=CC=C8)N9C(=O)C1=C2C(=CC=C3C2=C(C=C1)C(=O)N(C3=O)C1=CC=NC=C1)C9=O,PDI core not found
C1=CC=C(C=C1)N2C(=O)C3=C4C(=CC=C5C4=C(C=C3)C(=O)N(C5=O)C6=CC=CC(=C6)NC(=O)C7=NC(=CC=C7)C(=O)NC8=CC(=CC=C8)N9C(=O)C1=C3C(=CC=C4C3=C(C=C1)C(=O)N(C4=O)C1=CC=CC=C1)C9=O)C2=O,PDI core not found
CC1=C(C(=CC=C1)C)N2C(=O)C3=C4C(=CC=C5C4=C(C=C3)C(=O)N(C5=O)C6=CC=C(C=C6)C(=O)NC7=CC(=CC=C7)NC(=O)C8=CC(=CC=C8)C(=O)NC9=CC=CC(=C9)NC(=O)C1=CC=C(C=C1)N1C(=O)C3=C4C(=CC=C5C4=C(C=C3)C(=O)N(C5=O)C3=C(C=CC=C3C)C)C1=O)C2=O,PDI core not found
CC1=C(C(=CC=C1)C)N2C(=O)C3=C4C(=CC=C5C4=C(C=C3)C(=O)N(C5=O)C6=CC=CC(=C6)NC(=O)C7=NC(=CC=C7)C(=O)NC8=CC(=CC=C8)N9C(=O)C1=C3C(=CC=C4C3=C(C=C1)C(=O)N(C4=O)C1=C(C=CC=C1C)C)C9=O)C2=O,PDI core not found
C1=CC(=CC(=C1)C(=O)NC2=CC=CC(=C2)NC(=O)C3=CC=C(C=C3)N4C(=O)C5=C6C(=CC=C7C6=C(C=C5)C(=O)N(C7=O)C8=CC=NC=C8)C4=O)C(=O)NC9=CC=CC(=C9)NC(=O)C1=CC=C(C=C1)N1C(=O)C2=C3C(=CC=C4C3=C(C=C2)C(=O)N(C4=O)C2=CC=NC=C2)C1=O,PDI core not found
CCCC(C)N1C(=O)C2=C3C(=CC=C4C3=C(C=C2)C(=O)N(C4=O)C(C)C(C)C)C1=O,PDI core not found
CC1=CC(=C(C=C1N2C(=O)C3=C4C(=CC=C5C4=C(C=C3)C(=O)N(C5=O)C6=CC(=C(C=C6C)[N+](=O)[O-])OC)C2=O)OC)[N+](=O)[O-],PDI core not found
CC1=C(C=C(C=C1)OC)N2C(=O)C3=C4C(=CC=C5C4=C(C=C3)C(=O)N(C5=O)C6=CC=CC=C6)C2=O,PDI core not found
CC1CCC(C(C1)OC(=O)C2=CC=CC=C2N3C(=O)C4=C5C(=CC=C6C5=C(C=C4)C(=O)N(C6=O)C7=CC=CC=C7C(=O)OC8CC(CCC8C(C)C)C)C3=O)C(C)C,PDI core not found
CC1=C(C=C(C=C1)C(C)C)N2C(=O)C3=C4C(=CC=C5C4=C(C=C3)C(=O)N(C5=O)C6=CC=CC=C6)C2=O,PDI core not found
C1=CC=C(C=C1)N2C(=O)C3=C4C(=CC=C5C4=C(C=C3)C(=O)N(C5=O)C6=CC=CC=N6)C2=O,PDI core not found
CCC1=C(N=C(C=C1)C)N2C(=O)C3=C4C(=CC=C5C4=C(C=C3)C(=O)N(C5=O)C6=CC=C(C=C6)C)C2=O,PDI core not found
CC1=C(N=C(C=C1)C)N2C(=O)C3=C4C(=CC=C5C4=C(C=C3)C(=O)N(C5=O)C6=CC=CC=C6)C2=O,PDI core not found
CCC1=C(N=C(C=C1)C)N2C(=O)C3=C4C(=CC=C5C4=C(C=C3)C(=O)N(C5=O)C6=CC=C(C=C6)C(C)CC)C2=O,PDI core not found
CCC1=C(N=C(C=C1)C)N2C(=O)C3=C4C(=CC=C5C4=C(C=C3)C(=O)N(C5=O)C6=CC=CC=C6)C2=O,PDI core not found
CCC1=CC=CC(=C1N2C(=O)C3=C4C(=CC=C5C4=C(C=C3)C(=O)N(C5=O)C6=CC(=CC=C6)OC(=O)C=C)C2=O)C,PDI core not found
CCC1=CC=CC(=C1N2C(=O)C3=C4C(=CC=C5C4=C(C=C3)C(=O)N(C5=O)CCOCC6CO6)C2=O)C,PDI core not found
CC(C1=CC=CC=C1)N2C(=O)C3=C4C(=CC=C5C4=C(C=C3)C(=O)N(C5=O)CCOCC6CO6)C2=O,PDI core not found
CCC1=CC=CC(=C1N2C(=O)C3=C4C(=CC=C5C4=C(C=C3)C(=O)N(C5=O)C6=CC=C(C=C6)OCC7CO7)C2=O)C,PDI core not found
CCC1=CC=CC(=C1N2C(=O)C3=C4C(=CC=C5C4=C(C=C3)C(=O)N(C5=O)CCCCOCC6CO6)C2=O)C,PDI core not found
CC1=CC2=C(C=C1C)SC(=N2)N3C(=O)C4=C5C(=CC=C6C5=C(C=C4)C(=O)N(C6=O)C7=CC=C(C=C7)N8C(=O)C9=C1C(=CC=C2C1=C(C=C9)C(=O)N(C2=O)C1=NC2=C(S1)C=C(C(=C2)C)C)C8=O)C3=O,PDI core not found
CC1=CC=C(C=C1)S(=O)(=O)C2=CC=C(C=C2)N3C(=O)C4=C5C(=CC=C6C5=C(C=C4)C(=O)N(C6=O)C)C3=O,PDI core not found
CCN1C2=C(C=C(C=C2)N3C(=O)C4=C5C(=CC=C6C5=C(C=C4)C(=O)N(C6=O)C7=CC=C(C=C7)C(C)(C)C)C3=O)C8=C1C=CC(=C8)N9C(=O)C1=C2C(=CC=C3C2=C(C=C1)C(=O)N(C3=O)C1=CC=C(C=C1)C(C)(C)C)C9=O,PDI core not found
C1=CC=C2C(=C1)N=C(S2)N3C(=O)C4=C5C(=CC=C6C5=C(C=C4)C(=O)N(C6=O)C7=CC=C(C=C7)N8C(=O)C9=C1C(=CC=C2C1=C(C=C9)C(=O)N(C2=O)C1=NC2=CC=CC=C2S1)C8=O)C3=O,PDI core not found
COC1=C2C(=CC=C1)SC(=N2)N3C(=O)C4=C5C(=CC=C6C5=C(C=C4)C(=O)N(C6=O)C7=CC=C(C=C7)N8C(=O)C9=C1C(=CC=C2C1=C(C=C9)C(=O)N(C2=O)C1=NC2=C(C=CC=C2S1)OC)C8=O)C3=O,PDI core not found
C1=CC=C2C(=C1)N=C(S2)N3C(=O)C4=C5C(=CC=C6C5=C(C=C4)C(=O)N(C6=O)C7=CC=C(C=C7)S(=O)(=O)C8=CC=C(C=C8)N9C(=O)C1=C2C(=CC=C4C2=C(C=C1)C(=O)N(C4=O)C1=NC2=CC=CC=C2S1)C9=O)C3=O,PDI core not found
CC1=C2C(=CC=C1)SC(=N2)N3C(=O)C4=C5C(=CC=C6C5=C(C=C4)C(=O)N(C6=O)C7=CC=C(C=C7)N8C(=O)C9=C1C(=CC=C2C1=C(C=C9)C(=O)N(C2=O)C1=NC2=C(C=CC=C2S1)C)C8=O)C3=O,PDI core not found
CCN1C2=C(C=C(C=C2)N3C(=O)C4=C5C(=CC=C6C5=C(C=C4)C(=O)N(C6=O)C7=CC=CC=C7)C3=O)C8=C1C=CC(=C8)N9C(=O)C1=C2C(=CC=C3C2=C(C=C1)C(=O)N(C3=O)C1=CC=CC=C1)C9=O,PDI core not found
CCC1=CC=C(C=C1)C2=CC=C(C=C2)N3C(=O)C4=C5C(=CC=C6C5=C(C=C4)C(=O)N(C6=O)C7=CC=C(C=C7)C8=CC=C(C=C8)CC)C3=O,PDI core not found
CC1=CC=C(C=C1)OC2=CC=C(C=C2)N3C(=O)C4=C5C(=CC=C6C5=C(C=C4)C(=O)N(C6=O)C)C3=O,PDI core not found
CC1=CC=C(C=C1)CCN2C(=O)C3=C4C(=CC(=C5C4=C(C=C3)C(=O)N(C5=O)CCC6=CC=C(C=C6)C)[N+](=O)[O-])C2=O,PDI core not found
COC(=O)C1=C2C3=C(C=CC4=C3C(=C1)C(=O)N(C4=O)CCC5=CC=C(C=C5)[N+](=O)[O-])C(=O)N(C2=O)CCC6=CC=C(C=C6)[N+](=O)[O-],PDI core not found
CCCC(=O)N1C(=O)C2=C3C(=CC=C4C3=C(C=C2)C(=O)N(C4=O)C(=O)CCC)C1=O,PDI core not found
CCCCCCC(CCCCC)N1C(=O)C2=C3C(=CC=C4C3=C(C=C2)C(=O)N(C4=O)C(CCCCC)CCCCCC)C1=O,PDI core not found
CCOC1=CC=C(C=C1)N2C(=O)C3=C4C(=CC=C5C4=C(C=C3)C(=O)N(C5=O)C6=CC=C(C=C6)OCC)C2=O,PDI core not found
CCCCN1C(=O)C2=C3C(=CC=C4C3=C(C=C2)C(=O)N(C4=O)C5=C(C=CC=C5CC)C)C1=O,PDI core not found
CCCCCN1C(=O)C2=C3C(=CC=C4C3=C(C=C2)C(=O)N(C4=O)C5=C(C=CC=C5CC)CC)C1=O,PDI core not found
C1=CC=C2C(=C1)C3=C4C(=C5C=CC=CC5=C6C4=C2C(=O)NC6=O)C(=O)NC3=O,PDI core not found
C1=CC=NC(=C1)C2=C3C4=C5C(=C2C6=CC=CC=N6)C(=O)NC(=O)C5=C(C(=C4C(=O)NC3=O)C7=CC=CC=N7)C8=CC=CC=N8,PDI core not found
C1=CC=C(C=C1)C2=C3C4=C5C(=C2C6=CC=CC=C6)C(=O)NC(=O)C5=C(C(=C4C(=O)NC3=O)C7=CC=CC=C7)C8=CC=CC=C8,PDI core not found
C1CCC2=C(C1)C=CC=C2N3C(=O)C4=C5C(=CC=C6C5=C(C=C4)C(=O)N(C6=O)C7=CC=CC8=C7CCCC8)C3=O,PDI core not found
CC1=C2CCCCC2=C(C=C1)N3C(=O)C4=C5C(=CC=C6C5=C(C=C4)C(=O)N(C6=O)C7=C8CCCCC8=C(C=C7)C)C3=O,PDI core not found
C1CC(C2=CC=CC=C2C1)N3C(=O)C4=C5C(=CC=C6C5=C(C=C4)C(=O)N(C6=O)C7CCCC8=CC=CC=C78)C3=O,PDI core not found
CC1=C(C2=C(CCCC2)C=C1)N3C(=O)C4=C5C(=CC=C6C5=C(C=C4)C(=O)N(C6=O)C7=C(C=CC8=C7CCCC8)C)C3=O,PDI core not found
COC1=CC2=C(CCCC2)C(=C1)N3C(=O)C4=C5C(=CC=C6C5=C(C=C4)C(=O)N(C6=O)C7=CC(=CC8=C7CCCC8)OC)C3=O,PDI core not found
CCC1=CC2=C(CCCC2)C(=C1)N3C(=O)C4=C5C(=CC=C6C5=C(C=C4)C(=O)N(C6=O)C7=CC(=CC8=C7CCCC8)CC)C3=O,PDI core not found
CC1CCC2=C(C1)C(=CC=C2)N3C(=O)C4=C5C(=CC=C6C5=C(C=C4)C(=O)N(C6=O)C7=CC=CC8=C7CC(CC8)C)C3=O,PDI core not found
CCCCCCC(C)N1C(=O)C2=C3C(=CC=C4C3=C(C=C2)C(=O)N(C4=O)N5C(=O)C6=C7C(=CC=C8C7=C(C=C6)C(=O)N(C8=O)C(C)CCCCC)C5=O)C1=O,PDI core not found
CN1C(=O)C2=C3C(=CC=C4C3=C(C=C2)C(=O)NC4=O)C1=O,PDI core not found
CC(C)C1C(=O)C2=C3C(=CC=C4C3=C(C=C2)C(=O)N(C4=O)N5C(=O)C6=C7C(=CC=C8C7=C(C=C6)C(=O)N(C8=O)C(C)C)C5=O)C1=O,PDI core not found
CC1=CC=C(C=C1)C2=NC3=C(N2)C=CC(=C3)N4C(=O)C5=C6C(=CC=C7C6=C(C=C5)C(=O)N(C7=O)C8=CC(=C(C=C8)C9=C(C=C(C=C9)N1C(=O)C2=C3C(=CC=C5C3=C(C=C2)C(=O)N(C5=O)C)C1=O)S(=O)(=O)O)SOOO)C4=O,PDI core not found
CC1=CC=C(C=C1)C2=NC3=C(N2)C=C(C=C3)N4C(=O)C5=C6C(=CC=C7C6=C(C=C5)C(=O)N(C7=O)C)C4=O,PDI core not found
CC1=CC(=C(C=C1)C2=C(C=C(C=C2)N3C(=O)C4=C5C(=CC=C6C5=C(C=C4)C(=O)N(C6=O)C)C3=O)S(=O)(=O)O)SOOO,PDI core not found
CC1CCCCC(C1)N2C(=O)C3=C4C(=CC=C5C4=C(C=C3)C(=O)N(C5=O)C6CCCCC(C6)C)C2=O,PDI core not found
CC1CCCC(C1)N2C(=O)C3=C4C(=CC=C5C4=C(C=C3)C(=O)N(C5=O)C6CCCC(C6)C)C2=O,PDI core not found
C1CC2CCCC(C2C1)N3C(=O)C4=C5C(=CC=C6C5=C(C=C4)C(=O)N(C6=O)C7CCCC8C7CCC8)C3=O,PDI core not found
C1CCC2C(C1)CCCC2N3C(=O)C4=C5C(=CC=C6C5=C(C=C4)C(=O)N(C6=O)C7CCCC8C7CCCC8)C3=O,PDI core not found
C1CN(CCN1CCCN)CCCN2C(=O)C3=C4C(=CC=C5C4=C(C=C3)C(=O)N(C5=O)CCCN6CCN(CC6)CCCN)C2=O,PDI core not found
C1CN(CCN1CCC[NH3+])CCCN2C(=O)C3=C4C(=CC=C5C4=C(C=C3)C(=O)N(C5=O)CCCN6CCN(CC6)CCC[NH3+])C2=O,PDI core not found
[C-]#[N+]C1=C(C=C(C=C1)N2C(=O)C3=C4C(=CC=C5C4=C(C=C3)C(=O)N(C5=O)C6=CC(=C(C=C6)C#N)C#N)C2=O)[N+]#[C-],PDI core not found
CCC(C)(C)OC1=C2C3=C4C(=C1)C(=O)N(C(=O)C4=C(C=C3C(=O)N(C2=O)C5=C(C=C(C=C5)C6CCCC6)C7CCCC7)OC(C)(C)CC)C8=C(C=C(C=C8)C9CCCC9)C1CCCC1,PDI core not found
CC1=CC(=CC(=C1N2C(=O)C3=C4C(=CC=C5C4=C(C=C3)C(=O)N(C5=O)C6=C(C=C(C=C6C)C7CCCC7)C)C2=O)C)C8CCCC8,PDI core not found
C1CCC(C1)C2CCCC2C3=CC=CC=C3N4C(=O)C5=C6C(=CC=C7C6=C(C=C5)C(=O)N(C7=O)C8=CC=CC=C8C9CCCC9C1CCCC1)C4=O,PDI core not found
C1CCC(C1)C2=CC=CC=C2N3C(=O)C4=C5C(=CC=C6C5=C(C=C4)C(=O)N(C6=O)C7=CC=CC=C7C8CCCC8)C3=O,PDI core not found
CC1=CC2=C3C(=C(C=C4C3=C1C(=O)N(C4=O)C5=CC=CC=C5C6CCCC6)C)C(=O)N(C2=O)C7=CC=CC=C7C8CCCC8,PDI core not found
C1CCC(C1)C2=CC=C(C=C2)N3C(=O)C4=C5C(=CC=C6C5=C(C=C4)C(=O)N(C6=O)C7=CC=C(C=C7)C8CCCC8)C3=O,PDI core not found
C1CCC(C1)C2=CC(=CC=C2)N3C(=O)C4=CC=C5C6=C(C7=CC=CC=C7C(=C46)C3=O)C(=O)N(C5=O)C8=CC=CC(=C8)C9CCCC9,PDI core not found
C1CCC(C1)C2=CC(=CC=C2)N3C(=O)C4=C5C(=CC=C6C5=C(C=C4)C(=O)N(C6=O)C7=CC=CC(=C7)C8CCCC8)C3=O,PDI core not found
CC1=CC=C(C=C1)C2(C3=CC=CC=C3C4=CC=CC=C42)C5=CC=C(C=C5)N6C(=O)C7=C8C(=CC=C9C8=C(C=C7)C(=O)N(C9=O)C)C6=O,PDI core not found
CC1=CC=C(C=C1)C2=CC=C(C=C2)N3C(=O)C4=C5C(=CC=C6C5=C(C=C4)C(=O)N(C6=O)C)C3=O,PDI core not found
CC(C)C(C)N1C(=O)C2=C3C(=CC=C4C3=C(C=C2)C(=O)N(C4=O)C5=CC=C(C=C5)N(C6=CC=CC=C6)C7=CC=CC=C7)C1=O,PDI core not found
CCCCCCC(C)N1C(=O)C2=C3C(=CC=C4C3=C(C=C2)C(=O)N(C4=O)N)C1=O,PDI core not found
CCC(COC)N1C(=O)C2=C3C(=CC=C4C3=C(C=C2)C(=O)N(C4=O)N)C1=O,PDI core not found
COCCOCCN1C(=O)C2=C3C(=CC=C4C3=C(C=C2)C(=O)N(C4=O)N5C(=O)C6=C7C(=CC=C8C7=C(C=C6)C(=O)N(C8=O)N9C(=O)C2=C3C(=CC=C4C3=C(C=C2)C(=O)N(C4=O)CCOCCOC)C9=O)C5=O)C1=O,PDI core not found
CCCCCC(C)N1C(=O)C2=C3C(=CC=C4C3=C(C=C2)C(=O)N(C4=O)N5C(=O)C6=C7C(=CC=C8C7=C(C=C6)C(=O)N(C8=O)N9C(=O)C2=C3C(=CC=C4C3=C(C=C2)C(=O)N(C4=O)C(C)CCCCC)C9=O)C5=O)C1=O,PDI core not found
CCCCC(CC)COCCCN1C(=O)C2=C3C(=CC=C4C3=C(C=C2)C(=O)N(C4=O)N)C1=O,PDI core not found
CC1=C(C(=CC=C1)C)N2C(=O)C3=C4C(=C(C=C5C4=C(C(=C3)C)C(=O)N(C5=O)N6C(=O)C7=C8C(=CC=C9C8=C(C=C7)C(=O)N(C9=O)C(CCC[N+]#[C-])COC)C6=O)C)C2=O,PDI core not found
CCCCCC(C)N1C(=O)C2=C3C(=CC=C4C3=C(C=C2)C(=O)N(C4=O)N)C1=O,PDI core not found
CCCCCCCCCCCCN1C(=O)C2=C3C(=CC=C4C3=C(C=C2)C(=O)N(C4=O)N5C(=O)C6=C7C(=CC=C8C7=C(C=C6)C(=O)N(C8=O)CCCCCCCCCCCC)C5=O)C1=O,PDI core not found
CCCCCCCCCCCCN1C(=O)C2=C3C(=CC=C4C3=C(C=C2)C(=O)N(C4=O)N)C1=O,PDI core not found
CCCCCC(CO)N1C(=O)C2=C3C(=CC=C4C3=C(C=C2)C(=O)N(C4=O)N5C(=O)C6=C7C(=CC=C8C7=C(C=C6)C(=O)N(C8=O)C(CCCC)CO)C5=O)C1=O,PDI core not found
CC(C)(C)C1=CC(=C(C=C1)C(C)(C)C)N2C(=O)C3=C4C(=CC=C5C4=C(C=C3)C(=O)N(C5=O)N)C2=O,PDI core not found
CCC(CC)N1C(=O)C2=C3C(=CC=C4C3=C(C=C2)C(=O)N(C4=O)N5C(=O)C6=CC7=C(C=C6C5=O)C(=O)N(C7=O)N8C(=O)C9=C2C(=CC=C3C2=C(C=C9)C(=O)N(C3=O)C(CC)CC)C8=O)C1=O,PDI core not found
CCC(CN1C(=O)C2=CC(=C3C4=C(C(=CC(=C24)C1=O)C)C(=O)N(C3=O)N5C(=O)C6=C7C(=CC=C8C7=C(C=C6)C(=O)N(C8=O)COCC)C5=O)C)C#N,PDI core not found
CC1=C(CC(C=C1)C(C)(C)C)N2C(=O)C3=C4C(=CC=C5C4=C(C=C3)C(=O)N(C5=O)N6C(=O)C7=C8C(=CC=C9C8=C(C=C7)C(=O)N(C9=O)C1=C(C=CC(=C1)C(C)(C)C)C(C)(C)C)C6=O)C2=O,PDI core not found
CCC(CC)N1C(=O)C2=C3C(=CC=C4C3=C(C=C2)C(=O)N(C4=O)N)C1=O,PDI core not found
CCCCCC(CC)N1C(=O)C2=C3C(=CC=C4C3=C(C=C2)C(=O)N(C4=O)N5C(=O)C6C7CC(C6C5=O)C8C7C(=O)N(C8=O)C9CCCCC9C)C1=O,PDI core not found
CC(C)(C)C1=CC(=C(C=C1)C(C)(C)C)N2C(=O)C3=C4C(=CC=C5C4=C(C=C3)C(=O)N(C5=O)N6C(=O)C7=C8C(=CC=C9C8=C(C=C7)C(=O)N(C9=O)N1C(=O)C3=C4C(=CC=C5C4=C(C=C3)C(=O)N(C5=O)C3=C(C=CC(=C3)C(C)(C)C)C(C)(C)C)C1=O)C6=O)C2=O,PDI core not found
CCCCCCC(C)N1C(=O)C2=C3C(=CC=C4C3=C(C=C2)C(=O)N(C4=O)N5C(=O)C6=C7C(=CC=C8C7=C(C=C6)C(=O)N(C8=O)CC(CC)CCCC)C5=O)C1=O,PDI core not found
CCCC(C)N1C(=O)C2=C3C(=CC=C4C3=C(C=C2)C(=O)N(C4=O)N5C(=O)C6=C7C(=CC=C8C7=C(C=C6)C9=NCC(CN9C8=O)(C)C)C5=O)C1=O,PDI core not found
CCCCCCCCCCCCN1C(=O)C2=C3C(=CC=C4C3=C(C=C2)C(=O)N(C4=O)N5C(=O)C6=C7C(=CC=C8C7=C(C=C6)C(=O)N(C8=O)C(C)CCCCC)C5=O)C1=O,PDI core not found
CC(C)(C)C1CCC(C(C1)N2C(=O)C3=C4C(=CC=C5C4=C(C=C3)C(=O)N(C5=O)N6C(=O)C7=C8C(=CC=C9C8=C(C=C7)C(=O)N(C9=O)C1=C(C=CC(=C1)C(C)(C)C)C(C)(C)C)C6=O)C2=O)C(C)(C)C,PDI core not found
CCCN(C)CCN1C(=O)C2=CC3=C(C=C2C1=O)C(=O)N(C3=O)N4C(=O)C5=C6C(=CC=C7C6=C(C=C5)C(=O)N(C7=O)C8CCCCC8C)C4=O,PDI core not found
CCCC(C)N1C(=O)C2=C(C1=O)C=C(C=C2)C(=O)C3=CC4=C(C=C3)C(=O)N(C4=O)N5C(=O)C6=C7C(=CC=C8C7=C(C=C6)C(=O)N(C8=O)C(C)CCC)C5=O,PDI core not found
CCCCCC(C)N1C(=O)C2=C3C(=CC=C4C3=C(C=C2)C(=O)N(C4=O)N5C(=O)C6=C7C(=CC=C8C7=C(C=C6)C(=O)N(C8=O)C(C)C(C)C)C5=O)C1=O,PDI core not found
CCCCCC(C)N1C(=O)C2=C3C(=CC=C4C3=C(C=C2)C(=O)N(C4=O)N5C(=O)C6=C7C(=CC=C8C7=C(C=C6)C(=O)N(C8=O)C(CC)CC)C5=O)C1=O,PDI core not found
CCC(COC)N1C(=O)C2=C3C(=CC=C4C3=C(C=C2)C(=O)N(C4=O)N5C(=O)C6CC7C(CC6C5=O)C(=O)N(C7=O)C8=CC(=CC(=C8)OC)OC)C1=O,PDI core not found
CCCCCCCC(C)N1C(=S)C2=C3C(=CC=C4C3=C(C=C2)C(=O)N(C4=O)N5C(=O)C6=C7C(=CC=C8C7=C(C=C6)C(=O)N(C8=O)C(C)C9=CC=CC=C9)C5=O)C1=S,PDI core not found
CCCCCCCCN1C(=O)C2=C3C(=CC=C4C3=C(C=C2)C(=O)N(C4=O)N5C(=O)C6=C7C(=CC=C8C7=C(C=C6)C(=O)N(C8=O)N9C(=O)C2=C3C(=CC=C4C3=C(C=C2)C(=O)N(C4=O)CCCCCCCC)C9=O)C5=O)C1=O,PDI core not found
CCCCC(CC)N1C(=O)C2=C3C(=CC=C4C3=C(C=C2)C(=O)N(C4=O)N5C(=O)C6=C(C5=O)C=C(C=C6)C7=CC8=C(C=C7)C(=O)N(C8=O)C(C)CCCC(C)C)C1=O,PDI core not found
CCCCN1C(=O)C2=C3C(=CC=C4C3=C(C=C2)C(=O)N(C4=O)N5C(=O)C6C7C(C6C5=O)C(=O)N(C7=O)COCC)C1=O,PDI core not found
C1=CC(=C(C=C1C(=O)O)N2C(=O)C3=C4C(=CC=C5C4=C(C=C3)C(=O)N(C5=O)N6C(=O)C7=C8C(=CC=C9C8=C(C=C7)C(=O)N(C9=O)C1=C(C=CC(=C1)C(=O)O)O)C6=O)C2=O)O,PDI core not found
C1=CC=C(C=C1)CC(C2=CC=CC=C2)N3C(=O)C4=C5C(=CC=C6C5=C(C=C4)C(=O)N(C6=O)N7C(=O)C8=C9C(=CC=C1C9=C(C=C8)C(=O)N(C1=O)C(CC1=CC=CC=C1)C1=CC=CC=C1)C7=O)C3=O,PDI core not found
CCCC(COC)N1C(=O)C2=C3C(=CC=C4C3=C(C=C2)C(=O)N(C4=O)N5C(=O)C6=CC(=C7C8=C(C=C(C(=C68)C5=O)C)C(=O)N(C7=O)C9=C(C=CC=C9C)C)C)C1=O,PDI core not found
CC(C)CC(C)N1C(=O)C2=C3C(=CC=C4C3=C(C=C2)C(=O)N(C4=O)N5C(=O)C6=CC7=CC8=C(C=C7C=C6C5=O)C(=O)N(C8=O)N9C(=O)C2=C3C(=CC=C4C3=C(C=C2)C(=O)N(C4=O)C(C)CC(C)C)C9=O)C1=O,PDI core not found
CN1C=CC(=[N+]2C(=O)C3=C4C(=CC=C5C4=C(C=C3)C(=O)N(C5=O)C)C2=O)C=C1,PDI core not found
CCCC(N1C(=O)C2=C3C(=CC=C4C3=C(C=C2)C(=O)N(C4=O)N5C(=O)C6=C7C(=CC=C8C7=C(C=C6)C(=O)N(C8=O)C(CCC)OC)C5=O)C1=O)OC,PDI core not found
CCCC(CCC)N1C(=O)C2=C3C(=CC=C4C3=C(C=C2)C(=O)N(C4=O)N5C(=O)C6=C7C(=CC=C8C7=C(C=C6)C(=O)N(C8=O)C(CC)CC)C5=O)C1=O,PDI core not found
CCCCCC(C)N1C(=O)C2=C3C(=CC=C4C3=C(C=C2)C(=O)N(C4=O)N5C(=O)C6=C7C(=CC=C8C7=C(C=C6)C(=O)N(C8=O)CCCOCC(CC)CCCC)C5=O)C1=O,PDI core not found
CCCC(CCC)N1C(=O)C2=C3C(=CC=C4C3=C(C=C2)C(=O)N(C4=O)N5C(=O)C6=C7C(=CC=C8C7=C(C=C6)C(=O)N(C8=O)C(CCC)CCC)C5=O)C1=O,PDI core not found
CCCC1=NC(=CC=C1)N2C(=O)C3=C4C(=CC=C5C4=C(C=C3)C(=O)N(C5=O)C6=CC=CC(=N6)CCC)C2=O,PDI core not found
C1=CC=C(C=C1)COC2=C(N=CC=C2)N3C(=O)C4=C5C(=CC=C6C5=C(C=C4)C(=O)N(C6=O)C7=C(C=CC=N7)OCC8=CC=CC=C8)C3=O,PDI core not found
CC1=CC(=NC=C1)N2C(=O)C3=C4C(=CC=C5C4=C(C=C3)C(=O)N(C5=O)C6=NC=CC(=C6)C)C2=O,PDI core not found
C1=CC(=NC=C1C#N)N2C(=O)C3=C4C(=CC=C5C4=C(C=C3)C(=O)N(C5=O)C6=NC=C(C=C6)C#N)C2=O,PDI core not found
CC1=CC(=NC(=C1C#N)C)N2C(=O)C3=C4C(=CC=C5C4=C(C=C3)C(=O)N(C5=O)C6=NC(=C(C(=C6)C)C#N)C)C2=O,PDI core not found
CC1=NC(=CC=C1)N2C(=O)C3=C4C(=CC=C5C4=C(C=C3)C(=O)N(C5=O)C6=CC=CC(=N6)C)C2=O,PDI core not found
CCC1=NC(=CC=C1)N2C(=O)C3=C4C(=CC=C5C4=C(C=C3)C(=O)N(C5=O)C6=CC=CC(=N6)CC)C2=O,PDI core not found
CCC1=C(N=C(C=C1)C)N2C(=O)C3=C4C(=CC=C5C4=C(C=C3)C(=O)N(C5=O)C6=C(C=CC(=N6)C)CC)C2=O,PDI core not found
CC1=CC(=NC(=C1)N2C(=O)C3=C4C(=CC=C5C4=C(C=C3)C(=O)N(C5=O)C6=CC(=CC(=N6)C)C)C2=O)C,PDI core not found
C1CCC(C1)C2=CC(=C(C=C2)N3C(=O)C4=C5C(=CC=C6C5=C(C=C4)C(=O)N(C6=O)C7=C(C=C(C=C7)C8CCCC8)SC9=CC=CC=C9)C3=O)SC1=CC=CC=C1,PDI core not found
C1CCC(C1)C2=CC=C(C=C2)N3C(=O)C4=C5C(=CC=C6C5=C(C=C4)C(=O)N(C6=O)C7=CC=CC(=C7)NC8=CC=CC=C8)C3=O,PDI core not found
C1CCC(C1)CCOC(=O)CC2=CC(=CC=C2)N3C(=O)C4=C5C(=CC=C6C5=C(C=C4)C(=O)N(C6=O)C7=CC=C(C=C7)C8CCCC8)C3=O,PDI core not found
C1CCC(C1)C2=CC=C(C=C2)N3C(=O)C4=C5C(=CC=C6C5=C(C=C4)C(=O)N(C6=O)C7=CC(=CC=C7)OC8=CC=CC=N8)C3=O,PDI core not found
C1CCC(C1)C2=CC=C(C=C2)N3C(=O)C4=C5C(=CC=C6C5=C(C=C4)C(=O)N(C6=O)C7=CC=C(C=C7)CC8=CC=CC=C8)C3=O,PDI core not found
CC(C)OC1=CC=CC(=C1)N2C(=O)C3=C4C(=CC=C5C4=C(C=C3)C(=O)N(C5=O)C6=CC=C(C=C6)C7CCCC7)C2=O,PDI core not found
C1CCC(C1)C=CC(=O)OCC2=CC(=CC=C2)N3C(=O)C4=C5C(=CC=C6C5=C(C=C4)C(=O)N(C6=O)C7=CC=C(C=C7)C8CCCC8)C3=O,PDI core not found
C1CCC(C1)C2=CC=C(C3=CC=CC=C23)N4C(=O)C5=C6C(=CC=C7C6=C(C=C5)C(=O)N(C7=O)C8=CC=C(C9=CC=CC=C98)C1CCCC1)C4=O,PDI core not found
CCCCN(CCCC)C(=O)C1=CC(=CC=C1)N2C(=O)C3=C4C(=CC=C5C4=C(C=C3)C(=O)N(C5=O)C6=CC=C(C=C6)C7CCCC7)C2=O,PDI core not found
CCC(CC)COCC1=CC(=CC=C1)N2C(=O)C3=C4C(=CC=C5C4=C(C=C3)C(=O)N(C5=O)C6=CC=C(C=C6)C7CCCC7)C2=O,PDI core not found
COC(CC(=O)OC1=CC=CC(=C1)N2C(=O)C3=C4C(=CC=C5C4=C(C=C3)C(=O)N(C5=O)C6=CC=C(C=C6)C7CCCC7)C2=O)C8CCCC8,PDI core not found
C1CCC(C1)C2=CC=C(C=C2)N3C(=O)C4=C5C(=CC=C6C5=C(C=C4)C(=O)N(C6=O)C7=CC=CC(=C7)C(=O)OCC8=CC=CC=C8)C3=O,PDI core not found
CC(C)C(C(C)C)OC1=C2C3=C4C(=C1)C(=O)N(C(=O)C4=C(C=C3C(=O)N(C2=O)C5=C(C=C(C=C5C6CCCC6)C7CCCC7)C8CCCC8)OC(C(C)C)C(C)C)C9=C(C=C(C=C9C1CCCC1)C1CCCC1)C1CCCC1,PDI core not found
C1CCC(C1)C2=CC=C(C=C2)N3C(=O)C4=C5C(=CC=C6C5=C(C=C4)C(=O)N(C6=O)C7=CC=CC(=C7)COC(=O)CC(=O)C8CCCC8)C3=O,PDI core not found
C1CCC(C1)C2CCC(C2)C3=CC=CC=C3N4C(=O)C5=C6C(=CC=C7C6=C(C=C5)C(=O)N(C7=O)C8=CC=CC=C8C9CCC(C9)C1CCCC1)C4=O,PDI core not found
C1CCC(C1)C2=CC=C(C=C2)N3C(=O)C4=C5C(=CC=C6C5=C(C=C4)C(=O)N(C6=O)C7=CC=CC=N7)C3=O,PDI core not found
C1CCC(C1)COC(=O)C2=CC=C(C=C2)N3C(=O)C4=C5C(=CC=C6C5=C(C=C4)C(=O)N(C6=O)C7=CC=C(C=C7)C8CCCC8)C3=O,PDI core not found
C=COC1=C(C=CC(=C1)N2C(=O)C3=C4C(=CC=C5C4=C(C=C3)C(=O)N(C5=O)C6=CC(=C(C=C6)C7CCCC7)OC=C)C2=O)C8CCCC8,PDI core not found
CCN(CC)C1=CC=C(C=C1)N2C(=O)C3=C4C(=CC=C5C4=C(C=C3)C(=O)N(C5=O)C6=CC=C(C=C6)C7CCCC7)C2=O,PDI core not found
CC=CC(=O)OCC1=CC(=CC=C1)N2C(=O)C3=C4C(=CC=C5C4=C(C=C3)C(=O)N(C5=O)C6=CC=C(C=C6)C7CCCC7)C2=O,PDI core not found
CC1=CC2=C(C=C1)OC(=N2)C3=CC=C(C=C3)N4C(=O)C5=C6C(=CC=C7C6=C(C=C5)C(=O)N(C7=O)C8=CC=C(C=C8)C9CCCC9)C4=O,PDI core not found
C1CCC(C1)C2=CC(=CC=C2)NC3=C4C5=C6C(=C3)C(=O)N(C(=O)C6=C(C=C5C(=O)N(C4=O)C7=CC=CC(=C7)C8CCCC8)NC9=CC=CC(=C9)C1CCCC1)C1=CC=CC(=C1)C1CCCC1,PDI core not found
C1CCC(C1)C2=CC(=C(C=C2)N3C(=O)C4=C5C(=CC=C6C5=C(C=C4)C(=O)N(C6=O)C7=C(C=C(C=C7)C8CCCC8)SCC9=CC=CC=C9)C3=O)SCC1=CC=CC=C1,PDI core not found
C1CCC(C1)C2=CC=C(C=C2)N3C(=O)C4=C5C(=CC=C6C5=C(C=C4)C(=O)N(C6=O)C7=CC=CC=C7SC8=NCCS8)C3=O,PDI core not found
CCC(=O)OC(C)C1=CC(=CC=C1)N2C(=O)C3=C4C(=CC=C5C4=C(C=C3)C(=O)N(C5=O)C6=CC=C(C=C6)C7CCCC7)C2=O,PDI core not found
CCCCC(=O)OC1=CC=C(C=C1)N2C(=O)C3=C4C(=CC=C5C4=C(C=C3)C(=O)N(C5=O)C6=CC=C(C=C6)C7CCCC7)C2=O,PDI core not found
C1CCC(C1)C2=CC=C(C=C2)N3C(=O)C4=C5C(=CC=C6C5=C(C=C4)C(=O)N(C6=O)C7=CC(=CC=C7)OC8=CC=CC=C8)C3=O,PDI core not found
C1CCC(C1)C2=CC=C(C=C2)N3C(=O)C4=C5C(=CC=C6C5=C(C=C4)C(=O)N(C6=O)C7=CC(=CC=C7)OC(=O)C8CCCC8)C3=O,PDI core not found
C1CCC(C1)C2=CC=C(C=C2)N3C(=O)C4=C5C(=CC=C6C5=C(C=C4)C(=O)N(C6=O)C7=CC=CC(=C7)COC8CCCC8)C3=O,PDI core not found
C1CCC(C1)C2=CC=C(C=C2)N3C(=O)C4=C5C(=CC=C6C5=C(C=C4)C(=O)N(C6=O)C7=CC=C(C=C7)C8=CC=CC=C8)C3=O,PDI core not found
C1CCC(C1)C2=CC=C(C=C2)N3C(=O)C4=C5C(=CC=C6C5=C(C=C4)C(=O)N(C6=O)C7=CC=CC(=C7)C(=O)C8=CC=CC=C8)C3=O,PDI core not found
CCOC(=O)C1=CC(=CC=C1)N2C(=O)C3=C4C(=CC=C5C4=C(C=C3)C(=O)N(C5=O)C6=CC=C(C=C6)C7CCCC7)C2=O,PDI core not found
C1CCC(C1)C=CC(=O)OC2=CC=CC(=C2)N3C(=O)C4=C5C(=CC=C6C5=C(C=C4)C(=O)N(C6=O)C7=CC=C(C=C7)C8CCCC8)C3=O,PDI core not found
C=CCN(CC=C)C1=CC=C(C=C1)N2C(=O)C3=C4C(=CC=C5C4=C(C=C3)C(=O)N(C5=O)C6=CC=C(C=C6)C7CCCC7)C2=O,PDI core not found
C1CCC(C1)CCC(=O)OCC2=CC(=CC=C2)N3C(=O)C4=C5C(=CC=C6C5=C(C=C4)C(=O)N(C6=O)C7=CC=C(C=C7)C8CCCC8)C3=O,PDI core not found
C1CCC(C1)C2=CC=C(C=C2)N3C(=O)C4=C5C(=CC=C6C5=C(C=C4)C(=O)N(C6=O)C7=CC=C(C=C7)OCC8=CC=CC=C8)C3=O,PDI core not found
CC=CC1=CC=C(C=C1)N2C(=O)C3=C4C(=CC=C5C4=C(C=C3)C(=O)N(C5=O)C6=CC=C(C=C6)C7CCCC7)C2=O,PDI core not found
C=COC(=O)C1=CC(=CC=C1)N2C(=O)C3=C4C(=CC=C5C4=C(C=C3)C(=O)N(C5=O)C6=CC=C(C=C6)C7CCCC7)C2=O,PDI core not found
C1CCC(C1)CCOC(=O)C2=CC=C(C=C2)N3C(=O)C4=C5C(=CC=C6C5=C(C=C4)C(=O)N(C6=O)C7=CC=C(C=C7)C8CCCC8)C3=O,PDI core not found
CC(C1=CC(=CC=C1)N2C(=O)C3=C4C(=CC=C5C4=C(C=C3)C(=O)N(C5=O)C6=CC=C(C=C6)C7CCCC7)C2=O)OC(=O)CCC(=O)C8CCCC8,PDI core not found
C1CCC(C1)C2=CC=C(C=C2)NC3=C4C5=C(C=CC6=C5C(=C3)C(=O)N(C6=O)C7=CC=C(C=C7)C8CCCC8)C(=O)N(C4=O)C9=CC=C(C=C9)C1CCCC1,PDI core not found
CSC1=C(C=CC(=C1)C2CCCC2)N3C(=O)C4=C5C(=CC=C6C5=C(C=C4)C(=O)N(C6=O)C7=C(C=C(C=C7)C8CCCC8)SC)C3=O,PDI core not found
CC(=CC1CCCC1)C2=CC=C(C=C2)N3C(=O)C4=C5C(=CC=C6C5=C(C=C4)C(=O)N(C6=O)C7=CC=C(C=C7)C8CCCC8)C3=O,PDI core not found
[C-]#[N+]C1=C(C=CC(=C1)N2C(=O)C3=C4C(=CC=C5C4=C(C=C3)C(=O)N(C5=O)C6=CC(=C(C=C6)C7CCCC7)C#N)C2=O)C8CCCC8,PDI core not found
C1CCC(C1)CCOC2=CC=C(C=C2)N3C(=O)C4=C5C(=CC=C6C5=C(C=C4)C(=O)N(C6=O)C7=CC=C(C=C7)C8CCCC8)C3=O,PDI core not found
C1CCC(C1)C2=CC=C(C=C2)N3C(=O)C4=C5C(=CC=C6C5=C(C=C4)C(=O)N(C6=O)C7=CC=CC(=C7)C(=O)OC8=CC=CC=C8)C3=O,PDI core not found
C=CCSC1=CC=CC=C1N2C(=O)C3=C4C(=CC=C5C4=C(C=C3)C(=O)N(C5=O)C6=CC=C(C=C6)C7CCCC7)C2=O,PDI core not found
C1CCC(C1)C2=CC=C(C=C2)N3C(=O)C4=C5C(=CC=C6C5=C(C=C4)C(=O)N(C6=O)C7=CC(=CC=C7)OC(=O)CC(C8CCCC8)O)C3=O,PDI core not found
C1CCC(C1)C=NC2=CC=C(C=C2)N3C(=O)C4=C5C(=CC=C6C5=C(C=C4)C(=O)N(C6=O)C7=CC=C(C=C7)N=CC8CCCC8)C3=O,PDI core not found
C1CCC(C1)C=CC2=CC=C(C=C2)N3C(=O)C4=C5C(=CC=C6C5=C(C=C4)C(=O)N(C6=O)C7=CC=C(C=C7)C8CCCC8)C3=O,PDI core not found
CC1=CC(=CC(=C1N2C(=O)C3=C4C(=C(C(=C5C4=C(C(=C3C)C)C(=O)N(C5=O)C6=C(C=C(C=C6C)C7CCCC7)C)C)C)C2=O)C)C8CCCC8,PDI core not found
C1CCC(C1)C2=CC(=CC=C2)NC3=C4C5=C(C=CC6=C5C(=C3)C(=O)N(C6=O)C7=CC=CC(=C7)C8CCCC8)C(=O)N(C4=O)C9=CC=CC(=C9)C1CCCC1,PDI core not found
C1CCC(C1)C2=CC=C(C=C2)N3C(=O)C4=C5C(=CC=C6C5=C(C=C4)C(=O)N(C6=O)C7=CC(=CC=C7)N(CC8=CC=CC=C8)CC9=CC=CC=C9)C3=O,PDI core not found
CC(C)OC1=CC(=CC(=C1)N2C(=O)C3=CC=C4C5=C(C6=CC7=CC=CC=C7C=C6C(=C35)C2=O)C(=O)N(C4=O)C8=CC(=CC(=C8)C9CCCC9)OC(C)C)C1CCCC1,PDI core not found
CC1=CC=C(C=C1)OC2=CC=C(C=C2)N3C(=O)C4=C5C(=CC=C6C5=C(C=C4)C(=O)N(C6=O)C7=CC(=C(C=C7)C8=C(C=C(C=C8)N9C(=O)C1=C2C(=CC=C4C2=C(C=C1)C(=O)N(C4=O)C)C9=O)S(=O)(=O)O)SOOO)C3=O,PDI core not found
CC1=CC=C(C=C1)OC2=CC=C(C=C2)N3C(=O)C4=C5C(=CC=C6C5=C(C=C4)C(=O)N(C6=O)C7=CC=C(C=C7)C8=C(C=C(C=C8)N9C(=O)C1=C2C(=CC=C4C2=C(C=C1)C(=O)N(C4=O)C)C9=O)S(=O)(=O)O)C3=O,PDI core not found
C1CCC(C1)C(=O)NCCCN2CCN(CC2)CCN3C(=O)C4=C5C(=CC=C6C5=C(C=C4)C(=O)N(C6=O)CCN7CCN(CC7)CCCNC(=O)C8CCCC8)C3=O,PDI core not found
CC[N+]1=C(C(C2=C1C=CC(=C2)SOO[O-])(C)C)C=CC=CC=C3C(C4=CC(=CN(C4=N3)CCCCCC(=O)NCCCN(C)CCCN5C(=O)C6=C7C(=CC=C8C7=C(C=C6)C(=O)N(C8=O)CCCN(C)CCCNC(=O)CCCCCN9C=C(C=C1C9=NC(=CC=CC=CC2=[N+](C3=C(C2(C)C)C=C(C=C3)S(=O)(=O)[O-])CC)C1(C)C)C1=CC=CC=C1)C5=O)C1=CC=CC=C1)(C)C,PDI core not found
CCN1C2=C(C=C(C=C2)SOOO)C(C1=CC=CC=CC3=NC4=C(C3(C)C)C=C(C=[N+]4CCCCCC(=O)NCCCN(C)CCCN5C(=O)C6=C7C(=CC=C8C7=C(C=C6)C(=O)N(C8=O)CCCN(C)CCCNC(=O)CCCCC[N+]9=CC(=CC1=C9N=C(C1(C)C)C=CC=CC=C1C(C2=C(N1CC)C=CC(=C2)S(=O)(=O)O)(C)C)C1=CC=CC=C1)C5=O)C1=CC=CC=C1)(C)C,PDI core not found
CCN1C2=C(C=C(C=C2)SOO[O-])C(C1=CC=CC3=NC4=C(C3(C)C)C=CC=[N+]4CCCC(=O)NCCCN(C)CCCN5C(=O)C6=C7C(=CC=C8C7=C(C=C6)C(=O)N(C8=O)CCCN(C)CCCNC(=O)CCC[N+]9=CC=CC1=C9N=C(C1(C)C)C=CC=C1C(C2=C(N1CC)C=CC(=C2)S(=O)(=O)[O-])(C)C)C5=O)(C)C,PDI core not found
CCN1C2=C(C=C(C=C2)SOOO)C(C1=CC=CC3=NC4=C(C3(C)C)C=CC=[N+]4CCCC(=O)NCCCN(C)CCCN5C(=O)C6=C7C(=CC=C8C7=C(C=C6)C(=O)N(C8=O)CCCN(C)CCCNC(=O)CCC[N+]9=CC=CC1=C9N=C(C1(C)C)C=CC=C1C(C2=C(N1CC)C=CC(=C2)S(=O)(=O)O)(C)C)C5=O)(C)C,PDI core not found
CC[N+]1=C(C(C2=C1C=CC(=C2)SOO[O-])(C)C)C=CC=CC=C3C(C4=CC=CN(C4=N3)CCCCCC(=O)NCCCN(C)CCCN5C(=O)C6=C7C(=CC=C8C7=C(C=C6)C(=O)N(C8=O)CCCN(C)CCCNC(=O)CCCCCN9C=CC=C1C9=NC(=CC=CC=CC2=[N+](C3=C(C2(C)C)C=C(C=C3)S(=O)(=O)[O-])CC)C1(C)C)C5=O)(C)C,PDI core not found
CCN1C2=C(C=C(C=C2)SOOO)C(C1=CC=CC=CC3=NC4=C(C3(C)C)C=CC=[N+]4CCCCCC(=O)NCCCN(C)CCCN5C(=O)C6=C7C(=CC=C8C7=C(C=C6)C(=O)N(C8=O)CCCN(C)CCCNC(=O)CCCCC[N+]9=CC=CC1=C9N=C(C1(C)C)C=CC=CC=C1C(C2=C(N1CC)C=CC(=C2)S(=O)(=O)O)(C)C)C5=O)(C)C,PDI core not found
CC1(CCC(CC1)N2C(=O)C3=C4C(=CC=C5C4=C(C=C3)C(=O)N(C5=O)C)C2=O)C,PDI core not found
CC1CCC(CC1)N2C(=O)C3=C4C(=CC=C5C4=C(C=C3)C(=O)N(C5=O)C6CCC7=CC=CC=C7C6)C2=O,PDI core not found
CCCCC1=CC=C(C=C1)NC2=C3C4=C5C(=C2)C(=O)N(C(=O)C5=C(C=C4C(=O)N(C3=O)C6=C(C=CC=C6C(C)C)C(C)C)NC7=CC=C(C=C7)CCCC)C8=C(C=CC=C8C(C)C)C(C)C,PDI core not found
CC(C)C1=C(C(=CC=C1)C(C)C)N2C(=O)C3=CC(=C4C5=C3C(=C(C=C5C(=O)N(C4=O)C6=C(C=CC=C6C(C)C)C(C)C)N7CCCC7)C2=O)N8CCCC8,PDI core not found
C[N+](C)(CCCCCC(=O)NC1=C2C=CC=NC2=C3C(=C1)C=CC=N3)CCCCCN4C(=O)C5=C6C(=CC=C7C6=C(C=C5)C(=O)N(C7=O)CCC[N+](C)(C)CCCCCC(=O)NC8=C9C=CC=NC9=C1C(=C8)C=CC=N1)C4=O,PDI core not found
CC1=CC=C(C=C1)N2C(=O)C3=C4C(=CC=C5C4=C(C=C3)C(=O)N(C5=O)C6=CC=C(C=C6)OC)C2=O,PDI core not found
CC1=C(C=C(C=C1)N2C(=O)C3=C4C(=CC=C5C4=C(C=C3)C(=O)N(C5=O)C6=CC(=C(C=C6)OC)C)C2=O)C,PDI core not found
CC1=CC=C(C=C1)N2C(=O)C3=C4C(=CC=C5C4=C(C=C3)C(=O)N(C5=O)C6=CC(=C(C=C6)OC)C)C2=O,PDI core not found
CC1=CC(=CC=C1)N2C(=O)C3=C4C(=CC=C5C4=C(C=C3)C(=O)N(C5=O)C6=CC(=CC=C6)OC7=C(C=C(C=C7)S(=O)(=O)C8=CC(=C(C=C8)OC)C)C)C2=O,PDI core not found
CCN1C(=O)C2=C3C(=CC=C4C3=C(C=C2)C(=O)N(C4=O)CC5COC6=CSC=C6O5)C1=O,PDI core not found
C1C(OC2=CSC=C2O1)COCCN3C(=O)C4=C5C(=CC=C6C5=C(C=C4)C(=O)N(C6=O)CCCN7C=CN=C7)C3=O,PDI core not found
C1C(OC2=CSC=C2O1)COCCN3C(=O)C4=C5C(=CC=C6C5=C(C=C4)C(=O)N(C6=O)CCOCC7COC8=CSC=C8O7)C3=O,PDI core not found
C[N+]1=CN(C=C1)CCCN2C(=O)C3=C4C(=CC=C5C4=C(C=C3)C(=O)N(C5=O)CCOCC6COC7=CSC=C7O6)C2=O,PDI core not found
CC1=C(C2=C3C(=C(C(=C4C3=C1C(=O)N(C4=O)C(C)C)C)C)C(=O)N(C2=O)N5C(=O)C6=C7C(=C(C(=C8C7=C(C(=C6C)C)C(=O)N(C8=O)C(C)C)C)C)C5=O)C,PDI core not found
CCCCCC(C)N1C(=O)C2=C3C(=CC=C4C3=C(C=C2)C(=O)N(C4=O)N5C(=O)C6=C7C(=CC=C8C7=C(C=C6)C(=O)N(C8=O)C(CCCCC)CCCCC)C5=O)C1=O,PDI core not found
CCC(CC)N1C(=O)C2=C3C(=CC=C4C3=C(C=C2)C(=O)N(C4=O)N5C(=O)C6=C7C(=CC=C8C7=C(C=C6)C(=O)N(C8=O)N9C(=O)C2=C3C(=CC=C4C3=C(C=C2)C(=O)N(C4=O)C(CC)CC)C9=O)C5=O)C1=O,PDI core not found
CC(C)N1C(=O)C2=C3C(=CC=C4C3=C(C=C2)C(=O)N(C4=O)N5C(=O)C6=C7C(=CC=C8C7=C(C=C6)C(=O)N(C8=O)C(C)C)C5=O)C1=O,PDI core not found
CCCCCC(C)N1C(=O)C2=C3C(=CC=C4C3=C(C=C2)C(=O)N(C4=O)N5C(=O)C6=C7C(=CC=C8C7=C(C=C6)C(=O)N(C8=O)C(C)C)C5=O)C1=O,PDI core not found
CC1=CC2=NC3=C(C=C(C=C3)N(C)C)N=C2C=C1N4C(=O)C5=C6C(=CC=C7C6=C(C=C5)C(=O)N(C7=O)C8=CC9=NC1=C(C=CC(=C1)N(C)C)N=C9C=C8C)C4=O,PDI core not found
CCCCCCC(C)N1C(=O)C2=C3C(=CC=C4C3=C(C=C2)C(=O)N(C4=O)N5C(=O)C6=C7C(=CC=C8C7=C(C=C6)C(=O)N(C8=O)C(C)CCCCCC)C5=O)C1=O,PDI core not found
CC1=C(C=C(C=C1)C(C)(C)C)N2C(=O)C3=C4C(=CC=C5C4=C(C=C3)C(=O)N(C5=O)N6C(=O)C7=C8C(=CC=C9C8=C(C=C7)C(=O)N(C9=O)C1=C(C=CC(=C1)C(C)(C)C)C(C)(C)C)C6=O)C2=O,PDI core not found
CCCC(C)N1C(=O)C2=C3C(=CC=C4C3=C(C=C2)C(=O)N(C4=O)N5C(=O)C6=C7C(=CC=C8C7=C(C=C6)C(=O)N(C8=O)C(C)CCC)C5=O)C1=O,PDI core not found
CCC(COC)N1C(=O)C2=C3C(=CC=C4C3=C(C=C2)C(=O)N(C4=O)N5C(=O)C6=C7C(=CC=C8C7=C(C=C6)C(=O)N(C8=O)C(CC)COC)C5=O)C1=O,PDI core not found
CCC(CC)N1C(=O)C2=C3C(=CC=C4C3=C(C=C2)C(=O)N(C4=O)N5C(=O)C6=C7C(=CC=C8C7=C(C=C6)C(=O)N(C8=O)C(CC)CC)C5=O)C1=O,PDI core not found
CCCCC(CC)COCCCN1C(=O)C2=C3C(=CC=C4C3=C(C=C2)C(=O)N(C4=O)N5C(=O)C6=C7C(=CC=C8C7=C(C=C6)C(=O)N(C8=O)CCCOCC(CC)CCCC)C5=O)C1=O,PDI core not found
CC1=CC(=C(C=C1)C2=C(C=C(C=C2)N3C(=O)C4=C5C(=CC=C6C5=C(C=C4)C(=O)N(C6=O)C)C3=O)S(=O)(=O)[O-])S(=O)(=O)[O-],PDI core not found
CC1=CC(=C(C=C1)C2=C(C=C(C=C2)N3C(=O)C4=C5C(=CC=C6C5=C(C=C4)C(=O)N(C6=O)C)C3=O)S(=O)(=O)O)S(=O)(=O)O,PDI core not found
CC1=CC(=C(C=C1)OC2=C(C=C(C=C2)N3C(=O)C4=C5C(=CC=C6C5=C(C=C4)C(=O)N(C6=O)C)C3=O)S(=O)(=O)[O-])S(=O)(=O)[O-],PDI core not found
CC1=CC(=C(C=C1)OC2=C(C=C(C=C2)N3C(=O)C4=C5C(=CC=C6C5=C(C=C4)C(=O)N(C6=O)C)C3=O)S(=O)(=O)O)S(=O)(=O)O,PDI core not found
CC1=CC(=C(C=C1)C2=C(C=C(C=C2)N3C(=O)C4=C5C(=CC=C6C5=C(C=C4)C(=O)N(C6=O)C)C3=O)S(=O)(=O)[O-])SOO[O-],PDI core not found
CC1=CC=C(C=C1)C2(C3=CC=CC=C3C4=CC=CC=C42)C5=CC=C(C=C5)N6C(=O)C7=C8C(=CC=C9C8=C(C=C7)C(=O)N(C9=O)C1=CC(=C(C=C1)C1=C(C=C(C=C1)N1C(=O)C2=C3C(=CC=C4C3=C(C=C2)C(=O)N(C4=O)C)C1=O)S(=O)(=O)O)SOOO)C6=O,PDI core not found
CC(=O)OCCCCC1=CC=C(C=C1)C(=O)OC2CCC(CC2)N3C(=O)C4=C5C(=CC=C6C5=C(C=C4)C(=O)N(C6=O)C7CCCCC7)C3=O,PDI core not found
C1CCC(CC1)N2C(=O)C3=C4C(=CC=C5C4=C(C=C3)C(=O)N(C5=O)C6CCC(CC6)C7=CC=CC=C7)C2=O,PDI core not found
CCCCCCCCC1CCC(CC1)N2C(=O)C3=C4C(=CC=C5C4=C(C=C3)C(=O)N(C5=O)C6CCCCC6)C2=O,PDI core not found
COC(=O)C1CCC(CC1)N2C(=O)C3=C4C(=CC=C5C4=C(C=C3)C(=O)N(C5=O)C6CCCCC6)C2=O,PDI core not found
CC1CCC(CC1)N2C(=O)C3=C4C(=CC=C5C4=C(C=C3)C(=O)N(C5=O)C6CCCCC6)C2=O,PDI core not found
CCC1CCC(CC1)N2C(=O)C3=C4C(=CC=C5C4=C(C=C3)C(=O)N(C5=O)C6CCCCC6)C2=O,PDI core not found
CCCCCC1CCC(CC1)N2C(=O)C3=C4C(=CC=C5C4=C(C=C3)C(=O)N(C5=O)C6CCC(CC6)[N+]#[C-])C2=O,PDI core not found
CC1CCC(CC1)N2C(=O)C3=C4C(=CC=C5C4=C(C=C3)C(=O)N(C5=O)C6CCC(CC6)C)C2=O,PDI core not found
C1CCC(CC1)N2C(=O)C3=C4C(=CC=C5C4=C(C=C3)C(=O)N(C5=O)C6CCC(CC6)CC7CCC(CC7)N8C(=O)C9=C1C(=CC=C3C1=C(C=C9)C(=O)N(C3=O)C1CCCCC1)C8=O)C2=O,PDI core not found
CC1CCC(CC1)N2C(=O)C3=C4C(=CC=C5C4=C(C=C3)C(=O)N(C5=O)C6CCCC6)C2=O,PDI core not found
CC1CCC(CC1)N2C(=O)C3=C4C(=CC=C5C4=C(C=C3)C(=O)N(C5=O)C6CCCCCC6)C2=O,PDI core not found
CCCCCCC1=CC=C(C=C1)C(=O)OC2CCC(CC2)N3C(=O)C4=C5C(=CC=C6C5=C(C=C4)C(=O)N(C6=O)C7CCCCC7)C3=O,PDI core not found
CC(C)CCC1CCC(CC1)N2C(=O)C3=C4C(=CC=C5C4=C(C=C3)C(=O)N(C5=O)C6CCCCC6)C2=O,PDI core not found
C1CCC(CC1)N2C(=O)C3=C4C(=CC=C5C4=C(C=C3)C(=O)N(C5=O)C6CCC(CC6)N7C(=O)C8=C9C(=CC=C1C9=C(C=C8)C(=O)N(C1=O)C1CCCCC1)C7=O)C2=O,PDI core not found
CCCCCCCCOC1CCC(CC1)N2C(=O)C3=C4C(=CC=C5C4=C(C=C3)C(=O)N(C5=O)C6CCCCC6)C2=O,PDI core not found
CCCC1CCC(CC1)N2C(=O)C3=C4C(=CC=C5C4=C(C=C3)C(=O)N(C5=O)C6CCCC6)C2=O,PDI core not found
CC1CCC(CC1)N2C(=O)C3=C4C(=CC=C5C4=C(C=C3)C(=O)N(C5=O)C6CCC(C(C6)C)C)C2=O,PDI core not found
CC1CCC(CC1)N2C(=O)C3=C4C(=CC=C5C4=C(C=C3)C(=O)N(C5=O)C6CCC7CCCCC7C6)C2=O,PDI core not found
CC1CCC(CC1)C2CCC(CC2)N3C(=O)C4=C5C(=CC=C6C5=C(C=C4)C(=O)N(C6=O)C7CCCCC7)C3=O,PDI core not found
CCCCCC1CCC(CC1)N2C(=O)C3=C4C(=CC=C5C4=C(C=C3)C(=O)N(C5=O)C6CCC(CC6)CCCCC)C2=O,PDI core not found
CCCCCCCCCCC(CCCCCCCC)CN1C(=O)C2=CC(=C3C4=C(C=C(C(=C24)C1=O)C5=CC=C(S5)C)C(=O)N(C3=O)CC(CCCCCCCC)CCCCCCCCCC)C6=CC=C(S6)C7=CC(=C(S7)C8=C(C=C(S8)C)OC)OC,PDI core not found
CCCCCCCCCCC(CCCCCCCC)CN1C(=O)C2=CC(=C3C4=C(C=C(C(=C24)C1=O)C)C(=O)N(C3=O)CC(CCCCCCCC)CCCCCCCCCC)C5=CC(=C(S5)C6=C(C=C(S6)C)OC)OC,PDI core not found
CC(C1=CC=CC2=CC=CC=C21)N3C(=O)C4=C5C(=CC=C6C5=C(C=C4)C(=O)N(C6=O)C(C)C7=CC=CC8=CC=CC=C87)C3=O,PDI core not found
C1=CC=C(C=C1)C(CCO)N2C(=O)C3=C4C(=CC=C5C4=C(C=C3)C(=O)N(C5=O)C(CCO)C6=CC=CC=C6)C2=O,PDI core not found
CSCC(C1=CC=CC=C1)N2C(=O)C3=C4C(=CC=C5C4=C(C=C3)C(=O)N(C5=O)C(CSC)C6=CC=CC=C6)C2=O,PDI core not found
CC1=CC=C(C=C1)CC(C2=CC=CC=C2)N3C(=O)C4=C5C(=CC=C6C5=C(C=C4)C(=O)N(C6=O)C(CC7=CC=C(C=C7)C)C8=CC=CC=C8)C3=O,PDI core not found
CC(C1=CC=C(C=C1)OC)N2C(=O)C3=C4C(=CC=C5C4=C(C=C3)C(=O)N(C5=O)C(C)C6=CC=C(C=C6)OC)C2=O,PDI core not found
CC(C1=CC2=CC=CC=C2C=C1)N3C(=O)C4=C5C(=CC=C6C5=C(C=C4)C(=O)N(C6=O)C(C)C7=CC8=CC=CC=C8C=C7)C3=O,PDI core not found
CC(C1=CC(=CC=C1)OC)N2C(=O)C3=C4C(=CC=C5C4=C(C=C3)C(=O)N(C5=O)C(C)C6=CC(=CC=C6)OC)C2=O,PDI core not found
CC(C1=CC=C(C=C1)[N+](=O)[O-])N2C(=O)C3=C4C(=CC=C5C4=C(C=C3)C(=O)N(C5=O)C(C)C6=CC=C(C=C6)[N+](=O)[O-])C2=O,PDI core not found
CCC(C1=CC=CC=C1)N2C(=O)C3=C4C(=CC=C5C4=C(C=C3)C(=O)N(C5=O)C(CC)C6=CC=CC=C6)C2=O,PDI core not found
CC(C)(C)C(C1=CC=CC=C1)N2C(=O)C3=C4C(=CC=C5C4=C(C=C3)C(=O)N(C5=O)C(C6=CC=CC=C6)C(C)(C)C)C2=O,PDI core not found
CC(C1=CC=C(C=C1)O)N2C(=O)C3=C4C(=CC=C5C4=C(C=C3)C(=O)N(C5=O)C(C)C6=CC=C(C=C6)O)C2=O,PDI core not found
C1=CC=C(C=C1)CC(C2=CC=CC=C2)N3C(=O)C4=C5C(=CC=C6C5=C(C=C4)C(=O)N(C6=O)C(CC7=CC=CC=C7)C8=CC=CC=C8)C3=O,PDI core not found
CC1=CC=C(C=C1)C(C)N2C(=O)C3=C4C(=CC=C5C4=C(C=C3)C(=O)N(C5=O)C(C)C6=CC=C(C=C6)C)C2=O,PDI core not found
C1=CC=C(C=C1)C(CO)N2C(=O)C3=C4C(=CC=C5C4=C(C=C3)C(=O)N(C5=O)C(CO)C6=CC=CC=C6)C2=O,PDI core not found
CC1=CC=C(C=C1)C2(C3=CC=CC=C3C4=CC=CC=C42)C5=CC=C(C=C5)N6C(=O)C7=C8C(=CC=C9C8=C(C=C7)C(=O)N(C9=O)C1=CC(=C(C=C1)C1=C(C=C(C=C1)N1C(=O)C2=C3C(=CC=C4C3=C(C=C2)C(=O)N(C4=O)C)C1=O)S(=O)(=O)O)S(O)(O)O)C6=O,PDI core not found
C1=CC2=C3C(=CC=C4C3=C1C(=O)N(C4=O)CCCCCO)C(=O)N(C2=O)CCCCCO,PDI core not found
CCCCCCN1C(=O)C2=C3C(=CC=C4C3=C(C=C2)C(=O)N(C4=O)CCOCCOC(=O)C(CC(CC)C(=O)OCCOCCN5C(=O)C6=C7C(=CC=C8C7=C(C=C6)C(=O)N(C8=O)CCCC)C5=O)CC(CC(C)C(=O)OCCCCO)C(=O)OCCCC)C1=O,PDI core not found
CCCCCCN1C(=O)C2=C3C(=CC=C4C3=C(C=C2)C(=O)N(C4=O)CCOCCOC(=O)C(CC(C)C(=O)OCCOCCN5C(=O)C6=C7C(=CC=C8C7=C(C=C6)C(=O)N(C8=O)CCOCCO)C5=O)CC(CC)C(=O)OCCOCCN9C(=O)C2=C3C(=CC=C4C3=C(C=C2)C(=O)N(C4=O)CCCC)C9=O)C1=O,PDI core not found
C=CC(=O)OCCCCCN1C(=O)C2=C3C(=CC=C4C3=C(C=C2)C(=O)N(C4=O)CCCCCO)C1=O,PDI core not found
CCCCCC(C)N1C(=O)C2=C3C(=CC=C4C3=C(C=C2)C(=O)N(C4=O)N5C(=O)C6=C7C(=CC=C8C7=C(C=C6)C(=O)N(C8=O)C(C)CCCCC)C5=O)C1=O,PDI core not found
C1=CC(=CC(=C1)N2C(=O)C3=C4C(=CC=C5C4=C(C=C3)C(=O)N(C5=O)C6=CC(=CC=C6)OC=O)C2=O)C(=O)O,PDI core not found
CN1C(=O)C2=C3C(=CC=C4C3=C(C=C2)C(=O)N(C4=O)C#CC#CC#C)C1=O,PDI core not found
CCCCCCCCN1C(=O)C2=CC(=C3C4=C(C=C(C(=C24)C1=O)C#N)C(=O)N(C3=O)CCCCCCCC)[N+]#[C-],PDI core not found
CC(CCC=C(C)C)CCC1=CC=C(C=C1)N2C(=O)C3=CC(=C4C5=C(C=C(C(=C35)C2=O)C#N)C(=O)N(C4=O)C6=CC=C(C=C6)CCC(C)CCC=C(C)C)[N+]#[C-],PDI core not found
CC1=CC(=C(C=C1N2C(=O)C3=C4C(=CC=C5C4=C(C=C3)C(=O)N(C5=O)C6=CC=CC=C6)C2=O)OC)[N+](=O)[O-],PDI core not found
CC1=C(C=C(C=C1)OC)N2C(=O)C3=C4C(=CC=C5C4=C(C=C3)C(=O)N(C5=O)C6=CC(=C(C=C6C)[N+](=O)[O-])OC)C2=O,PDI core not found
CC1=CC=C(C=C1)N2C(=O)C3=C4C(=CC=C5C4=C(C=C3)C(=O)N(C5=O)C6=CC(=C(C=C6C)[N+](=O)[O-])OC)C2=O,PDI core not found
CC1CCC(C1)N2C(=O)C3=C4C(=CC=C5C4=C(C=C3)C(=O)N(C5=O)C6CCC(C6)C)C2=O,PDI core not found
CC1CCCCC1N2C(=O)C3=C4C(=CC=C5C4=C(C=C3)C(=O)N(C5=O)C6CCCCC6C)C2=O,PDI core not found
CCCCC1=CC=C(C=C1)N2C(=O)C3=C4C(=CC=C5C4=C(C=C3)C(=O)N(C5=O)C6=CC=C(C=C6)C(C)(C)C)C2=O,PDI core not found
CC(C)(C)C1=CC(=C(C=C1)C(C)(C)C)N2C(=O)C3=C4C(=CC=C5C4=C(C=C3)C(=O)N(C5=O)N6C(=O)C7=C8C(=CC=C9C8=C(C=C7)C(=O)N(C9=O)C1=C(C=CC(=C1)C(C)(C)C)C(C)(C)C)C6=O)C2=O,PDI core not found
CCCCOCC(CC)N1C(=O)C2=C3C(=CC=C4C3=C(C=C2)C(=O)N(C4=O)N5C(=O)C6=C7C(=CC=C8C7=C(C=C6)C(=O)N(C8=O)C(CC)COCCCC)C5=O)C1=O,PDI core not found
CCCCCCCCOCC(CC)N1C(=O)C2=C3C(=CC=C4C3=C(C=C2)C(=O)N(C4=O)N5C(=O)C6=C7C(=CC=C8C7=C(C=C6)C(=O)N(C8=O)C(CC)COCCCCCCCC)C5=O)C1=O,PDI core not found
CCCCC1=CC=CC=C1N2C(=O)C3=C4C(=CC=C5C4=C(C=C3)C(=O)N(C5=O)N6C(=O)C7=C8C(=CC=C9C8=C(C=C7)C(=O)N(C9=O)C1=CC=CC=C1CCCC)C6=O)C2=O,PDI core not found
CC(COC)N1C(=O)C2=C3C(=CC=C4C3=C(C=C2)C(=O)N(C4=O)N5C(=O)C6=C7C(=CC=C8C7=C(C=C6)C(=O)N(C8=O)C(C)COC)C5=O)C1=O,PDI core not found
C[N+]1=CN(C=C1)CCCN2C(=O)C3=C4C(=CC=C5C4=C(C=C3)C(=O)N(C5=O)CCCN6C=C[N+](=C6)C)C2=O,PDI core not found
CCC1CCN(C2=CC=CC=C12)N3C(=O)C4=C5C(=C(C=C6C5=C(C(=C4)C)C(=O)N(C6=O)N7CCN(C8=CC=CC=C87)CC)C)C3=O,PDI core not found
C1CC=C(C=C1)CCN(C2=CC=CC=C2)N3C(=O)C4=C5C(=CC=C6C5=C(C=C4)C(=O)N(C6=O)N(CCC7=CC=CC=C7)C8=CC=CC=C8)C3=O,PDI core not found
CC(C)C1=CC=C(C=C1)N(C2=CCC(C=C2)C(C)(C)C)N3C(=O)C4=C5C(=CC=C6C5=C(C=C4)C(=O)N(C6=O)N(C7=CC=C(C=C7)C(C)C)C8=CC=C(C=C8)C(C)(C)C)C3=O,PDI core not found
CC1CC=C2C(=C1)C3=CC=CC=C3N2N4C(=O)C5=C6C(=CC=C7C6=C(C=C5)C(=O)N(C7=O)N8C9=C(C=C(C=C9)C)C1=CC=CC=C18)C4=O,PDI core not found
CCCC(CC)N(CC1=CC=C(C=C1)OCC)N2C(=O)C3=C4C(=CC=C5C4=C(C=C3)C(=O)N(C5=O)N(CC6=CC=C(C=C6)OCC)C7CCCCC7)C2=O,PDI core not found
CCCCCC(C)N(CC1=CC=CC=C1)N2C(=O)C3=C4C(=CC=C5C4=C(C=C3)C(=O)N(C5=O)N(CC6=CC=CC=C6)C(C)CCCC)C2=O,PDI core not found
CCCCCC(C)N(C(C)CCCC)N1C(=O)C2=C3C(=CC=C4C3=C(C=C2)C(=O)N(C4=O)N(CC5=CC=CC=C5)C6=CC=CC=C6)C1=O,PDI core not found
C1=CC=C(C=C1)CN(C2=CC=CC=C2)N3C(=O)C4=C5C(=CC=C6C5=C(C=C4)C(=O)N(C6=O)N(CC7=CC=CC=C7)C8=CC=CC=C8)C3=O,PDI core not found
CCCCCCN(C(C)CCOC)N1C(=O)C2=C3C(=CC=C4C3=C(C=C2)C(=O)N(C4=O)N(CCCCC)C(C)CCOCC)C1=O,PDI core not found
CN(C1=CC=CC=C1)N2C(=O)C3=C4C(=CC=C5C4=C(C=C3)C(=O)N(C5=O)N(CC6=CC=CC=C6)C7=CC=CC=C7)C2=O,PDI core not found
CN(CCCNC(=O)CC1CCCC1)CCCN2C(=O)C3=C4C(=CC=C5C4=C(C=C3)C(=O)N(C5=O)CCCN(C)CCCNC(=O)CC6CCCC6)C2=O,PDI core not found
CCC1=CC=CC(=C1N2C(=O)C3=C4C(=CC=C5C4=C(C=C3)C(=O)N(C5=O)C)C2=O)C,PDI core not found
C1=CC2=C3C(=CC=C4C3=C1C(=O)N(C4=O)CC(O)O)C(=O)N(C2=O)CC(=O)O,PDI core not found
C1CCC(C1)C(=O)NCCCN2CCN(CC2)CCCN3C(=O)C4=C5C(=CC=C6C5=C(C=C4)C(=O)N(C6=O)CCCN7CCN(CC7)CCCNC(=O)C8CCCC8)C3=O,PDI core not found
CN(CCCNC(=O)CC1CCCC1)CCCN2C(=O)C3=C4C(=CC=C5C4=C(C=C3)C(=O)N(C5=O)CCCCCCCNC(=O)CC6CCCC6)C2=O,PDI core not found
C[N+](C)(CCCNC(=O)CC1CCCC1)CCCN2C(=O)C3=C4C(=CC=C5C4=C(C=C3)C(=O)N(C5=O)CCC[N+](C)(C)CCCNC(=O)CC6CCCC6)C2=O,PDI core not found
CCC(COC)N1C(=O)C2=C3C(=CC=C4C3=C(C=C2)C(=O)N(C4=O)C(CC)COC)C1=O,PDI core not found
CC(COC)N1C(=O)C2=C3C(=CC=C4C3=C(C=C2)C(=O)N(C4=O)C(C)COC)C1=O,PDI core not found
C1CCC(C1)NC(=O)CCCN2CCN(CC2)CCCN3C(=O)C4=C5C(=CC=C6C5=C(C=C4)C(=O)N(C6=O)CCCN7CCN(CC7)CCCC(=O)NC8CCCC8)C3=O,PDI core not found
CC1=CC=C(C=C1)C2(C3=CC=CC=C3C4=CC=CC=C42)C5=CC=C(C=C5)N6C(=O)C7=C8C(=CC=C9C8=C(C=C7)C(=O)N(C9=O)C1=CC(=C(C=C1)C1=C(C=C(C=C1)N1C(=O)C2=C3C(=CC=C4C3=C(C=C2)C(=O)N(C4=O)C)C1=O)S(=O)(=O)OC)S(=O)(=O)OC)C6=O,PDI core not found
COS(=O)(=O)C1=C(C=CC(=C1)N)C2=C(C=C(C=C2)N3C(=O)C4=C5C(=CC=C6C5=C(C=C4)C(=O)N(C6=O)C7=CC(=C(C=C7)C8=C(C=C(C=C8)N)S(=O)(=O)OC)S(=O)(=O)OC)C3=O)S(=O)(=O)OC,PDI core not found
CC(=O)CCN(CCC(=O)C)CCC(=O)NCCCN(CCC(=O)NCCCN(CCC(=O)NCCCN1C(=O)C2=C3C(=CC=C4C3=C(C=C2)C(=O)N(C4=O)C5=CC=[N+](C=C5)C)C1=O)CCC(=O)NCCCN6C(=O)C7=C8C(=CC=C9C8=C(C=C7)C(=O)N(C9=O)C1=CC=[N+](C=C1)C)C6=O)CCC(=O)NCCCN(CCC(=O)NCCCN1C(=O)C2=C3C(=CC=C4C3=C(C=C2)C(=O)N(C4=O)C2=CC=[N+](C=C2)C)C1=O)CCC(=O)NCCCN1C(=O)C2=C3C(=CC=C4C3=C(C=C2)C(=O)N(C4=O)C2=CC=[N+](C=C2)C)C1=O,PDI core not found
CN(C)CCN1C(=O)C2=C3C(=CC=C4C3=C(C=C2)C(=O)N(C4=O)CCCCCC(=O)ON5C(=O)CCC5=O)C1=O,PDI core not found
CN(C)CCN1C(=O)C2=C3C(=CC=C4C3=C(C=C2)C(=O)N(C4=O)CCCCCC(=O)NCCOCCOCCOCCOCCC(=O)NCCCOC5=CC(=CC(=C5)C(=O)NCCCCCC(=O)ON6C(=O)CCC6=O)OCCCNC(=O)CCOCCOCCOCCOCCNC(=O)CCCCCN7C(=O)C8=C9C(=CC=C2C9=C(C=C8)C(=O)N(C2=O)CCN(C)C)C7=O)C1=O,PDI core not found
CCC1=C2C3=C(C=CC4=C3C(=C1CC)C(=O)N(C4=O)CC(=O)O)C(=O)N(C2=O)CC(=O)O,PDI core not found
C1=CC2=C3C(=CC=C4C3=C1C(=O)N(C4=O)O)C(=O)N(C2=O)O,PDI core not found
CCCCCCCCN1C(=O)C2=CC(=C3C4=C(C=C(C(=C24)C1=O)CCC5=CC=CC=C5)C(=O)N(C3=O)CCCCCCCC)CCC6=CC=CC=C6,PDI core not found
CCCCOCC(CC)N1C(=O)C2=C3C(=CC=C4C3=C(C=C2)C(=O)N(C4=O)C)C1=O,PDI core not found
CCC(COC)N1C(=O)C2=C3C(=CC=C4C3=C(C=C2)C(=O)N(C4=O)C)C1=O,PDI core not found
CCCCCC(C)N1C(=O)C2=C3C(=CC=C4C3=C(C=C2)C(=O)N(C4=O)C)C1=O,PDI core not found
CN1C(=O)C2=C3C(=CC=C4C3=C(C=C2)C(=O)N(C4=O)CCCOC)C1=O,PDI core not found
CCCCC(CC)COCCCN1C(=O)C2=C3C(=CC=C4C3=C(C=C2)C(=O)N(C4=O)N5C(=O)C6=C7C(=CC=C8C7=C(C=C6)C(=O)N(C8=O)C(C)CCC(C)CC)C5=O)C1=O,PDI core not found
CCCCCC(C)N1C(=O)C2=C3C(=CC=C4C3=C(C=C2)C(=O)N(C4=O)N5C(=O)C6=C7C(=CC=C8C7=C(C=C6)C(=O)N(C8=O)C(C)CC)C5=O)C1=O,PDI core not found
C1CC=C(C=C1)N(C2CC=CC=C2)N3C(=O)C4=C5C(=CC=C6C5=C(C=C4)C(=O)N(C6=O)N(C7=CC=CC=C7)C8=CC=CC=C8)C3=O,PDI core not found
CC1CC(C(N(C1C)N2C(=O)C3=C4C(=CC=C5C4=C(C=C3)C(=O)N(C5=O)N(C(C)C(C)C)C(C)C(C)C)C2=O)C)C,PDI core not found
CC(C)N1C(=O)C2=C3C(=CC=C4C3=C(C=C2)C(=O)N(C4=O)C)C1=O,PDI core not found
CCC(C)(C)N1C(=O)C2=C3C(=CC=C4C3=C(C=C2)C(=O)N(C4=O)C)C1=O,PDI core not found
CCC(C)N1C(=O)C2=C3C(=CC=C4C3=C(C=C2)C(=O)N(C4=O)C)C1=O,PDI core not found
CCCCCCC(C)N1C(=O)C2=C3C(=CC=C4C3=C(C=C2)C(=O)N(C4=O)N(C)C)C1=O,PDI core not found
C=CCC(CC=C)(CC=C)C1=CC=C(C=C1)N2C(=O)C3=C4C(=CC=C5C4=C(C=C3)C(=O)NC5=O)C2=O,PDI core not found
CCCCCCCCN1C(=O)C2=C3C(=CC=C4C3=C(C=C2)C(=O)N(C4=O)C5=CC=C(C=C5)C(CC=C)(CC=C)CC=C)C1=O,PDI core not found
CCCCCCCCCCCCN1C(=O)C2=C3C(=CC=C4C3=C(C=C2)C(=O)N(C4=O)C5=CC=C(C=C5)C(CC=C)(CC=C)CC=C)C1=O,PDI core not found
CN1C(=O)C2=C3C(=CC=C4C3=C(C=C2)C(=O)N(C4=O)C5=CC=C(C=C5)C(CC=C)(CC=C)CC=C)C1=O,PDI core not found
CCC(CC)N1C(=O)C2=C3C(=CC=C4C3=C(C=C2)C(=O)NC4=O)C1=O,PDI core not found
CN(C)CCN1C(=O)C2=C3C(=CC=C4C3=C(C=C2)C(=O)N(C4=O)CCCCCC(=O)ON5C(=C)CCC5=O)C1=O,PDI core not found
CN(C)CCN1C(=O)C2=C3C(=CC=C4C3=C(C=C2)C(=O)N(C4=O)CCCCCC(=O)O)C1=O,PDI core not found
CN(C)CCN1C(=O)C2=C3C(=CC=C4C3=C(C=C2)C(=O)N(C4=O)CCOCCOCCOCCOCCC(=O)O)C1=O,PDI core not found
C[N+](C)(C)CCN1C(=O)C2=C3C(=CC=C4C3=C(C=C2)C(=O)N(C4=O)CCCCCC(=O)O)C1=O,PDI core not found
CC(C)C(=O)CCCCCN1C(=O)C2=C3C(=CC=C4C3=C(C=C2)C(=O)N(C4=O)CCN(C)C)C1=O,PDI core not found
C1=CC2=C3C(=CC=C4C3=C1C(=O)N(C4=O)CCCN)C(=O)N(C2=O)CCCN,PDI core not found
CCCCCCCN1C(=O)C2=CC(=C3C4=C(C=C(C(=C24)C1=O)C5=CC=CS5)C(=O)N(C3=O)CCCCCCC)C6=CC=CS6,PDI core not found
CCC(C)(CC)C1=CC=C(C=C1)OC2=CC=C(C=C2)N3C(=O)C4=C5C(=CC=C6C5=C(C=C4)C(=O)N(C6=O)C(C)(CC)CC)C3=O,PDI core not found
CCCCCC1CCC(CC1)N2C(=O)C3=C4C(=CC=C5C4=C(C=C3)C(=O)N(C5=O)C6CCC(CC6)C#N)C2=O,PDI core not found
CC1=CC2=C3C4=C(C=C5C3=C1C(=O)N(C5=O)CCCCCCCCCCCN6C(=O)C7=C8C(=C(C=C9C8=C(C=C7)C(=O)N(C9=O)CCCCCCCCCCCN(C2=O)C4=O)C)C6=O)C,PDI core not found
CCN1C(=O)C2=C3C(=CC=C4C3=C(C=C2)C(=O)N(C4=O)C(C)C)C1=O,PDI core not found
CC1CCC(CC1)C(=O)C(C(C)(C)OCC(C)(C)CO)(C(C)(C)OCC(C)(CO)O)OCCCCCN2C(=O)C3=C4C(=CC=C5C4=C(C=C3)C(=O)N(C5=O)CCCCCO)C2=O,PDI core not found
CCC1=C(C(=CC=C1)CC)N2C(=O)C3=C4C(=CC=C5C4=C(C=C3)C(=O)N(C5=O)C(CC)CO)C2=O,PDI core not found
CCCCC(CC)COCCCN1C(=O)C2=C3C(=CC=C4C3=C(C=C2)C(=O)N(C4=O)C)C1=O,PDI core not found
CC(CCC=C(C)C)CCC1=CC=C(C=C1)N2C(=O)C3=CC(=C4C5=C(C=C(C(=C35)C2=O)C#N)C(=O)N(C4=O)C6=CC=C(C=C6)CCC(C)CCC=C(C)C)C#N,PDI core not found
CCCC1(CCCCC1)CN2C(=O)C3=C4C(=CC=C5C4=C(C=C3)C(=O)N(C5=O)CC6(CCCCC6)CCC)C2=O,PDI core not found
COCON1C(=O)C2=C3C(=CC=C4C3=C(C=C2)C(=O)N(C4=O)OCOC)C1=O,PDI core not found
C1=CC(=C(C=C1N2C(=O)C3=C4C(=CC=C5C4=C(C=C3)C(=O)N(C5=O)C6=CC(=C(C=C6)C#N)C#N)C2=O)C#N)C#N,PDI core not found
CC(C)(C)C1=CC=CC=C1N2C(=O)C3=C4C(=CC=C5C4=C(C=C3)C(=O)N(C5=O)CCO)C2=O,PDI core not found
CCCCCCC(CCCC)CN1C(=O)C2=C3C(=C(SC3=C4C5=C2C(=C6C(=C5C(=O)N(C4=O)CC(CCCC)CCCCCC)C(=C(S6)C#N)C#N)C1=O)C#N)C#N,PDI core not found
CCCCC1(C2=CC=CC=C2C3=C1C=C(C=C3)N4C(=O)C5=C6C(=CC=C7C6=C(C=C5)C(=O)N(C7=O)C8=CC9=C(C=C8)C1=CC=CC=C1C9(CCCC)CCCC)C4=O)CCCC,PDI core not found
CCCC1(C2=CC=CC=C2C3=C1C=C(C=C3)N4C(=O)C5=C6C(=CC=C7C6=C(C=C5)C(=O)N(C7=O)C8=CC9=C(C=C8)C1=CC=CC=C1C9(CCC)CCC)C4=O)CCC,PDI core not found
CCC1(C2=CC=CC=C2C3=C1C=C(C=C3)N4C(=O)C5=C6C(=CC=C7C6=C(C=C5)C(=O)N(C7=O)C8=CC9=C(C=C8)C1=CC=CC=C1C9(CC)CC)C4=O)CC,PDI core not found
CC1(C2=CC=CC=C2C3=C1C=C(C=C3)N4C(=O)C5=C6C(=CC=C7C6=C(C=C5)C(=O)N(C7=O)C8=CC9=C(C=C8)C1=CC=CC=C1C9(C)C)C4=O)C,PDI core not found
CN1C(=O)C2=CC(=C3C4=C(C=C(C(=C24)C1=O)C#N)C(=O)N(C3=O)C)C#N,PDI core not found
CCCN1C(=O)C2=C3C4=C(C(=C2)C)C(=O)N(C(=O)C4=CC(=C3C1=O)C5=CC=C(S5)C6=CC=C(S6)C)CC(C)C,PDI core not found
CCCCCCCCN1C(=O)C2=CC(=C3C4=C(C=C(C(=C24)C1=O)C#N)C(=O)N(C3=O)CCCCCCCC)C#N,PDI core not found
CC(C)CN1C(=O)C2=C3C(=C(SC3=C4C5=C2C(=C6C(=C5C(=O)N(C4=O)CC(C)C)C(=C(S6)C#N)C#N)C1=O)C#N)C#N,PDI core not found
C1=CC2=C3C(=CC=C4C3=C1C(=O)NC4=O)C(=O)N(C2=O)N,PDI core not found
CCCCCC(C)N1C(=O)C2=C3C(=CC=C4C3=C(C=C2)C(=O)N(C4=O)N5C(=O)C6=C7C(=CC=C8C7=C(C=C6)C(=O)N(C8=O)C)C5=O)C1=O,PDI core not found
CN1C(=O)C2=C3C(=CC=C4C3=C(C=C2)C(=O)N(C4=O)N5C(=O)C6=C7C(=CC=C8C7=C(C=C6)C(=O)N(C8=O)C)C5=O)C1=O,PDI core not found
CN1C(=O)C2=C3C(=CC=C4C3=C(C=C2)C(=O)N(C4=O)N)C1=O,PDI core not found
CCCCC1=CC(=C(C=C1)CCCC)N2C(=O)C3=C4C(=CC=C5C4=C(C=C3)C(=O)N(C5=O)N)C2=O,PDI core not found
CC1=C(C(=CC=C1)C)N2C(=O)C3=C4C(=C(C=C5C4=C(C(=C3)C)C(=O)N(C5=O)N6C(=O)C7=C8C(=CC=C9C8=C(C=C7)C(=O)N(C9=O)C(CCCC#N)COC)C6=O)C)C2=O,PDI core not found
C1=CC2=C3C(=CC=C4C3=C1C(=O)NC4=O)C(=O)N(C2=O)CCCN5C=CN=C5,PDI core not found
CCC(CC1COC2=CSC=C2O1)OCC(C)(CC)N3C(=O)C4=C5C(=CC=C6C5=C(C=C4)C(=O)N(C6=O)C(C)CO)C3=O,PDI core not found
C1CC(CC(C1)N2C(=O)C3=C4C(=CC=C5C4=C(C=C3)C(=O)N(C5=O)CCCO)C2=O)C6COC7=CSC=C7O6,PDI core not found
CCC(C)(CC)N1C(=O)C2=C3C(=CC=C4C3=C(C=C2)C(=O)N(C4=O)C5=CC=C(C=C5)C(C)(C)C)C1=O,PDI core not found
CCC(C)(CC)N1C(=O)C2=C3C(=CC=C4C3=C(C=C2)C(=O)N(C4=O)C)C1=O,PDI core not found
CCC(C)(C)N1C(=O)C2=C3C(=CC=C4C3=C(C=C2)C(=O)N(C4=O)C5=CC=C(C=C5)C6=CC=C(C=C6)C(C)(C)C)C1=O,PDI core not found
CN1C(=O)C2=CC(=C3C4=C(C=C(C(=C24)C1=O)C#N)C(=O)N(C3=O)C)C(=O)OCC5=CC=CC=C5,PDI core not found
CCC(C1=CC=C(C=C1)OC)N2C(=O)C3=C4C(=CC=C5C4=C(C=C3)C(=O)N(C5=O)C(C)C6=CC=C(C=C6)OC)C2=O,PDI core not found
CCC(CC)N1C(=O)C2=C3C(=CC=C4C3=C(C=C2)C(=O)N(C4=O)N(C)C5CC=CC=C5)C1=O,PDI core not found
CCCCCC(C)N1C(=O)C2=C3C(=CC=C4C3=C(C=C2)C(=O)NC4=O)C1=O,PDI core not found
CCCC(CCC)N1C(=O)C2=C3C(=CC=C4C3=C(C=C2)C(=O)N(C4=O)N(C)C5CC=CC=C5)C1=O,PDI core not found
CCCCCC(C)N1C(=O)C2=C3C(=CC=C4C3=C(C=C2)C(=O)N(C4=O)N(C5CC=CC=C5)C6=CC=CC=C6)C1=O,PDI core not found
C1CCN(CC1)N2C(=O)C3=C4C(=CC=C5C4=C(C=C3)C(=O)NC5=O)C2=O,PDI core not found
CCC(C)N1C(=O)C2=C3C(=CC=C4C3=C(C=C2)C(=O)N(C4=O)N(CC)C5CC=CC=C5)C1=O,PDI core not found
CCN1C(=O)C2=C3C(=CC=C4C3=C(C=C2)C(=O)N(C4=O)N(C5=CC=CCC5)C6=CC=CC=C6)C1=O,PDI core not found
CCCC(C)N1C(=O)C2=C3C(=CC=C4C3=C(C=C2)C(=O)N(C4=O)N5CCN(CC5)C)C1=O,PDI core not found
CCN1C(=O)C2=C3C(=CC=C4C3=C(C=C2)C(=O)N(C4=O)C(C)(C)C)C1=O,PDI core not found
CC1=C(C=C(C=C1)OC)N2C(=O)C3=C4C(=CC=C5C4=C(C=C3)C(=O)N(C5=O)C6=CC(=C(C=C6C)C)OC)C2=O,PDI core not found
CC1=CC(=C(C=C1C)N2C(=O)C3=C4C(=CC=C5C4=C(C=C3)C(=O)N(C5=O)C6=CC=CC=C6)C2=O)C,PDI core not found
CC(CCN1C(=O)C2=C3C(=CC=C4C3=C(C=C2)C(=O)N(C4=O)CCC(C)CC(C)(C)CC(C)(C)C)C1=O)CC(C)(C)CC(C)(C)C,PDI core not found
C1C=CC=C1C2=CC(=CC=C2)N3C(=O)C4=C5C(=CC=C6C5=C(C=C4)C(=O)N(C6=O)C7=CC=CC(=C7)C8=CC=CC8)C3=O,PDI core not found
CC1=CC(=CC(=C1N2C(=O)C3=C4C(=C(C(=C5C4=C(C(=C3C)C)C(=O)N(C5=O)C6=C(C=C(C=C6C)C7=CC=CC7)C)C)C)C2=O)C)C8=CC=CC8,PDI core not found
C1C=CC=C1C2=CC=CC=C2N3C(=O)C4=C5C(=CC=C6C5=C(C=C4)C(=O)N(C6=O)C7=CC=CC=C7C8=CC=CC8)C3=O,PDI core not found
CC1=CC2=C3C(=C(C=C4C3=C1C(=O)N(C4=O)C5=CC=CC=C5C6=CC=CC6)C)C(=O)N(C2=O)C7=CC=CC=C7C8=CC=CC8,PDI core not found
C1C=CC(=C1)C2=CC=C(C=C2)N3C(=O)C4=C5C(=CC=C6C5=C(C=C4)C(=O)N(C6=O)C7=CC=C(C=C7)C8=CC=CC=C8)C3=O,PDI core not found
CCN(CC)C1=CC=C(C=C1)N2C(=O)C3=C4C(=CC=C5C4=C(C=C3)C(=O)N(C5=O)C6=CC=C(C=C6)C7=CCC=C7)C2=O,PDI core not found
C1C=CC(=C1)C2=CC=C(C=C2)N3C(=O)C4=C5C(=CC=C6C5=C(C=C4)C(=O)N(C6=O)C7=CC(=CC=C7)OC8=CC=CC=C8)C3=O,PDI core not found
C1C=CC(=C1)C2=CC=C(C=C2)N3C(=O)C4=C5C(=CC=C6C5=C(C=C4)C(=O)N(C6=O)C7=CC=CC(=C7)NC8=CC=CC=C8)C3=O,PDI core not found
C1C=CC(=C1)C2=CC=C(C=C2)N3C(=O)C4=C5C(=CC=C6C5=C(C=C4)C(=O)N(C6=O)C7=CC=C(C=C7)CC8=CC=CC=C8)C3=O,PDI core not found
C1C=CC(=C1)C2=CC=C(C=C2)N3C(=O)C4=C5C(=CC=C6C5=C(C=C4)C(=O)N(C6=O)C7=CC=C(C=C7)OCC8=CC=CC=C8)C3=O,PDI core not found
C1C=CC(=C1)C2=CC=C(C=C2)N3C(=O)C4=C5C(=CC=C6C5=C(C=C4)C(=O)N(C6=O)C7=CC=CC(=C7)C(=O)C8=CC=CC=C8)C3=O,PDI core not found
CCC(CC)COCC1=CC(=CC=C1)N2C(=O)C3=C4C(=CC=C5C4=C(C=C3)C(=O)N(C5=O)C6=CC=C(C=C6)C7=CCC=C7)C2=O,PDI core not found
CCOC(=O)C1=CC(=CC=C1)N2C(=O)C3=C4C(=CC=C5C4=C(C=C3)C(=O)N(C5=O)C6=CC=C(C=C6)C7=CCC=C7)C2=O,PDI core not found
C1C=CC(=C1)C2=CC=C(C=C2)N3C(=O)C4=C5C(=CC=C6C5=C(C=C4)C(=O)N(C6=O)C7=CC(=CC=C7)OC8=CC=CC=N8)C3=O,PDI core not found
C1C=CC(=C1)C2=CC=C(C=C2)N3C(=O)C4=C5C(=CC=C6C5=C(C=C4)C(=O)N(C6=O)C7=CC(=CC=C7)N(CC8=CC=CC=C8)CC9=CC=CC=C9)C3=O,PDI core not found
C1C=CC(=C1)C2=CC=C(C=C2)N3C(=O)C4=C5C(=CC=C6C5=C(C=C4)C(=O)N(C6=O)C7=CC=CC(=C7)C(=O)OCC8=CC=CC=C8)C3=O,PDI core not found
C1C=CC(=C1)C2=CC=C(C=C2)N3C(=O)C4=C5C(=CC=C6C5=C(C=C4)C(=O)N(C6=O)C7=CC=CC=N7)C3=O,PDI core not found
CC(C)OC1=CC=CC(=C1)N2C(=O)C3=C4C(=CC=C5C4=C(C=C3)C(=O)N(C5=O)C6=CC=C(C=C6)C7=CCC=C7)C2=O,PDI core not found
CCCCN(CCCC)C(=O)C1=CC(=CC=C1)N2C(=O)C3=C4C(=CC=C5C4=C(C=C3)C(=O)N(C5=O)C6=CC=C(C=C6)C7=CCC=C7)C2=O,PDI core not found
CC1=CC2=C(C=C1)OC(=N2)C3=CC=C(C=C3)N4C(=O)C5=C6C(=CC=C7C6=C(C=C5)C(=O)N(C7=O)C8=CC=C(C=C8)C9=CCC=C9)C4=O,PDI core not found
C1C=CC=C1C2=CC=C(C3=CC=CC=C32)N4C(=O)C5=C6C(=CC=C7C6=C(C=C5)C(=O)N(C7=O)C8=CC=C(C9=CC=CC=C98)C1=CC=CC1)C4=O,PDI core not found
C1CSC(=N1)SC2=CC=CC=C2N3C(=O)C4=C5C(=CC=C6C5=C(C=C4)C(=O)N(C6=O)C7=CC=C(C=C7)C8=CCC=C8)C3=O,PDI core not found
CC(C1=CC(=CC=C1)N2C(=O)C3=C4C(=CC=C5C4=C(C=C3)C(=O)N(C5=O)C6=CC=C(C=C6)C7=CCC=C7)C2=O)OC(=O)CCC(=O)C8=CC=CC8,PDI core not found
CC=CC(=O)OCC1=CC(=CC=C1)N2C(=O)C3=C4C(=CC=C5C4=C(C=C3)C(=O)N(C5=O)C6=CC=C(C=C6)C7=CCC=C7)C2=O,PDI core not found
CCC(=O)OC(C)C1=CC(=CC=C1)N2C(=O)C3=C4C(=CC=C5C4=C(C=C3)C(=O)N(C5=O)C6=CC=C(C=C6)C7=CCC=C7)C2=O,PDI core not found
C1C=CC(=C1)C2=CC=C(C=C2)N3C(=O)C4=C5C(=CC=C6C5=C(C=C4)C(=O)N(C6=O)C7=CC=C(C=C7)C(=O)OCC8=CC=CC8)C3=O,PDI core not found
C1C=CC(=C1)C2=CC=C(C=C2)N3C(=O)C4=C5C(=CC=C6C5=C(C=C4)C(=O)N(C6=O)C7=CC=C(C=C7)OCCC8=CC=CC8)C3=O,PDI core not found
CCC(=C1CC(CC1C2=CC=C(C=C2)N3C(=O)C4=C5C(=CC=C6C5=C(C=C4)C(=O)N(C6=O)C7=CC=CC(=C7)C(=O)C8=CC=CC=C8)C3=O)C)CC,PDI core not found
CCC1=CC=CC(=C1N2C(=O)C3=C4C(=CC=C5C4=C(C=C3)C(=O)N(C5=O)N(CC(C)OC)C6=NC(=CS6)C)C2=O)C,PDI core not found
CC(COCCN1C(=O)C2=C3C(=CC=C4C3=C(C=C2)C(=O)N(C4=O)C5=NC=CS5)C1=O)OC,PDI core not found
CCCCC(N1C(=O)C2=C3C(=CC=C4C3=C(C=C2)C(=O)N(C4=O)C(CCCC)O)C1=O)O,PDI core not found
CCCCN1C(=O)C2=C3C(=CC=C4C3=C(C=C2)C(=O)N(C4=O)CCOCCO)C1=O,PDI core not found
CSCC(C1=CCCC=C1)N2C(=O)C3=C4C(=CC=C5C4=C(C=C3)C(=O)N(C5=O)C(CSC)C6=CC=CC=C6)C2=O,PDI core not found
CCCCCC(C)N1C(=C)C2=C3C(=CC=C4C3=C(C=C2)C(=O)N(C4=O)N5C(=O)C6=C7C(=CC=C8C7=C(C=C6)C(=O)N(C8=O)CCCOCC(CC)CCCC)C5=O)C1=O,PDI core not found
CCC1=C(C(=CC=C1)C(C)C)N2C(=O)C3=CC(=C4C5=C3C(=C(C=C5C(=O)N(C4=O)C6=C(C=CC=C6C(C)C)C(C)C)N7CCCC7)C2=O)N8CCCC8,PDI core not found
CC(C)(C)C1=CC(=CC=C1)N2C(=O)C3=C4C(=CC=C5C4=C(C=C3)C(=O)N(C5=O)N)C2=O,PDI core not found
CC(C)(C)C1CC(=CC=C1)N2C(=O)C3=C4C(=CC=C5C4=C(C=C3)C(=O)N(C5=O)N6C(=O)C7=C8C(=CC=C9C8=C(C=C7)C(=O)N(C9=O)C1=CC=CC(=C1)C(C)(C)C)C6=O)C2=O,PDI core not found
CCCCCC(C)N1C(=O)C2=C3C(=CC=C4C3=C(C=C2)C(=O)N(C4=O)N5C(=O)C6=C7C(=CC=C8C7=C(C=C6)C(=O)NC8=O)C5=O)C1=O,PDI core not found
CC(C)(C)C1CCCC(C1)N2C(=O)C3=C4C(=CC=C5C4=C(C=C3)C(=O)N(C5=O)N6C(=O)C7=C8C(=CC=C9C8=C(C=C7)C(=O)N(C9=O)C1=CC=CC(=C1)C(C)(C)C)C6=O)C2=O,PDI core not found
CN1C(=O)C2=C3C(=CC=C4C3=C(C=C2)C(=O)N(C4=O)N5C(=O)C6=C7C(=CC=C8C7=C(C=C6)C(=O)NC8=O)C5=O)C1=O,PDI core not found
CC1=CC(=CC(=C1N2C(=O)C3=C4C(=CC=C5C4=C(C=C3)C(=O)N(C5=O)C6=C(C=C(C=C6C)C7=CC=CC7)C)C2=O)C)C8=CC=CC8,PDI core not found
C1C=CC=C1C2=CC=C(C=C2)N3C(=O)C4=C5C(=CC=C6C5=C(C=C4)C(=O)N(C6=O)C7=CC=C(C=C7)C8=CC=CC8)C3=O,PDI core not found
CCCCC1C=CC(=CC1C)N2C(=O)C3=C4C(=CC=C5C4=C(C=C3)C(=O)N(C5=O)C6=CC=C(C=C6)CCCC)C2=O,PDI core not found
CN(C)CCCN1C(=O)C2=C3C(=CC=C4C3=C(C=C2)C(=O)N(C4=O)CCCOCCOCCOCCCN)C1=O,PDI core not found
C1=CC2=C3C(=CC=C4C3=C1C(=O)N(C4=O)CCCOCCOCCOCCCN)C(=O)N(C2=O)CCCOCCOCCOCCCN,PDI core not found
CC(C)C1=C(C(=CC=C1)C(C)C)N2C(=O)C3=C4C5=CC=CC=C5NC4=C6C7=C3C(=C8C(=C7C(=O)N(C6=O)C9=C(C=CC=C9C(C)C)C(C)C)C1=CC=CC=C1N8)C2=O,PDI core not found
CC(C)C1=C(C(=CC=C1)C(C)C)N2C(=O)C3=C4C5=C(C=CC(=C5)C#N)NC4=C6C7=C3C(=C8C(=C7C(=O)N(C6=O)C9=C(C=CC=C9C(C)C)C(C)C)C1=C(N8)C=CC(=C1)C#N)C2=O,PDI core not found
C1CCC(C1)C=CC(=O)OCC2=CC(=CC=C2)N3C(=O)C4=C5C(=CC=C6C5=C(C=C4)C(=O)N(C6=O)C7=CC=C(C=C7)C8CCCC8)C3=O,PDI core not found
CC=CC(=O)OCC1=CC(=CC=C1)N2C(=O)C3=C4C(=CC=C5C4=C(C=C3)C(=O)N(C5=O)C6=CC=C(C=C6)C7CCCC7)C2=O,PDI core not found
C1CCC(C1)C=CC(=O)OC2=CC=CC(=C2)N3C(=O)C4=C5C(=CC=C6C5=C(C=C4)C(=O)N(C6=O)C7=CC=C(C=C7)C8CCCC8)C3=O,PDI core not found
CC=CC1=CC=C(C=C1)N2C(=O)C3=C4C(=CC=C5C4=C(C=C3)C(=O)N(C5=O)C6=CC=C(C=C6)C7CCCC7)C2=O,PDI core not found
CC(=CC1CCCC1)C2=CC=C(C=C2)N3C(=O)C4=C5C(=CC=C6C5=C(C=C4)C(=O)N(C6=O)C7=CC=C(C=C7)C8CCCC8)C3=O,PDI core not found
C1CCC(C1)C=CC2=CC=C(C=C2)N3C(=O)C4=C5C(=CC=C6C5=C(C=C4)C(=O)N(C6=O)C7=CC=C(C=C7)C8CCCC8)C3=O,PDI core not found
CC(C)CC(CO)N1C(=O)C2=C3C(=CC=C4C3=C(C=C2)C(=O)N(C4=O)C(CC(C)C)CO)C1=O,PDI core not found
CCCCCCCCCCCCN1C(=O)C2=C3C(=CC=C4C3=C(C=C2)C(=O)NC4=O)C1=O,PDI core not found
CCCCCCCC(C)N1C(=O)C2=C3C(=CC=C4C3=C(C=C2)C(=O)N(C4=O)N5C(=O)C6=C7C(=CC=C8C7=C(C=C6)C(=O)N(C8=O)C(C)CCCCC)C5=O)C1=O,PDI core not found
CCCCCCO[N+](C1=CC=CC=C1)(C2=CC=C(C=C2)CCCN3C(=O)C4=C5C(=CC=C6C5=C(C=C4)C(=O)N(C6=O)CCCC7=CC=C(C=C7)[N+](C8=CC=CC=C8)(OCCCCCC)OCCCCCC)C3=O)OCCCCCC,PDI core not found
CS(=O)(=O)ON1C(=O)C2=C3C(=CC=C4C3=C(C=C2)C(=O)N(C4=O)OS(=O)(=O)C)C1=O,PDI core not found
CC(=O)ON1C(=O)C2=C3C(=CC=C4C3=C(C=C2)C(=O)N(C4=O)OC(=O)C)C1=O,PDI core not found
CCC(=O)ON1C(=O)C2=C3C(=CC=C4C3=C(C=C2)C(=O)N(C4=O)OC(=O)CC)C1=O,PDI core not found
CCCCCC(=O)ON1C(=O)C2=C3C(=CC=C4C3=C(C=C2)C(=O)N(C4=O)OC(=O)CCCCC)C1=O,PDI core not found
CC(=O)OC1C(OC(C(C1OC(=O)C)N)OCC2=CC=CC=C2)CN3C(=O)C4=C5C(=CC=C6C5=C(C=C4)C(=O)N(C6=O)CC7C(C(C(C(O7)OCC8=CC=CC=C8)N)OC(=O)C)OC(=O)C)C3=O,PDI core not found
CC(=O)OC1C(OC(C(C1OC(=O)C)NC(=O)OCC2=CC=CC=C2)OCC3=CC=CC=C3)CN4C(=O)C5=C6C(=CC=C7C6=C(C=C5)C(=O)N(C7=O)CC8C(C(C(C(O8)OCC9=CC=CC=C9)NC(=O)OCC1=CC=CC=C1)OC(=O)C)OC(=O)C)C4=O,PDI core not found
CCCCCCN1C(=O)C2=C3C(=CC(=C4C3=C(C=C2)C(=O)N(C4=O)CCCCCC)C5=CC=C(S5)C6=NN=C(N=N6)C7=CC=C(S7)C8=C9C2=C(C=CC3=C2C(=C8)C(=O)N(C3=O)CCCCCC)C(=O)N(C9=O)CCCCCC)C1=O,PDI core not found
CN(C)CCN1C(=O)C2=C3C(=CC=C4C3=C(C=C2)C(=O)N(C4=O)CCOCCOCCOCCOCCC(=O)ON5C(=O)CCC5=O)C1=O,PDI core not found
C[N+](C)(C)CCN1C(=O)C2=C3C(=CC=C4C3=C(C=C2)C(=O)N(C4=O)CCCCCC(=O)ON5C(=O)CCC5=O)C1=O,PDI core not found
CC1=CC(=CC(=C1)OCCCNC(=O)OCCOCCOCCOCCNC(=O)CCCCCN2C(=O)C3=C4C(=CC=C5C4=C(C=C3)C(=O)N(C5=O)CCN(C)C)C2=O)OCCCNC(=O)CCOCCOCCOCCOCCNC(=O)CCCCCN6C(=O)C7=C8C(=CC=C9C8=C(C=C7)C(=O)N(C9=O)CCN(C)C)C6=O,PDI core not found
CCNC(=O)C1=CC(=CC(=C1)OCCCNC(=O)CCOCCOCCOCCOCCNC(=O)CCCCCN2C(=O)C3=C4C(=CC=C5C4=C(C=C3)C(=O)N(C5=O)CCN(C)C)C2=O)OCCCNC(=O)CCOCCOCCOCCOCCNC(=O)CCCCCN6C(=O)C7=C8C(=CC=C9C8=C(C=C7)C(=O)N(C9=O)CCN(C)C)C6=O,PDI core not found
CCCCCCC(CCCCCC)CN1C(=O)C2=C3C(=C4C5=C2C(=C6C(=C5C(=O)N(C4=O)CC(CCCCCC)CCCCCC)SC(=C(C#N)C#N)S6)C1=O)SC(=C(C#N)C#N)S3,PDI core not found
CCCCCCCCCCC(CCCCCCCC)CN1C(=O)C2=C3C(=C4C5=C2C(=C6C(=C5C(=O)N(C4=O)CC(CCCCCCCC)CCCCCCCCCC)SC(=C(C#N)C#N)S6)C1=O)SC(=C(C#N)C#N)S3,PDI core not found
CCCCCCCCC(CCCCCC)CN1C(=O)C2=C3C(=C4C5=C2C(=C6C(=C5C(=O)N(C4=O)CC(CCCCCC)CCCCCCCC)SC(=C(C#N)C#N)S6)C1=O)SC(=C(C#N)C#N)S3,PDI core not found
CCCCCCC(CCCC)CN1C(=O)C2=C3C(=C4C5=C2C(=C6C(=C5C(=O)N(C4=O)CC(CCCC)CCCCCC)SC(=C(C#N)C#N)S6)C1=O)SC(=C(C#N)C#N)S3,PDI core not found
CCCCCCCCCCCCC(CCCCCCCCCC)CN1C(=O)C2=C3C(=C4C5=C2C(=C6C(=C5C(=O)N(C4=O)CC(CCCCCCCCCC)CCCCCCCCCCCC)SC(=C(C#N)C7=CC=CC=C7)S6)C1=O)SC(=C(C#N)C8=CC=CC=C8)S3,PDI core not found
CCCCCCCCCCCCC(CCCCCCCCCC)CN1C(=O)C2=C3C(=C4C5=C2C(=C6C(=C5C(=O)N(C4=O)CC(CCCCCCCCCC)CCCCCCCCCCCC)SC(=C(C#N)C#N)S6)C1=O)SC(=C(C#N)C#N)S3,PDI core not found
CCCCCCCCCCC(CCCCCCCC)CN1C(=O)C2=C3C(=C(SC3=C4C5=C2C(=C6C(=C5C(=O)N(C4=O)CC(CCCCCCCC)CCCCCCCCCC)C(=C(S6)C#N)C#N)C1=O)C#N)C#N,PDI core not found
CCCCCCCCCCCCC(CCCCCCCCCC)CN1C(=O)C2=C3C(=C(SC3=C4C5=C2C(=C6C(=C5C(=O)N(C4=O)CC(CCCCCCCCCC)CCCCCCCCCCCC)C(=C(S6)C#N)C#N)C1=O)C#N)C#N,PDI core not found
CC1=CC=C(C=C1)N2C(=O)C3=C4C(=CC=C5C4=C(C=C3)C(=O)N(C5=O)C6=CC(=C(C=C6)OC)CS(=O)(=O)O)C2=O,PDI core not found
CC1=C(C=C(C=C1)N2C(=O)C3=C4C(=CC=C5C4=C(C=C3)C(=O)N(C5=O)C6=CC(=C(C=C6)OC)CS(=O)(=O)O)C2=O)S(=O)(=O)OC,PDI core not found
CC1=CC(=CC=C1)N2C(=O)C3=C4C(=CC=C5C4=C(C=C3)C(=O)N(C5=O)C6=CC(=CC=C6)OC7=C(C=C(C=C7)S(=O)(=O)C8=CC(=C(C=C8)OC)CS(=O)(=O)O)S(=O)(=O)OC)C2=O,PDI core not found
CC(C)(CO)COC(C)(C)C(C(=O)C1CCC(CC1)C(=O)C(C)(CO)CO)(C(C)(C)OCC(C)(CO)O)OCCCCCN2C(=O)C3=C4C(=CC=C5C4=C(C=C3)C(=O)N(C5=O)CCCCCO)C2=O,PDI core not found
CCCCCCCCCCC(CCCCCCCC)CN1C(=O)C2=C3C(=C4C5=C2C(=C6C(=C5C(=O)N(C4=O)CC(CCCCCCCC)CCCCCCCCCC)SC(=C(C#N)C(=O)OCC)S6)C1=O)SC(=C(C#N)C(=O)OCC)S3,PDI core not found
CCCCCCCCCCC(CCCCCCCC)CN1C(=O)C2=C3C(=C4C5=C2C(=C6C(=C5C(=O)N(C4=O)CC(CCCCCCCC)CCCCCCCCCC)SC(=C(C#N)C(=O)OCCCCCC)S6)C1=O)SC(=C(C#N)C(=O)OCCCCCC)S3,PDI core not found
CCCCCCCCC(CCCCCC)CCN1C(=O)C2=C3C(=C4C5=C2C(=C6C(=C5C(=O)N(C4=O)CCC(CCCCCC)CCCCCCCC)SC(=C(C#N)C#N)S6)C1=O)SC(=C(C#N)C#N)S3,PDI core not found
CN1C(=O)C2=C3C(=CC=C4C3=C(C=C2)C(=O)N(C4=O)C5=CC(=C(C=C5)OC6=CC=C(C=C6)C7=CC(=CC(=C7)N8C(=O)C9=C2C(=CC=C3C2=C(C=C9)C(=O)N(C3=O)C2=CC(=CC(=C2)C(=O)O)N2C(=O)C3=C4C(=CC=C5C4=C(C=C3)C(=O)N(C5=O)C3=CC(=CC(=C3)C(=O)O)N3C(=O)C4=C5C(=CC=C6C5=C(C=C4)C(=O)N(C6=O)C4=CC(=CC(=C4)N4C(=O)C5=C6C(=CC=C7C6=C(C=C5)C(=O)N(C7=O)C5=CC(=CC(=C5)N5C(=O)C6=C7C(=CC=C9C7=C(C=C6)C(=O)N(C9=O)C6=CC(=CC(=C6)N6C(=O)C7=C9C(=CC=C%10C9=C(C=C7)C(=O)NC%10=O)C6=O)C(=O)O)C5=O)C(=O)O)C4=O)C(=O)O)C3=O)C2=O)C8=O)C(=O)O)S(=O)(=O)O)C1=O,PDI core not found
CCCCCCCCCCCCC(CCCCCCCCCC)CN1C(=O)C2=C3C(=C4C5=C2C(=C6C(=C5C(=O)N(C4=O)CC(CCCCCCCCCC)CCCCCCCCCCCC)SC(=C([N+]#[C-])[N+]#[C-])S6)C1=O)SC(=C(C#N)C#N)S3,PDI core not found
CCCCCCCCCCC(CCCCCCCC)CN1C(=O)C2=C3C(=C4C5=C2C(=C6C(=C5C(=O)N(C4=O)CC(CCCCCCCC)CCCCCCCCCC)SC(=C([N+]#[C-])[N+]#[C-])S6)C1=O)SC(=C(C#N)C#N)S3,PDI core not found
CCCCCCCCC(CCCCCC)CN1C(=O)C2=C3C(=C4C5=C2C(=C6C(=C5C(=O)N(C4=O)CC(CCCCCC)CCCCCCCC)SC(=C([N+]#[C-])[N+]#[C-])S6)C1=O)SC(=C(C#N)C#N)S3,PDI core not found
CCCCCCC(CCCCCC)CN1C(=O)C2=C3C(=C4C5=C2C(=C6C(=C5C(=O)N(C4=O)CC(CCCCCC)CCCCCC)SC(=C([N+]#[C-])[N+]#[C-])S6)C1=O)SC(=C(C#N)C#N)S3,PDI core not found
CCCCCCC(CCCC)CN1C(=O)C2=C3C(=C4C5=C2C(=C6C(=C5C(=O)N(C4=O)CC(CCCC)CCCCCC)SC(=C([N+]#[C-])[N+]#[C-])S6)C1=O)SC(=C(C#N)C#N)S3,PDI core not found
CCCCCCCCC(CCCCCC)CCN1C(=O)C2=C3C(=C4C5=C2C(=C6C(=C5C(=O)N(C4=O)CCC(CCCCCC)CCCCCCCC)SC(=C([N+]#[C-])[N+]#[C-])S6)C1=O)SC(=C(C#N)C#N)S3,PDI core not found
CCCCC(CC)CN1C(=O)C2=C3C(=C4C5=C2C(=C6C(=C5C(=O)N(C4=O)CC(CC)CCCC)SC(=C([N+]#[C-])[N+]#[C-])S6)C1=O)SC(=C(C#N)C#N)S3,PDI core not found
CN1C(=O)C2=C3C(=C4C5=C2C(=C6C(=C5C(=O)N(C4=O)C)SC(=C([N+]#[C-])[N+]#[C-])S6)C1=O)SC(=C(C#N)C#N)S3,PDI core not found
CCCCCCCCCCC(CCCCCCCC)CN1C(=O)C2=C3C(=C4C5=C2C(=C6C(=C5C(=O)N(C4=O)CC(CCCCCCCC)CCCCCCCCCC)SC(=C(C(=O)OCC)[N+]#[C-])S6)C1=O)SC(=C(C#N)C(=O)OCC)S3,PDI core not found
CCCCC(CC)COC(=O)C(=C1SC2=C3C4=C5C(=C2S1)C(=O)N(C(=O)C5=C6C(=C4C(=O)N(C3=O)C)SC(=C(C(=O)OCC(CC)CCCC)[N+]#[C-])S6)C)C#N,PDI core not found
CCCCCCCCCCC(CCCCCCCC)CN1C(=O)C2=C3C(=C4C5=C2C(=C6C(=C5C(=O)N(C4=O)CC(CCCCCCCC)CCCCCCCCCC)SC(=C(C(=O)OCCCCCC)[N+]#[C-])S6)C1=O)SC(=C(C#N)C(=O)OCCCCCC)S3,PDI core not found
CCCCCCCCCCCCC(CCCCCCCCCC)CN1C(=O)C2=C3C(=C4C5=C2C(=C6C(=C5C(=O)N(C4=O)CC(CCCCCCCCCC)CCCCCCCCCCCC)SC(=C(C7=CC=CC=C7)[N+]#[C-])S6)C1=O)SC(=C(C#N)C8=CC=CC=C8)S3,PDI core not found
CCCCCCCCCCCCC(CCCCCCCCCC)CN1C(=O)C2=C3C(=C4C5=C2C(=C6C(=C5C(=O)N(C4=O)CC(CCCCCCCCCC)CCCCCCCCCCCC)SC(=C(S6)[N+]#[C-])[N+]#[C-])C1=O)SC(=C(S3)C#N)C#N,PDI core not found
CCCCCCCCCCC(CCCCCCCC)CN1C(=O)C2=C3C(=C4C5=C2C(=C6C(=C5C(=O)N(C4=O)CC(CCCCCCCC)CCCCCCCCCC)SC(=C(S6)[N+]#[C-])[N+]#[C-])C1=O)SC(=C(S3)C#N)C#N,PDI core not found
CCCCCCC(CCCC)CN1C(=O)C2=C3C(=C4C5=C2C(=C6C(=C5C(=O)N(C4=O)CC(CCCC)CCCCCC)SC(=C(S6)[N+]#[C-])[N+]#[C-])C1=O)SC(=C(S3)C#N)C#N,PDI core not found
CN1C(=O)C2=C3C(=C(SC3=C4C5=C2C(=C6C(=C5C(=O)N(C4=O)C)C(=C(S6)[N+]#[C-])[N+]#[C-])C1=O)C#N)C#N,PDI core not found
CCCCCCC(CCCC)CN1C(=O)C2=C3C(=C(SC3=C4C5=C2C(=C6C(=C5C(=O)N(C4=O)CC(CCCC)CCCCCC)C(=C(S6)[N+]#[C-])[N+]#[C-])C1=O)C#N)C#N,PDI core not found
CCCCCCCCCCC(CCCCCCCC)CN1C(=O)C2=C3C(=C(SC3=C4C5=C2C(=C6C(=C5C(=O)N(C4=O)CC(CCCCCCCC)CCCCCCCCCC)C(=C(S6)[N+]#[C-])[N+]#[C-])C1=O)C#N)C#N,PDI core not found
CCCCCCCCCCCCC(CCCCCCCCCC)CN1C(=O)C2=C3C(=C(SC3=C4C5=C2C(=C6C(=C5C(=O)N(C4=O)CC(CCCCCCCCCC)CCCCCCCCCCCC)C(=C(S6)[N+]#[C-])[N+]#[C-])C1=O)C#N)C#N,PDI core not found
CCCCCCCCCCCCC(CCCC)CN1C(=O)C2=C3C(=C4C5=C2C(=C6C(=C5C(=O)N(C4=O)CC(CCCC)CCCCCC)SC(=C(S6)[N+]#[C-])[N+]#[C-])C1=O)SC(=C(S3)C#N)C#N,PDI core not found
CCCCC(CC)CN1C(=O)C2=C3C(=C4C5=C2C(=C6C(=C5C(=O)N(C4=O)CC(CC)CCCC)SC(=C(C#N)C#N)S6)C1=O)SC(=C(C#N)C#N)S3,PDI core not found
C1CC2C3N2C1CC(C3)N4C(=O)C5=C6C(=CC=C7C6=C(C=C5)C(=O)N(C7=O)C8CC9CCC1N9C1C8)C4=O,PDI core not found
CCCCC1CCC(C(C1)N2C(=O)C3=C4C(=CC=C5C4=C(C=C3)C(=O)N(C5=O)N6C(=O)C7=C8C(=CC=C9C8=C(C=C7)C(=O)N(C9=O)C1=C(C=CC(=C1)CCCC)C(C)CC)C6=O)C2=O)CCCC,PDI core not found
CCCCNC1=CC=C(C=C1)NC2=C3C4=C5C(=C2)C(=O)N(C(=O)C5=C(C=C4C(=O)N(C3=O)C6=C(C=CC=C6C(C)C)C(C)C)NC7=CC=C(C=C7)C(CCC)N)C8=C(C=CC=C8C(C)C)C(C)C,PDI core not found
CC(C1=CC=C(C=C1)N(O)O)N2C(=O)C3=C4C(=CC=C5C4=C(C=C3)C(=O)N(C5=O)C(C)C6=CC=C(C=C6)[N+](=O)[O-])C2=O,PDI core not found
CC(=C)C1=C(C=C(C=C1)C(C)(C)C)N2C(=O)C3=C4C(=CC=C5C4=C(C=C3)C(=O)N(C5=O)N6C(=O)C7=C8C(=CC=C9C8=C(C=C7)C(=O)N(C9=O)C1=C(C=CC(=C1)C(C)(C)C)C(C)(C)C)C6=O)C2=O,PDI core not found
CC1=CC(=C(C=C1N2C(=O)C3=C4C(=CC=C5C4=C(C=C3)C(=O)N(C5=O)C6=CC=C(C=C6)OC)C2=O)OC)N(O)O,PDI core not found
CC1=C(C=C(C=C1)OC)N2C(=O)C3=C4C(=CC=C5C4=C(C=C3)C(=O)N(C5=O)C6=CC(=C(C=C6C)N(O)O)OC)C2=O,PDI core not found
CC(CCN1C(=O)C2=C3C(=CC=C4C3=C(C=C2)C(=O)N(C4=O)CCC(C)CC(C)(C)CC(C)(C)CC(C)(C)CC(C)(C)CC(C)(C)CC(C)(C)CC(C)(C)CC(C)(C)CC(C)(C)CC(C)(C)CC(C)(C)CC(C)(C)CC(C)(C)CC(C)(C)CC(C)(C)CC(C)(C)CC(C)(C)CC(C)(C)CC(C)(C)CC(C)(C)C)C1=O)CC(C)(C)CC(C)(C)CC(C)(C)CC(C)(C)CC(C)(C)CC(C)(C)CC(C)(C)CC(C)(C)CC(C)(C)CC(C)(C)CC(C)(C)CC(C)(C)CC(C)(C)CC(C)(C)CC(C)(C)CC(C)(C)CC(C)(C)CC(C)(C)CC(C)(C)CC(C)(C)C,PDI core not found
C1C=CC=C1C2=CC(=CC=C2)N3C(=O)C4=CC=C5C6=C(C7=CC=CC=C7C(=C46)C3=O)C(=O)N(C5=O)C8=CC=CC(=C8)C9=CC=CC9,PDI core not found
C1C=CC=C1C2=CC=C(C2)C3=CC=CC=C3N4C(=O)C5=C6C(=CC=C7C6=C(C=C5)C(=O)N(C7=O)C8=CC=CC=C8C9=CC(=CC9)C1=CC=CC1)C4=O,PDI core not found
CC=CC1=CC=C(C=C1)N2C(=O)C3=C4C(=CC=C5C4=C(C=C3)C(=O)N(C5=O)C6=CC=C(C=C6)C7=CCC=C7)C2=O,PDI core not found
C=CCSC1=CC=CC=C1N2C(=O)C3=C4C(=CC=C5C4=C(C=C3)C(=O)N(C5=O)C6=CC=C(C=C6)C7=CCC=C7)C2=O,PDI core not found
CCCCC(=O)OC1=CC=C(C=C1)N2C(=O)C3=C4C(=CC=C5C4=C(C=C3)C(=O)N(C5=O)C6=CC=C(C=C6)C7=CCC=C7)C2=O,PDI core not found
C=COC(=O)C1=CC(=CC=C1)N2C(=O)C3=C4C(=CC=C5C4=C(C=C3)C(=O)N(C5=O)C6=CC=C(C=C6)C7=CCC=C7)C2=O,PDI core not found
C=CCN(CC=C)C1=CC=C(C=C1)N2C(=O)C3=C4C(=CC=C5C4=C(C=C3)C(=O)N(C5=O)C6=CC=C(C=C6)C7=CCC=C7)C2=O,PDI core not found
C1C=CC(=C1)C2=CC=C(C=C2)N3C(=O)C4=C5C(=CC=C6C5=C(C=C4)C(=O)N(C6=O)C7=CC=CC(=C7)C(=O)OC8=CC=CC=C8)C3=O,PDI core not found
C1C(O1)COCCN2C(=O)C3=C4C(=CC=C5C4=C(C=C3)C(=O)N(C5=O)C6=NC=CS6)C2=O,PDI core not found
CC1=CC=C(C=C1)C2(C3=CC=CC=C3C4=CC=CC=C42)C5=CC=C(C=C5)N6C(=O)C7=C8C(=CC=C9C8=C(C=C7)C(=O)N(C9=O)C1=CC(=C(C=C1)C1=C(C=C(C=C1)N1C(=O)C2=C3C(=CC=C4C3=C(C=C2)C(=O)N(C4=O)C)C1=O)S(=O)(=O)O)S(=O)(=O)O)C6=O,PDI core not found
CCC1=CC=CC(=C1N2C(=O)C3=C4C(=CC=C5C4=C(C=C3)C(=O)N(C5=O)NC6=NC(=CS6)C)C2=O)C,PDI core not found
CCC1=CC=CC(=C1N2C(=O)C3=C4C(=CC=C5C4=C(C=C3)C(=O)N(C5=O)N(CC6CO6)C7=NC(=CS7)C)C2=O)C,PDI core not found
CCCC(CCC)N1C(=O)C2=C3C(=CC=C4C3=C(C=C2)C(=O)N(C4=O)N5C(=O)C6=C7C(=CC=C(C7=C(C=C6)C)C(=O)N(C=O)C(CCC)CCC)C5=O)C1=O,PDI core not found
CCCCCCN1C(=O)C2=C3C(=CC(=C4C3=C(C=C2)C(=O)N(C4=O)CCCCCC)C5=NC6=C(S5)C(=C(C(=O)C6=O)N)SC(=C)C7=C8C9=C(C=CC2=C9C(=C7)C(=O)N(C2=O)CCCCCC)C(=O)N(C8=O)CCCCCC)C1=O,PDI core not found
CCCCCCCCCCCCOC1=CC(=CC(=C1OCCCCCCCCCCCC)OCCCCCCCCCCCC)N2C(=O)C3=C4C(=CC=C5C4=C(C=C3)C(=O)N(C5=O)C6=CC=C(C=C6)N(C7=CC=C(C=C7)N8C(=O)C9=C1C(=CC=C3C1=C(C=C9)C(=O)N(C3=O)C1=CC(=C(C(=C1)OCCCCCCCCCCCC)OCCCCCCCCCCCC)OCCCCCCCCCCCC)C8=O)C1=CC=C(C=C1)N1C(=O)C3=C4C(=CC=C5C4=C(C=C3)C(=O)N(C5=O)C3=CC(=C(C(=C3)OCCCCCCCCCCCC)OCCCCCCCCCCCC)OCCCCCCCCCCCC)C1=O)C2=O,PDI core not found
COC1=CC(=CC(=C1OC)O)N2C(=O)C3=C(C(=C4C5=C3C(=C(C(=C5C(=O)N(C4=O)C6=CC(=C(C(=C6)OC)OC)O)C7=CC=C(S7)C8=CC=C(S8)C9=CC=C(S9)C1=CC=CS1)C1=CC=C(S1)C1=CC=C(S1)C1=CC=C(S1)C1=CC=CS1)C2=O)C1=CC=C(S1)C1=CC=C(S1)C1=CC=C(S1)C1=CC=CS1)C1=CC=C(S1)C1=CC=C(S1)C1=CCC(S1)C1CC=CS1,PDI core not found
COC1=CC(=CC(=C1OC)O)N2C(=O)C3=C4C(=CC=C5C4=C(C=C3)C(=O)N(C5=O)C6=CC=C(C=C6)N(C7=CC=C(C=C7)N8C(=O)C9=C1C(=CC=C3C1=C(C=C9)C(=O)N(C3=O)C1=CC(=C(C(=C1)O)O)O)C8=O)C1=CC=C(C=C1)N1C(=O)C3=C4C(=CC=C5C4=C(C=C3)C(=O)N(C5=O)C3=CC(=C(C(=C3)OC)OC)OC)C1=O)C2=O,PDI core not found
CCCCCCCCCCCCN1C(=O)C2=C3C(=CC=C4C3=C(C=C2)C(=O)N(C4=O)CCOCCOCCOCCOC)C1=O,PDI core not found
CCCCCCN1C(=O)C2=C3C(=CC(=C4C3=C(C=C2)C(=O)N(C4=O)CCCCCC)C5=C6C7=C(C=CC8=C7C(=C5)C(=O)N(C8=O)CCCCCC)C(=O)N(C6=O)CCCCCC)C1=O,PDI core not found
CCCCCCN1C2=C(C3=C1C=C(S3)C4=C5C6=C(C=CC7=C6C(=C4)C(=O)N(C7=O)CCCCCC)C(=O)N(C5=O)CCCCCC)SC(=C2)C8=C9C1=C(C=CC2=C1C(=C8)C(=O)N(C2=O)CCCCCC)C(=O)N(C9=O)CCCCCC,PDI core not found
CN1C(=O)C2=C3C(=C4C5=C2C(=C6C(=C5C(=O)N(C4=O)C)SC(=C(C#N)C(=O)OC)S6)C1=O)SC(=C(C#N)C(=O)OC)S3,PDI core not found
CN1C(=O)C2=C3C(=C4C5=C2C(=C6C(=C5C(=O)N(C4=O)C)SC(=C(C#N)C7=CC=CC=C7)S6)C1=O)SC(=C(C#N)C8=CC=CC=C8)S3,PDI core not found
CN1C(=O)C2=C3C(=C4C5=C2C(=C6C(=C5C(=O)N(C4=O)C)SC(=C(C#N)C#N)S6)C1=O)SC(=C(C#N)C#N)S3,PDI core not found
CN1C(=O)C2=C3C(=C(SC3=C4C5=C2C(=C6C(=C5C(=O)N(C4=O)C)C(=C(S6)C#N)C#N)C1=O)C#N)C#N,PDI core not found
CCCCCCCCCCCCC(CCCCCCCCCC)CN1C(=O)C2=C3C(=C4C5=C2C(=C6C(=C5C(=O)N(C4=O)CC(C)CCCCCCCCCC)SC(=C(C#N)C7=CC=CC=C7)S6)C1=O)SC(=C(C#N)C8=CC=CC=C8)S3,PDI core not found
CCCCCCCCN1C(=O)C2=C3C4=C(C=C2)C(=O)N(C(=O)C4=C5C6=CC7=C8C(=CC9=C2C8=C6C4=C6C2=C(C=C2C6=C(C=C4C5=C3C1=O)C(=O)N(C2=O)C(CCCCCCC)CCCCCCC)C1=C2C3=C(C=CC4=C3C(=C91)C(=O)N(C4=O)CCCCCCCC)C(=O)N(C2=O)CCCCCCCC)C(=O)N(C7=O)C(CCCCCCC)CCCCCCC)CCCCCCCC,PDI core not found
CCCCCCCCCCCCN1C(=O)C2=C3C(=CC(=C4C3=C(C=C2)C(=O)N(C4=O)CCCCCCCCCCCC)C5=C6C7=C(C=CC8=C7C(=C5)C(=O)N(C8=O)CCCCCCCCCCCC)C(=O)N(C6=O)CCCCCCCCCCCC)C1=O,PDI core not found
CCCCCCCCCCN1C(=O)C2=C3C(=CC(=C4C3=C(C=C2)C(=O)N(C4=O)CCCCCCCCCC)C5=C6C7=C(C=CC8=C7C(=C5)C(=O)N(C8=O)CCCCCCCCCC)C(=O)N(C6=O)CCCCCCCCCC)C1=O,PDI core not found
CCCCCCCCN1C(=O)C2=C3C(=CC(=C4C3=C(C=C2)C(=O)N(C4=O)CCCCCCCC)C5=C6C7=C(C=CC8=C7C(=C5)C(=O)N(C8=O)CCCCCCCC)C(=O)N(C6=O)CCCCCCCC)C1=O,PDI core not found
CC1=CC2=C3C(=C(C=C4C3=C1C(=O)NC4=O)C)C(=O)NC2=O,PDI core not found
CC1=CC(=C(C=C1)C2=CC=C(C=C2)N3C(=O)C4=C5C(=CC=C6C5=C(C=C4)C(=O)N(C6=O)C)C3=O)S(=O)(=O)O,PDI core not found
CC1=CC(=CC(=C1N2C(=O)C3=C4C(=CC=C5C4=C(C=C3)C(=O)N(C5=O)C6=C(C=C(C=C6C)C(=O)O)C)C2=O)C)C(=O)O,PDI core not found
C1=CC=C(C=C1)N2C(=O)C3=C4C(=CC=C5C4=C(C=C3)C(=O)N(C5=O)C6=CC=NC=C6)C2=O,PDI core not found
CCCCC(CC)CN1C(=O)C2=CC(=C3C4=C(C=C(C(=C24)C1=O)C5=CC=CS5)C(=O)N(C3=O)CC(CC)CCCC)C6=CC=CS6,PDI core not found
CCCCCCN1C(=O)C2=C3C(=CC=C4C3=C(C=C2)C(=O)[N+](=C5C=CN(C=C5)CCCCCCC6=C(SC(=C6)C)C)C4=O)C1=O,PDI core not found
COC(=O)C(CC1=CNC2=CC=CC=C21)NC(=O)C(CC3=CC=CC=C3)N4C(=O)C5=C6C(=CC=C7C6=C(C=C5)C(=O)N(C7=O)C(CC8=CC=CC=C8)C(=O)NC(CC9=CNC1=CC=CC=C19)C(=O)OC)C4=O,PDI core not found
CCCCCCCCN1C(=O)C2=C(SC(=C2C1=O)C3=C4C(=C(S3)C5=C6C7=C(C=CC8=C7C(=C5)C(=O)N(C8=O)CCCCCC)C(=O)N(C6=O)CCCCCC)C(=O)N(C4=O)CCCCCCCC)C9=C1C2=C(C=CC3=C2C(=C9)C(=O)N(C3=O)CCCCCC)C(=O)N(C1=O)CCCCCC,PDI core not found
CC(C)(C)CCCN1C(=O)C2=C3C(=CC=C4C3=C(C=C2)C(=O)N(C4=O)CCN(C)C)C1=O,PDI core not found
CN(C)CCN1C(=O)C2=C3C(=CC=C4C3=C(C=C2)C(=O)N(C4=O)CCNC(=O)NCCSCC5C(C(C(O5)OC6C(C(CC(C6OC7C(C(C(C(O7)CN)O)O)N)N)N)O)O)OC8C(C(C(C(O8)CN)O)O)N)C1=O,PDI core not found
CN(C)CCN1C(=O)C2=C3C(=CC=C4C3=C(C=C2)C(=O)N(C4=O)CCNC(=S)NCCSCC5C(C(C(O5)OC6C(C(CC(C6OC7C(C(C(C(O7)CN)O)O)N)N)N)O)O)OC8C(C(C(C(O8)CN)O)O)N)C1=O,PDI core not found
CN(C)CCN1C(=O)C2=C3C(=CC=C4C3=C(C=C2)C(=O)N(C4=O)CCCC(=O)NCCCCCN(CCCCNC(=S)NCCSCC5C(C(C(O5)OC6C(C(CC(C6OC7C(C(C(C(O7)CN)O)O)N)N)N)O)O)OC8C(C(C(C(O8)CN)O)O)N)CCCNC(=S)NCCSCC9C(C(C(O9)OC2C(C(CC(C2OC2C(C(C(C(O2)CN)O)O)N)N)N)O)O)OC2C(C(C(C(O2)CN)O)O)N)C1=O,PDI core not found
CN(C)CCN1C(=O)C2=C3C(=CC=C4C3=C(C=C2)C(=O)N(C4=O)CCCC(=O)NCCCCCN(CCCCNC(=O)NCCSCC5C(C(C(O5)OC6C(C(CC(C6OC7C(C(C(C(O7)CN)O)O)N)N)N)O)O)OC8C(C(C(C(O8)CN)O)O)N)CCCNC(=S)NCCSCC9C(C(C(O9)OC2C(C(CC(C2OC2C(C(C(C(O2)CN)O)O)N)N)N)O)O)OC2C(C(C(C(O2)CN)O)O)N)C1=O,PDI core not found
CCCCCCN1C(=O)C2=C3C(=CC(=C4C3=C(C=C2)C(=O)N(C4=O)CCCCCC)C5=CC6=C(S5)C7=C(S6)C=C(S7)C8=C9C2=C(C=CC3=C2C(=C8)C(=O)N(C3=O)CCCCCC)C(=O)N(C9=O)CCCCCC)C1=O,PDI core not found
CCCCCCN1C(=O)C2=C3C(=CC(=C4C3=C(C=C2)C(=O)N(C4=O)CCCCCC)C5=CC=C(S5)C6=C7C8=C(C=CC9=C8C(=C6)C(=O)N(C9=O)CCCCCC)C(=O)N(C7=O)CCCCCC)C1=O,PDI core not found
CCCCCCN1C(=O)C2=C3C(=CC(=C4C3=C(C=C2)C(=O)N(C4=O)CCCCCC)C5=CC6=C(S5)C7=C(C6=O)C=C(S7)C8=C9C2=C(C=CC3=C2C(=C8)C(=O)N(C3=O)CCCCCC)C(=O)N(C9=O)CCCCCC)C1=O,PDI core not found
CCCCCCN1C(=O)C2=C3C(=CC(=C4C3=C(C=C2)C(=O)N(C4=O)CCCCCC)C5=NC6=C(S5)N=C(S6)C7=C8C9=C(C=CC2=C9C(=C7)C(=O)N(C2=O)CCCCCC)C(=O)N(C8=O)CCCCCC)C1=O,PDI core not found
CCCCCCCCCCCCC1C(=O)C2=C3C4=C(C=C2)C(=O)N(C(=O)C4=CC(=C3C1=O)C5=CC6=C(S5)C7=C(C6=O)C=C(S7)C8=C9C1=C(C=CC2=C1C(=C8)C(=O)N(C2=O)CCCCCCCCCCCC)C(=O)N(C9=O)CCCCCCCCCCCC)CCCCCCCCCCCC,PDI core not found
CCCCCCCCCCCCN1C(=O)C2=C3C(=CC(=C4C3=C(C=C2)C(=O)N(C4=O)CCCCCCCCCCCC)C5=NC6=C(S5)C7=C(C6=O)N=C(S7)C8=C9C2=C(C=CC3=C2C(=C8)C(=O)N(C3=O)CCCCCCCCCCCC)C(=O)N(C9=O)CCCCCCCCCCCC)C1=O,PDI core not found
CCCCCCN1C(=O)C2=C3C(=CC(=C4C3=C(C=C2)C(=O)N(C4=O)CCCCCC)C5=CC6=C(C7=C(C=C(S7)C8=C9C2=C(C=CC3=C2C(=C8)C(=O)N(C3=O)CCCCCC)C(=O)N(C9=O)CCCCCC)C(=C6S5)OCCCCCC)OCCCCCC)C1=O,PDI core not found
CCCCCCC1C(=O)C2=C3C(=CC(=C4C3=C(C=C2)C(=O)N(C4=O)CCCCCC)C5=CC6=C(S5)C=C(S6)C7=C8C9=C(C=CC2=C9C(=C7)C(=O)N(C2=O)CCCCCC)C(=O)N(C8=O)CCCCCC)C1=O,PDI core not found
CCCCCCN1C(=O)C2=C3C(=CC(=C4C3=C(C=C2)C(=O)N(C4=O)CCCCCC)C5=CC6=C(S5)C7=C(C=C(S7)C8=C9C2=C(C=CC3=C2C(=C8)C(=O)N(C3=O)CCCCCC)C(=O)N(C9=O)CCCCCC)C2(C6=O)OCCO2)C1=O,PDI core not found
CCCCCCN1C(=O)C2=C3C(=CC(=C4C3=C(C=C2)C(=O)N(C4=O)CCCCCC)C5=CC6=C(S5)C7=C(C=C(S7)C8=C9C2=C(C=CC3=C2C(=C8)C(=O)N(C3=O)CCCCCC)C(=O)N(C9=O)CCCCCC)C(=O)C6=O)C1=O,PDI core not found
CCCCCCCCCCCCN1C(=O)C2=CC(=C3C4=C(C=C(C(=C24)C1=O)C#N)C(=O)N(C3=O)CCCCCCCCCCCC)C5=CC=C(S5)C6=NN=C(N=N6)C7=CC=C(S7)C8=CC9=C1C2=C8C(=O)N(C(=O)C2=CC(=C1C(=O)N(C9=O)CCCCCCCCCCCC)[N+]#[C-])CCCCCCCCCCCC,PDI core not found
CCCCCCCCCCN1C(=O)C2=CC(=C3C4=C(C=C(C(=C24)C1=O)C#N)C(=O)N(C3=O)CCCCCCCCCC)C5=CC=C(S5)C6=NN=C(N=N6)C7=CC=C(S7)C8=CC9=C1C2=C8C(=O)N(C(=O)C2=CC(=C1C(=O)N(C9=O)CCCCCCCCCC)[N+]#[C-])CCCCCCCCCC,PDI core not found
CCCCCCN1C(=O)C2=C3C(=CC(=C4C3=C(C=C2)C(=O)N(C4=O)CCCCCC)C5=NC6=C(S5)C7=C(C6=O)N=C(S7)C8=C9C2=C(C=CC3=C2C(=C8)C(=O)N(C3=O)CCCCCC)C(=O)N(C9=O)CCCCCC)C1=O,PDI core not found
CCCCCCC1=C(SC2=C1C(=O)C3=C2SC(=C3CCCCCC)C4=C5C6=C(C=CC7=C6C(=C4)C(=O)N(C7=O)CCCCCC)C(=O)N(C5=O)CCCCCC)C8=C9C1=C(C=CC2=C1C(=C8)C(=O)N(C2=O)CCCCCC)C(=O)N(C9=O)CCCCCC,PDI core not found
CCCCN1C(=O)C2=C3C(=CC=C4C3=C(C=C2)C(=O)N(C4=O)CCN(C)C)C1=O,PDI core not found
CCCCCCCCCCCCN1C(=O)C2=CC(=C3C4=C(C=C(C(=C24)C1=O)C#N)C(=O)N(C3=O)CCCCCCCCCCCC)C5=CC=C(S5)C6=NN=C(N=N6)C7=CC=C(S7)C8=C9C1=C(C=C(C2=C1C(=C8)C(=O)N(C2=O)C)C#N)C(=O)N(C9=O)CCCCCCCCCCCC,PDI core not found
CC1=CC2=C(C=C1)C(=C3CC(N(C(C3)(C)C)O)(C)C)C4=C(C2=C5CC(N(C(C5)(C)C)O)(C)C)C=CC(=C4)N6C(=O)C7=C8C(=CC=C9C8=C(C=C7)C(=O)N(C9=O)C)C6=O,PDI core not found
CCOCCN1C(=O)C2=C3C(=CC=C4C3=C(C=C2)C(=O)N(C4=O)C(C)C(C)C)C1=O,PDI core not found
CC1=CC=C(C=C1)C2=C(C=C(C=C2)N3C(=O)C4=C5C(=CC=C6C5=C(C=C4)C(=O)N(C6=O)C)C3=O)S(=O)(=O)O,PDI core not found
CC1=CC(=C(C=C1)C2=C(C=C(C=C2)N3C(=O)C4=C5C(=CC=C6C5=C(C=C4)C(=O)N(C6=O)C)C3=O)S(=O)(=O)O)C,PDI core not found
C1C(OC2=CSC=C2O1)COC(=O)CCCC(=O)OCCN3C(=O)C4=C5C(=CC=C6C5=C(C=C4)C(=O)N(C6=O)CCOC(=O)CCCC(=O)OCC7COC8=CSC=C8O7)C3=O,PDI core not found
CCC1=C(C(=CC=C1)CC)N2C(=O)C3=C4C5=C(C(=C3)C6=CC=CC=C6)C(=O)N(C(=O)C5=CC(=C4C2=O)C7=CC=CC=C7)C(CC)CO,PDI core not found
CCC(CO)N1C(=O)C2=C3C(=CC=C4C3=C(C=C2)C(=O)N(C4=O)C5=C(C=C(C=C5)[N+](=O)[O-])C)C1=O,PDI core not found
CCC(CO)N1C(=O)C2=C3C(=CC=C4C3=C(C=C2)C(=O)N(C4=O)CCOCCO)C1=O,PDI core not found
CCC1=CC=CC(=C1N2C(=O)C3=C4C(=CC=C5C4=C(C=C3)C(=O)N(C5=O)C(CC)CC(=O)C=C)C2=O)C,PDI core not found
CCC1=CC=CC(=C1N2C(=O)C3=C4C(=CC=C5C4=C(C=C3)C(=O)N(C5=O)CCOC(=O)C=C)C2=O)C,PDI core not found
CC(C)CC(CO)N1C(=O)C2=C3C(=CC=C4C3=C(C=C2)C(=O)N(C4=O)CCSCCO)C1=O,PDI core not found
CCCCCN1C(=O)C2=C3C(=CC=C4C3=C(C=C2)C(=O)N(C4=O)C5=CC=C(C=C5)C=C)C1=O,PDI core not found
CC1=CC(=CC(=C1)N2C(=O)C3=C4C(=CC=C5C4=C(C=C3)C(=O)N(C5=O)C)C2=O)C(=O)O,PDI core not found
COC1=CC=C(C=C1)CN2C(=O)C3=C4C(=CC=C5C4=C(C=C3)C(=O)N(C5=O)CC6=CC=C(C=C6)OC)C2=O,PDI core not found
CCCCC(CC)CN1C(=O)C2=C3C(=CC=C4C3=C(C=C2)C(=O)N(C4=O)CCOCCOCCN5C(=O)C6=C7C(=CC=C8C7=C(C=C6)C(=O)N(C8=O)CCCCCN9C=C(N=N9)CCC(=O)NCCCO)C5=O)C1=O,PDI core not found
CCCCCCN1C(=O)C2=C3C(=CC(=C4C3=C(C=C2)C(=O)N(C4=O)CCCCCC)C5=NC6=C(S5)C7=C(C(=O)C6=O)N=C(S7)C8=C9C2=C(C=CC3=C2C(=C8)C(=O)N(C3=O)CCCCCC)C(=O)N(C9=O)CCCCCC)C1=O,PDI core not found
CCCC1=C(C(=CC=C1)C(C)C)N2C(=O)C3=C4C5=CC=CC=C5NC4=C6C7=C3C(=C8C(=C7C(=O)N(C6=O)C9=C(C=CC=C9C(C)C)CCC)C1=CC=CC=C1N8)C2=O,PDI core not found
CC(C)C1=CC=CC=C1N2C(=O)C3=C4C5=CC=CC=C5NC4=C6C7=C3C(=C8C(=C7C(=O)N(C6=O)C9=CC=CC=C9C(C)C)C1=CC=CC=C1N8)C2=O,PDI core not found
CN(CCCNC(=O)CC1CCC=C1)CCCN2C(=O)C3=C4C(=CC=C5C4=C(C=C3)C(=O)N(C5=O)CCCN(C)CCCNC(=O)CC6CCC=C6)C2=O,PDI core not found
CN1C(=O)C2=CC(=C3C4=C(C=C(C(=C24)C1=O)C5=CC=CS5)C(=O)N(C3=O)C)C6=CC=CS6,PDI core not found
CC1=CC=C(C=C1)OC2=CC=C(C=C2)N3C(=O)C4=C5C(=CC=C6C5=C(C=C4)C(=O)N(C6=O)C7=CC(=C(C=C7)C8=C(C=C(C=C8)N9C(=O)C1=C2C(=CC=C4C2=C(C=C1)C(=O)N(C4=O)C)C9=O)S(O)(O)O)S(O)(O)O)C3=O,PDI core not found
C[N+](C)(CCCNC(=O)CC1CCC=C1)CCCN2C(=O)C3=C4C(=CC=C5C4=C(C=C3)C(=O)N(C5=O)CCC[N+](C)(C)CCCNC(=O)CC6CCC=C6)C2=O,PDI core not found
CC(C)C1=C(C2=C3C(=CC=C4C3=C(C=C2)C(=O)N(C4=O)N5C(=O)C6=C7C(=CC=C8C7=C(C=C6)C(=O)N(C8=O)C(C)C)C5=O)C1=O)O,PDI core not found
C1CC(C=C1)C(=O)NCCCN2CCN(CC2)CCCN3C(=O)C4=C5C(=CC=C6C5=C(C=C4)C(=O)N(C6=O)CCCN7CCN(CC7)CCCNC(=O)C8CCC=C8)C3=O,PDI core not found
C1CC(C=C1)NC(=O)CCCN2CCN(CC2)CCCN3C(=O)C4=C5C(=CC=C6C5=C(C=C4)C(=O)N(C6=O)CCCN7CCN(CC7)CCCC(=O)NC8CCC=C8)C3=O,PDI core not found
CCCCCC(C)N1C(=O)C2=C3C(=CC=C4C3=C(C=C2)C(=C(C4=O)N5C(=O)C6=C7C(=CC=C8C7=C(C=C6)C(=O)N(C8=O)C(C)CCCCC)C5=O)O)C1=O,PDI core not found
CN(CCCN1C(=O)C2=C3C(=CC=C4C3=C(C=C2)C(=O)N(C4=O)CCCN(C)CC5CCCC5)C1=O)CC6CCCC6,PDI core not found
CCCCN1C(=O)C2=CC(=C3C4=C2C(=C(C=C4C(=O)N(C3=O)C)C(C=CCC)SC)C1=O)C(CCC#C)SC,PDI core not found
CN(CCCNC(=O)CC1CCC=C1)CCCN2C(=O)C3=C4C(=CC=C5C4=C(C=C3)C(=O)N(C5=O)CCCCCCCNC(=O)CC6CCC=C6)C2=O,PDI core not found
C1=CC(=CC(=C1)O)N2C(=O)C3=C4C(=CC=C5C4=C(C=C3)C(=O)NC5=O)C2=O,PDI core not found
C1=CC=C(C(=C1)N2C(=O)C3=C4C(=CC=C5C4=C(C=C3)C(=O)NC5=O)C2=O)O,PDI core not found
C1=CC(=CN=C1)CN2C(=O)C3=C4C(=CC=C5C4=C(C=C3)C(=O)NC5=O)C2=O,PDI core not found
CC(=O)C1=CC(=CC=C1)N2C(=O)C3=C4C(=CC=C5C4=C(C=C3)C(=O)NC5=O)C2=O,PDI core not found
C1=CC=NC(=C1)N2C(=O)C3=C4C(=CC=C5C4=C(C=C3)C(=O)NC5=O)C2=O,PDI core not found
C1=CC2=C3C(=CC=C4C3=C1C(=O)NC4=O)C(=O)N(C2=O)C5=CC=NC=C5,PDI core not found
CC(=O)OCCN1C(=O)C2=C3C(=CC=C4C3=C(C=C2)C(=O)NC4=O)C1=O,PDI core not found
CC1=CC(=C(C=C1)C)N2C(=O)C3=C4C(=CC=C5C4=C(C=C3)C(=O)NC5=O)C2=O,PDI core not found
C1=CC(=CC=C1N2C(=O)C3=C4C(=CC=C5C4=C(C=C3)C(=O)NC5=O)C2=O)O,PDI core not found
C1=CC2=C3C(=CC=C4C3=C1C(=O)NC4=O)C(=O)N(C2=O)CCCCO,PDI core not found
COC1=CC(=C(C=C1)OC)N2C(=O)C3=C4C(=CC=C5C4=C(C=C3)C(=O)NC5=O)C2=O,PDI core not found
C1=CC2=C3C(=CC=C4C3=C1C(=O)NC4=O)C(=O)N(C2=O)CCO,PDI core not found
C1=CC=C2C(=C1)C=CC=C2N3C(=O)C4=C5C(=CC=C6C5=C(C=C4)C(=O)N(C6=O)C7=CC=CC8=CC=CC=C87)C3=O,PDI core not found
CCCCCCN1C(=O)C2=C3C(=CC=C4C3=C(C=C2)C(=O)N(C4=O)C5=CC=NC=C5)C1=O,PDI core not found
CCCCCCN1C(=O)C2=C3C(=CC=C4C3=C(C=C2)C(=O)NC4=O)C1=O,PDI core not found
CC(C)C1=C(C(=CC=C1)C(C)C)N2C(=O)C3=CC(=C4C5=C(C=C(C(=C35)C2=O)C#N)C(=O)N(C4=O)C6=C(C=CC=C6C(C)C)C(C)C)C#N,PDI core not found
CC(C)C(C(=O)O)NC(=O)C(CC(=O)O)NC(=O)C(CC1=CC=CC=C1)NC(=O)C(C)NC(=O)CN2C(=O)C3=C4C(=CC=C5C4=C(C=C3)C(=O)N(C5=O)CC(=O)NC(C)C(=O)NC(CC6=CC=CC=C6)C(=O)NC(CC(=O)O)C(=O)NC(C(C)C)C(=O)O)C2=O,PDI core not found
CC(C)(C)C1=CC(=C(C=C1)C(C)(C)C)N2C(=O)C3=C4C(=CC=C5C4=C(C=C3)C(=O)N(C5=O)C(CO)CO)C2=O,PDI core not found
CCCCCCCCCCC(CCCCCCCC)CN1C(=O)C2=C3C(=CC=C4C3=C(C=C2)C(=O)N(C4=O)CC(CCCCCCCC)CCCCCCCCCC)C1=O,PDI core not found
C[NH+](C)CCCN1C(=O)C2=C3C(=CC=C4C3=C(C=C2)C(=O)N(C4=O)CCC[NH+](C)C)C1=O,PDI core not found
CCCCCCCCCCC(CCCCCCCC)CN1C(=O)C2=C3C(=CC(=C4C3=C(C=C2)C(=O)N(C4=O)CC(CCCCCCCC)CCCCCCCCCC)C5=CC=C(S5)C6=CC=CS6)C1=O,PDI core not found
CC(C)C1=C(C(=CC=C1)C(C)C)N2C(=O)C3=C4C5=C(C=C3)C(=O)N(C(=O)C5=C6C(=C4C2=O)C7=CC=CC=C7S6)C8=C(C=CC=C8C(C)C)C(C)C,PDI core not found
CC(C)C1=C(C(=CC=C1)C(C)C)N2C(=O)C3=C4C5=CC=CC=C5SC4=C6C7=C3C(=C8C(=C7C(=O)N(C6=O)C9=C(C=CC=C9C(C)C)C(C)C)C1=CC=CC=C1S8)C2=O,PDI core not found
CC(C)CC(C(=O)O)N1C(=O)C2=C3C(=CC=C4C3=C(C=C2)C(=O)N(C4=O)C(CC(C)C)C(=O)O)C1=O,PDI core not found
CC1=C(C(=NN1)C)N2C(=O)C3=C4C(=CC=C5C4=C(C=C3)C(=O)N(C5=O)C6=C(NN=C6C)C)C2=O,PDI core not found
C1CCC(C(C1)N)N2C(=O)C3=C4C(=CC=C5C4=C(C=C3)C(=O)N(C5=O)C6CCCCC6N)C2=O,PDI core not found
C1=CC2=C3C(=CC=C4C3=C1C(=O)N(C4=O)C5=CN=CN=C5)C(=O)N(C2=O)C6=CN=CN=C6,PDI core not found
C1=CC(=CC(=C1)N2C(=O)C3=C4C(=CC=C5C4=C(C=C3)C(=O)N(C5=O)C6=CC=NC=C6)C2=O)NC(=O)C7=NC(=CC=C7)C(=NC8=CC(=CC=C8)N9C(=O)C1=C2C(=CC=C3C2=C(C=C1)C(=O)N(C3=O)C1=CC=NC=C1)C9=O)O,PDI core not found
C1=CC(=CC=C1N)N2C(=O)C3=C4C(=CC=C5C4=C(C=C3)C(=O)N(C5=O)C6=CC=C(C=C6)N)C2=O,PDI core not found
C1CCC2C(C1)N3C(=O)C4=C5C(=CC=C6C5=C(C=C4)C(=O)N(C6=O)C7CCCCC7N8C(=O)C9=C1C(=CC=C4C1=C(C=C9)C(=O)N(C4=O)C1CCCCC1N1C(=O)C4=C5C(=CC=C6C5=C(C=C4)C(=O)N2C6=O)C1=O)C8=O)C3=O,PDI core not found
C1CC(OC1)CN2C(=O)C3=C4C(=CC=C5C4=C(C=C3)C(=O)NC5=O)C2=O,PDI core not found
C1=CC2=C(C=CC=N2)C(=C1)N3C(=O)C4=C5C(=CC=C6C5=C(C=C4)C(=O)N(C6=O)C7=CC=CC8=C7C=CC=N8)C3=O,PDI core not found
CCCCCCN1C(=O)C2=C3C(=CC=C4C3=C(C=C2)C(=O)N(C4=O)CCCCCCOC(=O)C=C)C1=O,PDI core not found
C=CC(=O)OCCN1C(=O)C2=C3C(=CC=C4C3=C(C=C2)C(=O)N(C4=O)CCOC(=O)C=C)C1=O,PDI core not found
CC(N1C(=O)C2=C3C(=CC=C4C3=C(C=C2)C(=O)NC4=O)C1=O)OC(C)(C)C(C)(C(=O)C5CCC(CC5)C(=O)C(C)(C)C)C6(C(OCC(COC(C(OCC(CO6)(C)C)(C)C(C)(C)O)(C)C)(CO)CO)(C)C)C,PDI core not found
CN1C(=O)C2=C3C(=C4C5=C2C(=C6C(=C5C(=O)N(C4=O)C)SC(=C(C#N)C(=O)OC)S6)C1=O)SC(=C(C#N)C(=O)O)S3,PDI core not found
CC1=C(C2=C3C4=C5C(=C6C(=C(SC6=C4C(=O)N(C3=O)C)C#N)C#N)C(=O)N(C(=O)C5=C2S1)C)C#N,PDI core not found
CC(C)C1=C(C(=CC=C1)C(C)C)N2C(=O)C3=C4C5=CC=CC=C5OC4=C6C7=C3C(=C8C(=C7C(=O)N(C6=O)C9=C(C=CC=C9C(C)C)C(C)C)C1=CC=CC=C1O8)C2=O,PDI core not found
CC(C)C1=C(C(=CC=C1)C(C)C)N2C(=O)C3=C4C5=CC=CC=C5NC4=C6C7=C3C(=C8C9=CC=CC=C9NC8=C7C(=O)N(C6=O)C1=C(C=CC=C1C(C)C)C(C)C)C2=O,PDI core not found
CN(C)CCN1C(=O)C2=C3C(=CC=C4C3=C(C=C2)C(=O)N(C4=O)CCCC(=O)NCCCCCN(CCCCNC(=S)NCCSCC5C(C(C(O5)OC6C(C(CC(C6OC7C(C(C(C(O7)CN)O)O)N)N)N)O)O)OC8C(C(C(C(O8)CN)O)O)N)CCCNC(=S)NCCSCC9C(C(C(O9)OC2C(C(CC(C2OC2C(C(C(C(O2)CN)O)O)N)N)N)O)O)OC2C(C(C(C(O2)CN)O)O)N)C1=O,PDI core not found
CCCCCCCCCCCCC(CCCCCCCCCC)CN1C(=O)C2=CC(=C3C4=C(C=C(C(=C24)C1=O)C5=CC=CS5)C(=O)N(C3=O)CC(CCCCCCCCCC)CCCCCCCCCCCC)C6=CC=CS6,PDI core not found
CCCCCCCCN1C(=O)C2=CC(=C3C4=C(C=C(C(=C24)C1=O)C5=CC=C(S5)C=O)C(=O)N(C3=O)CCCCCCCC)C6=CC=C(S6)C=O,PDI core not found
CC(=O)CCCCCN1C(=O)C2=C3C(=CC=C4C3=C(C=C2)C(=O)N(C4=O)CCN(C)C)C1=O,PDI core not found
CN1C(=O)C2=C3C4=C(C5=C2C(=C(C(=C5C6=CC=CC=C6)C7=CC=CC=C7)C8=CC=CC=C8)C9=CC=CC=C9)C(=O)N(C(=O)C4=C2C(=C(C(=C(C2=C3C1=O)C1=CC=CC=C1)C1=CC=CC=C1)C1=CC=CC=C1)C1=CC=CC=C1)C,PDI core not found
CN1C(=O)C2=C3C4=C(C5=C2C6=CC=CC=C6C7=CC=CC=C75)C(=O)N(C(=O)C4=C8C9=CC=CC=C9C2=CC=CC=C2C8=C3C1=O)C,PDI core not found
CCCCCCCCCCCCC(CCCCCCCCCC)CCCN1C(=O)C2=CC(=C3C4=C(C=C(C(=C24)C1=O)C5=CC=C(S5)C#N)C(=O)N(C3=O)CCCC(CCCCCCCCCC)CCCCCCCCCCCC)C6=CC=C(S6)C#N,PDI core not found
CCCCCCCCCCCCC(CCCCCCCCCC)CCCCN1C(=O)C2=CC(=C3C4=C(C=C(C(=C24)C1=O)C5=CC=C(S5)C#N)C(=O)N(C3=O)CCCCC(CCCCCCCCCC)CCCCCCCCCCCC)C6=CC=C(S6)C#N,PDI core not found
CCCCCCCCCCCCC(CCCCCCCCCC)CCN1C(=O)C2=CC(=C3C4=C(C=C(C(=C24)C1=O)C5=CC=C(S5)C#N)C(=O)N(C3=O)CCC(CCCCCCCCCC)CCCCCCCCCCCC)C6=CC=C(S6)C#N,PDI core not found
CCCCCCCCCCCCC(CCCCCCCCCC)CN1C(=O)C2=CC(=C3C4=C(C=C(C(=C24)C1=O)C5=CC=C(S5)C#N)C(=O)N(C3=O)CC(CCCCCCCCCC)CCCCCCCCCCCC)C6=CC=C(S6)C#N,PDI core not found
CCCCCCCCCCCCC(CCCCCCCCCC)CCCCCN1C(=O)C2=CC(=C3C4=C(C=C(C(=C24)C1=O)C5=CC=C(S5)C#N)C(=O)N(C3=O)CCCCCC(CCCCCCCCCC)CCCCCCCCCCCC)C6=CC=C(S6)C#N,PDI core not found
CCCCCCCCCCCCC(CCCCCCCCCC)CCCCCCN1C(=O)C2=CC(=C3C4=C(C=C(C(=C24)C1=O)C5=CC=C(S5)C#N)C(=O)N(C3=O)CCCCCCC(CCCCCCCCCC)CCCCCCCCCCCC)C6=CC=C(S6)C#N,PDI core not found
CCCCCCCCCCCCC(CCCCCCCCCC)CCCCCCCN1C(=O)C2=CC(=C3C4=C(C=C(C(=C24)C1=O)C5=CC=C(S5)C#N)C(=O)N(C3=O)CCCCCCCC(CCCCCCCCCC)CCCCCCCCCCCC)C6=CC=C(S6)C#N,PDI core not found
CCCCCCCCN1C(=O)C2=CC(=C3C4=C(C=C(C(=C24)C1=O)C5=CC=CS5)C(=O)N(C3=O)CCCCCCCC)C6=CC=CS6,PDI core not found
CCCCCCCCN1C(=O)C2=CC(=C3C4=C(C=C(C(=C24)C1=O)C5=CC=C(S5)C=C(C#N)C#N)C(=O)N(C3=O)CCCCCCCC)C6=CC=C(S6)C=C(C#N)C#N,PDI core not found
CCCCCCCCCCCCC(CCCCCCCCCC)CN1C(=O)C2=CC(=C3C4=C(C=C(C(=C24)C1=O)C5=CC=C(S5)C=C(C#N)C#N)C(=O)N(C3=O)CC(CCCCCCCCCC)CCCCCCCCCCCC)C6=CC=C(S6)C=C(C#N)C#N,PDI core not found
CCCCCCCCN1C(=O)C2=CC(=C3C4=C(C=C(C(=C24)C1=O)C5=CC6=CC=CC=C6S5)C(=O)N(C3=O)CCCCCCCC)C7=CC8=CC=CC=C8S7,PDI core not found
CCCCCCCCN1C(=O)C2=CC(=C3C4=C(C=C(C(=C24)C1=O)C5=CC=C(S5)C6=CC=CS6)C(=O)N(C3=O)CCCCCCCC)C7=CC=C(S7)C8=CC=CS8,PDI core not found
CCCCCCCCN1C(=O)C2=CC(=C3C4=C(C=C(C(=C24)C1=O)C5=CC=C(S5)C#N)C(=O)N(C3=O)CCCCCCCC)C6=CC=C(S6)C#N,PDI core not found
CCCCCCON1C(=O)C2=CC(=C3C4=C(C=C(C(=C24)C1=O)C5=CC=C(S5)C#N)C(=O)N(C3=O)OCCCCCC)C6=CC=C(S6)C#N,PDI core not found
CCCCCCCCN1C(=O)C2=CC(=C3C4=C(C=C(C(=C24)C1=O)C5=CC6=CC=CC=C6O5)C(=O)N(C3=O)CCCCCCCC)C7=CC8=CC=CC=C8O7,PDI core not found
CCCCCCCCCCC(CCCCCCCC)CN1C(=O)C2=CC(=C3C4=C(C=C(C(=C24)C1=O)C5=CC=C(S5)C#N)C(=O)N(C3=O)CC(CCCCCCCC)CCCCCCCCCC)C6=CC=C(S6)C#N,PDI core not found
C1C=CC(=C1)C2=CC(=C(C=C2)N3C(=O)C4=C5C(=CC=C6C5=C(C=C4)C(=O)N(C6=O)C7=C(C=C(C=C7)C8C=CC=C8)SCC9=CC=CC=C9)C3=O)SCC1=CC=CC=C1,PDI core not found
C1C=CC(=C1)C2=C(C=C(C=C2)N3C(=O)C4=C5C(=CC=C6C5=C(C=C4)C(=O)N(C6=O)C7=CC(=C(C=C7)C8C=CC=C8)C#N)C3=O)C#N,PDI core not found
C=COC1=C(C=CC(=C1)N2C(=O)C3=C4C(=CC=C5C4=C(C=C3)C(=O)N(C5=O)C6=CC(=C(C=C6)C7=CCC=C7)OC=C)C2=O)C8C=CC=C8,PDI core not found
CSC1=C(C=CC(=C1)C2C=CC=C2)N3C(=O)C4=C5C(=CC=C6C5=C(C=C4)C(=O)N(C6=O)C7=C(C=C(C=C7)C8=CCC=C8)SC)C3=O,PDI core not found
C1C=CC(=C1)C2=CC(=C(C=C2)N3C(=O)C4=C5C(=CC=C6C5=C(C=C4)C(=O)N(C6=O)C7=C(C=C(C=C7)C8C=CC=C8)SC9=CC=CC=C9)C3=O)SC1=CC=CC=C1,PDI core not found
C1C=CC(=C1)C2=CC=C(C=C2)N3C(=O)C4=C5C(=CC=C6C5=C(C=C4)C(=O)N(C6=O)C7=CC=CC(=C7)COC(=O)CCC8=CC=CC8)C3=O,PDI core not found
C1C=CC(=C1)C2=CC=C(C=C2)N3C(=O)C4=C5C(=CC=C6C5=C(C=C4)C(=O)N(C6=O)C7=CC=CC(=C7)CC(=O)OCCC8C=CC=C8)C3=O,PDI core not found
C1C=CC(=C1)C2=CC=C(C=C2)N3C(=O)C4=C5C(=CC=C6C5=C(C=C4)C(=O)N(C6=O)C7=CC=CC(=C7)COC(=O)CC(=O)C8=CC=CC8)C3=O,PDI core not found
CC(C)C(C(C)C)OC1=C2C3=C4C(=C1)C(=O)N(C(=O)C4=C(C=C3C(=O)N(C2=O)C5=C(C=C(C=C5C6=CC=CC6)C7=CC=CC7)C8=CC=CC8)OC(C(C)C)C(C)C)C9=C(C=C(C=C9C1=CC=CC1)C1=CC=CC1)C1=CC=CC1,PDI core not found
C1C=CC(=C1)C2=CC=C(C=C2)N3C(=O)C4=C5C(=CC=C6C5=C(C=C4)C(=O)N(C6=O)C7=CC=CC(=C7)COC(=O)C=CC8=CC=CC8)C3=O,PDI core not found
C1C=CC(=C1)C2=CC=C(C=C2)N3C(=O)C4=C5C(=CC(=C6C5=C(C=C4)C(=O)N(C6=O)C7=CC=C(C=C7)C8C=CC=C8)NC9=CC=C(C=C9)C1=CC=CC1)C3=O,PDI core not found
C1C=CC(=C1)C2=CC=C(C=C2)N3C(=O)C4=C5C(=CC(=C6C5=C(C=C4)C(=O)N(C6=O)C7=CC=C(C=C7)C8C=CC=C8)O)C3=O,PDI core not found
C1C=CC=C1C2=CC(=CC=C2)NC3=C4C5=C(C=CC6=C5C(=C3)C(=O)N(C6=O)C7=CC=CC(=C7)C8=CC=CC8)C(=O)N(C4=O)C9=CC=CC(=C9)C1=CC=CC1,PDI core not found
C=CC=CC(=C)N1C(=O)C2=CC(=C3C4=C2C(=C(C=C4C(=O)N(C3=O)C5=CC=CC(=C5)C6=CC=CC6)NC7=CC=CC(=C7)C8=CC=CC8)C1=O)NC9=CC=CC(=C9)C1=CCC=C1,PDI core not found
CC(C)OC1=CC(=CC(=C1)N2C(=O)C3=CC=C4C5=C(C6=CC7=CC=CC=C7C=C6C(=C35)C2=O)C(=O)N(C4=O)C8=CC(=CC(=C8)C9=CC=CC9)OC(C)C)C1=CC=CC1,PDI core not found
C1C=CC(=C1)C2=CC=C(C=C2)N3C(=O)C4=C5C(=CC=C6C5=C(C=C4)C(=O)N(C6=O)C7=CC=C(C=C7)C8C=CC=C8)C3=O,PDI core not found
C1C=CC=C1C=NC2=CC=C(C=C2)N3C(=O)C4=C5C(=CC=C6C5=C(C=C4)C(=O)N(C6=O)C7=CC=C(C=C7)N=CC8C=CC=C8)C3=O,PDI core not found
C1C=CC(=C1)C2=CC=C(C=C2)N3C(=O)C4=C5C(=CC=C6C5=C(C=C4)C(=O)N(C6=O)C7=CC=CC(=C7)COC8C=CC=C8)C3=O,PDI core not found
C1C=CC(=C1)C2=CC=C(C=C2)N3C(=O)C4=C5C(=CC=C6C5=C(C=C4)C(=O)N(C6=O)C7=CC=C(C=C7)C=CC8C=CC=C8)C3=O,PDI core not found
CC(=CC1C=CC=C1)C2=CC=C(C=C2)N3C(=O)C4=C5C(=CC=C6C5=C(C=C4)C(=O)N(C6=O)C7=CC=C(C=C7)C8=CCC=C8)C3=O,PDI core not found
C1C=CC(=C1)C2=CC=C(C=C2)N3C(=O)C4=C5C(=CC=C6C5=C(C=C4)C(=O)N(C6=O)C7=CC(=CC=C7)OC(=O)C8C=CC=C8)C3=O,PDI core not found
C1C=CC(=C1)C2=CC=C(C=C2)N3C(=O)C4=C5C(=CC=C6C5=C(C=C4)C(=O)N(C6=O)C7=CC(=CC=C7)OC(=O)C=CC8C=CC=C8)C3=O,PDI core not found
C1C=CC(=C1)C2=CC=C(C=C2)N3C(=O)C4=C5C(=CC=C6C5=C(C=C4)C(=O)N(C6=O)C7=CC=C(C=C7)C(=O)OCCC8C=CC=C8)C3=O,PDI core not found
COC(CC(=O)OC1=CC=CC(=C1)N2C(=O)C3=C4C(=CC=C5C4=C(C=C3)C(=O)N(C5=O)C6=CC=C(C=C6)C7=CCC=C7)C2=O)C8C=CC=C8,PDI core not found
C1C=CC(=C1)C2=CC=C(C=C2)N3C(=O)C4=C5C(=CC=C6C5=C(C=C4)C(=O)N(C6=O)C7=CC(=CC=C7)OC(=O)CC(C8C=CC=C8)O)C3=O,PDI core not found
CCCCCCC(C)N1C(=O)C2=C3C(=C(C=C4C3=C(C=C2)C(=O)N(C4=O)N5C(=O)C6=C7C(=CC=C8C7=C(C=C6)C(=O)N(C8=O)C(C)CCCCC)C5=O)C)C1=O,PDI core not found
CCCCCC(C)N1C(=O)C2=C3C(=CC=C4C3=C(C=C2)C(=O)N(C4=O)N(C)C(=O)C5=CC=C6C7=C(C=CC(=C57)C(=O)C)C(=O)N(C6=O)C(CCCCC)CCCCC)C1=O,PDI core not found
C1=CC=C(C(=C1)CO)N2C(=O)C3=C4C(=CC=C5C4=C(C=C3)C(=O)N(C5=O)C6=CC=CC=C6CO)C2=O,PDI core not found
C1=CC=C(C=C1)CC(CO)N2C(=O)C3=C4C(=CC=C5C4=C(C=C3)C(=O)N(C5=O)C(CC6=CC=CC=C6)CO)C2=O,PDI core not found
C1=CC2=C3C(=CC=C4C3=C1C(=O)N(C4=O)CCC5=CC(=C(C(=C5)CO)O)CO)C(=O)N(C2=O)CCC6=CC(=C(C(=C6)CO)O)CO,PDI core not found
COCN1C(=O)C2=C3C(=CC=C4C3=C(C=C2)C(=O)N(C4=O)COC)C1=O,PDI core not found
CCCCCCCCCCCCC(CCCCCCCCCC)CN1C(=O)C2=CC(=C3C4=C(C=C(C(=C24)C1=O)C#N)C(=O)N(C3=O)CC(CCCCCCCCCC)CCCCCCCCCCCC)C5=CC6=C(S5)C7=C(S6)C=C(S7)C8=C9C1=C(C=C(C2=C1C(=C8)C(=O)N(C2=O)CC(CCCCCCCCCC)CCCCCCCCCCCC)C#N)C(=O)N(C9=O)CC(CCCCCCCCCC)CCCCCCCCCCCC,PDI core not found
CCCCCCCCN1C(=O)C2=CC(=C3C4=C(C=C(C(=C24)C1=O)C#N)C(=O)N(C3=O)CCCCCCCC)C5=CC=C(S5)C6=C7C8=C(C=C(C9=C8C(=C6)C(=O)NC9=O)C#N)C(=O)N(C7=O)CCCCCCCC,PDI core not found
C1=CC2=C3C(=CC=C4C3=C1C(=O)N(C4=O)C5=NC(=O)NC(=O)N5)C(=O)N(C2=O)C6=NC(=O)NC(=O)N6,PDI core not found
C1CCCC(CC1)N2C(=O)C3=C4C(=CC=C5C4=C(C=C3)C(=O)N(C5=O)C6=NC(=O)NC(=O)N6)C2=O,PDI core not found
C1=CC2=C3C(=C1)C=CC4=C(C=CC(=C43)C=C2)N5C(=O)C6=C7C(=CC=C8C7=C(C=C6)C(=O)N(C8=O)C9=CC=CC(=C9)C(=O)O)C5=O,PDI core not found
C1=CC=C2C=C3C(=CC2=C1)C=CC=C3N4C(=O)C5=C6C(=CC=C7C6=C(C=C5)C(=O)N(C7=O)C8=CC=C(C=C8)C(=O)O)C4=O,PDI core not found
CCON1C(=O)C2=C3C(=CC=C4C3=C(C=C2)C(=O)N(C4=O)C5=CC=CC6=CC7=CC=CC=C7C=C65)C1=O,PDI core not found
C1=CC2=C3C(=C1)C=C(C4=CC=CC(=C43)C=C2)N5C(=O)C6=C7C(=CC=C8C7=C(C=C6)C(=O)N(C8=O)O)C5=O,PDI core not found
C1=CC=C2C=C3C=C(C=CC3=CC2=C1)N4C(=O)C5=C6C(=CC=C7C6=C(C=C5)C(=O)N(C7=O)C8=CC=CC(=C8)C(=O)O)C4=O,PDI core not found
CCON1C(=O)C2=C3C(=CC=C4C3=C(C=C2)C(=O)N(C4=O)C5=CC6=CC7=CC=CC=C7C=C6C=C5)C1=O,PDI core not found
C1=CC2=C3C(=C1)C=C(C4=CC=CC(=C43)C=C2)N5C(=O)C6=C7C(=CC=C8C7=C(C=C6)C(=O)N(C8=O)C9=CC=C(C=C9)C=O)C5=O,PDI core not found
C1=CC=C(C=C1)N(C2=CC=C(C=C2)N3C(=O)C4=C5C(=CC=C6C5=C(C=C4)C(=O)N(C6=O)C7=CC(=CC=C7)O)C3=O)C8=C9C=CC=CC9=CC1=CC=CC=C18,PDI core not found
C1=CC2=C3C(=C1)C=CC4=C(C=CC(=C43)C=C2)N5C(=O)C6=C7C(=CC=C8C7=C(C=C6)C(=O)N(C8=O)C9=CC=C(C=C9)C(=O)O)C5=O,PDI core not found
C1=CC=C2C=C3C(=CC2=C1)C=CC=C3N4C(=O)C5=C6C(=CC=C7C6=C(C=C5)C(=O)N(C7=O)C8=CC=C(C=C8)O)C4=O,PDI core not found
C1=CC2=C3C(=C1)C=CC4=C(C=CC(=C43)C=C2)N5C(=O)C6=C7C(=CC=C8C7=C(C=C6)C(=O)N(C8=O)O)C5=O,PDI core not found
C1=CC2=C3C(=C1)C=C(C4=CC=CC(=C43)C=C2)N5C(=O)C6=C7C(=CC=C8C7=C(C=C6)C(=O)N(C8=O)C9=CC=C(C=C9)O)C5=O,PDI core not found
CC(=O)C1=CC=C(C=C1)N2C(=O)C3=C4C(=CC=C5C4=C(C=C3)C(=O)N(C5=O)C6=CC7=CC=CC8=C7C9=C(C=CC=C69)C=C8)C2=O,PDI core not found
C1=CC=C2C=C3C=C(C=CC3=CC2=C1)N4C(=O)C5=C6C(=CC=C7C6=C(C=C5)C(=O)N(C7=O)C8=CC=C(C=C8)O)C4=O,PDI core not found
C1=CC=C2C=C3C=C(C=CC3=CC2=C1)N4C(=O)C5=C6C(=CC=C7C6=C(C=C5)C(=O)N(C7=O)C8=CC=C(C=C8)C(=O)O)C4=O,PDI core not found
C1=CC=C(C=C1)C2=NC3=CC=CC=C3N2C4=CC(=CC(=C4)N5C(=O)C6=C7C(=CC=C8C7=C(C=C6)C(=O)N(C8=O)C9=CC=C(C=C9)O)C5=O)N1C2=CC=CC=C2N=C1C1=CC=CC=C1,PDI core not found
CC1=CC(=CC=C1)N2C(=O)C3=C4C(=CC=C5C4=C(C=C3)C(=O)N(C5=O)C6=CC(=CC=C6)N(C7=CC=CC=C7)C8=C9C=CC=CC9=CC1=CC=CC=C18)C2=O,PDI core not found
C1=CC=C2C(=C1)C3=C(C2=O)C=C(C=C3)N4C(=O)C5=C6C(=CC=C7C6=C(C=C5)C(=O)N(C7=O)O)C4=O,PDI core not found
C1=CC=C2C(=C1)C3=CC=CC=C3N2C4=CC(=CC(=C4)N5C(=O)C6=C7C(=CC=C8C7=C(C=C6)C(=O)N(C8=O)C9=CC=C(C=C9)O)C5=O)N1C2=CC=CC=C2C2=CC=CC=C21,PDI core not found
CC1=CC=C(C=C1)N(C2=CC=C(C=C2)C)C3=CC(=CC=C3)OC(=O)CN4C(=O)C5=C6C(=CC=C7C6=C(C=C5)C(=O)N(C7=O)CC=O)C4=O,PDI core not found
CC1=C(C=CC(=C1)N2C(=O)C3=C4C(=CC=C5C4=C(C=C3)C(=O)N(C5=O)C6=CC(=CC(=C6)C7C8=CC=CC=C8C=C7C9=CC=CC=C9)C1C3=CC=CC=C3C=C1C1=CC=CC=C1)C2=O)C=CC1=C(C=C(C=C1)N1C(=O)C2=C3C(=CC=C4C3=C(C=C2)C(=O)N(C4=O)C2=CC=CC=C2C2C3=CC=CC=C3C=C2C2=CC=CC=C2)C1=O)S(=O)(=O)O,PDI core not found
C1=CC=C(C=C1)N(C2=CC=CC=C2)C3=CC(=CC=C3)OC(=O)CN4C(=O)C5=C6C(=CC=C7C6=C(C=C5)C(=O)N(C7=O)CC=O)C4=O,PDI core not found
C1=CC=C(C=C1)N(C2=CC=CC=C2N3C(=O)C4=C5C(=CC=C6C5=C(C=C4)C(=O)N(C6=O)C7=CC=C(C=C7)C(=O)O)C3=O)C8=C9C=CC=CC9=CC1=CC=CC=C18,PDI core not found
CC1=C(C=CC(=C1)N2C(=O)C3=C4C(=CC=C5C4=C(C=C3)C(=O)N(C5=O)C6=CC=CC=C6C7C8=CC=CC=C8C=C7C9=CC=CC=C9)C2=O)C=CC1=C(C=C(C=C1)N1C(=O)C2=C3C(=CC=C4C3=C(C=C2)C(=O)N(C4=O)C2=C3C=CC4=CC=CC5=C4C3=C(C=C5)C=C2)C1=O)S(=O)(=O)O,PDI core not found
CC(C)(C)C1=CC(=CC=C1)N2C(=O)C3=C4C(=CC=C5C4=C(C=C3)C(=O)N(C5=O)C6=CC=CC=C6C(C)(C)C)C2=O,PDI core not found
CC1=C(C=CC(=C1)N2C(=O)C3=C4C(=CC=C5C4=C(C=C3)C(=O)N(C5=O)C6=CC=CC=C6C7C8=CC=CC=C8C=C7C9=CC=CC=C9)C2=O)C=CC1=C(C=C(C=C1)N1C(=O)C2=C3C(=CC=C4C3=C(C=C2)C(=O)N(C4=O)C2=CC=CC=C2C2C3=CC=CC=C3C=C2C2=CC=CC=C2)C1=O)S(=O)(=O)O,PDI core not found
CC1=C(C=CC(=C1)N2C(=O)C3=C4C(=CC=C5C4=C(C=C3)C(=O)N(C5=O)C6=CC(=CC(=C6)C7C8=CC=CC=C8C=C7C9=CC=CC=C9)C1C3=CC=CC=C3C=C1C1=CC=CC=C1)C2=O)C=CC1=C(C=C(C=C1)N1C(=O)C2=C3C(=CC=C4C3=C(C=C2)C(=O)N(C4=O)C2=CC(=CC(=C2)C2C3=CC=CC=C3C=C2C2=CC=CC=C2)C2C3=CC=CC=C3C=C2C2=CC=CC=C2)C1=O)S(=O)(=O)O,PDI core not found
CC(C)(C)C1=CC=C(C=C1)N2C(=O)C3=C4C(=CC=C5C4=C(C=C3)C(=O)N(C5=O)C6=C(C=CC(=C6)C(C)(C)C)C(C)(C)C)C2=O,PDI core not found
CC(C)(C)C1=CC(=C(C=C1)C(C)(C)C)N2C(=O)C3=C4C(=CC=C5C4=C(C=C3)C(=O)N(C5=O)C6=CC=CC=C6C(C)(C)C)C2=O,PDI core not found
CC1=C(C=CC(=C1)N2C(=O)C3=C4C(=CC=C5C4=C(C=C3)C(=O)N(C5=O)C6=CC(=CC(=C6)C7C8=CC=CC=C8C=C7C9=CC=CC=C9)C1C3=CC=CC=C3C=C1C1=CC=CC=C1)C2=O)C=CC1=C(C=C(C=C1)N1C(=O)C2=C3C(=CC=C4C3=C(C=C2)C(=O)N(C4=O)C2=C3C=CC4=CC=CC5=C4C3=C(C=C5)C=C2)C1=O)S(=O)(=O)O,PDI core not found
CC(C)(C)C1=CC(=CC=C1)N2C(=O)C3=C4C(=CC=C5C4=C(C=C3)C(=O)N(C5=O)C6=CC=CC(=C6)C(C)(C)C)C2=O,PDI core not found
CC(C)(C)C1=CC=C(C=C1)N2C(=O)C3=C4C(=CC=C5C4=C(C=C3)C(=O)N(C5=O)C6=NN=C(O6)C7=CC=CC=C7)C2=O,PDI core not found
CC(C)(C)C1=CC=C(C=C1)N2C(=O)C3=C4C(=CC=C5C4=C(C=C3)C(=O)N(C5=O)C6=CC=CC=C6C(C)(C)C)C2=O,PDI core not found
CC(C)(C)C1=CC=C(C=C1)N2C(=O)C3=C4C(=CC=C5C4=C(C=C3)C(=O)N(C5=O)C6=CC=CC(=C6)C(C)(C)C)C2=O,PDI core not found
CC(=O)CN1C(=O)C2=C3C(=CC=C4C3=C(C=C2)C(=O)N(C4=O)CC=O)C1=O,PDI core not found
CC1=C(C=CC(=C1)N2C(=O)C3=C4C(=CC=C5C4=C(C=C3)C(=O)N(C5=O)C6=C7C=CC8=CC=CC9=C8C7=C(C=C9)C=C6)C2=O)C=CC1=C(C=C(C=C1)N1C(=O)C2=C3C(=CC=C4C3=C(C=C2)C(=O)N(C4=O)C2=C3C=CC4=CC=CC5=C4C3=C(C=C5)C=C2)C1=O)S(=O)(=O)O,PDI core not found
CC(C)(C)C1=CC(=CC=C1)N2C(=O)C3=C4C(=CC=C5C4=C(C=C3)C(=O)N(C5=O)C6=C(C=CC(=C6)C(C)(C)C)C(C)(C)C)C2=O,PDI core not found
CC(C)(C)C1=CC(=C(C=C1)C(C)(C)C)N2C(=O)C3=C4C(=CC=C5C4=C(C=C3)C(=O)N(C5=O)C6=NN=C(O6)C7=CC=CC=C7)C2=O,PDI core not found
C1=CC=C2C=C3C=C(C=CC3=CC2=C1)N4C(=O)C5=C6C(=CC=C7C6=C(C=C5)C(=O)N(C7=O)CCO)C4=O,PDI core not found
C1=CC=C2C=C3C(=CC2=C1)C=CC=C3N4C(=O)C5=C6C(=CC=C7C6=C(C=C5)C(=O)N(C7=O)CCO)C4=O,PDI core not found
C1=CC=C(C=C1)C2=CC3=CC=CC=C3C2C4=CC=CC=C4N5C(=O)C6=C7C(=CC=C8C7=C(C=C6)C(=O)N(C8=O)C9=CC(=C(C=C9)C=CC1=C(C=C(C=C1)N1C(=O)C2=C3C(=CC=C4C3=C(C=C2)C(=O)N(C4=O)C2=CC=CC=C2C2C3=CC=CC=C3C=C2C2=CC=CC=C2)C1=O)S(=O)(=O)ON)S(=O)(=O)O)C5=O,PDI core not found
C1=CC=C(C=C1)C2=CC3=CC=CC=C3C2C4=CC=CC=C4N5C(=O)C6=C7C(=CC=C8C7=C(C=C6)C(=O)N(C8=O)C9=CC(=C(C=C9)C=CC1=C(C=C(C=C1)N1C(=O)C2=C3C(=CC=C4C3=C(C=C2)C(=O)N(C4=O)C2=CC(=CC(=C2)C2C3=CC=CC=C3C=C2C2=CC=CC=C2)C2C3=CC=CC=C3C=C2C2=CC=CC=C2)C1=O)S(=O)(=O)ON)S(=O)(=O)O)C5=O,PDI core not found
C1=CC=C(C=C1)C2=CC3=CC=CC=C3C2C4=CC(=CC(=C4)N5C(=O)C6=C7C(=CC=C8C7=C(C=C6)C(=O)N(C8=O)C9=CC(=C(C=C9)C=CC1=C(C=C(C=C1)N1C(=O)C2=C3C(=CC=C4C3=C(C=C2)C(=O)N(C4=O)C2=CC(=CC(=C2)C2C3=CC=CC=C3C=C2C2=CC=CC=C2)C2C3=CC=CC=C3C=C2C2=CC=CC=C2)C1=O)S(=O)(=O)ON)S(=O)(=O)O)C5=O)C1C2=CC=CC=C2C=C1C1=CC=CC=C1,PDI core not found
CC1=CC=C(C=C1)N2C(=O)C3=C4C(=CC=C5C4=C(C=C3)C(=O)N(C5=O)C6=C(C=CC(=C6)C(C)(C)C)C)C2=O,PDI core not found
C1=CC2=C3C(=C1)C=CC4=C(C=CC(=C43)C=C2)N5C(=O)C6=C7C(=CC=C8C7=C(C=C6)C(=O)N(C8=O)CCO)C5=O,PDI core not found
C1=CC2=C3C(=C1)C=C(C4=CC=CC(=C43)C=C2)N5C(=O)C6=C7C(=CC=C8C7=C(C=C6)C(=O)N(C8=O)CCO)C5=O,PDI core not found
C1=CC=C2C(=C1)C3=C(C2=O)C=C(C=C3)N4C(=O)C5=C6C(=CC=C7C6=C(C=C5)C(=O)N(C7=O)CCO)C4=O,PDI core not found
CCC1=CC(=CC=C1)N2C(=O)C3=C4C(=CC=C5C4=C(C=C3)C(=O)N(C5=O)C6=CC(=CC=C6)N(C7=CC=CC=C7)C8=C9C=CC=CC9=CC1=CC=CC=C18)C2=O,PDI core not found
C1=CC2=C3C(=C1)C=CC4=C(C=CC(=C43)C=C2)N5C(=O)C6=C7C(=CC=C8C7=C(C=C6)C(=O)N(C8=O)C9=CC(=C(C=C9)C=CC1=C(C=C(C=C1)N1C(=O)C2=C3C(=CC=C4C3=C(C=C2)C(=O)N(C4=O)C2=C3C=CC4=CC=CC6=C4C3=C(C=C6)C=C2)C1=O)S(=O)(=O)ON)S(=O)(=O)O)C5=O,PDI core not found
C1=CC=C(C=C1)C2=CC3=CC=CC=C3C2C4=CC(=CC(=C4)N5C(=O)C6=C7C(=CC=C8C7=C(C=C6)C(=O)N(C8=O)C9=CC(=C(C=C9)C=CC1=C(C=C(C=C1)N1C(=O)C2=C3C(=CC=C4C3=C(C=C2)C(=O)N(C4=O)C2=C3C=CC4=CC=CC6=C4C3=C(C=C6)C=C2)C1=O)S(=O)(=O)O)S(=O)(=O)ON)C5=O)C1C2=CC=CC=C2C=C1C1=CC=CC=C1,PDI core not found
CCCCN1C(=O)C2=C3C(=CC=C4C3=C(C=C2)C(=O)N(C4=O)CCCS(=O)(=O)O)C1=O,PDI core not found
CCCN1C(=O)C2=C3C(=CC=C4C3=C(C=C2)C(=O)N(C4=O)CC[N+](C)(C)C)C1=O,PDI core not found
CCCN1C(=O)C2=C3C(=CC=C4C3=C(C=C2)C(=O)N(C4=O)CCCS(=O)(=O)O)C1=O,PDI core not found
CCC1=C(C(=CC=C1)CC)N2C(=O)C3=C4C(=CC=C5C4=C(C=C3)C(=O)N(C5=O)C)C2=O,PDI core not found
CN1C(=O)C2=C3C(=CC=C4C3=C(C=C2)C(=O)N(C4=O)C(CC5=CC=CC=C5)COC)C1=O,PDI core not found
CN1C(=O)C2=C3C(=CC=C4C3=C(C=C2)C(=O)N(C4=O)C5=CC=C(C=C5)SC)C1=O,PDI core not found
CCC1=C(C(=CC=C1)CC)N2C(=O)C3=CC(=C4C5=C(C=C(C(=C35)C2=O)C6=CC=CC=C6)C(=O)N(C4=O)C)C7=CC=CC=C7,PDI core not found
CN1C(=O)C2=C3C(=CC=C4C3=C(C=C2)C(=O)N(C4=O)C(CCOC=O)COC)C1=O,PDI core not found
CN1C(=O)C2=C3C(=CC=C4C3=C(C=C2)C(=O)N(C4=O)C(COC)C5=CC=CC=C5)C1=O,PDI core not found
CC1=CC=C(C=C1)OCCN2C(=O)C3=C4C(=CC=C5C4=C(C=C3)C(=O)N(C5=O)C)C2=O,PDI core not found
CN1C(=O)C2=C3C(=CC=C4C3=C(C=C2)C(=O)N(C4=O)C5=CC=CC=C5COC)C1=O,PDI core not found
CC(C)CC(COC)N1C(=O)C2=C3C(=CC=C4C3=C(C=C2)C(=O)N(C4=O)C)C1=O,PDI core not found
CCC(N1C(=O)C2=C3C(=CC=C4C3=C(C=C2)C(=O)N(C4=O)C5=CC=CC=C5)C1=O)OC=O,PDI core not found
CCC(CO)N1C(=O)C2=C3C(=CC=C4C3=C(C=C2)C(=O)N(C4=O)C5=CC=CC=C5)C1=O,PDI core not found
CCC(CS)N1C(=O)C2=C3C(=CC=C4C3=C(C=C2)C(=O)N(C4=O)C5=CC=CC=C5)C1=O,PDI core not found
CC(C1=CC(=CC=C1)N2C(=O)C3=C4C(=CC=C5C4=C(C=C3)C(=O)N(C5=O)C6=CC=CC=C6)C2=O)O,PDI core not found
CCC1=CC=CC(=C1N2C(=O)C3=C4C(=CC=C5C4=C(C=C3)C(=O)N(C5=O)C6=CC=C(C=C6)CCO)C2=O)C,PDI core not found
CCC(CO)N1C(=O)C2=C3C(=CC=C4C3=C(C=C2)C(=O)N(C4=O)C5=CC=C(C=C5)O)C1=O,PDI core not found
CCC1=CC=CC(=C1N2C(=O)C3=C4C(=CC=C5C4=C(C=C3)C(=O)N(C5=O)C(CO)CO)C2=O)C,PDI core not found
C1=CC=C(C=C1)N2C(=O)C3=C4C(=CC=C5C4=C(C=C3)C(=O)N(C5=O)C6=CC=C(C=C6)O)C2=O,PDI core not found
CCC(CO)N1C(=O)C2=C3C(=CC=C4C3=C(C=C2)C(=O)N(C4=O)C(CC)CO)C1=O,PDI core not found
CC(CNCCN1C(=O)C2=C3C(=CC=C4C3=C(C=C2)C(=O)N(C4=O)CCNCC(C)O)C1=O)O,PDI core not found
CCC1=C(C(=CC=C1)CC)N2C(=O)C3=C4C(=CC=C5C4=C(C=C3)C(=O)N(C5=O)CCC6=CC=C(C=C6)O)C2=O,PDI core not found
COC1=CC=C(C=C1)OCCN2C(=O)C3=C4C(=CC=C5C4=C(C=C3)C(=O)N(C5=O)CCOC6=CC=C(C=C6)C(=O)O)C2=O,PDI core not found
C1=CC=C(C=C1)N2C(=O)C3=C4C(=CC=C5C4=C(C=C3)C(=O)N(C5=O)C6=CC=C(C=C6)OC=O)C2=O,PDI core not found
CCC1=CC=CC(=C1N2C(=O)C3=C4C5=C(C(=C3)C6=CC(=CC=C6)[N+](=O)[O-])C(=O)N(C(=O)C5=CC(=C4C2=O)C7=CC(=CC=C7)[N+](=O)[O-])C(CC)CO)C,PDI core not found
CCC1=CC=CC(=C1N2C(=O)C3=C4C(=CC=C5C4=C(C=C3)C(=O)N(C5=O)C6=CC=CC(=C6)C(C)O)C2=O)C,PDI core not found
CCC(CO)N1C(=O)C2=C3C(=CC=C4C3=C(C=C2)C(=O)N(C4=O)C5=CC=CC(=C5)C(C)O)C1=O,PDI core not found
CCC(CO)N1C(=O)C2=C3C(=CC=C4C3=C(C=C2)C(=O)N(C4=O)C5=CC=CC=C5O)C1=O,PDI core not found
CCC1=C(C(=CC=C1)CC)N2C(=O)C3=C4C(=CC=C5C4=C(C=C3)C(=O)N(C5=O)C6=CC=C(C=C6)S)C2=O,PDI core not found
COC(=O)C(CO)N1C(=O)C2=C3C(=CC=C4C3=C(C=C2)C(=O)N(C4=O)C(CO)COC=O)C1=O,PDI core not found
C1=CC(=CC=C1N2C(=O)C3=C4C(=CC=C5C4=C(C=C3)C(=O)N(C5=O)C6=CC=C(C=C6)S)C2=O)S,PDI core not found
CC(C)CC(CO)N1C(=O)C2=C3C(=CC=C4C3=C(C=C2)C(=O)N(C4=O)CCOCCO)C1=O,PDI core not found
CCC1=CC=CC(=C1N2C(=O)C3=C4C(=CC=C5C4=C(C=C3)C(=O)N(C5=O)CCCCCCCCO)C2=O)C,PDI core not found
CCC(CN)N1C(=O)C2=C3C(=CC=C4C3=C(C=C2)C(=O)N(C4=O)C5=CC=CC=C5)C1=O,PDI core not found
CCC1=CC=CC(=C1N2C(=O)C3=C4C(=CC=C5C4=C(C=C3)C(=O)N(C5=O)C6=CC=C(C=C6)O)C2=O)C,PDI core not found
CCC1=CC=CC(=C1N2C(=O)C3=C4C(=CC=C5C4=C(C=C3)C(=O)N(C5=O)C6=CC=C(C=C6)C(C)O)C2=O)C,PDI core not found
CCC1=CC=CC(=C1N2C(=O)C3=C4C(=CC=C5C4=C(C=C3)C(=O)N(C5=O)C6=CC=CC=C6O)C2=O)C,PDI core not found
CCC(CO)N1C(=O)C2=C3C(=CC=C4C3=C(C=C2)C(=O)N(C4=O)C5=CC=C(C=C5)CO)C1=O,PDI core not found
C1=CC2=C3C(=CC=C4C3=C1C(=O)N(C4=O)COCCO)C(=O)N(C2=O)C5=CC=NC=C5,PDI core not found
CCC1=C(C(=CC=C1)CC)N2C(=O)C3=C4C(=CC=C5C4=C(C=C3)C(=O)N(C5=O)C6=C(C=CC(=C6)CO)C)C2=O,PDI core not found
CCC1=C(C(=CC=C1)CC)N2C(=O)C3=C4C(=CC=C5C4=C(C=C3)C(=O)N(C5=O)C6=CC=CC(=C6)C(=O)O)C2=O,PDI core not found
CCC1=C(C(=CC=C1)CC)N2C(=O)C3=C4C(=CC=C5C4=C(C=C3)C(=O)N(C5=O)C6=CC=CC(=C6)N)C2=O,PDI core not found
CCC1=CC=CC(=C1N2C(=O)C3=C4C(=CC=C5C4=C(C=C3)C(=O)N(C5=O)C(C)(C)CO)C2=O)C,PDI core not found
CCC1=CC=CC(=C1N2C(=O)C3=C4C(=CC=C5C4=C(C=C3)C(=O)N(C5=O)CCNCC(C)O)C2=O)C,PDI core not found
CCC(C)C(CO)N1C(=O)C2=C3C(=CC=C4C3=C(C=C2)C(=O)N(C4=O)C(CO)C(C)CC)C1=O,PDI core not found
CC(C)C(CO)N1C(=O)C2=C3C(=CC=C4C3=C(C=C2)C(=O)N(C4=O)C(CO)C(C)C)C1=O,PDI core not found
C1=CC=C(C(=C1)CCO)N2C(=O)C3=C4C(=CC=C5C4=C(C=C3)C(=O)N(C5=O)C6=CC=CC=C6CCO)C2=O,PDI core not found
CCC1=CC=CC(=C1N2C(=O)C3=C4C(=CC=C5C4=C(C=C3)C(=O)N(C5=O)CCCN(CCO)CCO)C2=O)C,PDI core not found
CCC1=C(C(=CC=C1)CC)N2C(=O)C3=C4C(=CC=C5C4=C(C=C3)C(=O)N(C5=O)C6=CC=CC=C6CCO)C2=O,PDI core not found
CCC(CO)N1C(=O)C2=C3C(=CC=C4C3=C(C=C2)C(=O)N(C4=O)CCCO)C1=O,PDI core not found
CCCCCCN1C(=O)C2=C3C(=CC=C4C3=C(C=C2)C(=O)N(C4=O)C5=C(C=CC=C5CC)C)C1=O,PDI core not found
COCCCCCN1C(=O)C2=C3C(=CC=C4C3=C(C=C2)C(=O)N(C4=O)CCCCCOC)C1=O,PDI core not found
CN1C(=O)C2=C3C(=CC=C4C3=C(C=C2)C(=O)N(C4=O)C(CC(=O)OC)COC)C1=O,PDI core not found
C1=CC=C(C=C1)N2C(=O)C3=C4C(=CC=C5C4=C(C=C3)C(=O)N(C5=O)C6=CC=C(C=C6)C(=O)O)C2=O,PDI core not found
CCC1=CC=CC(=C1N2C(=O)C3=C4C5=C(C(=C3)C#N)C(=O)N(C(=O)C5=CC(=C4C2=O)C#N)C(CC)CO)C,PDI core not found
CCC(C(=O)O)N1C(=O)C2=C3C(=CC=C4C3=C(C=C2)C(=O)N(C4=O)C5=CC=CC=C5)C1=O,PDI core not found
CCC1=CC=CC(=C1N2C(=O)C3=C4C(=CC=C5C4=C(C=C3)C(=O)N(C5=O)C6=CC=C(C=C6)CO)C2=O)C,PDI core not found
CCC1=CC=CC(=C1N2C(=O)C3=C4C(=CC=C5C4=C(C=C3)C(=O)N(C5=O)CO)C2=O)C,PDI core not found
COC(=O)C(CO)N1C(=O)C2=C3C(=CC=C4C3=C(C=C2)C(=O)N(C4=O)C(CO)C(=O)OC)C1=O,PDI core not found
C1=CC(=CC=C1C=O)OCCN2C(=O)C3=C4C(=CC=C5C4=C(C=C3)C(=O)N(C5=O)CCOC6=CC=C(C=C6)C(=O)O)C2=O,PDI core not found
CCC1=CC=CC(=C1N2C(=O)C3=C4C(=CC=C5C4=C(C=C3)C(=O)NC5=O)C2=O)C,PDI core not found
CN1C(=O)C2=C3C(=CC=C4C3=C(C=C2)C(=O)N(C4=O)C5=CC=CC=C5)C1=O,PDI core not found
CCC1=CC=CC(=C1N2C(=O)C3=CC(=C4C5=C(C=C(C(=C35)C2=O)C6=CC(=CC=C6)[N+](=O)[O-])C(=O)N(C4=O)C)C7=CC(=CC=C7)[N+](=O)[O-])C,PDI core not found
CC1=C(C=CC(=C1)[N+](=O)[O-])N2C(=O)C3=C4C(=CC=C5C4=C(C=C3)C(=O)N(C5=O)C)C2=O,PDI core not found
CCC(CC)N1C(=O)C2=C3C(=CC=C4C3=C(C=C2)C(=O)N(C4=O)C)C1=O,PDI core not found
CC1=CC=CC=C1N2C(=O)C3=C4C(=CC=C5C4=C(C=C3)C(=O)N(C5=O)C)C2=O,PDI core not found
CCC(CC(C)C)N1C(=O)C2=C3C(=CC=C4C3=C(C=C2)C(=O)N(C4=O)C)C1=O,PDI core not found
CCC(C)CC(CC)N1C(=O)C2=C3C(=CC=C4C3=C(C=C2)C(=O)N(C4=O)C)C1=O,PDI core not found
CCOCCN1C(=O)C2=C3C(=CC=C4C3=C(C=C2)C(=O)N(C4=O)C)C1=O,PDI core not found
CC(C)CC(CO)N1C(=O)C2=C3C(=CC=C4C3=C(C=C2)C(=O)N(C4=O)CCCCCO)C1=O,PDI core not found
C1=CC=C(C=C1)CC(CO)N2C(=O)C3=C4C(=CC=C5C4=C(C=C3)C(=O)N(C5=O)CCSCCO)C2=O,PDI core not found
CC(C)CC(CO)N1C(=O)C2=C3C(=CC=C4C3=C(C=C2)C(=O)N(C4=O)C(CO)C(=O)OC)C1=O,PDI core not found
CCC(CO)N1C(=O)C2=C3C(=CC=C4C3=C(C=C2)C(=O)N(C4=O)CCSCCO)C1=O,PDI core not found
CC(C)CC(C(=O)O)N1C(=O)C2=C3C(=CC=C4C3=C(C=C2)C(=O)N(C4=O)C(CC(C)C)OC=O)C1=O,PDI core not found
CC(C)CC(CO)N1C(=O)C2=C3C(=CC=C4C3=C(C=C2)C(=O)N(C4=O)C(CC5=CC=CC=C5)CO)C1=O,PDI core not found
CC(C)CC(CO)N1C(=O)C2=C3C(=CC=C4C3=C(C=C2)C(=O)N(C4=O)CCCNCCO)C1=O,PDI core not found
CCCCCC(C)N1C(=O)C2=C3C(=CC=C4C3=C(C=C2)C(=O)N(C4=O)CCSCCO)C1=O,PDI core not found
CCOCCN1C(=O)C2=C3C(=CC=C4C3=C(C=C2)C(=O)N(C4=O)C(CC(C)C)CO)C1=O,PDI core not found
CCC1=CC=CC(=C1N2C(=O)C3=C4C(=CC=C5C4=C(C=C3)C(=O)N(C5=O)C(CC(C)C)CO)C2=O)C,PDI core not found
CCC1=CC=CC(=C1N2C(=O)C3=CC(=C4C5=C(C=C(C(=C35)C2=O)C#N)C(=O)N(C4=O)C)C#N)C,PDI core not found
CN1C(=O)C2=C3C(=CC=C4C3=C(C=C2)C(=O)N(C4=O)C5(C6C5C6)C7=CC=CC=C7)C1=O,PDI core not found
CC(C)CNCCN1C(=O)C2=C3C(=CC=C4C3=C(C=C2)C(=O)N(C4=O)C)C1=O,PDI core not found
CC(C)C1=C(C(=CC=C1)C(C)C)N2C(=O)C3=C4C(=CC(=C5C4=C(C=C3)C(=O)N(C5=O)C6=C(C=CC=C6C(C)C)C(C)C)C7=CC=CC=C7SC)C2=O,PDI core not found
CCCCCCCCN1C(=O)C2=C3C4=C(C=C2)C(=O)N(C(=O)C4=C5C(=C3C1=O)C6=CC=CC=C6S5)CCCCCCCC,PDI core not found
CCCCCCCCN1C(=O)C2=C3C(=CC(=C4C3=C(C=C2)C(=O)N(C4=O)CCCCCCCC)C5=CC=CC=C5SC)C1=O,PDI core not found
CC1=C2C3=C(C=CC4=C3C(=C1)C(=O)N(C4=O)C5=C(C=CC=C5C(C)C)C(C)C)C(=O)N(C2=O)C6=C(C=CC=C6C(C)C)C(C)C,PDI core not found
CCCCCCCCN1C(=O)C2=C3C(=CC(=C4C3=C(C=C2)C(=O)N(C4=O)CCCCCCCC)C)C1=O,PDI core not found
CC(C)C1=C(C(=CC=C1)C(C)C)N2C(=O)C3=CC(=C4C5=C(C=C(C(=C35)C2=O)C6=CC=CC=C6SC)C(=O)N(C4=O)C7=C(C=CC=C7C(C)C)C(C)C)C8=CC=CC=C8SC,PDI core not found
CCCCCCCCN1C(=O)C2=C3C4=CC=CC=C4SC3=C5C6=C2C(=C7C(=C6C(=O)N(C5=O)CCCCCCCC)C8=CC=CC=C8S7)C1=O,PDI core not found
CCCCCCCCN1C(=O)C2=CC(=C3C4=C(C=C(C(=C24)C1=O)C5=CC=CC=C5SC)C(=O)N(C3=O)CCCCCCCC)C6=CC=CC=C6SC,PDI core not found
CCN1C(=O)C2=C3C4=CC=CC=C4SC3=C5C6=C2C(=C7C(=C6C(=O)N(C5=O)C)C8=CC=CC=C8S7)C1=O,PDI core not found
CN1C(=O)C2=C3C4=CC=CC=C4SC3=C5C6=C2C(=C7C(=C6C(=O)NC5=O)C8=CC=CC=C8S7)C1=O,PDI core not found
CC(C)(C)OCCCCCN1C(=O)C2=C3C(=CC=C4C3=C(C=C2)C(=O)N(C4=O)CCCCCOC)C1=O,PDI core not found
CCC(C)(C)C1=CC=C(C=C1)OC2=CC=C(C=C2)N3C(=O)C4=C5C(=CC=C6C5=C(C=C4)C(=O)N(C6=O)C(C)(CC)CC)C3=O,PDI core not found
CC=C(C)C=C(C)C(=C)N1C(=O)C2=C3C(=CC=C4C3=C(C=C2)C(=O)N(C4=O)C5=C(C=C(C=C5)C)C)C1=O,PDI core not found
C1=CC(=CC=C1N)N2C(=O)C3=C4C(=CC=C5C4=C(C=C3)C(=O)N(C5=O)C6=CC=C(C=C6)OC=O)C2=O,PDI core not found
C1=CC(=CC=C1C(=O)O)N2C(=O)C3=C4C(=CC=C5C4=C(C=C3)C(=O)N(C5=O)C6=CC=C(C=C6)N)C2=O,PDI core not found
C1=CC2=C(C3=C1C=CS3)SC(=C2)C4=CC5=C6C7=C4C(=O)NC(=O)C7=CC(=C6C(=O)NC5=O)C8=CC9=C(S8)C1=C(C=C9)C=CS1,PDI core not found
CCC(CC)N1C(=O)C2=C3C(=CC=C4C3=C(C=C2)C(=O)N(C4=O)C(CC)COC(=O)C=C)C1=O,PDI core not found
CC(C)(C1=CC(=C(C=C1)O)N2C(=C)C3=C4C(=CC=C5C4=C(C=C3)C(=C)N(C5=C)C6=CC(=CC(=C6)N7C8=CC=CC=C8C9=CC=CC=C97)CN1C3=CC=CC=C3C3=CC=CC=C31)C2=C)C1=CC(=C(C=C1)O)N1C(=O)C2=C3C(=CC=C4C3=C(C=C2)C(=O)N(C4=O)C2=CC(=CC(=C2)C2C3=CCC=C3C=C2C2=CC=CC=C2)C2C3=CC=CC=C3C=C2C2=CC=CC=C2)C1=O,PDI core not found
CC(C)(C1=CC(=C(C=C1)O)N2C(=O)C3=C4C(=CC=C5C4=C(C=C3)C(=O)N(C5=O)C6=CC=CC(=C6)C7C8=CC=CC=C8C=C7C9=CC=CC=C9)C2=O)C1=CC(=C(C=C1)O)N1C(=O)C2=C3C(=CC=C4C3=C(C=C2)C(=O)N(C4=O)C2=CC(=CC(=C2)C2C3=CC=CC=C3C=C2C2=CC=CC=C2)C2C3=CC=CC=C3C=C2C2=CC=CC=C2)C1=O,PDI core not found
CC(C)(C1=CC(=C(C=C1)O)N2C(=O)C3=C4C(=CC=C5C4=C(C=C3)C(=O)N(C5=O)C6=CC(=CC(=C6)N7C8=CC=CC=C8C9=CC=CC=C97)CN1C3=CC=CC=C3C3=CC=CC=C31)C2=O)C1=CC(=C(C=C1)O)N1C(=O)C2=CC3=C(C=C2C1=O)C(=O)N(C3=O)C1=C(C=C(C=C1C1C2CCCCC2C2C1CCCC2)C1C2CCCCC2C2C1CCCC2)C1C2CCCCC2C2C1CCCC2,PDI core not found
CC(C)(C1=CC(=C(C=C1)O)N2C(=O)C3=C4C(=CC=C5C4=C(C=C3)C(=O)N(C5=O)C6=CC(=CC(=C6)C7C8=CC=CC=C8C=C7C9=CC=CC=C9)C1C3=CC=CC=C3C=C1C1=CC=CC=C1)C2=O)C1=CC(=C(C=C1)O)N1C(=O)C2=CC3=C(C=C2C1=O)C(=O)N(C3=O)C1=C(C=C(C=C1C1C2CCCCC2C2C1CCCC2)C1C2CCCCC2C2C1CCCC2)C1C2CCCCC2C2C1CCCC2,PDI core not found
CC(C)(C1=CC(=C(C=C1)OC(=O)C=C)N2C(=O)C3=C4C(=CC=C5C4=C(C=C3)C(=O)N(C5=O)C6=CC(=CC(=C6)N7C8=CC=CC=C8C9=CC=CC=C97)N1C3=CC=CC=C3C3=CC=CC=C31)C2=O)C1=CC(=C(C=C1)OC(=O)C=C)N1C(=O)C2=CC3=C(C=C2C1=O)C(=O)N(C3=O)C1=C(C=C(C=C1N1C2=CC=CC=C2C2=CC=CC=C21)N1C2=CC=CC=C2C2=CC=CC=C21)N1C2=CC=CC=C2C2=CC=CC=C21,PDI core not found
CC(C)(C1=CC(=C(C=C1)OC(=O)C=C)N2C(=O)C3=C4C(=CC=C5C4=C(C=C3)C(=O)N(C5=O)C6=CC(=CC(=C6)C7C8=CC=CC=C8N=C7C9=CC=CC=C9)C1C3=CC=CC=C3N=C1C1=CC=CC=C1)C2=O)C1=CC(=C(C=C1)OC(=O)C=C)N1C(=O)C2=C3C(=CC=C4C3=C(C=C2)C(=O)N(C4=O)C2=CC(=CC(=C2)N2C3=CC=CC=C3N=C2C2=CC=CC=C2)N2C3=CC=CC=C3N=C2C2=CC=CC=C2)C1=O,PDI core not found
CC(C)(C1=CC(=C(C=C1)OC(=O)C=C)N2C(=O)C3=C4C(=CC=C5C4=C(C=C3)C(=O)N(C5=O)C6=CC(=CC(=C6)N7C8=CC=CC=C8C9=CC=CC=C97)N1C3=CC=CC=C3C3=CC=CC=C31)C2=O)C1=CC(=C(C=C1)OC(=O)C=C)N1C(=O)C2=C3C(=CC=C4C3=C(C=C2)C(=O)N(C4=O)C2=CC(=CC(=C2)N2C3=CC=CC=C3C3=CC=CC=C32)N2C3=CC=CC=C3C3=CC=CC=C32)C1=O,PDI core not found
CC(C)(C1=CC(=C(C=C1)OC(=O)C=C)N2C(=O)C3=C4C(=CC=C5C4=C(C=C3)C(=O)N(C5=O)C6=CC(=CC(=C6)C7C8=CC=CC=C8N=C7C9=CC=CC=C9)C1C3=CC=CC=C3N=C1C1=CC=CC=C1)C2=O)C1=CC(=C(C=C1)OC(=O)C=C)N1C(=O)C2=CC3=C(C=C2C1=O)C(=O)N(C3=O)C1=C(C=C(C=C1N1C2=CC=CC=C2C2=CC=CC=C21)N1C2=CC=CC=C2C2=CC=CC=C21)N1C2=CC=CC=C2C2=CC=CC=C21,PDI core not found
CC(C)(C1=CC(=C(C=C1)OC(=O)C=C)N2C(=O)C3=C4C(=CC=C5C4=C(C=C3)C(=O)N(C5=O)C6=CC(=CC(=C6)C7C8=CC=CC=C8N=C7C9=CC=CC=C9)C1C3=CC=CC=C3N=C1C1=CC=CC=C1)C2=O)C1=CC(=C(C=C1)OC(=O)C=C)N1C(=O)C2=C3C(=CC=C4C3=C(C=C2)C(=O)N(C4=O)C2=CC(=CC(=C2)N2C3=CC=CC=C3C3=CC=CC=C32)N2C3=CC=CC=C3C3=CC=CC=C32)C1=O,PDI core not found
CC(C)(C1=CC(=C(C=C1)OC(=O)C=C)N2C(=O)C3=C4C(=CC=C5C4=C(C=C3)C(=O)N(C5=O)C6=CC(=CC(=C6)N7C8=CC=CC=C8C9=CC=CC=C97)N1C3=CC=CC=C3C3=CC=CC=C31)C2=O)C1=CC(=C(C=C1)OC(=O)C=C)N1C(=O)C2=CC3=C(C=C2C1=O)C(=O)N(C3=O)C1=C(C=C(C=C1N1CC=CC=CC(=C)C2=CC=CC=C21)N1C2=CC=CC=C2C2=CC=CC=C21)N1C2=CC=CC=C2C2=CC=CC=C21,PDI core not found
CCC(C)C(CO)N1C(=O)C2=C3C(=CC=C4C3=C(C=C2)C(=O)N(C4=O)C5=CC=C(C=C5)CCCCCO)C1=O,PDI core not found
CCN(CCO)C1=CC(=C(C=C1)N2C(=O)C3=C4C(=CC=C5C4=C(C=C3)C(=O)N(C5=O)C(CC(C)C)CO)C2=O)C,PDI core not found
COC(=O)C(CS)N1C(=O)C2=C3C(=CC=C4C3=C(C=C2)C(=O)N(C4=O)C5=CC=C(C=C5)CCCCSN)C1=O,PDI core not found
CCC(C)C(CO)N1C(=O)C2=C3C(=CC=C4C3=C(C=C2)C(=O)N(C4=O)C5=C(C=C(C=C5)N(CC)CCO)C)C1=O,PDI core not found
CCN(CCO)C1=CC=C(C=C1)N2C(=O)C3=C4C(=CC=C5C4=C(C=C3)C(=O)N(C5=O)C(CC(C)C)CO)C2=O,PDI core not found
CSCCC(CO)N1C(=O)C2=C3C(=CC=C4C3=C(C=C2)C(=O)N(C4=O)C5=CC=C(C=C5)CCO)C1=O,PDI core not found
CC(C)C(CO)N1C(=O)C2=CC(=C3C4=C(C=C(C(=C24)C1=O)C#N)C(=O)N(C3=O)C5=CC=C(C=C5)CCC(=O)O)C#N,PDI core not found
CCCC1=CC=C(C=C1)N2C(=O)C3=C4C5=C(C(=C3)C6=CC=C(C=C6)CC)C(=O)N(C(=O)C5=CC(=C4C2=O)C7=CC=C(C=C7)CC)C(CC(C)C)CO,PDI core not found
CC(C)CC(CO)N1C(=O)C2=C3C(=CC=C4C3=C(C=C2)C(=O)N(C4=O)C5=CC=C(C=C5)CCCCCCO)C1=O,PDI core not found
CC1=C(C=CC(=C1)CCCO)N2C(=O)C3=C4C(=CC=C5C4=C(C=C3)C(=O)N(C5=O)C(CC(C)C)CO)C2=O,PDI core not found
CC(C)CC(CO)N1C(=O)C2=C3C(=CC=C4C3=C(C=C2)C(=O)N(C4=O)C5=CC=C(C=C5)CCCCO)C1=O,PDI core not found
C1=CC=C(C=C1)CC(CO)N2C(=O)C3=C4C(=CC=C5C4=C(C=C3)C(=O)N(C5=O)C6=CC=C(C=C6)CCCCO)C2=O,PDI core not found
C1=CC(=CC=C1CCO)N2C(=O)C3=C4C(=CC=C5C4=C(C=C3)C(=O)N(C5=O)NCCO)C2=O,PDI core not found
CC(CNN1C(=O)C2=C3C(=CC=C4C3=C(C=C2)C(=O)N(C4=O)C(C)(C)CO)C1=O)O,PDI core not found
COC(=O)C(CO)N1C(=O)C2=C3C(=CC=C4C3=C(C=C2)C(=O)N(C4=O)NCCO)C1=O,PDI core not found
CSCCC(CO)N1C(=O)C2=C3C(=CC=C4C3=C(C=C2)C(=O)N(C4=O)NC5CCCC5O)C1=O,PDI core not found
CC(CNN1C(=O)C2=C3C(=CC=C4C3=C(C=C2)C(=O)N(C4=O)NCCO)C1=O)O,PDI core not found
CC(C)(C1CCN(CC1)N2C(=O)C3=C4C(=CC=C5C4=C(C=C3)C(=O)N(C5=O)C6=CNC=CC6=O)C2=O)O,PDI core not found
CC(C)(C1CCN(CC1)N2C(=O)C3=C4C(=CC=C5C4=C(C=C3)C(=O)N(C5=O)N6CCCCC6CCO)C2=O)O,PDI core not found
CC1=C(C=C(C=C1)N2C(=O)C3=C4C(=CC=C5C4=C(C=C3)C(=O)N(C5=O)NCCO)C2=O)O,PDI core not found
CC(CNN1C(=O)C2=C3C(=CC=C4C3=C(C=C2)C(=O)N(C4=O)CCSCCO)C1=O)O,PDI core not found
C1=C2C3=C4C(=CC(=C3C(=O)N(C2=O)NCCO)[N+](=O)[O-])C(=O)N(C(=O)C4=C1[N+](=O)[O-])NCCO,PDI core not found
C1=CC=C(C=C1)C2=CC3=C4C5=C2C(=O)N(C(=O)C5=CC(=C4C(=O)N(C3=O)NCCO)C6=CC=CC=C6)NCCO,PDI core not found
CCCC1=CC2=C3C4=C1C(=O)N(C(=O)C4=CC(=C3C(=O)N(C2=O)NCCO)CCC)NCCO,PDI core not found
CC(CNN1C(=O)C2=C3C(=CC=C4C3=C(C=C2)C(=O)N(C4=O)CCOCCO)C1=O)O,PDI core not found
C1=CC=C(C=C1)CC(CO)N2C(=O)C3=C4C(=CC=C5C4=C(C=C3)C(=O)N(C5=O)N(CC6=CC=CC=C6)CC7=CC=CC=C7)C2=O,PDI core not found
C1=CC2=C3C(=CC=C4C3=C1C(=O)N(C4=O)C5=NC=NC=N5)C(=O)N(C2=O)NCCO,PDI core not found
CC(C)(C1CCN(CC1)N2C(=O)C3=C4C(=CC=C5C4=C(C=C3)C(=O)N(C5=O)NCCO)C2=O)O,PDI core not found
CCC(CC(=O)O)N1C(=O)C2=C3C(=CC=C4C3=C(C=C2)C(=O)N(C4=O)N5CCOCC5)C1=O,PDI core not found
CCC(CO)N1C(=O)C2=C3C(=CC=C4C3=C(C=C2)C(=O)N(C4=O)NC5CCCC5O)C1=O,PDI core not found
CC1CCCC(N1N2C(=O)C3=C4C(=CC=C5C4=C(C=C3)C(=O)N(C5=O)C6=C(C=CC(=C6)C(=O)O)C)C2=O)C,PDI core not found
C1CCN(C(C1)O)N2C(=O)C3=C4C(=CC=C5C4=C(C=C3)C(=O)N(C5=O)N6CCCC(C6)O)C2=O,PDI core not found
C1CCN(C(C1)CCO)N2C(=O)C3=C4C(=CC=C5C4=C(C=C3)C(=O)N(C5=O)N6CCCCC6CCO)C2=O,PDI core not found
CN(C1=CC=CC=C1)N2C(=O)C3=C4C(=CC=C5C4=C(C=C3)C(=O)N(C5=O)C6=CC=C(C=C6)N)C2=O,PDI core not found
CC(C)(C1CCN(CC1)N2C(=O)C3=C4C(=CC=C5C4=C(C=C3)C(=O)N(C5=O)N6CCC(CC6)C(C)(C)O)C2=O)O,PDI core not found
C1=CC=C(C=C1)CN(CC2=CC=CC=C2)N3C(=O)C4=C5C(=CC=C6C5=C(C=C4)C(=O)N(C6=O)NCCO)C3=O,PDI core not found
C1CC(C(C1)O)NN2C(=O)C3=C4C(=CC=C5C4=C(C=C3)C(=O)N(C5=O)NCCO)C2=O,PDI core not found
C1CC2=CC=CC=C2N(C1)N3C(=O)C4=C5C(=CC=C6C5=C(C=C4)C(=O)N(C6=O)N7CCC(CC7)O)C3=O,PDI core not found
C=CC1=CC=C(C=C1)N2C(=O)C3=C4C(=CC=C5C4=C(C=C3)C(=O)N(C5=O)N6CCCC7C6CCCC7)C2=O,PDI core not found
CC(CNN1C(=O)C2=C3C(=CC=C4C3=C(C=C2)C(=O)N(C4=O)C5=CC(=NC=C5)OC)C1=O)O,PDI core not found
C1CCN(C(C1)CO)N2C(=O)C3=C4C(=CC=C5C4=C(C=C3)C(=O)N(C5=O)N6CCCC6)C2=O,PDI core not found
CC(C)CC(CO)N1C(=O)C2=C3C(=CC=C4C3=C(C=C2)C(=O)N(C4=O)N(C5=CC=CC=C5)C6=CC=CC=C6)C1=O,PDI core not found
C1CCC2C(C1)CCCN2N3C(=O)C4=C5C(=CC=C6C5=C(C=C4)C(=O)N(C6=O)N7CCCC7O)C3=O,PDI core not found
CC(C)CC(CO)N1C(=O)C2=C3C(=CC=C4C3=C(C=C2)C(=O)N(C4=O)NCCO)C1=O,PDI core not found
CCCCCN(C)N1C(=O)C2=C3C(=CC=C4C3=C(C=C2)C(=O)N(C4=O)N(CC)C5=CC=CC=C5)C1=O,PDI core not found
C1CC2=CC=CC=C2N(C1)N3C(=O)C4=C5C(=CC=C6C5=C(C=C4)C(=O)N(C6=O)C7=CC=CC(=C7)N)C3=O,PDI core not found
C1=CC=C(C=C1)CC(CO)N2C(=O)C3=C4C(=CC=C5C4=C(C=C3)C(=O)N(C5=O)NCCO)C2=O,PDI core not found
CN(C)N1C(=O)C2=C3C(=CC=C4C3=C(C=C2)C(=O)N(C4=O)CCCCOC(=O)C=C)C1=O,PDI core not found
C1CC(CN(C1)N2C(=O)C3=C4C(=CC=C5C4=C(C=C3)C(=O)N(C5=O)N6CCC(C6)O)C2=O)CO,PDI core not found
CCC(C)C(CO)N1C(=O)C2=C3C(=CC=C4C3=C(C=C2)C(=O)N(C4=O)N5CCC(CC5)O)C1=O,PDI core not found
C1=CC=C(C=C1)N(C2=CC=CC=C2)N3C(=O)C4=C5C(=CC=C6C5=C(C=C4)C(=O)N(C6=O)NCCO)C3=O,PDI core not found
CC1=CC(=CC(=C1N2C(=O)C3=C4C(=CC=C5C4=C(C=C3)C(=O)N(C5=O)N6CCCCC6CCO)C2=O)C)O,PDI core not found
CC(CNN1C(=O)C2=C3C(=CC=C4C3=C(C=C2)C(=O)N(C4=O)NCC(C)O)C1=O)O,PDI core not found
C1CN(CC1O)N2C(=O)C3=C4C(=CC=C5C4=C(C=C3)C(=O)N(C5=O)C6=CC=CC=C6O)C2=O,PDI core not found
C1CN(CCC1N)N2C(=O)C3=C4C(=CC=C5C4=C(C=C3)C(=O)N(C5=O)N6CCC(CC6)N)C2=O,PDI core not found
CC(C)(C1CCN(CC1)N2C(=O)C3=C4C(=CC=C5C4=C(C=C3)C(=O)N(C5=O)C6=NC(=O)NC(=O)N6)C2=O)O,PDI core not found
CC(CNN1C(=O)C2=C3C(=CC=C4C3=C(C=C2)C(=O)N(C4=O)N5CCOCC5)C1=O)O,PDI core not found
CCCC(CCC)N1C(=O)C2=C3C(=CC=C4C3=C(C=C2)C(=O)N(C4=O)NCCO)C1=O,PDI core not found
CC1CCCC(N1N2C(=O)C3=C4C(=CC=C5C4=C(C=C3)C(=O)N(C5=O)NC6CCCC6O)C2=O)C,PDI core not found
C1CN(CCC1CO)N2C(=O)C3=C4C(=CC=C5C4=C(C=C3)C(=O)N(C5=O)NCCO)C2=O,PDI core not found
C1CCN(C1)N2C(=O)C3=C4C(=CC=C5C4=C(C=C3)C(=O)N(C5=O)C6=CC=C(C=C6)S)C2=O,PDI core not found
C1CCN(C(C1)CCO)N2C(=O)C3=C4C(=CC=C5C4=C(C=C3)C(=O)N(C5=O)C6=CC=C(C=C6)O)C2=O,PDI core not found
C1CC(C(C1)O)NN2C(=O)C3=C4C(=CC=C5C4=C(C=C3)C(=O)N(C5=O)N6CCC(CC6)O)C2=O,PDI core not found
CC(CNN1C(=O)C2=C3C(=CC=C4C3=C(C=C2)C(=O)N(C4=O)N5CCCCC5)C1=O)O,PDI core not found
CC(CNN1C(=O)C2=C3C(=CC=C4C3=C(C=C2)C(=O)N(C4=O)C5=CC=CC=C5CO)C1=O)O,PDI core not found
C1CN(CCC1CO)N2C(=O)C3=C4C(=CC=C5C4=C(C=C3)C(=O)N(C5=O)N6CCC(CC6)CO)C2=O,PDI core not found
CCCCCN(C)N1C(=O)C2=C3C(=CC=C4C3=C(C=C2)C(=O)N(C4=O)N5CCCCC5)C1=O,PDI core not found
C1CCN(C(C1)CO)N2C(=O)C3=C4C(=CC=C5C4=C(C=C3)C(=O)N(C5=O)C6=CC=NC=C6)C2=O,PDI core not found
CC(C)(C)C(CO)N1C(=O)C2=C3C(=CC=C4C3=C(C=C2)C(=O)N(C4=O)N5CCC(CC5)O)C1=O,PDI core not found
C1CC(N(C1)N2C(=O)C3=C4C(=CC=C5C4=C(C=C3)C(=O)N(C5=O)C6=CC(=CC(=C6)[N+](=O)[O-])[N+](=O)[O-])C2=O)O,PDI core not found
C1CCN(CC1)N2C(=O)C3=C4C(=CC=C5C4=C(C=C3)C(=O)N(C5=O)C6=CC=C(C=C6)CCO)C2=O,PDI core not found
COC1=C(C=C(C=C1)N2C(=O)C3=C4C(=CC=C5C4=C(C=C3)C(=O)N(C5=O)N6CCC(C6)O)C2=O)O,PDI core not found
CC(C)(C)C1=CC=C(C=C1)N2C(=O)C3=C4C(=CC=C5C4=C(C=C3)C(=O)N(C5=O)N6CCCC6C(=O)O)C2=O,PDI core not found
CC(C)(C1CCN(CC1)N2C(=O)C3=C4C(=CC=C5C4=C(C=C3)C(=O)N(C5=O)N6CCCCCC6)C2=O)O,PDI core not found
C1C(CN1N2C(=O)C3=C4C(=CC=C5C4=C(C=C3)C(=O)N(C5=O)N6CC(C6)O)C2=O)O,PDI core not found
CCN(C1=CC=CC=C1)N2C(=O)C3=C4C(=CC=C5C4=C(C=C3)C(=O)N(C5=O)N6CC(C6)O)C2=O,PDI core not found
C1CC(N(C1)N2C(=O)C3=C4C(=CC=C5C4=C(C=C3)C(=O)N(C5=O)N6CC(C6)O)C2=O)O,PDI core not found
C1CC(N(C1)N2C(=O)C3=C4C(=CC=C5C4=C(C=C3)C(=O)N(C5=O)N6CCCC6O)C2=O)O,PDI core not found
CCC(COC(=O)C(=C)C)N1C(=O)C2=C3C(=CC=C4C3=C(C=C2)C(=O)N(C4=O)N5CCCC6=CC=CC=C65)C1=O,PDI core not found
C1CN(CCC1C(=O)O)N2C(=O)C3=C4C(=CC=C5C4=C(C=C3)C(=O)N(C5=O)N6CCC(CC6)OC=O)C2=O,PDI core not found
C1CN(CCC1N)N2C(=O)C3=C4C(=CC=C5C4=C(C=C3)C(=O)N(C5=O)N6CCC(C6)N)C2=O,PDI core not found
C1=CC2=C3C(=CC=C4C3=C1C(=O)N(C4=O)C5=C(C=NC=C5)[N+](=O)[O-])C(=O)N(C2=O)NCCO,PDI core not found
CC1=NC=CC(=C1)N2C(=O)C3=C4C(=CC=C5C4=C(C=C3)C(=O)N(C5=O)NC6CCCC6O)C2=O,PDI core not found
C1=CC2=C3C(=CC=C4C3=C1C(=O)N(C4=O)NCCO)C(=O)N(C2=O)NCCO,PDI core not found
CC(C)(C1CCN(CC1)N2C(=O)C3=C4C(=CC=C5C4=C(C=C3)C(=O)N(C5=O)C6=NC=CS6)C2=O)O,PDI core not found
CC(C)C1=C(C(=CC=C1)C(C)C)N2C(=O)C3=C4C(=CC=C5C4=C(C=C3)C(=O)N(C5=O)N6CCC(CC6)OC=O)C2=O,PDI core not found
CCC(C)C(CO)N1C(=O)C2=C3C(=CC=C4C3=C(C=C2)C(=O)N(C4=O)C5=CC=C(C=C5)CCO)C1=O,PDI core not found
CC(C)CC(CO)N1C(=O)C2=C3C(=CC=C4C3=C(C=C2)C(=O)N(C4=O)C5=CC=C(C=C5)CCO)C1=O,PDI core not found
CCC(CO)N1C(=O)C2=C3C(=CC=C4C3=C(C=C2)C(=O)N(C4=O)C5=CC=C(C=C5)CCO)C1=O,PDI core not found
CC(C)C(CO)N1C(=O)C2=C3C(=CC=C4C3=C(C=C2)C(=O)N(C4=O)C5=CC=C(C=C5)CCO)C1=O,PDI core not found
CC(C)(C)C(CO)N1C(=O)C2=C3C(=CC=C4C3=C(C=C2)C(=O)N(C4=O)C5=CC=C(C=C5)CCO)C1=O,PDI core not found
COC(=O)C(CO)N1C(=O)C2=C3C(=CC=C4C3=C(C=C2)C(=O)N(C4=O)C5=CC=C(C=C5)CCO)C1=O,PDI core not found
C1=CC=C(C=C1)C(CO)N2C(=O)C3=C4C(=CC=C5C4=C(C=C3)C(=O)N(C5=O)C6=CC=C(C=C6)CCO)C2=O,PDI core not found
C1CCC(CC1)C(CO)N2C(=O)C3=C4C(=CC=C5C4=C(C=C3)C(=O)N(C5=O)C6=CC=C(C=C6)CCO)C2=O,PDI core not found
C1=CC=C(C=C1)CC(CO)N2C(=O)C3=C4C(=CC=C5C4=C(C=C3)C(=O)N(C5=O)C6=CC=C(C=C6)CCO)C2=O,PDI core not found
CC(CNCCCN1C(=O)C2=C3C(=CC=C4C3=C(C=C2)C(=O)N(C4=O)C5=CC=C(C=C5)CCO)C1=O)O,PDI core not found
CC(CO)N1C(=O)C2=C3C(=CC=C4C3=C(C=C2)C(=O)N(C4=O)C5=CC=C(C=C5)CCO)C1=O,PDI core not found
C1=CC(=CC=C1CCO)N2C(=O)C3=C4C(=CC=C5C4=C(C=C3)C(=O)N(C5=O)CCSCCO)C2=O,PDI core not found
C1=CC(=CC=C1CCO)N2C(=O)C3=C4C(=CC=C5C4=C(C=C3)C(=O)N(C5=O)CCOCCO)C2=O,PDI core not found
C1=CC(=CC=C1CCO)N2C(=O)C3=C4C(=CC=C5C4=C(C=C3)C(=O)N(C5=O)CCCNCCO)C2=O,PDI core not found
CC(C)CC(CO)N1C(=O)C2=C3C(=CC=C4C3=C(C=C2)C(=O)N(C4=O)C5=C(C=C(C=C5)CCO)[N+](=O)[O-])C1=O,PDI core not found
C1=CC(=CC=C1CCO)N2C(=O)C3=C4C(=CC=C5C4=C(C=C3)C(=O)N(C5=O)CCO)C2=O,PDI core not found
C1=CC(=C(C=C1CCO)[N+](=O)[O-])N2C(=O)C3=C4C(=CC=C5C4=C(C=C3)C(=O)N(C5=O)CCCCCCCCO)C2=O,PDI core not found
C1=CC(=CC=C1CCO)N2C(=O)C3=C4C(=CC=C5C4=C(C=C3)C(=O)N(C5=O)CCCCCCCCCCCCO)C2=O,PDI core not found
CCC(CO)N1C(=O)C2=CC(=C3C4=C(C=C(C(=C24)C1=O)C)C(=O)N(C3=O)C5=CC=C(C=C5)CCO)C,PDI core not found
CCOC(=O)C(CS)N1C(=O)C2=C3C(=CC=C4C3=C(C=C2)C(=O)N(C4=O)C5=CC=C(C=C5)CCO)C1=O,PDI core not found
CC(CC(=O)O)N1C(=O)C2=C3C(=CC=C4C3=C(C=C2)C(=O)N(C4=O)C5=CC=C(C=C5)CCO)C1=O,PDI core not found
C1=CC(=C(C=C1CCO)[N+](=O)[O-])N2C(=O)C3=C4C(=CC=C5C4=C(C=C3)C(=O)N(C5=O)CCCCCCCCCCC(=O)O)C2=O,PDI core not found
CC(C)C(CO)N1C(=O)C2=CC(=C3C4=C2C(=C(C=C4C(=O)N(C3=O)C5=CC=C(C=C5)CCO)[N+](=O)[O-])C1=O)[N+](=O)[O-],PDI core not found
CCC(C)C(CO)N1C(=O)C2=C3C4=C(C(=C2)C5=CC=C(C=C5)CO)C(=O)N(C(=O)C4=CC(=C3C1=O)C6=CC=C(C=C6)OC)C7=CC=C(C=C7)CCO,PDI core not found
CCC(CO)N1C(=O)C2=CC(=C3C4=C(C=C(C(=C24)C1=O)C5=CC=CC=C5)C(=O)N(C3=O)C6=CC=C(C=C6)CCO)C7=CC=CC=C7,PDI core not found
CCC(CO)N1C(=O)C2=CC(=C3C4=C(C=C(C(=C24)C1=O)C5=CC(=CC=C5)[N+](=O)[O-])C(=O)N(C3=O)C6=CC=C(C=C6)CCO)C7=CC(=CC=C7)[N+](=O)[O-],PDI core not found
CCC(C)C(CO)N1C(=O)C2=C3C(=CC=C4C3=C(C=C2)C(=O)N(C4=O)C5=C(C=C(C=C5)N(CC)CCO)C)C1=O,PDI core not found
CCN(CCO)C1=CC(=C(C=C1)N2C(=O)C3=C4C(=CC=C5C4=C(C=C3)C(=O)N(C5=O)CCCCCO)C2=O)C,PDI core not found
C1=CC(=CC=C1CCCCO)N2C(=O)C3=C4C(=CC=C5C4=C(C=C3)C(=O)N(C5=O)CCOCCO)C2=O,PDI core not found
CCN(CCO)C1=CC(=C(C=C1)N2C(=O)C3=C4C(=CC=C5C4=C(C=C3)C(=O)N(C5=O)C(CO)C6=CC=CC=C6)C2=O)C,PDI core not found
CCC(CO)N1C(=O)C2=C3C(=CC=C4C3=C(C=C2)C(=O)N(C4=O)C5=CC=C(C=C5)CC(C)CCO)C1=O,PDI core not found
CC(CC(=O)O)N1C(=O)C2=C3C(=CC=C4C3=C(C=C2)C(=O)N(C4=O)C5=CC=C(C=C5)CCOC=O)C1=O,PDI core not found
C1=CC(=CC=C1C(=O)NCOC=O)N2C(=O)C3=C4C(=CC=C5C4=C(C=C3)C(=O)N(C5=O)CCC(=O)O)C2=O,PDI core not found
CC(C)CC(CO)N1C(=O)C2=C3C(=CC=C4C3=C(C=C2)C(=O)N(C4=O)C5=CC=C(C=C5)CCOC=O)C1=O,PDI core not found
CCC(CO)N1C(=O)C2=C3C(=CC=C4C3=C(C=C2)C(=O)N(C4=O)C5=CC=C(C=C5)CCCOC=O)C1=O,PDI core not found
CC1=CC=C(C=C1)C2=CC3=C4C5=C2C(=O)N(C(=O)C5=CC(=C4C(=O)N(C3=O)C6=CC=C(C=C6)CCOC=O)C7=CC=C(C=C7)C)C(C)CC(=O)O,PDI core not found
CC(C)CC(CO)N1C(=O)C2=C3C(=CC=C4C3=C(C=C2)C(=O)N(C4=O)C5=CC=C(C=C5)C(=O)NCOC=O)C1=O,PDI core not found
CC(C)(C)C(CO)N1C(=O)C2=C3C(=CC=C4C3=C(C=C2)C(=O)N(C4=O)C5=CC=C(C=C5)CCN)C1=O,PDI core not found
CC(C)CC(CO)N1C(=O)C2=C3C(=CC=C4C3=C(C=C2)C(=O)N(C4=O)C5=CC=C(C=C5)CCN)C1=O,PDI core not found
C1=CC=C(C=C1)C(CC(=O)O)N2C(=O)C3=C4C(=CC=C5C4=C(C=C3)C(=O)N(C5=O)C6=CC=C(C=C6)CCN)C2=O,PDI core not found
CCC1=CC=C(C=C1)C2=CC3=C4C5=C2C(=O)N(C(=O)C5=CC(=C4C(=O)N(C3=O)C6=CC=C(C=C6)CCN)C7=CC=C(C=C7)CC)C(CC(C)C)CO,PDI core not found
CC(C)C(CO)N1C(=O)C2=C3C(=CC=C4C3=C(C=C2)C(=O)N(C4=O)C5=CC=C(C=C5)CCCCS)C1=O,PDI core not found
COC(=O)C(CS)N1C(=O)C2=C3C(=CC=C4C3=C(C=C2)C(=O)N(C4=O)C5=CC=C(C=C5)CCCCS)C1=O,PDI core not found
C1=CC(=CC=C1CCO)N2C(=O)C3=C4C(=CC=C5C4=C(C=C3)C(=O)N(C5=O)C6=CC=C(C=C6)CCO)C2=O,PDI core not found
CCC(CO)N1C(=O)C2=C3C(=CC=C4C3=C(C=C2)C(=O)N(C4=O)C5=C(C=CC(=C5)CO)C)C1=O,PDI core not found
C1=CC2=C3C(=CC=C4C3=C1C(=O)N(C4=O)C5=CC(=C(C(=C5)CO)O)CO)C(=O)N(C2=O)C6=CC(=C(C(=C6)CO)O)CO,PDI core not found
CC(C)CC(CO)N1C(=O)C2=C3C(=CC=C4C3=C(C=C2)C(=O)N(C4=O)C5=CC=CC=C5CO)C1=O,PDI core not found
CCN(CCO)C1=CC(=C(C=C1)N2C(=O)C3=C4C(=CC=C5C4=C(C=C3)C(=O)N(C5=O)C6=C(C=C(C=C6)N(CC)CCO)C)C2=O)C,PDI core not found
CC(N1C(=O)C2=C3C(=CC=C4C3=C(C=C2)C(=O)NC4=O)C1=O)OC(C)(C)C5(C(OCC(COC(C(OCC(CO5)(C)C)(C)C(C)(C(=O)C6CCC(CC6)C(=O)C(C)(C)C)C(C)(C)O)(C)C)(CO)CO)(C)C)C,PDI core not found
C1=C(C2=C3C(=CC(=C4C3=C1C(=O)N(C4=O)NCCO)C#N)C(=O)N(C2=O)NCCO)C#N,PDI core not found
CC(C)C1=C(C(=CC=C1)C(C)C)N2C(=O)C3=C4C(=CC=C5C4=C(C=C3)C(=O)N(C5=O)N6CCC(CC6)C(=O)O)C2=O,PDI core not found
C1CC(C(C1)O)NN2C(=O)C3=C4C(=CC=C5C4=C(C=C3)C(=O)N(C5=O)NC6CCCC6O)C2=O,PDI core not found
C1CN(CCC1C(=O)O)N2C(=O)C3=C4C(=CC=C5C4=C(C=C3)C(=O)N(C5=O)N6CCC(CC6)C(=O)O)C2=O,PDI core not found
CC(C)CC(CO)N1C(=O)C2=C3C(=CC=C4C3=C(C=C2)C(=O)N(C4=O)C5=CC=C(C=C5)C(=O)NCC(=O)O)C1=O,PDI core not found
CCN(CCO)C1=CC(=C(C=C1)N2C(=O)C3=C4C(=CC=C5C4=C(C=C3)C(=O)NC5=O)C2=O)C,PDI core not found
C1=CC(=CC=C1CCO)N2C(=O)C3=C4C(=CC=C5C4=C(C=C3)C(=O)NC5=O)C2=O,PDI core not found
CC(C)CC(CO)N1C(=O)C2=CC(=C3C4=C(C=C(C(=C24)C1=O)C5=CC=C(C=C5)C#N)C(=O)N(C3=O)C6=CC=C(C=C6)CCO)C7=CC=C(C=C7)C#N,PDI core not found
CCC(CO)N1C(=O)C2=C3C(=CC=C4C3=C(C=C2)C(=O)N(C4=O)C5=CC=C(C=C5)CCCC(=O)O)C1=O,PDI core not found
CC(C)CC(CO)N1C(=O)C2=C3C(=CC=C4C3=C(C=C2)C(=O)N(C4=O)C5=CC=C(C=C5)CCC(=O)O)C1=O,PDI core not found
C1=CC(=C(C=C1CCO)[N+](=O)[O-])N2C(=O)C3=C4C(=CC=C5C4=C(C=C3)C(=O)NC5=O)C2=O,PDI core not found
CC(C)CC(CO)N1C(=O)C2=CC(=C3C4=C(C=C(C(=C24)C1=O)C#N)C(=O)N(C3=O)C5=CC=C(C=C5)CCO)C#N,PDI core not found
CCC(CO)N1C(=O)C2=CC(=C3C4=C(C=C(C(=C24)C1=O)C#N)C(=O)N(C3=O)C5=CC=C(C=C5)CCCCS)C#N,PDI core not found
CCC(C)C(CO)N1C(=O)C2=CC(=C3C4=C(C=C(C(=C24)C1=O)C5=CC=C(C=C5)OC)C(=O)N(C3=O)C6=CC=C(C=C6)CCO)C7=CC=C(C=C7)OC,PDI core not found
CC(CC(=O)O)N1C(=O)C2=C3C(=CC=C4C3=C(C=C2)C(=O)N(C4=O)C5=CC=C(C=C5)CCC(=O)O)C1=O,PDI core not found
CC1=CC=C(C=C1)C2=CC3=C4C5=C2C(=O)N(C(=O)C5=CC(=C4C(=O)N(C3=O)C6=CC=C(C=C6)CCC(=O)O)C7=CC=C(C=C7)C)C(C)CC(=O)O,PDI core not found
C1=CC(=CC=C1C(=O)NCC(=O)O)N2C(=O)C3=C4C(=CC=C5C4=C(C=C3)C(=O)N(C5=O)CCC(=O)O)C2=O,PDI core not found
CCC(=O)OCCCCCCN1C(=O)C2=CC(=C3C4=C(C=C(C(=C24)C1=O)C5=CC=CS5)C(=O)N(C3=O)CCCCCCOC(=O)CC)C6=CC=CS6,PDI core not found
CCCCCCC1=CSC(=C1)C2=CC3=C4C5=C2C(=O)N(C(=O)C5=CC(=C4C(=O)N(C3=O)CCCCCCOC(=O)CC)C6=CC(=CS6)CCCCCC)CCCCCCOC(=O)CC,PDI core not found
CCCCCCCCCCN1C(=O)C2=C3C(=CC=C4C3=C(C=C2)C(=O)N(C4=O)C#CC5=CC=CC=C5)C1=O,PDI core not found
C1=CC=C2C(=C1)C3=CC=CC=C3N2C4=CC=C(C=C4)C5=CC6=C7C8=C5C(=O)N(C(=O)C8=CC(=C7C(=O)N(C6=O)C9=C1C=CC=NC1=C1C(=C9)C=CC=N1)C1=CC=C(C=C1)N1C2=CC=CC=C2C2=CC=CC=C21)C1=C2C=CC=NC2=C2C(=C1)C=CC=N2,PDI core not found
C1=CC=C(C=C1)N2C3=C(C=C(C=C3)C4=CC5=C6C7=C4C(=O)N(C(=O)C7=CC(=C6C(=O)N(C5=O)C8=C9C=CC=NC9=C1C(=C8)C=CC=N1)C1=CC3=C(C=C1)N(C1=CC=CC=C13)C1=CC=CC=C1)C1=C3C=CC=NC3=C3C(=C1)C=CC=N3)C1=CC=CC=C12,PDI core not found
C1=CC=C(C=C1)N2C3=C(C=C(C=C3)C4=C5C6=C(C=C(C7=C6C(=C4)C(=O)N(C7=O)C8=C9C=CC=NC9=C1C(=C8)C=CC=N1)C1=CC=C(C=C1)N1C3=CC=CC=C3C3=CC=CC=C31)C(=O)N(C5=O)C1=C3C=CC=NC3=C3C(=C1)C=CC=N3)C1=CC=CC=C12,PDI core not found
C1=CC2=C3C(=CC=C4C3=C1C(=O)N(C4=O)CCOC(=O)CC(=O)O)C(=O)N(C2=O)CCOC(=O)COC=O,PDI core not found
CC1=CC(=CC=C1)OC2=C(C=C(C=C2)C(C)(C)C3=CC=C(C=C3)OC4=CC=CC(=C4)N5C(=O)C6=C7C(=CC=C8C7=C(C=C6)C(=O)N(C8=O)C)C5=O)S(=O)(=O)O,PDI core not found
CC1=C2C(=C(S1)C)OC(CO2)COC(=O)CCCC(=O)OCCN3C(=O)C4=C5C(=CC=C6C5=C(C=C4)C(=O)N(C6=O)CCOC(=O)CCCC(=O)OCC7COC8=C(SC(=C8O7)C)C)C3=O,PDI core not found
CCC(C)(CC(C)N1C(=O)C2=C3C(=CC=C4C3=C(C=C2)C(=O)N(C4=O)C(C)(CC)CC(C)(CC)O)C1=O)OC,PDI core not found
CC1=C2C3=C4C(=C(C(=C3C(=O)N(C2=O)C)C(C)(C)C)C)C(=O)N(C(=O)C4=C1C(C)(C)C)C,PDI core not found
CC(C)(C)C1=C2C3=C4C(=C1)C(=O)N(C(=O)C4=C(C=C3C(=O)N(C2=O)C)C(C)(C)C)C,PDI core not found
CCCCCCCCCCC(CCCCCCCC)CN1C(=O)C2=CC(=C3C4=C(C=C(C(=C24)C1=O)C)C(=O)N(C3=O)CC(CCCCCCCC)CCCCCCCCCC)C5=CC6=C(S5)C(=C7CCC8=C7SC(=C8)C)CC6,PDI core not found
CCCCCCCCCCC(CCCCCCCC)CN1C(=O)C2=CC(=C3C4=C(C=C(C(=C24)C1=O)C)C(=O)N(C3=O)CC(CCCCCCCC)CCCCCCCCCC)C5=CC6=C(S5)CCCC6=C7CCCC8=C7C=C(S8)C,PDI core not found
CN1C(=O)C2=C3C(=CC(=C4C3=C(C=C2)C(=O)N(C4=O)C)C5=CC6=C(S5)C(=C7CCC8=C7SC(=C8)C9=C2C3=C(C=CC4=C3C(=C9)C(=O)N(C4=O)C)C(=O)N(C2=O)C)CC6)C1=O,PDI core not found
CCCCCCCCN1C(=O)C2=C3C(=CC(=C4C3=C(C=C2)C(=O)N(C4=O)CCCCCCCC)C5=CC6=C(S5)CCC6=C7CCC8=C7C=C(S8)C9=C2C3=C(C=CC4=C3C(=C9)C(=O)N(C4=O)CCCCCCCC)C(=O)N(C2=O)CCCCCCCC)C1=O,PDI core not found
CC1=CC2=C3C4=C1C(=O)N(C(=O)C4=CC(=C3C(=O)N(C2=O)C)C5=CC6=C(S5)CCC6=C7CCC8=C7C=C(S8)C)C,PDI core not found
CCC1=C2C3=C(C=C(C4=C3C(=C1)C(=O)NC4=O)C)C(=O)NC2=O,PDI core not found
CCCCCCCCN1C(=O)C2=C3C(=CC(=C4C3=C(C=C2)C(=O)N(C4=O)CCCCCCCC)C5=CC6=C(S5)C(=C7CCC8=C7SC(=C8)C9=C2C3=C(C=CC4=C3C(=C9)C(=O)N(C4=O)CCCCCCCC)C(=O)N(C2=O)CCCCCCCC)CC6)C1=O,PDI core not found
CCC1=CC=CC=C1N2C(=O)C3=C4C(=CC=C5C4=C(C=C3)C(=O)N(C5=O)C6=C(C=CC=C6CC)C)C2=O,PDI core not found
CC1=CC(=C(C=C1C#CC(C)C)C)C#CC2=CC3=C4C5=C2C(=O)N(C(=O)C5=CC(=C4C(=O)N(C3=O)CC(C)C)C(C)C)CC(C)C,PDI core not found
CCCCCCCCCCCCC(CCCCCCCCCC)CN1C(=O)C2=C3C4=C(C(=C2)C5=CC6=C(C=C5)N(C7=C(S6)C=C(C=C7)C(C)C)CCCCCC)C(=O)N(C(=O)C4=CC(=C3C1=O)C(C)C)CC(CCCCCCCCCCCC)C#CC#CC#CC#CC#C,PDI core not found
CCCCCCCCCCC(CCCCCCCC)CN1C(=O)C2=CC(=C3C4=C(C=C(C(=C24)C1=O)C5=CC=C(S5)C6=CC=C(S6)C(C)C)C(=O)N(C3=O)CC(CCCCCCCC)CCCCCCCCCC)C(C)C,PDI core not found
CC(C)CN1C(=O)C2=CC(=C3C4=C(C=C(C(=C24)C1=O)C=CC5=CC=C(S5)C6=CC=C(S6)C=CC(C)C)C(=O)N(C3=O)CC(C)C)C(C)C,PDI core not found
CC(C)CN1C(=O)C2=CC(=C3C4=C(C=C(C(=C24)C1=O)C=CC5=CC=C(S5)C=CC(C)C)C(=O)N(C3=O)CC(C)C)C(C)C,PDI core not found
CC1=CC(=C(C=C1)C2=C(C=C(C=C2)N3C(=O)C4=C5C(=CC=C6C5=C(C=C4)C(=O)NC6=O)C3=O)S(=O)(=O)O)S(=O)(=O)O,PDI core not found
CC(C)C1=C(C(=CC=C1)C(C)C)N2C(=O)C3=C4C(=C(C(=C5C4=C(C(=C3C#N)C#N)C(=O)N(C5=O)C6=C(C=CC=C6C(C)C)C(C)C)C#N)C#N)C2=O,PDI core not found
CC(C)C1=C(C(=CC=C1)C(C)C)N2C(=O)C3=CC(=C4C5=C(C(=CC(=C35)C2=O)C#N)C(=O)N(C4=O)C6=C(C=CC=C6C(C)C)C(C)C)C#N,PDI core not found
CCC(C)(CC(C)(CC)O)N1C(=O)C2=C3C(=CC=C4C3=C(C=C2)C(=O)N(C4=O)C(C)(CC)CC(C)(CC)OC)C1=O,PDI core not found
CN1C(=O)C2=C3C4=C(C=C2)C(=O)N(C(=O)C4=C5C(=C3C1=O)SC(=CC#N)S5)C,PDI core not found
CN1C(=O)C2=C3C4=C(C=C2)C(=O)N(C(=O)C4=C5C(=C3C1=O)SC(=C(C#N)C(=C6SC7=C8C9=C(C=CC1=C9C(=C7S6)C(=O)N(C1=O)C)C(=O)N(C8=O)C)C#N)S5)C,PDI core not found
CCCCCCCCCCCCC(CCCCCCCCCC)CN1C(=O)C2=C3C(=C4C5=C2C(=C6C(=C5C(=O)N(C4=O)CC(CCCCCCCCCC)CCCCCCCCCCCC)SC(=C(C=CC(C)C)C#N)S6)C1=O)SC(=CC#N)S3,PDI core not found
CN1C(=O)C2=C3C(=C4C5=C2C(=C6C(=C5C(=O)N(C4=O)C)SC(=C(C#N)C#N)S6)C1=O)SC(=CC#N)S3,PDI core not found
CCCCCCCCCCCCC(CCCCCCCCCC)CN1C(=O)C2=C3C(=C4C5=C2C(=C6C(=C5C(=O)N(C4=O)CC(CCCCCCCCCC)CCCCCCCCCCCC)SC(=CC7=CC8=C(S7)C=C(S8)C)S6)C1=O)SC(=CC#N)S3,PDI core not found
CN1C(=O)C2=C3C(=C4C5=C2C(=C6C(=C5C(=O)N(C4=O)C)SC(=C(C#N)C(=C7SC8=C9C2=C4C(=C5C(=C2C(=O)N(C9=O)C)SC(=C(C#N)C#N)S5)C(=O)N(C(=O)C4=C8S7)C)C#N)S6)C1=O)SC(=C(C#N)C#N)S3,PDI core not found
CCCCCCCCCCCCC(CCCCCCCCCC)CN1C(=O)C2=C3C(=C4C5=C2C(=C6C(=C5C(=O)N(C4=O)CC(CCCCCCCCCC)CCCCCCCCCCCC)SC(=CC#N)S6)C1=O)SC(=CC#N)S3,PDI core not found
CCCCCCCCCCCCC(CCCCCCCCCC)CN1C(=O)C2=C3C(=C4C5=C2C(=C6C(=C5C(=O)N(C4=O)CC(CCCCCCCCCC)CCCCCCCCCCCC)SC(=C(C#N)C7=CC=C(S7)C)S6)C1=O)SC(=CC(C)C#N)S3,PDI core not found
CC1=CC2=C3C4=C1C(=O)N(C(=O)C4=CC(=C3C(=O)N(C2=O)C)C5=CC6=C(S5)C=C(S6)C)C,PDI core not found
CC1=CC=C(S1)C2=C3C4=C(C=C(C5=C4C(=C2)C(=O)N(C5=O)C)C)C(=O)N(C3=O)C,PDI core not found
CC1=CC2=C3C4=C1C(=O)N(C(=O)C4=CC(=C3C(=O)N(C2=O)C)C5=CC6=C(S5)C7=C(S6)C=C(S7)C)C,PDI core not found
CC1=CC=C(S1)C2=CC=C(S2)C3=C4C5=C(C=C(C6=C5C(=C3)C(=O)N(C6=O)C)C)C(=O)N(C4=O)C,PDI core not found
CC1=CC=C(S1)C=CC2=CC=C(S2)C3=C4C5=C(C=C(C6=C5C(=C3)C(=O)N(C6=O)C)C)C(=O)N(C4=O)C,PDI core not found
CCCCCN1C(=O)C2=C3C4=C(C=C2)C(=O)N(C(=O)C4=C5C(=C3C1=O)C6=C7N5CCCN7CCCC6)CCCC,PDI core not found
CCCCCCCCN1C(=O)C2=C3C4=CC=CC=C4OC3=C5C6=C2C(=C7C(=C6C(=O)N(C5=O)CCCCCCCC)C8=CC=CC=C8O7)C1=O,PDI core not found
CN1C(=O)C2=C3C(=C4C5=C2C(=C6C(=C5C(=O)N(C4=O)C)N=C(S6)C7=CC=CC=C7)C1=O)SC(=N3)C8=CC=CC=C8,PDI core not found
CN1C(=O)C2=C3C(=C4C5=C2C(=C6C(=C5C(=O)N(C4=O)C)SC(=N6)C7=CC=CS7)C1=O)SC(=N3)C8=CC=CS8,PDI core not found
CN1C(=O)C2=C3C(=C4C5=C2C(=C6C(=C5C(=O)N(C4=O)C)N=C(S6)C7=CC=CS7)C1=O)SC(=N3)C8=CC=CS8,PDI core not found
CN1C(=O)C2=C3C(=C(SC3=C4C5=C2C(=C6C(=C(SC6=C5C(=O)N(C4=O)C)C#N)C#N)C1=O)C#N)C#N,PDI core not found
CN1C(=O)C2=C3C(=C4C5=C2C(=C6C(=C5C(=O)N(C4=O)C)SC(=N6)C7=CC=CC=C7)C1=O)SC(=N3)C8=CC=CC=C8,PDI core not found
CC(C)COCC(C)N1C(=O)C2=C3C(=CC=C4C3=C(C=C2)C(=O)N(C4=O)C)C1=O,PDI core not found
CCC(CC)N1C(=O)C2=C3C(=CC=C4C3=C(C=C2)C(=O)N(C4=O)CCCC(C)CN5C(=O)C6=C7C(=CC=C8C7=C(C=C6)C(=O)N(C8=O)C(CC)CC)C5=O)C1=O,PDI core not found
CCCCCC(C)N1C(=O)C2=C3C(=CC=C4C3=C(C=C2)C(=O)N(C4=O)N(C=O)C(=O)C=CC=CC=O)C1=O,PDI core not found
CC(C)NC(=O)CN1C(=O)C2=C3C(=CC=C4C3=C(C=C2)C(=O)N(C4=O)CC(=O)NC)C1=O,PDI core not found
CC(C)C(C(=O)O)NC(=O)C(CC(=O)O)NC(=O)C(CC1=CC=CC=C1)NC(=O)C(C)NC(=O)CN2C(=O)C3=C4C(=CC=C5C4=C(C=C3)C(=O)N(C5=O)CC(=O)NC(C)C(=O)NC(CC6=CC=CC=C6)C(=O)NC(CC(=O)O)C(=O)NC(C(C)C)C(=O)O)C2=O,PDI core not found
CCCCN1C(=O)C2=C3C(=CC=C4C3=C(C=C2)C(=O)N(C4=O)CCC[N+](C)(C)CCCCCC(=O)NC5=C6C=CC=NC6=C7C(=C5)C=CC=N7)C1=O,PDI core not found
CC(C)CN1C(=O)C2=CC(=C3C4=C(C=C(C(=C24)C1=O)C5=CC=CS5)C(=O)N(C3=O)CC(C)C)C6=CC=CS6,PDI core not found
CCCN1C(=O)C2=C3C(=CC=C4C3=C(C=C2)C(=O)N(C4=O)C)C1=O,PDI core not found
CCCN1C(=O)C2=C3C(=CC=C4C3=C(C=C2)C(=O)N(C4=O)CCCCC(C(=O)NC(C(C)C)C(=O)NC(CCC(=O)O)C(=O)NC(C(C)C)C(=O)O)NC(=O)CNC(=O)CNC(=O)C5=CC=C(S5)C6=CC=C(S6)C7=CC=C(S7)C8=CC=C(S8)C(=O)NCC(=O)NCC(=O)NC(CCCCN9C(=O)C2=C3C(=CC=C4C3=C(C=C2)C(=O)N(C4=O)CCC)C9=O)C(=O)NC(C(C)C)C(=O)NC(CCC(=O)O)C(=O)NC(C(C)C)C(=O)O)C1=O,PDI core not found
CCCN1C(=O)C2=C3C(=CC=C4C3=C(C=C2)C(=O)N(C4=O)CCCCC(C(=O)O)NC(=O)C(C(C)C)NC(=O)C(CCC(=O)O)NC(=O)C(C(C)C)NC(=O)CNC(=O)CNC(=O)C5=CC=C(S5)C6=CC=C(S6)C7=CC=C(S7)C8=CC=C(S8)C(=O)NCC(=O)NCC(=O)NC(C(C)C)C(=O)NC(CCC(=O)O)C(=O)NC(C(C)C)C(=O)NC(CCCCN9C(=O)C2=C3C(=CC=C4C3=C(C=C2)C(=O)N(C4=O)CCC)C9=O)C(=O)O)C1=O,PDI core not found
CCCN1C(=O)C2=C3C(=CC=C4C3=C(C=C2)C(=O)N(C4=O)CCCCC(C(=O)NCC(=O)NC(C(C)C)C(=O)NC(CCC(=O)O)C(=O)NC(C(C)C)C(=O)O)NC(=O)CNC(=O)C5=CC=C(S5)C6=CC=C(S6)C7=CC=C(S7)C8=CC=C(S8)C(=O)NCC(=O)NC(CCCCN9C(=O)C2=C3C(=CC=C4C3=C(C=C2)C(=O)N(C4=O)CCC)C9=O)C(=O)NCC(=O)NC(C(C)C)C(=O)NC(CCC(=O)O)C(=O)NC(C(C)C)C(=O)O)C1=O,PDI core not found
CCCN1C(=O)C2=C3C(=CC=C4C3=C(C=C2)C(=O)N(C4=O)CCCCC(C(=O)NC(CC(=O)O)C(=O)NC(C)C(=O)NC(CC(=O)O)C(=O)O)NC(=O)CNC(=O)CNC(=O)C5=CC=C(S5)C6=CC=C(S6)C7=CC=C(S7)C8=CC=C(S8)C(=O)NCC(=O)NCC(=O)NC(CCCCN9C(=O)C2=C3C(=CC=C4C3=C(C=C2)C(=O)N(C4=O)CCC)C9=O)C(=O)NC(CC(=O)O)C(=O)NC(C)C(=O)NC(CC(=O)O)C(=O)O)C1=O,PDI core not found
CCNOS(=O)(=O)C1=C(C=CC(=C1)N2C(=O)C3=C4C(=CC=C5C4=C(C=C3)C(=O)N(C5=O)C)C2=O)C6=C(C=C(C=C6)C)C,PDI core not found
CN1C(=O)C2=C3C(=CC=C4C3=C(C=C2)C(=O)N(C4=O)CCOCCOCCOCCOC)C1=O,PDI core not found
C1CCC2C(C1)N3C(=O)C4=C5C(=CC=C6C5=C(C=C4)C(=O)N(C6=O)C7CCCCC7N8C(=O)C9=C1C(=CC=C4C1=C(C=C9)C(=O)N(C4=O)C1CCCCC1N1C(=O)C4=C5C(=CC=C6C5=C(C=C4)C(=O)N2C6=O)C1=O)C8=O)C3=O,PDI core not found
CN1C(=O)C2=C3C=CSC3=C4C5=C2C(=C6C(=C5C(=O)N(C4=O)C)C=CS6)C1=O,PDI core not found
C1=CSC(=C1)C2=CC=C(S2)C3=CC4=C5C6=C7C(=C8C=CSC8=C6C(=O)NC5=O)C(=O)NC(=O)C7=C4S3,PDI core not found
CN1C(=O)C2=C3C(=CC=C4C3=C(C=C2)C(=O)N(C4=O)C5C6CC(C5C7=CN=C8C9=CC=CC=C9C2=CC=CC=C2C8=N7)C2=C6CC2)C1=O,PDI core not found
C#CC1=C(C=C(C=C1)N2C(=O)C3=C4C(=CC=C5C4=C(C=C3)C(=O)N(C5=O)C6=CC(=C(C=C6)C#N)C#N)C2=O)C#N,PDI core not found
CCCN1C(=O)C2=C3C(=CC=C4C3=C(C=C2)C(=O)N(C4=O)CCOC(=O)C=C)C1=O,PDI core not found
CCCOCCN1C(=O)C2=C3C(=CC=C4C3=C(C=C2)C(=O)N(C4=O)CCOCCO)C1=O,PDI core not found
C1CCC2C(C1)N3C(=O)C4=C5C(=CC=C6C5=C(C=C4)C(=O)N(C6=O)C7CCCCC7N8C(=O)C9=C1C(=CC=C4C1=C(C=C9)C(=O)N(C4=O)C1CCCCC1N1C(=O)C4=C5C(=CC=C6C5=C(C=C4)C(=O)N2C6=O)C1=O)C8=O)C3=O,PDI core not found
C1CCC2C(C1)N3C(=O)C4=C5C(=CC=C6C5=C(C=C4)C(=O)N(C6=O)C7CCCCC7N8C(=O)C9=C1C(=CC=C4C1=C(C=C9)C(=O)N(C4=O)C1CCCCC1N1C(=O)C4=C5C(=CC=C6C5=C(C=C4)C(=O)N2C6=O)C1=O)C8=O)C3=O,PDI core not found
CN(C)CCN1C(=O)C2=C3C(=CC=C4C3=C(C=C2)C(=O)N(C4=O)CCCC(=O)NCCCCCN(CCCCNC(=S)NCCSCC5C(C(C(O5)OC6C(C(CC(C6OC7C(C(C(C(O7)CN)O)O)N)N)N)O)O)OC8C(C(C(C(O8)CN)O)O)N)CCCNC(=S)NCCSCC9C(C(C(O9)OC2C(C(CC(C2OC2C(C(C(C(O2)CN)O)O)N)N)N)O)O)OC2C(C(C(C(O2)CN)O)O)N)C1=O,PDI core not found
CC(C)CC(CN=O)N1C(=O)C2=C3C(=CC=C4C3=C(C=C2)C(=O)N(C4=O)C(CC(C)C)CO)C1=O,PDI core not found
C1=CC2=C(C=CC(=C2)N3C(=O)C4=C5C(=CC=C6C5=C(C=C4)C(=O)N(C6=O)C7=CC8=C(C=C7)N=CC=C8)C3=O)N=C1,PDI core not found
CCCCCCN1C(=O)C2=C3C(=C4C5=C2C(=C6C(=C5C(=O)N(C4=O)CCCCCC)SC7=CC=CC=C7S6)C1=O)SC8=CC=CC=C8S3,PDI core not found
C1=CC=C(C=C1)N2C(=O)C3=C4C(=C5C6=C3C(=C7C(=C6C(=O)N(C5=O)C8=CC=CC=C8)SC(=C(C#N)C#N)S7)C2=O)SC(=C(C#N)C#N)S4,PDI core not found
CCCCCCN1C(=O)C2=C3C(=C4C5=C2C(=C6C(=C5C(=O)N(C4=O)CCCCCC)SC(=C(C#N)C#N)S6)C1=O)SC(=C(C#N)C#N)S3,PDI core not found
C#CC1=C(C=C(C=C1)N2C(=O)C3=C4C(=CC=C5C4=C(C=C3)C(=O)N(C5=O)C6=CC(=CC(=C6)C#N)C#N)C2=O)C#N,PDI core not found
C1=CC(=C(C=C1N2C(=O)C3=C4C(=CC=C5C4=C(C=C3)C(=O)N(C5=O)C6=CC(=CC(=C6)C#N)C#N)C2=O)C#N)C#N,PDI core not found
CCC1(CC1(C)CC(C)C(C)(C)C)CC(C)CCN2C(=O)C3=C4C(=CC=C5C4=C(C=C3)C(=O)N(C5=O)CCC(C)CC(C)(C)C(C)(C)CC(C)(C)C(C)(C)C)C2=O,PDI core not found
CN(C)CCN1C(=O)C2=C3C(=CC=C4C3=C(CN(C4=O)CCCCCC(=O)NCCOCCOCCOCCOCCC(=O)NCCCOC5=CC(=CC(=C5)C(=O)NCCCCCC(=O)ON6C(=CC=C6O)O)OCCCNC(=O)CCOCCOCCOCCOCCNC(=O)CCCCCN7C(=O)C8=C9C(=CC=C3C9=C(C=C8)C(=O)N(C3=O)CCN(C)C)C7=O)C=C2)C1=O,PDI core not found
CCCCCCCCN1C(C2=C3C4=C(C=C2)C(=O)N(C(=O)C4=C5C6=C7C8=C(C5=C3C1=O)C=C9C1=C(C=C2C(=C18)C1=C7C3=C(C=C1C1=C4C5=C(C=CC7=C5C(=C21)C(=O)N(C7=O)CCCCCCCC)C(=O)N(C4=O)CCCCCCCC)C(N(C(=O)C3=C6)C(CCCCCCC)CCCCCCC)O)C(N(C9=O)C(CCCCCCC)CCCCCCC)O)CCCCCCCC)O,PDI core not found
CCCCCCN1C(=O)C2=C3C4=C(C=C2)C(=O)NC(=O)C4=CC(=C3C1=O)C5=CC=C(S5)C6=NN=C(N=N6)C7=CC=C(S7)C8=C9C1=C(C=CC(=C1C(=C8)C(=N)C)C(=C)C)C(=O)NC9=O,PDI core not found
CC(C)CC(CO)N1C(=O)C2=CC(=C3C4=C(C=C(C(=C24)C1=O)C#N)C(=O)N(C3=O)C5=CC=C(C=C5)CCO)[N+]#[C-],PDI core not found
CC1=CC2=C3C(=C(C=C4C3=C1C(=O)N(C4=O)CC(C)C)C)C(=O)N(C2=O)CC(C)C,PDI core not found
CCC1=CC=CC(=C1N2C(=O)C3=C4C5=C(C(=C3)C#N)C(=O)N(C(=O)C5=CC(=C4C2=O)[N+]#[C-])C(CC)CO)C,PDI core not found
CCCCCCN1C(=O)C2=C3C(=CC(=C4C3=C(C=C2)C(=O)N(C4=O)C)C5=CC6=C(S5)C7=C(S6)C=C(S7)C8=C9C2=C(C=CC3=C2C(=C8)C(=O)N(C3=O)CCCCCC)C(=O)N(C9=O)C)C1=O,PDI core not found
CN(C)CCN1C(=O)C2=C3C(=CC=C4C3=C(C=C2)C(=O)N(C4=O)CCOCCOCCOCCOCCC(=O)ON5C(=CC=C5O)O)C1=O,PDI core not found
CCCCCCCCN1C(=O)C2=C3C4=CC=CC=C4OC3=C5C6=C2C(=C7C(=C6C(=O)NC5=O)C8=CC=CC=C8O7)C1=O,PDI core not found
CCCCCCCCN1C(=O)C2=C3C(=CC(=C4C3=C(C=C2)C(=O)N(C4=O)CCCCCC)C5=CC6=C7C8=C5C(=O)N(C(=O)C8=CC(=C7C(=O)NC6=O)C9=C2C3=C(C=CC4=C3C(=C9)C(=O)N(C4=O)CCCCCCCC)C(=O)N(C2=O)CCCCCC)CCCCCCCC)C1=O,PDI core not found
CCCCCCCCN1C(=O)C2=C3C4=C(C5=NC6=CC=CC=C6N=C25)C(=O)N(C(=O)C4=C(C(=C3C1=O)[N+]#[C-])[N+]#[C-])CCCCCCCC,PDI core not found
[C-]#[N+]C1=C2C3=C(C=C(C4=C3C(=C1)C(=O)N(C4=O)NCCO)C#N)C(=O)N(C2=O)NCCO,PDI core not found
CCCCCCCC(CC)N1C(=O)C2=C3C(=CC(=C4C3=C(C=C2)C(=O)N(C4=O)C(CC)CCCCCCC)C5=C6C7=C(C=CC8=C7C(=C5)C(=O)N(C8=O)C(CC)CCCCCCC)C(=O)N(C6=O)C(CC)CCCCCCC)C1=O,PDI core not found
CCCCCCCCC(CCCCCC)CN1C(=O)C2=C3C(=C4C5=C2C(=C6C(=C5C(=O)N(C4=O)CC(C)CCCCCC)N=C(S6)C7=CC=CS7)C1=O)SC(=N3)C8=CC=CS8,PDI core not found
CCCCCCN1CC2=CC(=C3C4=C(C=CC(=C24)C1=O)C(=O)N(C3=O)CCCCCC)C5=CC=C(S5)C6=NN=C(N=N6)C7=CC=C(S7)C8=C9C1=C(C=CC2=C1C(=C8)C(=O)N(C2=O)CCCCCC)C(=O)N(C9=O)CCCCCC,PDI core not found
CCC(C)(CC)N1C(=O)C2=C3C(=CC=C4C3=C(C=C2)C(=O)N(C4=O)CCO)C1=O,PDI core not found
C1C(OC2=CSC=C2O1)COC(CCCC(=O)OCCN3C(=O)C4=C5C(=CC=C6C5=C(C=C4)C(=O)N(C6=O)CCOC(=O)CCCC(=O)OCC7COC8=CSC=C8O7)C3=O)O,PDI core not found
CCC(CO)N1C(=O)C2=CC(=C3C4=C(C=C(C(=C24)C1=O)C#N)C(=O)N(C3=O)C5=CC=C(C=C5)CCCCS)[N+]#[C-],PDI core not found
CCCCCCN1C(=O)C2=C3C(=CC=C4C3=C(C=C2)C(=O)[N+](=C5C=CN(C=C5)CCCCCCC6=C(SC(=C6)C(C)(C)C)C(C)(C)C)C4=O)C1=O,PDI core not found
CCCCCCCC(CC)N1C(=O)C2=C3C(=C(C(=C(C3=C4C5=C(C6=C(C(=C(C(=C6C(=C52)C1=O)CC)CC)CC)CC)C(=O)NC4=O)CC)CC)CC)CC,PDI core not found
CCCCCCCCC(C)CN1C(=O)C2=CC(=C3C4=C2C(=C(C=C4C(=O)N(C3=O)CC(C)CCCCCCCC)C(C)(C)C)C1=O)C(C)(C)C,PDI core not found
CC1(COC(C(OCC(COC(C(OC1)(C)C(C)(C(=O)C2CCC(CC2)C(=O)C(C)(C)C)C(C)(C)O)(C)C)(CO)CO)(C)C)(C)C(C)(C)OCCN3C(=O)C4=C5C(=CC=C6C5=C(C=C4)C(=O)NC6=O)C3=O)C,PDI core not found
CCCCCCN1C(=O)C2=C3C(=CC(=C4C3=C(C=C2)C(=O)N(C4=O)CCCCCC)C5=CC6=C(S5)C7=C(N6)C=C(S7)C8=C9C2=C(C=CC3=C2C(=C8)C(=O)N(C3=O)CCCCCC)C(=O)N(C9=O)CCCCCC)C1=O,PDI core not found
CN(C)CCN1C(=O)C2=C3C(=CC=C4C3=C(C=C2)C(=O)N(C4=O)CCCCCC(=O)NCCOCCOCCOCCOCCC(=O)NCCCOC5=CC(=CC(=C5)C(=O)NCCCCCC(=O)ON6C(=CC=C6O)O)OCCCNC(=O)CCOCCOCCOCCOCCNC(=O)CCCCCN7C(=O)C8=C9C(=CC=C2C9=C(C=C8)C(=O)N(C2=O)CCN(C)C)C7=O)C1=O,PDI core not found
CCCN1C(=O)C2=C3C(=CC=C4C3=C(C=C2)C(=O)N(C4=O)CCCOC(C)C(=O)OC(C)C(=O)O)C1=O,PDI core not found
CCC(C)(CC1(CCC1(C)CC(C)CCN2C(=O)C3=C4C(=CC=C5C4=C(C=C3)C(=O)N(C5=O)CCC(C)CC6(CC6(C)CC(C)(C)C(C)(C)C)C)C2=O)C)C(C)(C)C,PDI core not found
CCCCCCN1C(=O)C2=C3C(=CC(=C4C3=C(C=C2)C(=O)N(C4=O)CCCCCC)C)C1=O,PDI core not found
CC(C)(C1=CC(=C(C=C1)OC(=O)C=C)N2C(=O)C3=C4C(=CC=C5C4=C(C=C3)C(=O)N(C5=O)C6=CC(=CC(=C6)C7=C(NC8=CC=CC=C87)C9=CC=CC=C9)C1=C(NC3=CC=CC=C31)C1=CC=CC=C1)C2=O)C1=CC(=C(C=C1)OC(=O)C=C)N1C(=O)C2=C3C(=CC=C4C3=C(C=C2)C(=O)N(C4=O)C2=CC(=CC(=C2)N2C3=CC=CC=C3C3=CC=CC=C32)N2C3=CC=CC=C3C3=CC=CC=C32)C1=O,PDI core not found
C[N+](C)(C)CCN1C(=O)C2=C3C(=CC=C4C3=C(C=C2)C(=O)N(C4=O)CCCCCC(=O)ON5C(=CC=C5O)O)C1=O,PDI core not found
CN(C)CCN1C(=O)C2=C3C(=CC=C4C3=C(C=C2)C(=O)N(C4=O)CCCCCC(=O)ON5C(=CC=C5O)O)C1=O,PDI core not found
CC(C)CC(CO)N1C(=O)C2=CC(=C3C4=C(C=C(C(=C24)C1=O)C5=CC=C(C=C5)C#N)C(=O)N(C3=O)C6=CC=C(C=C6)CCO)C7=CC=C(C=C7)[N+]#[C-],PDI core not found
CCCCCCCCN1C(=O)C2=C3C4=C(C=C2)C(=O)N(C(=O)C4=C5C6=CC7=C8C(=CC9=C2C8=C6C4=C6C2=C(C=C2C6=C(C=C4C5=C3C1=O)C(=O)N(C2=O)C1=C(C=CC=C1C(C)C)C(C)C)C1=C2C3=C(C=CC4=C3C(=C91)C(=O)N(C4=O)CCCCCCCC)C(=O)N(C2=O)CCCCCCCC)C(=O)N(C7=O)C1=C(C=CC=C1C(C)C)C(C)C)CCCCCCCC,PDI core not found
CCCCC(CC)CN1C(=O)C2=C3C(=CC=C4C3=C(C=C2)C(=O)N(C4=O)CCOCCOCCN5C(=O)C6=C7C(=CC=C8C7=C(C=C6)C(=O)N(C8=O)CCCCCN9C=C(N=N9)CCC(=O)NCCCC(C)(C)OCCC(C)(C)OCCCNC(=O)CCC2=CN(N=N2)CCCCCN2C(=O)C3=C4C(=CC=C6C4=C(C=C3)C(=O)N(C6=O)CCOCCOCCN3C(=O)C4=C6C(=CC=C7C6=C(C=C4)C(=O)N(C7=O)CC(C)CC)C3=O)C2=O)C5=O)C1=O,PDI core not found
CCCCCCN1C(C2=C(C=C3C4=C(C=CC(=C24)C1=O)C(=O)NC3=O)C5=CC6=C(S5)C=C(S6)C7=C8C9=C(C=CC1=C9C(=C7)C(=O)N(C1=O)CCCCCC)C(=O)N(C8=O)CCCCCC)O,PDI core not found
CCCCCCC1=C(SC=C1)C2=CC=C(S2)C3=CC=C(S3)C4=C(C=C(S4)C5=CC6=C7C8=C5C(=O)N(C(=O)C8=CC(=C7C(=O)N(C6=O)C)C9=CC(=C(S9)C1=CC=C(S1)C1=CC=C(S1)C1=C(C=CS1)CCCCCC)CCCCCC)C)CCCCCC,PDI core not found
CCC1=CC=CC(=C1N2C(=O)C3=CC(=C4C5=C(C=C(C(=C35)C2=O)C#N)C(=O)N(C4=O)C(CC)CO)[N+]#[C-])C,PDI core not found
CCCCCCC(CC)N1C(=C)C(=C)C2=C(C1=O)C=CC3=C2C(=CC4=CC5=C(C=C4)C=C(C=C5)C6=NC7=C8C9=C1C(=C7N6)C(=O)N(C(=O)C1=C1C(=C9C(=O)N(C8=O)C(CCCCCC)CCCCCC)N=C(N1)C1=CC2=CC=CC=C2C=C1)C(CCCCCC)CCCCCC)C(=C)N(C3=O)C(CC)CCCCCC,PDI core not found
CCCCCCN1C(=O)C2=C3C(=CC(=C4C3=C(C=C2)C(=O)NC4=O)C5=CC6=C(S5)C7=C(C=C(S7)C8=C9C2=C(C=CC3=C2C(=C8)C(=O)N(C3=O)CCCCCC)C(=O)N(C9=O)CCCCCC)C2(C6=O)OCCO2)C1=O,PDI core not found
CCCCCCCCC(C)CN1C(=O)C2=C3C(=C4C5=C2C(=C6C(=C5C(=O)N(C4=O)CC(C)CCCCCCCC)SC(=N6)C7=CC=CS7)C1=O)SC(=N3)C8=CC=CS8,PDI core not found
CC1(COC(C(OCC(COC(C(OC1)(C)C(C)(C(=O)C2CCC(CC2)C(=O)C(C)(C)C)C(C)(C)OCCN3C(=O)C4=C5C(=CC=C6C5=C(C=C4)C(=O)NC6=O)C3=O)(C)C)(CO)CO)(C)C)(C)C(C)(C)O)C,PDI core not found
CCCCC(CC)CN1C(=N)C2=C3C(=CC=C4C3=C(C=C2)C(=C(C4=O)CCCOCCOCCN5C(=O)C6=C7C(=CC=C8C7=C(C=C6)C(=O)N(C8=O)CCCCCN)C5=O)O)C1=O,PDI core not found
CCC1=CC=CC(=C1N2C(=O)C3=CC(=C4C5=C(C=C(C(=C35)C2=O)C#N)C(=O)N(C4=O)C)[N+]#[C-])C,PDI core not found
CC(C)C(CO)N1C(=O)C2=CC(=C3C4=C(C=C(C(=C24)C1=O)C#N)C(=O)N(C3=O)C5=CC=C(C=C5)CCOC=O)[N+]#[C-],PDI core not found
CCCC(CCC)N1C(=O)C2=C3C(=CC=C4C3=C(C=C2)C(=O)N(C4=O)C(CO)CO)C1=O,PDI core not found
CSCC(CSC)N1C(=O)C2=C3C(=CC=C4C3=C(C=C2)C(=O)N(C4=O)C(CO)CO)C1=O,PDI core not found
CC=CCN1C(=O)C2=C3C(=CC=C4C3=C(C=C2)C(=O)N(C4=O)CC=CC)C1=O,PDI core not found
CCC(C)C(CO)N1C(=O)C2=C3C(=CC=C4C3=C(C=C2)C(=O)N(C4=O)CCSCC)C1=O,PDI core not found
CN1C(=O)C2=C3C(=CC=C4C3=C(C=C2)C(=O)N(C4=O)C(CO)CO)C1=O,PDI core not found
CCCN1C(=O)C2=C3C(=CC=C4C3=C(C=C2)C(=O)N(C4=O)CC(=O)OCC)C1=O,PDI core not found
CCCCCC(C)N1C(=O)C2=C3C(=CC=C4C3=C(C=C2)C(=O)N(C4=O)CCOCC)C1=O,PDI core not found
CCOC(=O)C(CC(C)C)N1C(=O)C2=C3C(=CC=C4C3=C(C=C2)C(=O)N(C4=O)C(CO)CO)C1=O,PDI core not found
CCCCCC(C)N1C(=O)C2=C3C(=CC=C4C3=C(C=C2)C(=O)N(C4=O)C(CO)CO)C1=O,PDI core not found
CN1C(=O)C2=C3C(=CC=C4C3=C(C=C2)C(=O)N(C4=O)CC(CO)O)C1=O,PDI core not found
CCC(COC)N1C(=O)C2=C3C(=CC=C4C3=C(C=C2)C(=O)N(C4=O)C(CO)CO)C1=O,PDI core not found
C1=CC=C(C=C1)CN2C(=O)C3=C4C(=CC=C5C4=C(C=C3)C(=O)N(C5=O)C(CO)CO)C2=O,PDI core not found
CCCCCC(C)N1C(=O)C2=C3C(=CC=C4C3=C(C=C2)C(=O)N(C4=O)CC(CO)O)C1=O,PDI core not found
CCCC(CCC)N1C(=O)C2=C3C(=CC=C4C3=C(C=C2)C(=O)N(C4=O)C(C(=O)O)C(=O)O)C1=O,PDI core not found
CC(C)C1=C(C(=CC=C1)C(C)C)N2C(=O)C3=C4C(=CC=C5C4=C(C=C3)C(=O)N(C5=O)C(CO)CO)C2=O,PDI core not found
CC(C)N1C(=O)C2=C3C(=CC=C4C3=C(C=C2)C(=O)N(C4=O)C(CO)CO)C1=O,PDI core not found
CCCCC(CC)CN1C(=O)C2=C3C(=CC=C4C3=C(C=C2)C(=O)N(C4=O)C(CO)CO)C1=O,PDI core not found
CCC(C)CC(C)N1C(=O)C2=C3C(=CC=C4C3=C(C=C2)C(=O)N(C4=O)C(CO)CO)C1=O,PDI core not found
CCC(CC)N1C(=O)C2=C3C(=CC=C4C3=C(C=C2)C(=O)N(C4=O)C(CO)CO)C1=O,PDI core not found
CC=CCN1C(=O)C2=C3C(=CC=C4C3=C(C=C2)C(=O)N(C4=O)C(CO)CO)C1=O,PDI core not found
CC(C)CCCC(C)N1C(=O)C2=C3C(=CC=C4C3=C(C=C2)C(=O)N(C4=O)C(CO)CO)C1=O,PDI core not found
C1CCCC(CC1)N2C(=O)C3=C4C(=CC=C5C4=C(C=C3)C(=O)N(C5=O)C(CO)CO)C2=O,PDI core not found
C1CC(CCC1N2C(=O)C3=C4C(=CC=C5C4=C(C=C3)C(=O)N(C5=O)C(CO)CO)C2=O)O,PDI core not found
C1CCCCCC(CCCCC1)N2C(=O)C3=C4C(=CC=C5C4=C(C=C3)C(=O)N(C5=O)C(CO)CO)C2=O,PDI core not found
CCOC(=O)C(CS)N1C(=O)C2=C3C(=CC=C4C3=C(C=C2)C(=O)N(C4=O)C(CO)CO)C1=O,PDI core not found
CCC(C)C(C(=O)O)N1C(=O)C2=C3C(=CC=C4C3=C(C=C2)C(=O)N(C4=O)C(CO)CO)C1=O,PDI core not found
CC(C)CC(CO)N1C(=O)C2=C3C(=CC=C4C3=C(C=C2)C(=O)N(C4=O)C(CO)CO)C1=O,PDI core not found
CCOCOCN1C(=O)C2=C3C(=CC=C4C3=C(C=C2)C(=O)N(C4=O)C(CO)CO)C1=O,PDI core not found
COCCOCN1C(=O)C2=C3C(=CC=C4C3=C(C=C2)C(=O)N(C4=O)C(CO)CO)C1=O,PDI core not found
C1=CC2=C3C(=CC=C4C3=C1C(=O)N(C4=O)CO)C(=O)N(C2=O)C(CO)CO,PDI core not found
CC1=CC=C(C=C1)CN2C(=O)C3=C4C(=CC=C5C4=C(C=C3)C(=O)N(C5=O)C(CO)CO)C2=O,PDI core not found
C1=CC(=CC=C1CN2C(=O)C3=C4C(=CC=C5C4=C(C=C3)C(=O)N(C5=O)CC(CO)O)C2=O)O,PDI core not found
C1=CC(=C(C=C1N2C(=O)C3=C4C(=CC=C5C4=C(C=C3)C(=O)N(C5=O)C6=CC(=C(C=C6)N)C#N)C2=O)C#N)C#N,PDI core not found
C1=CC=C(C=C1)C2=CC=C(C=C2)N3C(=O)C4=C5C(=CC=C6C5=C(C=C4)C(=O)N(C6=O)C7=CC=C(C=C7)C8=CC=CC=C8)C3=O,PDI core not found
C1=CC(=C(C=C1N2C(=O)C3=C4C(=CC=C5C4=C(C=C3)C(=O)N(C5=O)C6=CC(=C(C=C6)C#N)N)C2=O)N)C#N,PDI core not found
C1=CC=C(C(=C1)N)N2C(=O)C3=C4C(=CC=C5C4=C(C=C3)C(=O)NC5=O)C2=O,PDI core not found
C1CCC(C(C1)N)N2C(=O)C3=C4C(=CC=C5C4=C(C=C3)C(=O)NC5=O)C2=O,PDI core not found
CCCN1C(=O)C2=C3C(=CC=C4C3=C(C=C2)C(=O)N(C4=O)CCO)C1=O,PDI core not found
CC1=CC(=CC=C1)N2C(=O)C3=C4C(=CC=C5C4=C(C=C3)C(=O)NC5=O)C2=O,PDI core not found
CC(=C)C1=CC(=CC=C1)N2C(=O)C3=C4C(=CC=C5C4=C(C=C3)C(=O)N(C5=O)C6=CC=CC(=C6)C(=O)C)C2=O,PDI core not found
CCCCCN1C(=O)C2=C3C(=CC=C4C3=C(C=C2)C(=O)N(C4=O)CCCCO)C1=O,PDI core not found
CCCN1C(=O)C2=C3C(=CC=C4C3=C(C=C2)C(=O)NC4=O)C1=O,PDI core not found
CCCCCN1C(=O)C2=C3C(=CC=C4C3=C(C=C2)C(=O)NC4=O)C1=O,PDI core not found
CC1=CC=C(C=C1)N2C(=O)C3=C4C(=CC=C5C4=C(C=C3)C(=O)N(C5=O)C6=CC=C(C=C6)O)C2=O,PDI core not found
C1=CC=C(C(=C1)N=O)N2C(=O)C3=C4C(=CC=C5C4=C(C=C3)C(=O)NC5=O)C2=O,PDI core not found
C1=CC=C(C(=C1)N)N2C(=O)C3=C4C(=CC=C5C4=C(C=C3)C(=O)N(C5=O)C6=CC=CC=C6N=O)C2=O,PDI core not found
CCCC(C)(C)C(C)(C)C(C)CCN1C(=O)C2=C3C(=CC=C4C3=C(C=C2)C(=O)N(C4=O)CCC(C)C5(CC5(C)C)C)C1=O,PDI core not found
CCC(C)N1C(=O)C2=C3C(=CC=C4C3=C(C=C2)C(=O)N(C4=O)C(C)CC)C1=O,PDI core not found
CCC(C)N1C(=O)C2=C3C(=CC=C4C3=C(C=C2)C(=O)N(C4=O)C(C)CC)C1=O,PDI core not found
CCC(C)N1C(=O)C2=C3C(=CC=C4C3=C(C=C2)C(=O)N(C4=O)C(C)CC)C1=O,PDI core not found
COCCN1C(=O)C2=C3C(=CC=C4C3=C(C=C2)C(=O)N(C4=O)CCOC(=O)CCCC(=O)OCC5COC6=CSC=C6O5)C1=O,PDI core not found
CCCCC(=O)OCCN1C(=O)C2=C3C(=CC=C4C3=C(C=C2)C(=O)N(C4=O)CCOC(=O)CCCC(=O)OCC5COC6=CSC=C6O5)C1=O,PDI core not found
CC1=C2C3=C(C=CC4=C3C(=C1)C(=O)N(C4=O)C)C(=O)N(C2=O)C,PDI core not found
CCC1CC=CC(=C1N2C(=O)C3=C4C(=CC(=C5C4=C(C=C3)C(=O)N(C5=O)C6=C(C=CC=C6CC)C)C)C2=O)C,PDI core not found
CCCCCCCCN1C(=O)C2=C3C(=CC(=C4C3=C(C=C2)C(=O)N(C4=O)C)C5=CC6=C(S5)CCC6=C7CCC8=C7C=C(S8)C9=C2C3=C(C=CC4=C3C(=C9)C(=O)N(C4=O)C)C(=O)N(C2=O)CCCCCCCC)C1=O,PDI core not found
CN1C(=O)C2=C3C(=CC(=C4C3=C(C=C2)C(=O)N(C4=O)C)C5=CC6=C(S5)CCC6=C7CCC8=C7C=C(S8)C9=C2C3=C(C=CC4=C3C(=C9)C(=O)N(C4=O)C)C(=O)N(C2=O)C)C1=O,PDI core not found
C1=CSC(=C1)C2=CC3=C4C5=C2C(=O)NC(=O)C5=CC(=C4C(=O)NC3=O)C6=CC=CS6,PDI core not found
CCN1C(=O)C2=CC(=C3C4=C2C(=C(C=C4C(=O)N(C3=O)CC)SC#N)C1=O)N=C=S,PDI core not found
CCN1C(=O)C2=C(C(=C3C4=C2C(=C(C(=C4C(=O)N(C3=O)CC)SC#N)SC#N)C1=O)N=C=S)N=C=S,PDI core not found
CCN1C(=O)C2=CC(=C3C4=C2C(=CC(=C4C(=O)N(C3=O)CC)SC#N)C1=O)N=C=S,PDI core not found
C1=C(C2=C3C(=CC(=C4C3=C1C(=O)N(C4=O)CN)C#N)C(=O)N(C2=O)CN)C#N,PDI core not found
C1=C(C2=C3C4=C1C(=O)N(C(=O)C4=CC(=C3C(=O)N(C2=O)CN)C#N)CN)C#N,PDI core not found
C(N)N1C(=O)C2=C3C(=C(C(=C4C3=C(C(=C2C#N)C#N)C(=O)N(C4=O)CN)C#N)C#N)C1=O,PDI core not found
C1=CC2=C3C(=CC=C4C3=C1C(=O)N(C4=O)CN)C(=O)N(C2=O)CN,PDI core not found
C(N)N1C(=O)C2=C(C(=C3C4=C2C(=C(C(=C4C(=O)N(C3=O)CN)N=C=S)N=C=S)C1=O)N=C=S)N=C=S,PDI core not found
C1=C2C3=C4C(=C1N=C=S)C(=O)N(C(=O)C4=C(C=C3C(=O)N(C2=O)CN)N=C=S)CN,PDI core not found
C1=C2C3=C4C(=CC(=C3C(=O)N(C2=O)CN)N=C=S)C(=O)N(C(=O)C4=C1N=C=S)CN,PDI core not found
C1=CC2=C3C(=CC=C4C3=C1C(=O)N(C4=O)CC5=CC(=C(C(=C5)CO)O)CO)C(=O)N(C2=O)CC6=CC(=C(C(=C6)CO)O)CO,PDI core not found
CCCCC1=CC(=C(C=C1)CCCC)N2C(=O)C3=C4C(=CC=C5C4=C(C=C3)C(=O)N(C5=O)C(CO)CO)C2=O,PDI core not found
CC1=CC=C(C=C1)N2C(=O)C3=C4C(=CC=C5C4=C(C=C3)C(=O)N(C5=O)C(CC(C)C)CO)C2=O,PDI core not found
CCN1C(=O)C2=C3C(=CC=C4C3=C(C=C2)C(=O)N(C4=O)N5C(=O)C6=C7C(=CC=C8C7=C(C=C6)C(=O)N(C8=O)C(C)C)C5=O)C1=O,PDI core not found
C=CC(=O)OCN1C(=O)C2=C3C(=CC=C4C3=C(C=C2)C(=O)N(C4=O)COC(=O)C=C)C1=O,PDI core not found
CCOCN1C(=O)C2=C3C(=CC=C4C3=C(C=C2)C(=O)N(C4=O)COCC)C1=O,PDI core not found
CC1=C(C(=CC=C1)C)N2C(=O)C3=C4C(=CC=C5C4=C(C=C3)C(=O)N(C5=O)COC)C2=O,PDI core not found
CC1=CC(=CC=C1)OC2=C(C=C(C=C2)C(C)(C)C3=CC(=C(C=C3)OC4=CC=CC(=C4)N5C(=O)C6=C7C(=CC=C8C7=C(C=C6)C(=O)N(C8=O)C(C)C)C5=O)S(=O)(=O)O)S(=O)(=O)O,PDI core not found
CCCCCC1CCC(CC1)N2C(=O)C3=C4C(=CC=C5C4=C(C=C3)C(=O)N(C5=O)C6CCC(CC6)C(=O)OCCCCC)C2=O,PDI core not found
CCCCN1C(=O)C2=C3C(=CC=C4C3=C(C=C2)C(=O)N(C4=O)CCCCC(C(=O)OC)N)C1=O,PDI core not found
CCCCN1C(=O)C2=C3C(=CC=C4C3=C(C=C2)C(=O)N(C4=O)CCCCC(C(=O)N)N)C1=O,PDI core not found
CCCCN1C(=O)C2=C3C(=CC=C4C3=C(C=C2)C(=O)N(C4=O)CCCCC(C(=O)O)N)C1=O,PDI core not found
CCCCN1C(=O)C2=C3C(=CC=C4C3=C(C=C2)C(=O)N(C4=O)CCCCC(C(=O)N)NC(=O)C(CCCCN)NC(=O)CNC(=O)C(CCCCN5C(=O)C6=C7C(=CC=C8C7=C(C=C6)C(=O)N(C8=O)CCCC)C5=O)NC(=O)C(CCCCN)NC(=O)OCC9C2=CC=CC=C2C2=CC=CC=C92)C1=O,PDI core not found
CCCCN1C(=O)C2=C3C(=CC=C4C3=C(C=C2)C(=O)N(C4=O)CCCCC(C(=O)N)NC(=O)C(CCCCN)NC(=O)NC(=O)C(CCCCN5C(=O)C6=C7C(=CC=C8C7=C(C=C6)C(=O)N(C8=O)CCCC)C5=O)NC(=O)C(CCCCN)NC(=O)OCC9C2=CC=CC=C2C2=CC=CC=C92)C1=O,PDI core not found
C1=CC2=C3C(=C1)C4=CC=CC5=CC(=CC(=C54)C3=CC=C2)C6=CC7=C8C(=C9C(=C7S6)C=CS9)C(=CS8)C1=C2C3=C(C=CC4=C3C(=C1)C(=O)NC4=O)C(=O)NC2=O,PDI core not found
CCCCCCCCCCC(CCCCCCCCCC)CN1C(=O)C2=CC(=C3C4=C(C=C(C(=C24)C1=O)C)C(=O)N(C3=O)CC(CCCCCCCCCC)CCCCCCCCCC)C5=CC=C(S5)C6=CC=C(S6)C,PDI core not found
C1C=C(C=CC1N2C(=O)C3=C4C(=CC=C5C4=C(C=C3)C(=O)N(C5=O)C6=CC=C(C=C6)C(=O)O)C2=O)C(=O)O,PDI core not found
CCC(C)(CC)N1C(=O)C2=C3C(=CC=C4C3=C(C=C2)C(=O)N(C4=O)C5=CC=C(C=C5)OC6=CC=C(C=C6)C)C1=O,PDI core not found
CCCCCCC1=C(SC(=C1)C2=CC3=C4C5=C2C(=O)N(C(=O)C5=CC(=C4C(=O)N(C3=O)CCCCCCOC(=O)OC(C)(C)CCCC)C6=CC(=C(S6)C7=CC=CC=C7)CCCCCC)CCCCCCOC(=O)OC(C)(C)CCCC)C8=CC=CC=C8,PDI core not found
CCCCC(C)(C)OC(=O)OCCCCCCN1C(=O)C2=CC(=C3C4=C(C=C(C(=C24)C1=O)C5=CC=C(S5)C6=CC=CC=C6)C(=O)N(C3=O)CCCCCCOC(=O)OC(C)(C)CCCC)C7=CC=C(S7)C8=CC=CC=C8,PDI core not found
CCCCCCC1=C(SC(=C1)C2=CC3=C4C5=C2C(=O)N(C(=O)C5=CC(=C4C(=O)N(C3=O)C(=O)OC(C)(C)CCCC)C6=CC(=C(S6)C7=CC=CC=C7)CCCCCC)C(=O)OC(C)(C)CCCC)C8=CC=CC=C8,PDI core not found
CCCCCCCCC(C)(CCCCCCCC)OC(=O)OCCCCCCN1C(=O)C2=CC(=C3C4=C(C=C(C(=C24)C1=O)C5=CC=C(S5)C6=CC=CC=C6)C(=O)N(C3=O)CCCCCCOC(=O)OC(C)(CCCCCCCC)CCCCCCCC)C7=CC=C(S7)C8=CC=CC=C8,PDI core not found
CCCCCCC1=C(SC(=C1)C2=CC3=C4C5=C2C(=O)N(C(=O)C5=CC(=C4C(=O)N(C3=O)C(=O)OC(C)(C)CCCC)C6=CC(=C(S6)C(C)(C)C7=CC=CC=C7)CCCCCC)C(=O)OC(C)(C)CCCC)C(C)(C)C8=CC=CC=C8,PDI core not found
CCCCCCC1=C(SC(=C1)C2=CC3=C4C5=C2C(=O)N(C(=O)C5=CC(=C4C(=O)N(C3=O)CCCCCCOC(=O)OC(C)(C)CCCC)C6=CC(=C(S6)C(C)(C)C7=CC=CC=C7)CCCCCC)CCCCCCOC(=O)OC(C)(C)CCCC)C(C)(C)C8=CC=CC=C8,PDI core not found
CCCCCCCCC(C)(CCCCCCCC)OC(=O)OCCCCCCN1C(=O)C2=CC(=C3C4=C(C=C(C(=C24)C1=O)C5=CC=C(S5)C(C)(C)C6=CC=CC=C6)C(=O)N(C3=O)CCCCCCOC(=O)OC(C)(CCCCCCCC)CCCCCCCC)C7=CC=C(S7)C(C)(C)C8=CC=CC=C8,PDI core not found
CCCCC(C)(C)OC(=O)OCCCCCCN1C(=O)C2=CC(=C3C4=C(C=C(C(=C24)C1=O)C5=CC=C(S5)C(C)(C)C6=CC=CC=C6)C(=O)N(C3=O)CCCCCCOC(=O)OC(C)(C)CCCC)C7=CC=C(S7)C(C)(C)C8=CC=CC=C8,PDI core not found
CC1=C(C=C(C=C1)C(C)(C)C)N2C(=O)C3=C4C(=CC=C5C4=C(C=C3)C(=O)N(C5=O)C(CO)CO)C2=O,PDI core not found
C1=CC2=C3C(=C1)C=CC4=C(C=CC(=C43)C=C2)N5C(=O)C6=C7C(=CC=C8C7=C(C=C6)C(=O)N(C8=O)C9=CC=C(C=C9)N(C1=CC(=CC=C1)O)C1=CC(=CC=C1)O)C5=O,PDI core not found
CC1=CC(=CC=C1)N(C2=CC=C(C=C2)N3C(=O)C4=C5C(=CC=C6C5=C(C=C4)C(=O)N(C6=O)C7=C8C=CC=CC8=CC9=CC=CC=C97)C3=O)C1=CC(=CC=C1)O,PDI core not found
C1=CC=C2C=C3C(=CC2=C1)C=CC=C3N4C(=O)C5=C6C(=CC=C7C6=C(C=C5)C(=O)N(C7=O)O)C4=O,PDI core not found
CC(=O)C1=CC=C(C=C1)N2C(=O)C3=C4C(=CC=C5C4=C(C=C3)C(=O)N(C5=O)C6=C7C=CC8=CC=CC9=C8C7=C(C=C9)C=C6)C2=O,PDI core not found
C1=CC=C(C=C1)N(C2=CC=CC(=C2)N3C(=O)C4=C5C(=CC=C6C5=C(C=C4)C(=O)N(C6=O)C7=CC(=CC=C7)O)C3=O)C8=C9C=CC=CC9=CC1=CC=CC=C18,PDI core not found
C1=CC=C(C=C1)N(C2=CC=CC=C2N3C(=O)C4=C5C(=CC=C6C5=C(C=C4)C(=O)N(C6=O)C7=CC(=CC=C7)O)C3=O)C8=C9C=CC=CC9=CC1=CC=CC=C18,PDI core not found
C1=CC=C(C=C1)C2=NC3=CC=CC=C3N2C4=C(C(=CC=C4)N5C(=O)C6=C7C(=CC=C8C7=C(C=C6)C(=O)N(C8=O)C9=C1C=CC=CC1=CC1=CC=CC=C19)C5=O)O,PDI core not found
C1=CC=C2C(=C1)C=C3C=CC=CC3=C2N4C(=O)C5=C6C(=CC=C7C6=C(C=C5)C(=O)N(C7=O)C8=CC=CC(=C8O)N9C1=CC=CC=C1C1=CC=CC=C19)C4=O,PDI core not found
C1=CC=C(C=C1)C2=NC3=CC=CC=C3N2C4=C(C(=CC=C4)N5C(=O)C6=C7C(=CC=C8C7=C(C=C6)C(=O)N(C8=O)C9=CC1=C(C=C9)C2=CC=CC=C2C1=O)C5=O)O,PDI core not found
C1=CC=C(C=C1)C2=NC3=CC=CC=C3N2C4=C(C(=CC=C4)N5C(=O)C6=C7C(=CC=C8C7=C(C=C6)C(=O)N(C8=O)C9=CC1=C2C(=C9)C=CC3=C2C(=CC=C3)C=C1)C5=O)O,PDI core not found
C1=CC=C(C=C1)N(C2=CC=CC=C2)C3=CC(=CC=C3)OC(=O)CCCN4C(=O)C5=C6C(=CC=C7C6=C(C=C5)C(=O)N(C7=O)CCCC(=O)OC8=CC=C(C=C8)N9C(=O)C1=C2C(=CC=C3C2=C(C=C1)C(=O)N(C3=O)C1=CC=CC2=CC3=CC=CC=C3C=C21)C9=O)C4=O,PDI core not found
CC1=CC=C(C=C1)N(C2=CC=C(C=C2)C)C3=CC(=CC=C3)OC(=O)CCCN4C(=O)C5=C6C(=CC=C7C6=C(C=C5)C(=O)N(C7=O)CCCC(=O)OC8=CC=CC(=C8)N(C9=CC=CC=C9)C1=CC=CC=C1)C4=O,PDI core not found
C1=CC=C2C=C3C(=CC2=C1)C=CC=C3N4C(=O)C5=C6C(=CC=C7C6=C(C=C5)C(=O)N(C7=O)C8=CC=C(C=C8)OC(=O)CCCN9C(=O)C1=C2C(=CC=C3C2=C(C=C1)C(=O)N(C3=O)CCCC(=O)OC1=CC=C(C=C1)N1C(=O)C2=C3C(=CC=C5C3=C(C=C2)C(=O)N(C5=O)C2=CC=CC3=CC5=CC=CC=C5C=C32)C1=O)C9=O)C4=O,PDI core not found
C1=CC=C(C=C1)N(C2=CC=CC=C2)C3=CC(=CC=C3)OC(=O)CCCN4C(=O)C5=C6C(=CC=C7C6=C(C=C5)C(=O)N(C7=O)CCCC(=O)OC8=CC=CC(=C8)N(C9=CC=CC=C9)C1=CC=CC=C1)C4=O,PDI core not found
CC1=CC=C(C=C1)N(C2=CC=C(C=C2)C)C3=CC(=CC=C3)OC(=O)CN4C(=O)C5=C6C(=CC=C7C6=C(C=C5)C(=O)N(C7=O)CC(=O)OC8=CC=CC(=C8)N(C9=CC=C(C=C9)C)C1=CC=C(C=C1)C)C4=O,PDI core not found
CC1=CC=C(C=C1)N(C2=CC=C(C=C2)C)C3=CC(=CC=C3)OC(=O)CN4C(=O)C5=C6C(=CC=C7C6=C(C=C5)C(=O)N(C7=O)CC(=O)ON8C(=O)C9=C1C(=CC=C2C1=C(C=C9)C(=O)N(C2=O)C1=CC=CC2=CC3=CC=CC=C3C=C21)C8=O)C4=O,PDI core not found
CC1=C(C=CC(=C1)N2C(=O)C3=C4C(=CC=C5C4=C(C=C3)C(=O)N(C5=O)C6=CC(=CC(=C6)N7C8=CC=CC=C8N=C7C9=CC=CC=C9)N1C3=CC=CC=C3N=C1C1=CC=CC=C1)C2=O)C=CC1=C(C=C(C=C1)N1C(=O)C2=C3C(=CC=C4C3=C(C=C2)C(=O)N(C4=O)C2=CC=CC=C2N2C3=CC=CC=C3N=C2C2=CC=CC=C2)C1=O)S(=O)(=O)O,PDI core not found
CC1=C(C=CC(=C1)N2C(=O)C3=C4C(=CC=C5C4=C(C=C3)C(=O)N(C5=O)C6=CC(=CC(=C6)N7C8=CC=CC=C8N=C7C9=CC=CC=C9)N1C3=CC=CC=C3N=C1C1=CC=CC=C1)C2=O)C=CC1=C(C=C(C=C1)N1C(=O)C2=C3C(=CC=C4C3=C(C=C2)C(=O)N(C4=O)C2=CC(=CC(=C2)N2C3=CC=CC=C3N=C2C2=CC=CC=C2)N2C3=CC=CC=C3N=C2C2=CC=CC=C2)C1=O)S(=O)(=O)O,PDI core not found
CC1=C(C=CC(=C1)N2C(=O)C3=C4C(=CC=C5C4=C(C=C3)C(=O)N(C5=O)C6=CC=CC=C6N7C8=CC=CC=C8N=C7C9=CC=CC=C9)C2=O)C=CC1=C(C=C(C=C1)N1C(=O)C2=C3C(=CC=C4C3=C(C=C2)C(=O)N(C4=O)C2=CC=CC=C2N2C3=CC=CC=C3N=C2C2=CC=CC=C2)C1=O)S(=O)(=O)O,PDI core not found
CC1=C(C=CC(=C1)N2C(=O)C3=C4C(=CC=C5C4=C(C=C3)C(=O)N(C5=O)C6=CC=CC=C6N7C8=CC=CC=C8N=C7C9=CC=CC=C9)C2=O)C=CC1=C(C=C(C=C1)N1C(=O)C2=C3C(=CC=C4C3=C(C=C2)C(=O)N(C4=O)C2=C3C=CC4=CC=CC5=C4C3=C(C=C5)C=C2)C1=O)S(=O)(=O)O,PDI core not found
CC1=C(C=CC(=C1)N2C(=O)C3=C4C(=CC=C5C4=C(C=C3)C(=O)N(C5=O)C6=CC(=CC(=C6)N7C8=CC=CC=C8N=C7C9=CC=CC=C9)N1C3=CC=CC=C3N=C1C1=CC=CC=C1)C2=O)C=CC1=C(C=C(C=C1)N1C(=O)C2=C3C(=CC=C4C3=C(C=C2)C(=O)N(C4=O)C2=C3C=CC4=CC=CC5=C4C3=C(C=C5)C=C2)C1=O)S(=O)(=O)O,PDI core not found
CC1=CC(=C(C=C1)C(C)(C)C)N2C(=O)C3=C4C(=CC=C5C4=C(C=C3)C(=O)N(C5=O)C6=NN=C(O6)C7=CC=CC=C7)C2=O,PDI core not found
C1=CC2=C3C(=C1)C=CC4=C(C=CC(=C43)C=C2)N5C(=O)C6=C7C(=CC=C8C7=C(C=C6)C(=O)N(C8=O)C9=CC=C(C=C9)O)C5=O,PDI core not found
CCCCCCCCCCCCCCCCC1(C2=CC3=C(C=C2C4=C1C=C(S4)C5=CC=C(S5)C)C(C6=C3SC(=C6)C7=CC=C(S7)C8=C9C1=C(C=C(C2=C1C(=C8)C(=O)N(C2=O)CCOCCCCCCCCCCCC)C)C(=O)N(C9=O)CCOCCCCCCCCCCCC)(CCCCCCCCCCCCCCCC)CCCCCCCCCCCCCCCC)CCCCCCCCCCCCCCCC,PDI core not found
CCCCCCCCCCCCCCCCC1(C2=CC3=C(C=C2C4=C1C=C(S4)C5=CC=C(S5)C)C(C6=C3SC(=C6)C7=CC=C(S7)C8=C9C1=C(C=C(C2=C1C(=C8)C(=O)N(C2=O)COCCCCCCCCCCCC)C)C(=O)N(C9=O)CC)(CCCCCCCCCCCCCCCC)CCCCCCCCCCCCCCCC)CCCCCCCCCCCCCCCC,PDI core not found
CCCCCCCCN1C(=O)C2=C3C4=C(C=C2)C(=O)N(C(=O)C4=C5C(=C3C1=O)C=C(S5)C6=CC7=C8C9=C(C=CC1=C9C(=C7S6)C(=O)N(C1=O)CCCCCCCC)C(=O)N(C8=O)CCCCCCCC)CCCCCCCC,PDI core not found
CCCCC(CC)CN1C(=O)C2=C3C4=C(C=C2)C(=O)N(C(=O)C4=C5C(=C3C1=O)C=C(S5)C6=CC7=C8C9=C(C=CC1=C9C(=C7S6)C(=O)N(C1=O)CC(CC)CCCC)C(=O)N(C8=O)CC(CC)CCCC)CC(CC)CCCC,PDI core not found
C1=CC=C(C=C1)C2=CC=CC=C2N3C(=O)C4=C5C(=CC=C6C5=C(C=C4)C(=O)N(C6=O)C7=CC=CC=C7C8=CC=CC=C8)C3=O,PDI core not found
C1=CC=C2C=C(C=CC2=C1)N3C(=O)C4=C5C(=CC=C6C5=C(C=C4)C(=O)N(C6=O)C7=CC8=CC=CC=C8C=C7)C3=O,PDI core not found
CCCCC(CC)CN1C(=O)C2=CC(=C3C4=C(C=C(C(=C24)C1=O)C5=CC=C(S5)C)C(=O)N(C3=O)CC(CC)CCCC)C6=CC=C(S6)C7=CC8=C(C=C7)C9=C(C8(CCCCCCN(CC)CC)CCCCCCN(CC)CC)C=C(C=C9)C,PDI core not found
CCCCC(CC)CN1C(=O)C2=CC(=C3C4=C(C=C(C(=C24)C1=O)C5=CC=C(S5)C)C(=O)N(C3=O)CC(CC)CCCC)C6=CC=C(S6)C7=CC8=C(C=C7)C9=C(C8(CCCN(C)C)CCCN(C)C)C=C(C=C9)C,PDI core not found
CCCCC(CC)CN1C(=O)C2=CC(=C3C4=C(C=C(C(=C24)C1=O)C5=CC=C(S5)C)C(=O)N(C3=O)CC(CC)CCCC)C6=CC=C(S6)C7=CC8=C(C=C7)C9=C(C8(CCCCCCN(C)CC)CCCCCCN(CC)CC)C=C(C=C9)C,PDI core not found
CCN(CC)CCCCCCOC1=CC=C(C=C1)CN2C(=O)C3=CC(=C4C5=C(C=C(C(=C35)C2=O)C)C(=O)N(C4=O)CC6=CC=C(C=C6)OCCCCCCN(CC)CC)C7=CC=C(S7)C,PDI core not found
CCCCC(CC)CN1C(=O)C2=CC(=C3C4=C2C(=C(C=C4C(=O)N(C3=O)CC(CC)CCCC)[N+]5=CC=C(C=C5)C6=CC=[N+](C=C6)C(CC)(CC)CC)C1=O)C(C)(CC)CC,PDI core not found
CCCCC(CC)CN1C(=O)C2=CC(=C3C4=C2C(=C(C=C4C(=O)N(C3=O)CC(CC)CCCC)[N+]5=CC=C(C=C5)C6=CC=[N+](C=C6)C(C)(CC)CC)C1=O)C(C)(CC)CC,PDI core not found
CC(C)C1=C(C(=CC=C1)C(C)C)N2C(=O)C3=CC(=C4C5=C(C=C(C(=C35)C2=O)C6=CC=CS6)C(=O)N(C4=O)C7=C(C=CC=C7C(C)C)C(C)C)C8=CC=CS8,PDI core not found
CN1C(=O)C2=C3C4=C(C(=C2)C5CCCC(CCC5)C6CCCC6)C(=O)N(C(=O)C4=CC(=C3C1=O)C7CCCC(CCC7)C8CCCC8)C9CCCC(CCC9)C1CCCC1,PDI core not found
CC1=C(C=CC(=C1)N2C(=O)C3=C4C(=CC=C5C4=C(C=C3)C(=O)N(C5=O)C6=CC(=C(C=C6)C#N)C#N)C2=O)C#N,PDI core not found
CC(C)C1=CC=CC=C1N2C(=O)C3=C4C(=CC=C5C4=C(C=C3)C(=O)N(C5=O)C6=CC=CC=C6C(C)C)C2=O,PDI core not found
CCCCCCCCC(C)CN1C(=O)C2=C3C(=C4C5=C2C(=C6C(=C5C(=O)N(C4=O)CC(C)C)SC(=C(C#N)C#N)S6)C1=O)SC(=C(C#N)C#N)S3,PDI core not found
CC(C)CN1C(=O)C2=C3C(=C4C5=C2C(=C6C(=C5C(=O)N(C4=O)CC(C)C)SC(=C(C#N)C#N)S6)C1=O)SC(=C(C#N)C#N)S3,PDI core not found
C1=CC2=C3C(=CC=C4C3=C1C(=O)N(C4=O)C5=CC(=CC(=C5)C(=O)O)OC=O)C(=O)N(C2=O)C6=CC(=CC(=C6)C(=O)O)OC=O,PDI core not found
CCCCCCCCCCCCCCCCC1(C2=CC3=C(C=C2C4=C1C=C(S4)C5=CC=C(S5)C)C(C6=C3SC(=C6)C7=CC=C(S7)C8=C9C1=C(C=C(C2=C1C(=C8)C(=O)N(C2=O)CCCCC1=CC=C(C=C1)CCCCCCCCCC)C)C(=O)N(C9=O)CCCCC1=CC=C(C=C1)CCCCCCCCCC)(CCCCCCCCCCCCCCCC)CCCCCCCCCCCCCCCC)CCCCCCCCCCCCCCCC,PDI core not found
CN1C(=O)C2=CC=C3C4=C(C5=CSC=C5C(=C24)C1=O)C(=O)N(C3=O)C,PDI core not found
C1C2CC3CC1CC(C2)C3N4C(=O)C5=C6C=CC=CC6=C7C8=C(C9=CSC=C9C(=C58)C4=O)C(=O)N(C7=O)C1C2CC3CC(C2)CC1C3,PDI core not found
CCCCCCCCN1C(=O)C2=C3C(=C4C5=C2C(=C6C(=C5C(=O)N(C4=O)CCCCCCCC)SC(=C(C#N)C#N)S6)C1=O)SC(=C(C#N)C#N)S3,PDI core not found
CN1C(=O)C2=C3C(=C(SC3=C4C5=C2C(=C6C(=C5C(=O)N(C4=O)C)SC(=C(C#N)C#N)S6)C1=O)C#N)C#N,PDI core not found
CN1C(=O)C2=C3C(=C4C5=C2C(=C6C(=C5C(=O)N(C4=O)C)SC(=NC#N)S6)C1=O)SC(=NC#N)S3,PDI core not found
C1C2CC3CC1C(C2)C3N4C(=O)C5=C6C=CC=CC6=C7C8=C(C9=CSC=C9C(=C58)C4=O)C(=O)N(C7=O)C1C2CC3CC(C2)C1C3,PDI core not found
CCC(C)(CC)C1=C(C(=C(C(=C1C)C)N2C(=O)C3=C4C(=CC=C5C4=C(C=C3)C(=O)N(C5=O)C(C)(CC)CC)C2=O)C)C,PDI core not found
CN1C(=O)C2=C3C(=CC=C4C3=C(C=C2)C(=O)N(C4=O)C5=CC=C(C=C5)C6=C(C=C(C=C6)N7C(=O)C8=C9C(=CC=C2C9=C(C=C8)C(=O)N(C2=O)C)C7=O)S(=O)(=O)O)C1=O,PDI core not found
CC1=CC2=C3C(=C(C=C4C3=C1C(=O)N(C4=O)C5CCCCCC(CCCC5)CC6CCC6)C)C(=O)N(C2=O)C7=CC=CC=C(C=CC=C7)C8CCCC8,PDI core not found
CC1CCCC(CCC1)C2=C3C4=C(C=C(C5=C4C(=C2)C(=O)N(C5=O)C6CCCC(CCC6)C7CCCC7)C8CCCCCCC8)C(=O)N(C3=O)C9CCCC(CCC9)C,PDI core not found
CCCCCCC(CCCCCC)N1C(=O)C2=C3C(=C4C5=C2C(=C6C(=C5C(=O)N(C4=O)C(CCCCCC)CCCCCC)NC(=N6)C7=CC=CC=C7)C1=O)N=C(N3)C8=CC=CC=C8,PDI core not found
CCCCCCC(CCCCCC)N1C(=O)C2=C3C(=C4C5=C2C(=C6C(=C5C(=O)N(C4=O)C(CCCCCC)CCCCCC)NC(=N6)C7=CC8=CC=CC=C8C=C7)C1=O)N=C(N3)C9=CC1=CC=CC=C1C=C9,PDI core not found
CCCCCCC(CCCCCC)N1C(=O)C2=C3C(=C4C5=C2C(=C6C(=C5C(=O)N(C4=O)C(CCCCCC)CCCCCC)NC(=N6)C7=CC=C(C=C7)N(C)C)C1=O)N=C(N3)C8=CC=C(C=C8)N(C)C,PDI core not found
CC1=CC(=C2C(=C1)C=C(C(=C2O)N=NC3=C(C=C(C=C3)N4C(=O)C5=C6C(=CC=C7C6=C(C=C5)C(=O)N(C7=O)C8=CC(=C(C=C8)N=NC9=C(C1=C(C=C(C=C1C=C9C)C)C)O)C(=O)O)C4=O)COO)C)C,PDI core not found
CCCCCCCCCCCCC1=C(C2=C(C=C3C4=C(C=CC(=C42)C1=O)C(=O)N(C3=O)CCCCCCCCCCCC)C5=CC6=C(S5)C7=C(C6=O)C=C(S7)C8=C9C1=C(C=CC2=C1C(=C8)C(=O)N(C2=O)CCCCCCCCCCCC)C(=O)N(C9=O)CCCCCCCCCCCC)O,PDI core not found
CCCCCCC(CCCCCC)N1C(=O)C2=C3C(=C4C5=C2C(=C6C(=C5C(=O)N(C4=O)C(CCCCCC)CCCCCC)NC(=N6)C7=CC=CC=C7N(C)C)C1=O)N=C(N3)C8=CC=CC=C8N(C)C,PDI core not found
C1CCC2C(C1)N3C(=O)C4=C5C(=CC=C6C5=C(C=C4)C(=O)N(C6=O)C7CCCCC7N8C(=O)C9=C1C(=CC=C4C1=C(C=C9)C(=O)N(C4=O)C1CCCCC1N1C(=O)C4=C5C(=CC=C6C5=C(C=C4)C(=O)N2C6=O)C1=O)C8=O)C3=O,PDI core not found
C1CCC2C(C1)N3C(=O)C4=C5C(=CC=C6C5=C(C=C4)C(=O)N(C6=O)C7CCCCC7N8C(=O)C9=C1C(=CC=C4C1=C(C=C9)C(=O)N(C4=O)C1CCCCC1N1C(=O)C4=C5C(=CC=C6C5=C(C=C4)C(=O)N2C6=O)C1=O)C8=O)C3=O,PDI core not found
C1CCC2C(C1)N3C(=O)C4=C5C(=CC=C6C5=C(C=C4)C(=O)N(C6=O)C7CCCCC7N8C(=O)C9=C1C(=CC=C4C1=C(C=C9)C(=O)N(C4=O)C1CCCCC1N1C(=O)C4=C5C(=CC=C6C5=C(C=C4)C(=O)N2C6=O)C1=O)C8=O)C3=O,PDI core not found
CCCCCCCCN1C(=O)C2=CC(=C3C4=C(C=C(C(=C24)C1=O)C)C(=O)N(C3=O)CCCCCCCC)C(C)C,PDI core not found
C1CCC2C(C1)CC(=O)C3=C(C=C4C(=C3)C(=O)N(C4=O)C5CCCCC5N6C(=O)C7=C8C(=CC=C9C8=C(C=C7)C(=O)N(C9=O)C1CCCCC1C1C(=O)C3=CC4=C(C=C3C1=O)C(=O)N2C4=O)C6=O)C(=O)N,PDI core not found
C1CCC(C(C1)N)N2C(=O)C3=C4C(=CC=C5C4=C(C=C3)C(=O)N(C5=O)C6CCCCC6N)C2=O,PDI core not found
C1CCC(C(C1)N)N2C(=O)C3=C4C(=CC=C5C4=C(C=C3)C(=O)N(C5=O)C6CCCCC6N)C2=O,PDI core not found
C1CCC2C(C1)N3C(=O)C4=C5C(=CC=C6C5=C(C=C4)C(=O)N(C6=O)C7CCCCC7N8C(=O)C9=CC1=C(C=C9C8=O)C(=O)N(C1=O)C1CCCCC1N1C(=O)C4=C5C(=CC=C6C5=C(C=C4)C(=O)N2C6=O)C1=O)C3=O,PDI core not found
C1CCC(CC1)N2C(=O)C3=CC4=C(C=C3C2=O)C(=O)N(C4=O)C5CCCCC5N6C(=O)C7=C8C(=CC=C9C8=C(C=C7)C(=O)N(C9=O)C1CCCCC1N1C(=O)C2=C3C(=CC=C4C3=C(C=C2)C(=O)NC4=O)C1=O)C6=O,PDI core not found
C1CCC2C(C1)N3C(=O)C4=C5C(=CC=C6C5=C(C=C4)C(=O)N(C6=O)C7CCCCC7N8C(=O)C9=CC1=C(C=C9C8=O)C(=O)N(C1=O)C1CCCCC1N1C(=O)C4=C5C(=CC=C6C5=C(C=C4)C(=O)N2C6=O)C1=O)C3=O,PDI core not found
C1CCC(CC1)N2C(=O)C3=C4C(=CC=C5C4=C(C=C3)C(=O)NC5=O)C2=O,PDI core not found
C1CCC2C(C1)N3C(=O)C4=C5C(=CC=C6C5=C(C=C4)C(=O)N(C6=O)C7CCCCC7N8C(=O)C9=CC1=C(C=C9C8=O)C(=O)N(C1=O)C1CCCCC1N1C(=O)C4=C5C(=CC=C6C5=C(C=C4)C(=O)N2C6=O)C1=O)C3=O,PDI core not found
C1CCC2C(C1)N3C(=O)C4=C5C(=CC=C6C5=C(C=C4)C(=O)N(C6=O)C7CCCCC7N8C(=O)C9=CC1=C(C=C9C8=O)C(=O)N(C1=O)C1CCCCC1N1C(=O)C4=C5C(=CC=C6C5=C(C=C4)C(=O)N2C6=O)C1=O)C3=O,PDI core not found
CC1CCC2C(C1)CC(=O)C3=C4C(=CC=C5C4=C(C=C3)C(=O)N(C5=O)C6CCCCC6N7C(=O)C8=C9C(=CC=C1C9=C(C=C8)C(=O)N(C1=O)C1CCCCC1CC(=O)C1=C(C=C3C(=C1)C(=O)N2C3=O)C(=O)N)C7=O)C(=O)N,PDI core not found
CCC1=CC=CC(=C1N2C(=O)C3=C4C(=CC=C5C4=C(C=C3)C(=O)N(C5=O)C6=C(C=C(C=C6C)C7=CC(=C(C(=C7)C)N8C(=O)C9=C1C(=CC=C3C1=C(C=C9)C(=O)N(C3=O)C1=C(C=CC=C1C)C)C8=O)C)CC)C2=O)C,PDI core not found
CC1(CC(CC(N1O)(C)C)N2C(=O)C3=C4C(=CC=C5C4=C(C=C3)C(=O)N(C5=O)C6CC(N(C(C6)(C)C)O)(C)C)C2=O)C,PDI core not found
CCCCCC(C)CCCCC1(CCC(C1)N2C(=O)C3=C4C(=CC=C5C4=C(C=C3)C(=O)N(C5=O)C6(CCCC6)C)C2=O)C,PDI core not found
CCCC(CC)CC1(CCC(C1)N2C(=O)C3=C4C(=CC=C5C4=C(C=C3)C(=O)N(C5=O)C6CCC(C6)C78CC9CCC7CC(C9)C8)C2=O)C,PDI core not found
CCC1(CCC(C1)N2C(=O)C3=C4C(=CC=C5C4=C(C=C3)C(=O)N(C5=O)C6CCCC6)C2=O)CC,PDI core not found
CCC1=CC=C(C=C1)C2=CC3=C4C5=C2C(=O)N(C(=O)C5=CC(=C4C(=O)N(C3=O)C6=CC=C(C=C6)CCNCCN)C7=CC=C(C=C7)CC)C(CC(C)C)CO,PDI core not found
CCC(CC)N1C(=O)C2=CC(=C3C4=C2C(=C(C=C4C(=O)N(C3=O)C5=CC=C(C=C5)CCO)C6=CCCC(=C6)N)C1=O)C7=CCCC(=C7)[N+](=O)[O-],PDI core not found
CCCN1C(=O)C2=C3C(=CC=C4C3=C(C=C2)C(=O)N(C4=O)CCCCCC(C(=O)NC(C(C)C)C(=O)NC(CCC(=O)O)C(=O)NC(C(C)C)C(=O)O)NC(=O)CNC(=O)CNC(=O)C5=CC=C(S5)C6=CC=C(S6)C7=CC=C(S7)C8=CC=C(S8)C(=O)NCC(=O)NCC(=O)NC(CCCCN9C(=O)C2=C3C(=CC=C4C3=C(C=C2)C(=O)N(C4=O)CCC)C9=O)C(=O)NC(C(C)C)C(=O)NC(CCC(=O)O)C(=O)NC(C(C)C)C(=O)O)C1=O,PDI core not found
CCCN1C(=O)C2=C3C(=CC=C4C3=C(C=C2)C(=O)N(C4=O)CCCCCC(C(=O)NC(C)C(=O)NC(C)C(=O)NC(C)C(=O)O)NC(=O)CNC(=O)CNC(=O)C5=CC=C(S5)C6=CC=C(S6)C7=CC=C(S7)C8=CC=C(S8)C(=O)NCC(=O)NCC(=O)NC(CCCCN9C(=O)C2=C3C(=CC=C4C3=C(C=C2)C(=O)N(C4=O)CCC)C9=O)C(=O)NC(C)C(=O)NC(C)C(=O)NC(C)C(=O)O)C1=O,PDI core not found
CCCN1C(=O)C2=C3C(=CC=C4C3=C(C=C2)C(=O)N(C4=O)CCCCCC(C(=O)NC(CC(=O)O)C(=O)NC(C)C(=O)NC(CC(=O)O)C(=O)O)NC(=O)CNC(=O)CNC(=O)C5=CC=C(S5)C6=CC=C(S6)C7=CC=C(S7)C8=CC=C(S8)C(=O)NCC(=O)NCC(=O)NC(CCCCN9C(=O)C2=C3C(=CC=C4C3=C(C=C2)C(=O)N(C4=O)CCC)C9=O)C(=O)NC(CC(=O)O)C(=O)NC(C)C(=O)NC(CC(=O)O)C(=O)O)C1=O,PDI core not found
C=CN1C(=O)C2=C3C(=CC=C4C3=C(C=C2)C(=O)N(C4=O)C=C)C1=O,PDI core not found
CCOC(=O)C(CS)N1C(=O)C2=C3C(=CC=C4C3=C(C=C2)C(=O)N(C4=O)C(CC(C)C)CO)C1=O,PDI core not found
C1=CC=C(C=C1)C(C2=CC=CC=C2)N3C(=O)C4=C5C(=CC=C6C5=C(C=C4)C(=O)N(C6=O)C(CO)CO)C3=O,PDI core not found
C1=CC=C(C=C1)CC(CO)N2C(=O)C3=C4C(=CC=C5C4=C(C=C3)C(=O)N(C5=O)N6C(=O)C7=C8C(=CC=C9C8=C(C=C7)C(=O)N(C9=O)C(CC1=CC=CC=C1)CO)C6=O)C2=O,PDI core not found
CN1C(=O)C2=C3C4=C(C=C2)C(=O)N(C(=O)C4=C5C(=C3C1=O)C=C(S5)C6=CC7=C8C9=C(C=CC1=C9C(=C7S6)C(=O)N(C1=O)C)C(=O)N(C8=O)C)C,PDI core not found
CC(C)CN1C(=O)C2=C3C4=C(C=C2)C(=O)N(C(=O)C4=C5C(=C3C1=O)C=C(S5)C6=CC7=C8C9=C(C=CC1=C9C(=C7S6)C(=O)N(C1=O)CC(C)C)C(=O)N(C8=O)CC(C)C)CC(C)C,PDI core not found
CC1=CC2=C3C4=C(C=CC5=C4C(=C2S1)C(=O)N(C5=O)CC(C)C)C(=O)N(C3=O)CC(C)C,PDI core not found
CN1C(=O)C2=C3C4=C(C=C2)C(=O)N(C(=O)C4=C5C(=C3C1=O)C=CS5)C,PDI core not found
CCCCC(CC)CN1C(=O)C2=C3C4=C(C=C2)C(=O)N(C(=O)C4=C5C(=C3C1=O)C=C(S5)C6=CC(=CC(=C6)C7=CC8=C9C1=C(C=CC2=C1C(=C8S7)C(=O)N(C2=O)CC(CC)CCCC)C(=O)N(C9=O)CC(CC)CCCC)C1=CC2=C3C4=C(C=CC5=C4C(=C2S1)C(=O)N(C5=O)CC(CC)CCCC)C(=O)N(C3=O)CC(CC)CCCC)CC(CC)CCCC,PDI core not found
CC(C)CN1C(=O)C2=C3C4=C(C=C2)C(=O)N(C(=O)C4=C5C(=C3C1=O)C=C(S5)C6=CC(=CC(=C6)C7=CC8=C9C1=C(C=CC2=C1C(=C8S7)C(=O)N(C2=O)CC(C)C)C(=O)N(C9=O)CC(C)C)C1=CC2=C3C4=C(C=CC5=C4C(=C2S1)C(=O)N(C5=O)CC(C)C)C(=O)N(C3=O)CC(C)C)CC(C)C,PDI core not found
CCCCC(CC)CN1C(=O)C2=C3C4=C(C=C2)C(=O)N(C(=O)C4=C5C(=C3C1=O)C=C(S5)C6=CC7=C8C9=C1C(=C2C=C(SC2=C9C(=O)N(C8=O)CCC(C)C)C2=CC3=C4C5=C(C=CC8=C5C(=C3S2)C(=O)N(C8=O)CC(CC)CCCC)C(=O)N(C4=O)CC(CC)CCCC)C(=O)N(C(=O)C1=C7S6)CCC(C)C)CC(CC)CCCC,PDI core not found
CC1=C(C(=CC=C1)C)CN2C(=O)C3=C4C(=CC=C5C4=C(C=C3)C(=O)N(C5=O)CCOC)C2=O,PDI core not found
CC1CC2=C(C=C1)C3=C4C5=C6C(=C3N2)C(=O)N(C(=O)C6=C7C(=C5C(=O)N(C4=O)C8=C(C=CC=C8C(C)C)C(C)C)C9=CC=CC=C9N7)C1=C(C=CC=C1C(C)C)C(C)C,PDI core not found
C1=CC(=CC=C1CCN2C(=O)C3=C4C(=CC=C5C4=C(C=C3)C(=O)N(C5=O)CCC6=CC=C(C=C6)O)C2=O)O,PDI core not found
C1=CC=C(C=C1)N2C(=O)C3=C4C(=CC=C5C4=C(C=C3)C(=O)N(C5=O)N6C(=O)C7=C8C(=CC=C9C8=C(C=C7)C(=O)N(C9=O)C1=CC=CC=C1)C6=O)C2=O,PDI core not found
C1=CC=C(C(=C1)[NH3+])N2C(=O)C3=C4C(=CC=C5C4=C(C=C3)C(=O)N(C5=O)C6=CC=CC=C6[NH3+])C2=O,PDI core not found
C1CCC(C(C1)[NH3+])N2C(=O)C3=C4C(=CC=C5C4=C(C=C3)C(=O)NC5=O)C2=O,PDI core not found
C1=CC=C(C(=C1)[NH3+])N2C(=O)C3=C4C(=CC=C5C4=C(C=C3)C(=O)NC5=O)C2=O,PDI core not found
CCC(C)N1C(=O)C2=C3C(=CC=C4C3=C(C=C2)C(=O)N(C4=O)C(C)CC)C1=O,PDI core not found
CCC(C)N1C(=O)C2=C3C(=CC=C4C3=C(C=C2)C(=O)N(C4=O)C(C)CC)C1=O,PDI core not found
C1CC2CCC3CC(CC4C3C2C(C1)CC4)N5C(=O)C6=C7C(=CC=C8C7=C(C=C6)C(=O)N(C8=O)C9=CC=CC(=C9O)N1C2=CC=CC=C2N=C1C1=CC=CC=C1)C5=O,PDI core not found
C1CCC(CC1)N(C2CCCCC2)C3CCCC(C3)OC(=O)CCCN4C(=O)C5=C6C(=CC=C7C6=C(C=C5)C(=O)N(C7=O)CCCC(=O)OC8=CC=C(C=C8)N9C(=O)C1=C2C(=CC=C3C2=C(C=C1)C(=O)N(C3=O)C1=CC=CC2=CC3=CC=CC=C3C=C21)C9=O)C4=O,PDI core not found
C1CCC(CC1)N(C2CCCCC2)C3CCCC(C3)OC(=O)CCCN4C(=O)C5=C6C(=CC=C7C6=C(C=C5)C(=O)N(C7=O)CCCC(=O)OC8CCCC(C8)N(C9CCCCC9)C1CCCCC1)C4=O,PDI core not found
CC1CCC(CC1)N(C2CCC(CC2)C)C3CCCC(C3)OC(=O)CCCN4C(=O)C5=C6C(=CC=C7C6=C(C=C5)C(=O)N(C7=O)CCCC(=O)OC8CCCC(C8)N(C9CCCCC9)C1CCCCC1)C4=O,PDI core not found
CCCCCCN1C(=O)C2=C3C(=C4C5=C2C(=C6C(=C5C(=O)N(C4=O)CCCCCC)SC(=C([N+]#[C-])[N+]#[C-])S6)C1=O)SC(=C(C#N)C#N)S3,PDI core not found
CCCCCCN1C(=O)C2=C3C(=C4C5=C2C(=C6C(=C5C(=O)N(C4=O)CCCCCC)SC(=C(C(=O)CO)[N+]#[C-])S6)C1=O)SC(=C(C#N)C(=O)OC)S3,PDI core not found
[C-]#[N+]C(=C1SC2=C3C4=C5C(=C6C(=C4C(=O)N(C3=O)C7=CC=CC=C7)SC(=C(C#N)C#N)S6)C(=O)N(C(=O)C5=C2S1)C8=CC=CC=C8)[N+]#[C-],PDI core not found
CCCCCCCCN1C(=O)C2=C3C(=C4C5=C2C(=C6C(=C5C(=O)N(C4=O)CCCCCCCC)SC(=C([N+]#[C-])[N+]#[C-])S6)C1=O)SC(=C(C#N)C#N)S3,PDI core not found
CCCCCCN1C(=O)C2=C3C(=C4C5=C2C(=C6C(=C5C(=O)N(C4=O)CCCCCC)SC(=C(S6)[N+]#[C-])[N+]#[C-])C1=O)SC(=C(S3)C#N)C#N,PDI core not found
CCCCCCN1C(=O)C2=C3C(=C(SC3=C4C5=C2C(=C6C(=C5C(=O)N(C4=O)CCCCCC)C(=C(S6)[N+]#[C-])[N+]#[C-])C1=O)C#N)C#N,PDI core not found
CCCCCCN1C(=O)C2=C3C(=C4C5=C2C(=C6C(=C5C(=O)N(C4=O)CCCCCC)SC(=C(C#N)C#N)S6)C1=O)SC(=C(S3)[N+]#[C-])[N+]#[C-],PDI core not found
CCCCCCN1C(=O)C2=C3C(=C4C5=C2C(=C6C(=C5C(=O)N(C4=O)CCCCCC)SC(=N[N+]#[C-])S6)C1=O)SC(=NC#N)S3,PDI core not found
CCCCCCN1C(=O)C2=C3C(=C(SC3=C4C5=C2C(=C6C(=C5C(=O)N(C4=O)CCCCCC)SC(=C([N+]#[C-])[N+]#[C-])S6)C1=O)C#N)C#N,PDI core not found
CCCCCCCCCCCCC(CCCCCCCCCC)CN1C(=O)C2=CC(=C3C4=C(C=C(C(=C24)C1=O)C5=CC=C(S5)C)C(=O)N(C3=O)CC(CCCCCCCCCC)CCCCCCCCCCCC)C6=CC=C(S6)C7=CC8=C(C=C7)C=C(C=C8)C,PDI core not found
CCCCCCCCN1C(=O)C2=CC(=C3C4=C(C=C(C(=C24)C1=O)C5=CC=C(S5)C)C(=O)N(C3=O)CCCCCCCC)C6=CC=C(S6)C7=CC8=C(C=C7)C9=C(C8(CCCCCCN(CC)CC)CCCCCCN(CC)CC)C=C(C=C9)C,PDI core not found
CCCCCCCCN1C(=O)C2=CC(=C3C4=C(C=C(C(=C24)C1=O)C#CC)C(=O)N(C3=O)CCCCCCCC)C#CC5=CC6=C(C=C5)C7=C(C6(CCCCCCN(C)C)CCCCCCN(C)C)C=C(C=C7)C,PDI core not found
CC(C)C1=C(C(=CC=C1)C(C)C)N2C(=O)C3=CC(=C4C5=C(C=C(C(=C35)C2=O)C#N)C(=O)N(C4=O)C6=C(C=CC=C6C(C)C)C(C)C)[N+]#[C-],PDI core not found
CC(C)C1=C(C(=CC=C1)C(C)C)N2C(=O)C3=CC(=C4C5=C(C(=CC(=C35)C2=O)C#N)C(=O)N(C4=O)C6=C(C=CC=C6C(C)C)C(C)C)[N+]#[C-],PDI core not found
CC(C)C1=C(C(=CC=C1)C(C)C)N2C(=O)C3=C4C5=C(C(=C3C#N)C#N)C(=O)N(C(=O)C5=C(C(=C4C2=O)[N+]#[C-])[N+]#[C-])C6=C(C=CC=C6C(C)C)C(C)C,PDI core not found
CCCCCCCCCCCCC(CCCCCCCCCCCC)CCCCC1=C2C(=C(C3=CC=C(N3C2=O)C(C)C)CCCCC(CCCCCCCCCCCC)CCCCCCCCCCCC)C(=O)N4C1=CC=C4C=CC5=CC6=C7C8=C5C(=O)N(C(=O)C8=CC(=C7C(=O)N(C6=O)CCCCCCCC)C=CC(C)C)CCCCCCCC,PDI core not found
C1CCC2C(C1)N3C(=O)C4=C5C(=CC=C6C5=C(C=C4)C(=O)N(C6=O)C7CCCCC7N8C(=O)C9=CC1=C(C=C9C8=O)C(=O)N(C1=O)C1CCCCC1N1C(=O)C4=C5C(=CC=C6C5=C(C=C4)C(=O)N2C6=O)C1=O)C3=O,PDI core not found
C1CCC2C(C1)N3C(=O)C4=C5C(=CC=C6C5=C(C=C4)C(=O)N(C6=O)C7CCCCC7N8C(=O)C9=CC1=C(C=C9C8=O)C(=O)N(C1=O)C1CCCCC1N1C(=O)C4=C5C(=CC=C6C5=C(C=C4)C(=O)N2C6=O)C1=O)C3=O,PDI core not found
C1CCC(C(C1)N)N2C(=O)C3=C4C(=CC=C5C4=C(C=C3)C(=O)N(C5=O)C6CCCCC6N)C2=O,PDI core not found
CCC(=O)NCCN1C(=O)C2=C3C(=CC=C4C3=C(C=C2)C(=O)NC4=O)C1=O,PDI core not found
CCNCCN1C(=O)C2=C3C(=CC=C4C3=C(C=C2)C(=O)N(C4=O)CCNC)C1=O,PDI core not found
CC1=CC2=C3C4=C5C(=C6C=C(SC6=C4C(=O)NC3=O)C)C(=O)NC(=O)C5=C2S1,PDI core not found
CC=C(C=C[NH2+]C)C1=CC=[N+](C=C1)N2C(=O)C3=C4C(=CC=C5C4=C(C=C3)C(=O)N(C5=O)[NH2+]C=CC(=CC)C6=CC=[N+](C=C6)C)C2=O,PDI core not found
CCC1=CC2=C3C4=C1C(=O)N(C(=O)C4=CC(=C3C(=O)N(C2=O)C)C(C)(C)C)C,PDI core not found
CCCCCCCCN1C(=O)C2=CC(=C3C4=C(C=C(C(=C24)C1=O)C#N)C(=O)N(C3=O)CCCCCCCC)C5=C(C6=C(C=C5)C(=C(C=C6)C7=C8C9=C(C=C(C1=C9C(=C7)C(=O)N(C1=O)CCCCCCCC)C#N)C(=O)N(C8=O)CCCCCCCC)OC)OC,PDI core not found
CCCCCCCCN1C(=O)C2=CC(=C3C4=C(C=C(C(=C24)C1=O)C#N)C(=O)N(C3=O)CCCCCCCC)C5=CC=C(S5)C6=CC=C(S6)C7=C8C9=C(C=C(C1=C9C(=C7)C(=O)N(C1=O)CCCCCCCC)C#N)C(=O)N(C8=O)CCCCCCCC,PDI core not found
CC(=C)C(=O)OCCN1C(=O)C2=C3C(=CC=C4C3=C(C=C2)C(=O)N(C4=O)CCOC(=O)C(=C)C)C1=O,PDI core not found
CCCNCCN1C(=O)C2=CC3=C(C=C2C1=O)C(=O)N(C3=O)N4C(=O)C5=C6C(=CC=C7C6=C(C=C5)C(=O)N(C7=O)C8CCCCC8C)C4=O,PDI core not found
C=NC=CNCCCN1C(=O)C2=C3C(=CC=C4C3=C(C=C2)C(=O)N(C4=O)CCCN5C=CN=C5)C1=O,PDI core not found
C1CCC(CC1)N2C(=O)C3=C4C(=CC=C5C4=C(C=C3)C(=O)N(C5=O)C6CCCC6)C2=O,PDI core not found
C1CCCC(CC1)N2C(=O)C3=C4C(=CC=C5C4=C(C=C3)C(=O)N(C5=O)C6CCCCC6)C2=O,PDI core not found
CN1C(=O)C2=CC(=C3C4=C(C=C(C(=C24)C1=O)C5=CC=CS5)C(=O)NC3=O)C6=CC=CS6,PDI core not found
C1=CC=C(C=C1)N2C(=O)C3=CC(=C4C5=C3C(=C(C=C5C(=O)N(C4=O)C6=CC=CC=C6)N7C8=C(C=NC=C8)C9=C7C=CN=C9)C2=O)N1C2=C(C=NC=C2)C2=C1C=CN=C2,PDI core not found
CC(C)(C)C1=CC=C(C=C1)OC2=CC=C(C=C2)N3C(=O)C4=C5C(=CC=C6C5=C(C=C4)C(=O)N(C6=O)C(C)(C)C(C)(C)C7=CC(=C(C=C7)C8=C(C=C(C=C8)N9C(=O)C1=C2C(=CC=C4C2=C(C=C1)C(=O)N(C4=O)C(C)(C)C)C9=O)S)S)C3=O,PDI core not found
CCC1=C2C(=C(C=C1)CC)C3=C4C5=C2C(=O)NC(=O)C5=C6C(=C(C(=C(C6=C4C(=O)N(C3=O)C)CC)CC)CC)CC,PDI core not found
CCCCC(CC)CN1C(=O)C2=C3C(=CC=C4C3=C(C=C2)C(=O)N(C4=O)C)C1=O,PDI core not found
CN1C(=O)C2=C3C(=CC=C4C3=C(C=C2)C(=O)N(C4=O)CC=O)C1=O,PDI core not found
CC1(CC(CC(N1O)(C)C)N2C(=O)C3=C4C(=CC=C5C4=C(C=C3)C(=O)N(C5=O)C6=CC=C(C=C6)N=NC7=CC=CC=C7)C2=O)C,PDI core not found
CC1(CC(C(N1O)(C)C)N2C(=O)C3=C4C(=CC=C5C4=C(C=C3)C(=O)N(C5=O)C6CC(N(C6(C)C)O)(C)C)C2=O)C,PDI core not found
CC1(CC(CC(N1O)(C)C)N2C(=O)C3=C4C(=CC=C5C4=C(C=C3)C(=O)N(C5=O)C)C2=O)C,PDI core not found
CC1=CC=C(C=C1)N2C(=O)C3=C4C(=CC=C5C4=C(C=C3)C(=O)N(C5=O)C6CC(N(C(C6)(C)C)O)(C)C)C2=O,PDI core not found
CC1(CC(CC([N+]1=C)(C)C)N2C(=O)C3=C4C(=CC=C5C4=C(C=C3)C(=O)N(C5=O)C)C2=O)C,PDI core not found
CCCCCCN1C(=O)C2=C3C(=CC(=C4C3=C(C=C2)C(=O)[NH2+]C4=O)C)C1=O,PDI core not found
CCCCCCCCN1C(=O)C2=C3C4=C(C=C2)C(=O)N(C(=O)C4=CC(=C3C1=O)C5=CC6=C(S5)C7=C(S6)C=C(S7)C8=C9C1=C(C=CC2=C1C(=C8)C(=O)N(C2=O)CCCCCC)C(=O)N(C9=O)CCCCCC)CCCCCC,PDI core not found
C1CSC(=C1)C2=C3C4=C(C=CC5=C4C(=C2)C(=O)NC5=O)C(=O)NC3=O,PDI core not found
CC(C)(C)C1=C2C3=C4C(=C1)C(=O)NC(=O)C4=C(C=C3C(=O)NC2=O)C(C)(C)C,PDI core not found
CC1=C2C(=C(C=C1C=CC#C)NC(=O)CCCCC[N+](C)(C)CCCN3C(=O)C4=C5C(=CC=C6C5=C(C=C4)C(=O)N(C6=O)CCC[N+](C)(C)CCCCCC(=O)NC7=C8C=CC=NC8=C9C(=C7)C=CC=N9)C3=O)C=CC=N2,PDI core not found
CCN1C(=O)C2=C3C(=CC=C4C3=C(C=C2)C(=O)N(C4=O)C5=CC(=C(C=C5)C6=C(C=C(C=C6)C(C)(C)C)S(=O)(=O)O)S(=O)(=O)O)C1=O,PDI core not found
CN1C(=O)C2=CC(=C3C4=C(C=C(C(=C24)C1=O)C5=CC=C(S5)C=O)C(=O)NC3=O)C6=CC=C(S6)C=O,PDI core not found
CN1C(=O)C2=CC(=C3C4=C(C=C(C(=C24)C1=O)C5=CC=C(S5)C6=CC=CS6)C(=O)NC3=O)C7=CC=C(S7)C8=CC=CS8,PDI core not found
CC(C)CN1C(=O)C2=CC(=C3C4=C(C=C(C(=C24)C1=O)C#N)C(=O)N(C3=O)CC(C)C)C5CC6C(S5)C7=C(S6)CC(S7)C8=C9C1=C(C=C(C2=C1C(=C8)C(=O)N(C2=O)CC(C)C)C#N)C(=O)N(C9=O)CC(C)C,PDI core not found
CC(C)C1=C2C3=C4C(=C1)C(=O)NC(=O)C4=C(C=C3C(=O)NC2=O)C(C)C,PDI core not found
CCC1=CC2=C3C4=C1C(=O)NC(=O)C4=CC(=C3C(=O)NC2=O)C(C)C,PDI core not found
CNCN1C(=O)C2=C3C(=CC=C4C3=C(C=C2)C(=O)N(C4=O)CNC)C1=O,PDI core not found
CC(C)C1=C(C(=CC=C1)C(C)C)N2C(=O)C3=C4C5=C(C(=C3)C#N)C(=O)N(C(=O)C5=CC(=C4C2=O)C#N)C6=C(C=CC=C6C(C)CCC(C)C7=CC=CC(=C7N8C(=O)C9=CC(=C1C2=C(C(=CC(=C92)C8=O)C#N)C(=O)N(C1=O)C1=C(C=CC=C1C(C)C)C(C)C)C#N)C(C)C)C(C)C,PDI core not found
CC(C)C1=CC(=C(C=C1)C2=C(C=C(C=C2)N3C(=O)C4=C5C(=CC=C6C5=C(C=C4)C(=O)N(C6=O)C(C)C)C3=O)S(=O)(=O)O)S(=O)(=O)O,PDI core not found
C1=CC=C(C=C1)C2=CC3=C(C=C2)N(C4=C3C=C(C=C4)C5=CC=CC=C5)C6=C7C8=C(C=CC9=C8C(=C6)C(=O)N(C9=O)C1=CC=CC=C1)C(=O)N(C7=O)C1=CC=CC=C1,PDI core not found
C1CCC(CC1)N2C(=O)C3=CC(=C4C5=C(C=C(C(=C35)C2=O)C6=CC=C(C=C6)N(C7=CC=CC=C7)C8=CC=CC=C8)C(=O)N(C4=O)C9CCCCC9)C1=CC=C(C=C1)N(C1=CC=CC=C1)C1=CC=CC=C1,PDI core not found
CCCCN1C(=O)C2=C3C(=CC(=C4C3=C(C=C2)C(=O)N(C4=O)CCCC)C5=CC=C(C=C5)N6C7=C(C=C(C=C7)N(C8=CC=CC=C8)C9=CC=CC=C9)C2=C6C=CC(=C2)N(C2=CC=CC=C2)C2=CC=CC=C2)C1=O,PDI core not found
CC(C)(C)C1=CC=C(C=C1)N2C(=O)C3=CC(=C4C5=C(C=C(C(=C35)C2=O)C6=CC=C(C=C6)N(C7=CC=CC=C7)C8=CC=CC=C8)C(=O)N(C4=O)C9=CC=C(C=C9)C(C)(C)C)C1=CC=C(C=C1)N(C1=CC=CC=C1)C1=CC=CC=C1,PDI core not found
CC1=CC(=C(C(=C1)C)N2C(=O)C3=CC(=C4C5=C(C=C(C(=C35)C2=O)C6=CC=C(C=C6)N(C7=CC=CC=C7)C8=CC=CC=C8)C(=O)N(C4=O)C9=C(C=C(C=C9C)C)C)C1=CC=C(C=C1)N(C1=CC=CC=C1)C1=CC=CC=C1)C,PDI core not found
CCCCCCCCN1C(=O)C2=CC(=C3C4=C(C=C(C(=C24)C1=O)C5=CC=C(C=C5)N6C7=CC=CC=C7C8=CC=CC=C86)C(=O)N(C3=O)CCCCCCCC)C9=CC=C(C=C9)N1C2=CC=CC=C2C2=CC=CC=C21,PDI core not found
C1=CC=C(C=C1)N2C(=O)C3=C4C(=CC(=C5C4=C(C=C3)C(=O)N(C5=O)C6=CC=CC=C6)C7=CC=C(C=C7)N8C9=C(C=C(C=C9)N(C1=CC=CC=C1)C1=CC=CC=C1)C1=C8C=CC(=C1)N(C1=CC=CC=C1)C1=CC=CC=C1)C2=O,PDI core not found
CN1C(=O)C2=CC(=C3C4=C(C=C(C(=C24)C1=O)C5=CC=C(C=C5)N6C7=CC=CC=C7C(=O)C8=CC=CC=C86)C(=O)N(C3=O)C)C9=CC=C(C=C9)N1C2=CC=CC=C2C(=O)C2=CC=CC=C21,PDI core not found
C1CCC(CC1)N2C(=O)C3=CC(=C4C5=C(C=C(C(=C35)C2=O)C6=CC=C(C=C6)N(C7=CC=C(C=C7)C8=CC=CC=C8)C9=CC=C(C=C9)C1=CC=CC=C1)C(=O)N(C4=O)C1CCCCC1)C1=CC=C(C=C1)N(C1=CC=C(C=C1)C1=CC=CC=C1)C1=CC=C(C=C1)C1=CC=CC=C1,PDI core not found
C1CCC(CC1)N2C(=O)C3=CC(=C4C5=C(C=C(C(=C35)C2=O)C6=CC(=CC=C6)N(C7=CC=CC=C7)C8=CC=CC=C8)C(=O)N(C4=O)C9CCCCC9)C1=CC(=CC=C1)N(C1=CC=CC=C1)C1=CC=CC=C1,PDI core not found
C1=CC=C(C=C1)N2C(=O)C3=CC(=C4C5=C(C=C(C(=C35)C2=O)C6=CC=C(C7=CC=CC=C76)N8C9=CC=CC=C9C1=CC=CC=C18)C(=O)N(C4=O)C1=CC=CC=C1)C1=CC=C(C2=CC=CC=C21)N1C2=CC=CC=C2C2=CC=CC=C21,PDI core not found
CN1C(=O)C2=CC(=C3C4=C(C=C(C(=C24)C1=O)C5=CC=C(C6=CC=CC=C65)N(C7=CC=CC=C7)C8=CC=CC=C8)C(=O)N(C3=O)C)C9=CC=C(C1=CC=CC=C19)N(C1=CC=CC=C1)C1=CC=CC=C1,PDI core not found
CN1C(=O)C2=CC(=C3C4=C(C=C(C(=C24)C1=O)C5=CC=C(C=C5)N(C6=CC=CC=C6)C7=CC=CC=C7)C(=O)N(C3=O)C)C8=CC=C(C=C8)N(C9=CC=CC=C9)C1=CC=CC=C1,PDI core not found
C1=CC=C(C=C1)N2C(=O)C3=CC(=C4C5=C(C=C(C(=C35)C2=O)C6=CC=C(C=C6)N7C8=CC=CC=C8C(=O)C9=CC=CC=C97)C(=O)N(C4=O)C1=CC=CC=C1)C1=CC=C(C=C1)N1C2=CC=CC=C2C(=O)C2=CC=CC=C21,PDI core not found
CCCCCCCCN1C(=O)C2=CC(=C3C4=C(C=C(C(=C24)C1=O)C5=CC=C(C=C5)N6C7=CC=CC=C7OC8=CC=CC=C86)C(=O)N(C3=O)CCCCCCCC)C9=CC=C(C=C9)N1C2=CC=CC=C2OC2=CC=CC=C21,PDI core not found
C1=CC=C(C=C1)N2C(=O)C3=CC(=C4C5=C3C(=C(C=C5C(=O)N(C4=O)C6=CC=CC=C6)N(C7=CC=CC=C7)C8=CC=CC=C8)C2=O)N(C9=CC=CC=C9)C1=CC=CC=C1,PDI core not found
CC(C)(C)C1=CC=C(C=C1)N(C2=CC=C(C=C2)C3=CC4=C5C6=C3C(=O)N(C(=O)C6=CC(=C5C(=O)N(C4=O)C7=CC=CC=C7)C8=CC=C(C=C8)N(C9=CC=C(C=C9)C(C)(C)C)C1=CC=C(C=C1)C(C)(C)C)C1=CC=CC=C1)C1=CC=C(C=C1)C(C)(C)C,PDI core not found
COC1=CC=C(C=C1)N(C2=CC=C(C=C2)C3=CC4=C5C6=C3C(=O)N(C(=O)C6=CC(=C5C(=O)N(C4=O)C7=CC=CC=C7)C8=CC=C(C=C8)N(C9=CC=C(C=C9)OC)C1=CC=C(C=C1)OC)C1=CC=CC=C1)C1=CC=C(C=C1)OC,PDI core not found
C1=CC=C(C=C1)C2=CC(=CC=C2)C3=CC(=CC=C3)C4=C5C6=C(C=C(C7=C6C(=C4)C(=O)N(C7=O)C8=CC=CC=C8)C9=CC=C(C=C9)N(C1=CC=CC=C1)C1=CC=CC=C1)C(=O)N(C5=O)C1=CC=CC=C1,PDI core not found
C1=CC=C(C=C1)N2C(=O)C3=CC(=C4C5=C(C=C(C(=C35)C2=O)C#N)C(=O)N(C4=O)C6=CC=CC=C6)C7=CC=C(C=C7)N(C8=CC=CC=C8)C9=CC=CC=C9,PDI core not found
CCCCCCCCN1C(=O)C2=CC(=C3C4=C(C=C(C(=C24)C1=O)C5=CC=C(C=C5)N6C7=C(C8=CC=CC=C8C=C7)C9=CC=CC=C96)C(=O)N(C3=O)CCCCCCCC)C1=CC=C(C=C1)N1C2=C(C3=CC=CC=C3C=C2)C2=CC=CC=C21,PDI core not found
CCCCCCCCN1C(=O)C2=CC(=C3C4=C(C=C(C(=C24)C1=O)C5=CC=C(C=C5)N(C6=CC=CC=C6)C7=CC=CC=C7)C(=O)N(C3=O)CCCCCCCC)C8=CC=C(C=C8)N(C9=CC=CC=C9)C1=CC=CC=C1,PDI core not found
CC=CC(=CC=C)N(C1=CCCC=C1)C2=CC=C(C=C2)C3=C4C5=C(C=C(C6=C5C(=C3)C(=O)N(C6=O)C)C7=CC=C(C=C7)N(C8=CC=CC=C8)C9=CC=CC=C9)C(=O)N(C4=O)C,PDI core not found
CCCCCCCCN1C(=O)C2=CC(=C3C4=C(C=C(C(=C24)C1=O)C5=CC=C(C=C5)N6C7=CC=CC=C7SC8=CC=CC=C86)C(=O)N(C3=O)CCCCCCCC)C9=CC=C(C=C9)N1C2=CC=CC=C2SC2=CC=CC=C21,PDI core not found
CCCCCCCCN1C(=O)C2=C3C4=C(C=C2)C(=O)N(C(=O)C4=CC(=C3C1=O)C5=CC=C(S5)C6=NN=C(N=N6)C7=CC=C(S7)C8=C9C1=C(C=CC2=C1C(=C8)C(=O)N(C2=O)CCCCCC)C(=O)N(C9=O)CCCCCC)CCCCCC,PDI core not found
CN1C(=O)C2=C3C(=CC(=C4C3=C(C=C2)C(=O)N(C4=O)C)C5=C6C7=C(C=CC8=C7C(=C5)C(=O)N(C8=O)C)C(=O)N(C6=O)C)C1=O,PDI core not found
CCC1=CCC=CC(=C1N2C(=O)C3=C4C(=CC=C5C4=C(C=C3)C(=O)N(C5=O)C6=C(C=CC=C6CC)C)C2=O)C,PDI core not found
C1=CC2=C3C(=CC=C4C3=C1C(=O)N(C4=O)CCCOCCOCCOCCC[NH3+])C(=O)N(C2=O)CCCOCCOCCOCCC[NH3+],PDI core not found
CN(C)CCCN1C(=O)C2=C3C(=CC=C4C3=C(C=C2)C(=O)N(C4=O)CCCOCCOCCOCCC[NH3+])C1=O,PDI core not found
CC1=CC(=CC=C1)OC2=CC=C(C=C2)S(=O)(=O)C3=CC=C(C=C3)OC4=CC=CC(=C4)N5C(=O)C6=C7C(=CC=C8C7=C(C=C6)C(=O)N(C8=O)C)C5=O,PDI core not found
CC1=CC(=CC(=C1C)C)C2(C3=CC=CC=C3C4=C2C=C(C=C4)S(=O)(=O)O)C5=CC(=C(C(=C5)C)N6C(=O)C7=C8C(=CC=C9C8=C(C=C7)C(=O)N(C9=O)C)C6=O)C,PDI core not found
C1CCC2C(C1)N3C(=O)C4=C5C(=CC=C6C5=C(C=C4)C(=O)N(C6=O)C7CCCCC7N8C(=O)C9=C1C(=CC=C4C1=C(C=C9)C(=O)N(C4=O)C1CCCCC1N1C(=O)C4=C5C(=CC=C6C5=C(C=C4)C(=O)N2C6=O)C1=O)C8=O)C3=O,PDI core not found
C1CCC2C(C1)N3C(=O)C4=C5C(=CC=C6C5=C(C=C4)C(=O)N(C6=O)C7CCCCC7N8C(=O)C9=C1C(=CC=C4C1=C(C=C9)C(=O)N(C4=O)C1CCCCC1N1C(=O)C4=C5C(=CC=C6C5=C(C=C4)C(=O)N2C6=O)C1=O)C8=O)C3=O,PDI core not found
CC1=CC=C(S1)C2=CC3=C4C5=C2C(=O)N(C(=O)C5=CC(=C4C(=O)N(C3=O)CC(C)C)C6=CC=C(S6)C7=CC8=C(S7)C=CC9=C8C=CC1=C9C=CC2=C1C=CC1=C2C=C(S1)C)CC(C#CC#CC#CC#CC#CC#C)C#CC#CC#CC#CC#CC#C,PDI core not found
CCCCCCCCCCCCC(CCCCCCCCCC)CN1C(=O)C2=CC(=C3C4=C(C=C(C(=C24)C1=O)C5=CC=C(S5)C)C(=O)N(C3=O)CC(CCCCCCCCCC)CCCCCCCCCCCC)C6=CC=C(S6)C7=NC8=C(S7)C9=C(C=C8)C1=C(C=C9CCCCCCCC)C2=C(C(=C1)CCCCCCCC)C1=C(C=C2)N=C(S1)C,PDI core not found
CCCCCCCCCCCCC(CCCCCCCCCC)CN1C(=O)C2=CC(=C3C4=C(C=C(C(=C24)C1=O)C5=CC=C(S5)C)C(=O)N(C3=O)CC(CCCCCCCCCC)CCCCCCCCCCCC)C6=CC=C(S6)C7=CC8=C(C=C7)C9=C(C=C8)C1=C(S9)C2=C(C=C1)C=C(C=C2)C,PDI core not found
CCOC(=O)C1=C(N=C(S1)N2C(=O)C3=C4C(=CC=C5C4=C(C=C3)C(=O)N(C5=O)C6=NC(=C(S6)C(=O)OCC)C)C2=O)C,PDI core not found
C1=CC=C2C(=C1)C=CC=C2C3=CSC(=N3)N4C(=O)C5=C6C(=CC=C7C6=C(C=C5)C(=O)N(C7=O)C8=NC(=CS8)C9=CC=CC1=CC=CC=C19)C4=O,PDI core not found
CCOC(=O)C1=C(N=C(S1)N2C(=O)C3=C4C(=CC=C5C4=C(C=C3)C(=O)N(C5=O)C6=NC(=C(S6)C(=O)OCC)C7=CC=CC=C7)C2=O)C8=CC=CC=C8,PDI core not found
C1=CC=C(C=C1)CCOC(=O)CC2=CSC(=N2)N3C(=O)C4=C5C(=CC=C6C5=C(C=C4)C(=O)N(C6=O)C7=NC(=CS7)CC(=O)OCCC8=CC=CC=C8)C3=O,PDI core not found
C1=CC=C2C(=C1)N=C(O2)N3C(=O)C4=C5C(=CC=C6C5=C(C=C4)C(=O)N(C6=O)C7=NC8=CC=CC=C8O7)C3=O,PDI core not found
CCCCCCCCOC(=O)CC1=CSC(=N1)N2C(=O)C3=C4C(=CC=C5C4=C(C=C3)C(=O)N(C5=O)C6=NC(=CS6)CC(=O)OCCCCCCCC)C2=O,PDI core not found
CC1=CC=C(C=C1)C2=CSC(=N2)N3C(=O)C4=C5C(=CC=C6C5=C(C=C4)C(=O)N(C6=O)C7=NC(=CS7)C8=CC=C(C=C8)C)C3=O,PDI core not found
COC(=O)C1=CN=C(S1)N2C(=O)C3=C4C(=CC=C5C4=C(C=C3)C(=O)N(C5=O)C6=NC=C(S6)C(=O)OC)C2=O,PDI core not found
CCOCC(C)OC(=O)CC1=CSC(=N1)N2C(=O)C3=C4C(=CC=C5C4=C(C=C3)C(=O)N(C5=O)C6=NC(=CS6)CC(=O)OC(C)COCC)C2=O,PDI core not found
CCOC(=O)CC1=CSC(=N1)N2C(=O)C3=C4C(=CC=C5C4=C(C=C3)C(=O)N(C5=O)C6=NC(=CS6)CC(=O)OCC)C2=O,PDI core not found
CC1=CN=C(S1)N2C(=O)C3=C4C(=CC=C5C4=C(C=C3)C(=O)N(C5=O)C6=NC=C(S6)C)C2=O,PDI core not found
CC1=CSC(=N1)N2C(=O)C3=C4C(=CC=C5C4=C(C=C3)C(=O)N(C5=O)C6=NC(=CS6)C)C2=O,PDI core not found
CCCCCCCCOCCC1=CSC(=N1)N2C(=O)C3=C4C(=CC=C5C4=C(C=C3)C(=O)N(C5=O)C6=NC(=CS6)CC(=O)OCCCCCCCC)C2=O,PDI core not found
CCOC(=O)CC1=CC=C(C=C1)N2C(=O)C3=C4C(=CC=C5C4=C(C=C3)C(=O)N(C5=O)C6=CC=C(C=C6)CC(=O)OCC)C2=O,PDI core not found
CCOC(=O)C1=CC2=C(C=C1)N=C(S2)N3C(=O)C4=C5C(=CC=C6C5=C(C=C4)C(=O)N(C6=O)C7=NC8=C(S7)C=C(C=C8)C(=O)OCC)C3=O,PDI core not found
CC(=O)C1=CN=C(O1)N2C(=O)C3=C4C(=CC=C5C4=C(C=C3)C(=O)N(C5=O)C6=NC=C(O6)C(=O)C)C2=O,PDI core not found
COC1=CC2=C(C=C1)N=C(S2)N3C(=O)C4=C5C(=CC=C6C5=C(C=C4)C(=O)N(C6=O)C7=NC8=C(S7)C=C(C=C8)OC)C3=O,PDI core not found
C1=CC2=C3C(=CC=C4C3=C1C(=O)N(C4=O)C5=NC=CO5)C(=O)N(C2=O)C6=NC=CO6,PDI core not found
CC(C)CCOC(=O)CC1=CSC(=N1)N2C(=O)C3=C4C(=CC=C5C4=C(C=C3)C(=O)N(C5=O)C6=NC(=CS6)CC(=O)OCCC(C)C)C2=O,PDI core not found
CC1=CC2=C(C=C1C)SC(=N2)N3C(=O)C4=C5C(=CC=C6C5=C(C=C4)C(=O)N(C6=O)C7=NC8=C(S7)C=C(C(=C8)C)C)C3=O,PDI core not found
C1=CC(=CC=C1C2=CC=NC=C2)N3C(=O)C4=C5C(=CC=C6C5=C(C=C4)C(=O)N(C6=O)C7=CC=C(C=C7)C8=CC=NC=C8)C3=O,PDI core not found
CC(C)(C1=CC(=C(C=C1)OC(=O)C=C)N2C(C3=CC4=C(C=C3C2=O)C(=O)N(C4=O)C5=C(C=C(C=C5N6C7=CC=CC=C7C8=CC=CC=C86)N9C1=CC=CC=C1C1=CC=CC=C19)N1C2=CC=CC=C2C2=CC=CC=C21)O)C1=CC(=C(C=C1)OC(=O)C=C)N1C(=O)C2=C3C(=CC=C4C3=C(C=C2)C(=O)N(C4=O)C2=CC(=CC(=C2)N2C3=CC=CC=C3C3=CC=CC=C32)N2C3=CC=CC=C3C3=CC=CC=C32)C1=O,PDI core not found
CC(C)(C1=CC(=C(C=C1)O)N2C(=O)C3=C4C(=CC=C5C4=C(C=C3)C(=O)N(C5=O)C6=CC(=CC(=C6)N7C8=CC=CC=C8C9=CC=CC=C97)N1C3=CC=CC=C3C3=CC=CC=C31)C2=O)C1=CC(=C(C=C1)O)N1C(=O)C2=C3C(=CC=C4C3=C(C=C2)C(=O)N(C4=O)C2=CC(=CC(=C2)N2C3=CC=CC=C3N=C2C2=CC=CC=C2)N2C3=CC=CC=C3N=C2C2=CC=CC=C2)C1=O,PDI core not found
CC(C)(C1=CC(=C(C=C1)O)N2C(=O)C3=C4C(=CC=C5C4=C(C=C3)C(=O)N(C5=O)C6=CC(=CC(=C6)N7C8=CC=CC=C8C9=CC=CC=C97)N1C3=CC=CC=C3C3=CC=CC=C31)C2=O)C1=CC(=C(C=C1)O)N1C(=O)C2=C3C(=CC=C4C3=C(C=C2)C(=O)N(C4=O)C2=CC(=CC(=C2)N2C3=CC=CC=C3C3=CC=CC=C32)N2C3=CC=CC=C3C3=CC=CC=C32)C1=O,PDI core not found
CC(C)(C1=CC(=C(C=C1)OC(=O)C=C)N2C(=O)C3=C4C(=CC=C5C4=C(C=C3)C(=O)N(C5=O)C6=CC(=CC(=C6)N7C8=CC=CC=C8C9=CC=CC=C97)N1C=CC3=CC=CC=C31)C2=O)C1=CC(=C(C=C1)OC(=O)C=C)N1C(=O)C2=C3C(=CC=C4C3=C(C=C2)C(=O)N(C4=O)C2=CC(=CC(=C2)N2C3=CC=CC=C3C3=CC=CC=C32)N2C3=CC=CC=C3C3=CC=CC=C32)C1=O,PDI core not found
CC(C)(C1=CC(=C(C=C1)OC(=O)C=C)N2C(=O)C3=C4C(=CC=C5C4=C(C=C3)C(=O)N(C5=O)C6=CC(=CC(=C6)N7C8=CC=CC=C8C9=CC=CC=C97)N1C3=CC=CC=C3C3=CC=CC=C31)C2=O)C1=CC(=C(C=C1)OC(=O)C=C)N1C(=O)C2=C3C(=CC=C4C3=C(C=C2)C(=O)N(C4=O)C2=CC(=CC(=C2)N2C3=CC=CC=C3N=C2C2=CC=CC=C2)N2C3=CC=CC=C3C=C2C2=CC=CC=C2)C1=O,PDI core not found
CC(C)(C1=CC(=C(C=C1)OC(=O)C=C)N2C(=O)C3=C4C(=CC=C5C4=C(C=C3)C(=O)N(C5=O)C6=CC(=CC(=C6)N7C8=CC=CC=C8N=C7C9=CC=CC=C9)N1C3=CC=CC=C3C=C1C1=CC=CC=C1)C2=O)C1=CC(=C(C=C1)OC(=O)C=C)N1C(=O)C2=C3C(=CC=C4C3=C(C=C2)C(=O)N(C4=O)C2=CC(=CC(=C2)N2C3=CC=CC=C3N=C2C2=CC=CC=C2)N2C3=CC=CC=C3N=C2C2=CC=CC=C2)C1=O,PDI core not found
CC(C)(C1=CC(=C(C=C1)O)N2C(=O)C3=C4C(=CC=C5C4=C(CN(C5=O)C6=CC(=CC(=C6)N7C8=CC=CC=C8N=C7C9=CC=CC=C9)N1C4=CC=CC=C4N=C1C1=CC=CC=C1)C=C3)C2=O)C1=CC(=C(C=C1)O)N1C(=O)C2=C3C(=CC=C4C3=C(C=C2)C(=O)N(C4=O)C2=CC(=CC(=C2)N2C3=CC=CC=C3N=C2C2=CC=CC=C2)N2C3=CC=CC=C3N=C2C2=CC=CC=C2)C1=O,PDI core not found
CC(C)(C1=CC(=C(C=C1)O)N2C(C3=CC4=C(C=C3C2=O)C(=O)N(C4=O)C5=C(C=C(C=C5N6C7=CC=CC=C7C8=CC=CC=C86)N9C1=CC=CC=C1C1=CC=CC=C19)N1C2=CC=CC=C2C2=CC=CC=C21)O)C1=CC(=C(C=C1)O)N1C(=O)C2=C3C(=CC=C4C3=C(C=C2)C(=O)N(C4=O)C2=CC(=CC(=C2)N2C3=CC=CC=C3N=C2C2=CC=CC=C2)N2C3=CC=CC=C3N=C2C2=CC=CC=C2)C1=O,PDI core not found
CC(C)(C1=CC(=C(C=C1)O)N2C(=O)C3=C4C(=CC=C5C4=C(C=C3)C(=O)N(C5=O)C6=CC(=CC(=C6)N7C8=CC=CC=C8C9=CC=CC=C97)N1C3=CC=CC=C3C3=CC=CC=C31)C2=O)C1=CC(=C(C=C1)O)N1C(=O)C2=CC3=C(C=C2C1=O)C(=O)N(C3=O)C1=C(C=C(C=C1N1C2=CC=CC=C2C2=CC=CC=C21)N1C2=CC=CC=C2C2=CC=CC=C21)N1C2=CC=CC=C2C2=CC=CC=C21,PDI core not found
CCCCCCCCN1C(=O)C2=CC(=C3C4=C(C=C(C(=C24)C1=O)C5=CC=C(C=C5)N6C7=C(C=C(C=C7)C(C)(C)C)C8=C6C=CC(=C8)C(C)(C)C)C(=O)N(C3=O)CCCCCCCC)C9=CC=C(C=C9)N1C2=C(C=C(C=C2)C(C)(C)C)C2=C1C=CC(=C2)C(C)(C)C,PDI core not found
CCCCC1=CC=C(C=C1)N2C(=O)C3=C4C5=C(C=C3)C(=O)N(C(=O)C5=CC(=C4C2=O)C6=CC=C(C=C6)N7C8=C(C=C(C=C8)N(C9=CC=CC=C9)C1=CC=CC=C1)C1=C7C=CC(=C1)N(C1=CC=CC=C1)C1=CC=CC=C1)CCCC,PDI core not found
CC1(C2=CC=CC=C2N(C3=CC=CC=C31)C4=CC=C(C=C4)C5=CC6=C7C8=C5C(=O)N(C(=O)C8=CC(=C7C(=O)N(C6=O)C9=CC=CC=C9)C1=CC=C(C=C1)N1C2=CC=CC=C2C(C2=CC=CC=C21)(C)C)C1=CC=CC=C1)C,PDI core not found
CC1=C(SC(=N1)N2C(=O)C3=C4C(=CC=C5C4=C(C=C3)C(=O)N(C5=O)C6=NC(=C(S6)C)C)C2=O)C,PDI core not found
CCCCC(CC)COC(=O)CC1=CSC(=N1)N2C(=O)C3=C4C(=CC=C5C4=C(C=C3)C(=O)N(C5=O)C6=NC(=CS6)CC(=O)OCC(CC)CCCC)C2=O,PDI core not found
CCCCC(C)OC(=O)CC1=CSC(=N1)N2C(=O)C3=C4C(=CC=C5C4=C(C=C3)C(=O)N(C5=O)C6=NC(=CS6)CC(=O)OC(C)COCC)C2=O,PDI core not found
C1=CC(=CC=C1C2=CC(=C(S2)N)N3C(=O)C4=C5C(=CC=C6C5=C(C=C4)C(=O)N(C6=O)C7=C(SC=C7)N)C3=O)C(=O)O,PDI core not found
CC(C)N1C(=O)C2=C3C(=CC=C4C3=C(C=C2)C(=O)N(C4=O)C(C)(C)C)C1=O,PDI core not found
CCOC(=O)C(CS)N1C(=O)C2=C3C(=CC=C4C3=C(C=C2)C(=O)N(C4=O)C(CC(C)C)CO)C1=O,PDI core not found
CC(C)CC(CO)N1C(=O)C2=C3C(=CC=C4C3=C(C=C2)C(=O)N(C4=O)C5=CC=C(CC5)CCO)C1=O,PDI core not found
CCC(C)CN1C(=O)C2=C3C(=CC=C4C3=C(C=C2)C(=O)N(C4=O)C)C1=O,PDI core not found
CCC(CC)N1C(=O)C2=C3C(=CC=C4C3=C(C=C2)C(=O)N(C4=O)CC)C1=O,PDI core not found
CCC(CC)C1=CC(=C(C=C1)C2=C(C=C(C=C2)N3C(=O)C4=C5C(=CC=C6C5=C(C=C4)C(=O)N(C6=O)C(CC)CC)C3=O)S(=O)(=O)O)S(=O)(=O)O,PDI core not found
CCC(CC)C1=CC=C(C=C1)C2(CCCCC2)C3=CC=C(C=C3)N4C(=O)C5=C6C(=CC=C7C6=C(C=C5)C(=O)N(C7=O)C(CC)CC)C4=O,PDI core not found
CCC(CC)C1=CC=C(C=C1)OC2=CC=C(C=C2)S(=O)(=O)C3=CC=C(C=C3)OC4=CC=C(C=C4)N5C(=O)C6=C7C(=CC=C8C7=C(C=C6)C(=O)N(C8=O)C(CC)CC)C5=O,PDI core not found
CCC(CC)C(=CC=C(C)C(=C)C=CC(=C)N1C(=O)C2=C3C(=CC=C4C3=C(C=C2)C(=O)N(C4=O)C(CC)CC)C1=O)C=C,PDI core not found
CCC(CC)C1=CC(=CC=C1)N2C(=O)C3=C4C(=CC=C5C4=C(C=C3)C(=O)N(C5=O)C(CC)CC)C2=O,PDI core not found
CCC(C)(CC)C1=CC(=C(C=C1)C2=C(C=C(C=C2)N3C(=O)C4=C5C(=CC=C6C5=C(C=C4)C(=O)N(C6=O)C(C)(CC)CC)C3=O)S(=O)(=O)O)S(=O)(=O)O,PDI core not found
CCC(CC)C1=CC=C(C=C1)N2C(=O)C3=C4C(=CC=C5C4=C(C=C3)C(=O)N(C5=O)C(CC)CC)C2=O,PDI core not found
CCC(CC)C1=CC=C(C=C1)OC(=CC=C(C)S(=O)(=O)C2=CC=C(C=C2)OC3=CC=C(C=C3)N4C(=O)C5=C6C(=CC=C7C6=C(C=C5)C(=O)N(C7=O)C(CC)CC)C4=O)C,PDI core not found
C1=CC=C(C=C1)CC(C(=O)O)NC(=O)C(CC2=CC=CC=C2)N3C(=O)C4=C5C(=CC=C6C5=C(C=C4)C(=O)N(C6=O)C(CC7=CC=CC=C7)C(=O)NC(CC8=CC=CC=C8)C(=O)O)C3=O,PDI core not found
C1=CC=C(C=C1)CC(C(=O)O)NCC(C=O)N2C(=O)C3=C4C(=CC=C5C4=C(C=C3)C(=O)N(C5=O)CC(=O)NC(CC6=CC=CC=C6)C(=O)O)C2=O,PDI core not found
C1=CC=C(C=C1)CC(C(=O)O)NC(=O)CN2C(=O)C3=C4C(=CC=C5C4=C(C=C3)C(=O)N(C5=O)CC(=O)NC(CC6=CC=CC=C6)C(=O)O)C2=O,PDI core not found
CCC(C)C(C(=O)NC(C)CC1=CC=CC=C1)N2C(=O)C3=C4C(=CC=C5C4=C(C=C3)C(=O)N(C5=O)C(C(C)CC)C(=O)NC(CC6=CC=CC=C6)C(=O)O)C2=O,PDI core not found
CCC(C)C(C(=O)NC(CC1=CC=CC=C1)C(=O)O)N2C(=O)C3=C4C(=CC=C5C4=C(C=C3)C(=O)N(C5=O)C(CNC(CC6=CC=CC=C6)C(=O)O)(C=O)C(C)CC)C2=O,PDI core not found
C1=CC=C(C=C1)CC(C(=O)O)NCC(C=O)N2C(=O)C3=C4C(=CC=C5C4=C(C=C3)C(=O)N(C5=O)CC(=O)NC(CC6=CC=CC=C6)C(=O)O)C2=O,PDI core not found
C1=CC(=CC=C1C2=CC(=CC(=C2)N3C(=O)C4=C5C(=CC=C6C5=C(C=C4)C(=O)N(C6=O)C7=CC(=CC(=C7)C8=CC=C(C=C8)C(=O)O)C9=CC=C(C=C9)C(=O)O)C3=O)C1=CC=C(C=C1)C(=O)O)C(=O)O,PDI core not found
C1=CC(=C(C=C1N2C(=O)C3=C4C(=CC=C5C4=C(C=C3)C(=O)N(C5=O)C6=CC(=C(C=C6)C(=O)O)O)C2=O)O)C(=O)O,PDI core not found
CCCCC(CC)(CCCN1C(=O)C2=C3C(=CC=C4C3=C(C=C2)C(=O)N(C4=O)C(CC)CC)C1=O)CN5C(=O)C6=C7C(=CC=C8C7=C(C=C6)C(=O)N(C8=O)C(CC)CC)C5=O,PDI core not found
C1CCC(CC1)CCC2=C(C(=CC=C2)CCC3CCCCC3)N4C(=O)C5=C6C(=CC=C7C6=C(C=C5)C(=O)N(C7=O)C8=C(C=CC=C8CCC9CCCCC9)CCC1CCCCC1)C4=O,PDI core not found
CC1=CC(=C(C=C1)C2=C(C=C(C=C2)N3C(=O)C4=C5C(=CC=C6C5=C(C=C4)C(=O)N(C6=O)C)C3=O)S(=O)(=O)OC)CS(=O)(=O)O,PDI core not found
CCCCCCCCCCCCC(CCCCCCCCCC)CCN1C(=O)C2=C3C=C(SC3=C4C5=C2C(=C6C(=C5C(=O)N(C4=O)CCC(CCCCCCCCCC)CCCCCCCCCCCC)C=C(S6)C7=CC8=C9C2=C(C=CC3=C2C(=C8S7)C(=O)N(C3=O)CCCCCCCC)C(=O)N(C9=O)CCCCCCCC)C1=O)C1=CC2=C3C4=C(C=CC5=C4C(=C2S1)C(=O)N(C5=O)CCCCCCCC)C(=O)N(C3=O)CCCCCCCC,PDI core not found
CCCCCC1CCC(CC1)N2C(=O)C3=C4C(=CC=C5C4=C(C=C3)C(=O)N(C5=O)C6CCC7(CC6)CC7CCCC)C2=O,PDI core not found
C1=CC2=C3C(=CC=C4C3=C1C(=O)N(C4=O)C5=NC=C(S5)[N+](=O)[O-])C(=O)N(C2=O)C6=NC=C(S6)[N+](=O)[O-],PDI core not found
CCCC(CCC)N1C(=O)C2=C3C(=CC=C4C3=C(C=C2)C(=O)N(C4=O)CCCC(C)CN5C(=O)C6=C7C(=CC=C8C7=C(C=C6)C(=O)N(C8=O)C(CCC)CCC)C5=O)C1=O,PDI core not found
CC(C)(C)C1=CC=C(C=C1)N2C(=O)C3=C4C(=CC=C5C4=C(C=C3)C(=O)N(C5=O)CCOC(=O)C6=CC=CC7=C6C8=CC=CC=C8C7=C(C#N)C#N)C2=O,PDI core not found
CCC(CC)N1C(=O)C2=C3C(=CC=C4C3=C(C=C2)C(=O)N(C4=O)CCOCCN5C(=O)C6=C7C(=CC=C8C7=C(C=C6)C(=O)N(C8=O)C(CC)CC)C5=O)C1=O,PDI core not found
CC1=CC=C(C=C1)C2=CC=C(C=C2)N3C(=O)C4=C5C(=CC=C6C5=C(C=C4)C(=O)N(C6=O)C)C3=O,PDI core not found
CCCCCCCCOC(=O)CC1=CSC(=N1)N2C(=O)C3=C4C(=CC=C5C4=C(C=C3)C(=O)N(C5=O)C6=NC(=CS6)CC(=O)OCCCCCCC)C2=O,PDI core not found
C1=CC2=C3C(=CC=C4C3=C1C(=O)N(C4=O)CCC[N+]5=CC=C(C=C5)C6=CC=NC=C6)C(=O)N(C2=O)CCC[N+]7=CC=C(C=C7)C8=CC=[N+](C=C8)CCCN9C(=O)C1=C2C(=CC=C3C2=C(C=C1)C(=O)N(C3=O)CCC[N+]1=CC=C(C=C1)C1=CC=NC=C1)C9=O,PDI core not found
C[N+]1=CC=C(C=C1)C2=CC=[N+](C=C2)CCCN3C(=O)C4=C5C(=CC=C6C5=C(C=C4)C(=O)N(C6=O)CCC[N+]7=CC=C(C=C7)C8=CC=[N+](C=C8)C)C3=O,PDI core not found
CCCCCCCCCCCCC(CCCCCCCCCC)CN1C(=O)C2=CC(=C3C4=C(C=C(C(=C24)C1=O)C5=CC=C(S5)C)C(=O)N(C3=O)CC(CCCCCCCCCC)CCCCCCCCCCCC)C6=CC=C(S6)C,PDI core not found
CCCCCCCCC(CCCCCCCC)N1C2=C(C=CC(=C2)C3=CC4=C5C6=C(C=CC7=C6C(=C4S3)C(=O)N(C7=O)CC(CC)CCCC)C(=O)N(C5=O)CC(CC)CCCC)C8=C1C=C(C=C8)C9=CC1=C2C3=C(C=CC4=C3C(=C1S9)C(=O)N(C4=O)CC(CC)CCCC)C(=O)N(C2=O)CC(CC)CCCC,PDI core not found
CCCCC(CC)CN1C(=O)C2=C3C4=C(C=C2)C(=O)N(C(=O)C4=C5C(=C3C1=O)C=C(S5)C6=CC7=C(C=C6)C8=C(C79C1=C(C=CC(=C1)C1=CC2=C3C4=C(C=CC5=C4C(=C2S1)C(=O)N(C5=O)CC(CC)CCCC)C(=O)N(C3=O)CC(CC)CCCC)C1=C9C=C(C=C1)C1=CC2=C3C4=C(C=CC5=C4C(=C2S1)C(=O)N(C5=O)CC(CC)CCCC)C(=O)N(C3=O)CC(CC)CCCC)C=C(C=C8)C1=CC2=C3C4=C(C=CC5=C4C(=C2S1)C(=O)N(C5=O)CC(CC)CCCC)C(=O)N(C3=O)CC(CC)CCCC)CC(CC)CCCC,PDI core not found
CCCCCCCCC1(C2=C(C=CC(=C2)C3=CC4=C5C6=C(C=CC7=C6C(=C4S3)C(=O)N(C7=O)CC(CC)CCCC)C(=O)N(C5=O)CC(CC)CCCC)C8=C1C=C(C=C8)C9=CC1=C2C3=C(C=CC4=C3C(=C1S9)C(=O)N(C4=O)CC(CC)CCCC)C(=O)N(C2=O)CC(CC)CCCC)CCCCCCCC,PDI core not found
CCCCCCCCCCCCC(CCCCCCCCCC)CCN1C(=O)C2=C3C=C(SC3=C4C5=C2C(=C6C(=C5C(=O)N(C4=O)CCC(CCCCCCCCCC)CCCCCCCCCCCC)C=C(S6)C7=CC8=C9C2=C(C=CC3=C2C(=C8S7)C(=O)N(C3=O)CC(CC)CCCC)C(=O)N(C9=O)CC(CC)CCCC)C1=O)C1=CC2=C3C4=C(C=CC5=C4C(=C2S1)C(=O)N(C5=O)CC(CC)CCCC)C(=O)N(C3=O)CC(CC)CCCC,PDI core not found
C1=CC(=CC=C1C2=CC(=CC(=C2)N3C(=O)C4=C5C(=CC=C6C5=C(C=C4)C(=O)N(C6=O)C7=CC(=CC(=C7)C8=CC=C(C=C8)OC=O)C9=CC=C(C=C9)C(=O)O)C3=O)C1=CC=C(C=C1)OC=O)C(=O)O,PDI core not found
CCCCCCCCN1C(=O)C2=CC(=C3C4=C2C(=CC(=C4C(=O)N(C3=O)CCCCCCCC)C(C)(C)C)C1=O)C(C)(C)C,PDI core not found
CCCCCCCCN1C(=O)C2=CC(=C3C4=C2C(=C(C=C4C(=O)N(C3=O)CCCCCCCC)C(C)(C)C)C1=O)C(C)(C)C,PDI core not found
CCC1=C2C3=C(C=CC4=C3C(=C1C)C(=O)N(C4=O)C5=CC=CC=C5)C(=O)N(C2=O)C6=CC=CC=C6,PDI core not found
CC(C)(C)C1=CC=C(C=C1)N2C(=O)C3=C4C(=CC=C5C4=C(C=C3)C(=O)N(C5=O)C6=CC=C(C=C6)OC(C)(C)C)C2=O,PDI core not found
C1=CC(=C(C=C1N2C(=O)C3=C4C(=CC=C5C4=C(C=C3)C(=O)N(C5=O)C6=CC(=C(C=C6)C#N)N)C2=O)C#N)C#N,PDI core not found
CCCCCCCCCCCCC(CCCCCCCCCC)CN1C(=O)C2=CC(=C3C4=C(C=C(C(=C24)C1=O)C5=CC=C(S5)C)C(=O)NC3=O)C6=CC=C(S6)C7=CC=C(S7)C=CC8=CC=C(S8)C,PDI core not found
CC(C)(C)N1C(=O)C2=C3C(=CC=C4C3=C(C=C2)C(=O)N(C4=O)C)C1=O,PDI core not found
C1CCC2C(C1)N3C(=O)C4=C5C(=CC=C6C5=C(C=C4)C(=O)N(C6=O)C7CCCCC7N8C(=O)C9=C1C(=CC=C4C1=C(C=C9)C(=O)N(C4=O)C1CCCCC1N1C(=O)C4=C5C(=CC=C6C5=C(C=C4)C(=O)N2C6=O)C1=O)C8=O)C3=O,PDI core not found
CC(C)C(C)(C)C1=CC=C(C=C1)N2C(=O)C3=C4C(=CC=C5C4=C(C=C3)C(=O)N(C5=O)C(C)(C)C(C)C)C2=O,PDI core not found
CCCN1C(=O)C2=C3C(=CC=C4C3=C(C=C2)C(=O)N(C4=O)CCNCCCN5CCOCC5)C1=O,PDI core not found
C1=CC2=C3C(=CC=C4C3=C1C(=O)N(C4=O)CCCSCCSCCS)C(=O)N(C2=O)CCCSCCSCCS,PDI core not found
C1=CC2=C3C(=CC=C4C3=C1C(=O)N(C4=O)CCCSCCSCCOCCSCCS)C(=O)N(C2=O)CCCSCCSCCOCCSCCS,PDI core not found
CCC1=C(C(=CC=C1)CC)N2C(=O)C3=C4C(=CC=C5C4=C(C=C3)C(=O)N(C5=O)C6=C(C=CC=C6CC)CC)C2=O,PDI core not found
CC=C(C=CN=C)N1C(=O)C2=C3C(=CC=C4C3=C(C=C2)C(=O)N(C4=O)C5=CC=NC=C5)C1=O,PDI core not found
CC1CCCC(CCC1)N2C(=O)C3=C4C5=C(C(=C3)C6CCCC(CCC6)C7CCCC7)C(=O)N(C(=O)C5=CC(=C4C2=O)C8CCCC(CCC8)C9CCCC9)C1CCCC(CCC1)C1CCCC1,PDI core not found
C1CCC2C(C1)N3C(=O)C4CC=C5C6=C(C=CC(=C46)C3=O)C(=O)N(C5=O)C7CCCCC7N8C(=O)C9=C1C(=CC=C3C1=C(C=C9)C(=O)N(C3=O)C1CCCCC1N1C(=O)C3=C4C(=CC=C5C4=C(C=C3)C(=O)N2C5=O)C1=O)C8=O,PDI core not found
C1CCC2C(C1)N3C(=O)C4=C5C(=CC=C6C5=C(C=C4)C(=O)N(C6=O)C7CCCCC7N8C(=O)C9=C1C(=CC=C4C1=C(C=C9)C(=O)N(C4=O)C1CCCCC1N1C(=O)C4=C5C(=CC=C6C5=C(C=C4)C(=O)N2C6=O)C1=O)C8=O)C3=O,PDI core not found
C1CCC(CC1)N2C(=O)C3=C4C(=CC=C5C4=C(C=C3)C(=O)N(C5=O)C6CCCCC6N7C(=O)C8=C9C(=CC=C1C9=C(C=C8)C(=O)N(C1=O)C1CCCCC1N1C(=O)C3=C4C(=CC=C5C4=C(C=C3)C(=O)NC5=O)C1=O)C7=O)C2=O,PDI core not found
CC(C)N1C(=O)C2C=CC3=C4C2C(=CC=C4C(=O)N(C3=O)C5=CC=C(C=C5)C6=C7C(=C(C8=C6C9=CC=CC=C9N8C2=CC=CC=C2)C2=CC=C(C=C2)N2C(=O)C3=C4C(=CC=C5C4=C(C=C3)C(=O)N(C5=O)C(C)C)C2=O)C2=CC=CC=C2N7C2=CC=CC=C2)C1=O,PDI core not found
CC(C)(C1=CC(=C(C=C1)OC(=O)C=C)N2C(=O)C3=C4C(=CC=C5C4=C(C=C3)C(=O)N(C5=O)C6=CC(=CC(=C6)N7C8=CC=CC=C8N=C7C9=CC=CC=C9)N1C3=CC=CC=C3N=C1C1=CC=CC=C1)C2=O)C1=CC(=C(C=C1)OC(=O)C=C)N1C(=O)C2=C3C(=CC=C4C3=C(C=C2)C(=O)N(C4=O)C2=CC(=CC(=C2)N2C3=CC=CC=C3N=C2C2=CC=CC=C2)N2C3=CC=CC=C3N=C2C2=CC=CC=C2)C1=O,PDI core not found
CC(C)(C1=CC(=C(C=C1)OC(=O)C=C)N2C(=O)C3=C4C(=CC=C5C4=C(C=C3)C(=O)N(C5=O)C6=CC(=CC(=C6)N7C8=CC=CC=C8N=C7C9=CC=CC=C9)N1C3=CC=CC=C3N=C1C1=CC=CC=C1)C2=O)C1=CC(=C(C=C1)OC(=O)C=C)N1C(=O)C2=CC3=C(C=C2C1=O)C(=O)N(C3=O)C1=C(C=C(C=C1N1C2=CC=CC=C2C2=CC=CC=C21)N1C2=CC=CC=C2C2=CC=CC=C21)N1C2=CC=CC=C2C2=CC=CC=C21,PDI core not found
CC(C)(C1=CC(=C(C=C1)OC(=O)C=C)N2C(=O)C3=C4C(=CC=C5C4=C(C=C3)C(=O)N(C5=O)C6=CC(=CC(=C6)N7C8=CC=CC=C8C9=CC=CC=C97)N1C3=CC=CC=C3C3=CC=CC=C31)C2=O)C1=CC(=C(C=C1)OC(=O)C=C)N1C(=O)C2=C3C(=CC=C4C3=C(C=C2)C(=O)N(C4=O)C2=CC(=CC(=C2)N2C3=CC=CC=C3N=C2C2=CC=CC=C2)N2C3=CC=CC=C3N=C2C2=CC=CC=C2)C1=O,PDI core not found
CC(C)(C1=CC(=C(C=C1)O)N2C(=O)C3=C4C(=CC=C5C4=C(C=C3)C(=O)N(C5=O)C6=CC(=CC(=C6)N7C8=CC=CC=C8N=C7C9=CC=CC=C9)N1C3=CC=CC=C3N=C1C1=CC=CC=C1)C2=O)C1=CC(=C(C=C1)O)N1C(=O)C2=C3C(=CC=C4C3=C(C=C2)C(=O)N(C4=O)C2=CC(=CC(=C2)N2C3=CC=CC=C3N=C2C2=CC=CC=C2)N2C3=CC=CC=C3N=C2C2=CC=CC=C2)C1=O,PDI core not found
CC(C)(C1=CC(=C(C=C1)O)N2C(=O)C3=C4C(=CC=C5C4=C(C=C3)C(=O)N(C5=O)C6=CC(=CC(=C6)N7C8=CC=CC=C8N=C7C9=CC=CC=C9)N1C3=CC=CC=C3N=C1C1=CC=CC=C1)C2=O)C1=CC(=C(C=C1)O)N1C(=O)C2=CC3=C(C=C2C1=O)C(=O)N(C3=O)C1=C(C=C(C=C1N1C2=CC=CC=C2C2=CC=CC=C21)N1C2=CC=CC=C2C2=CC=CC=C21)N1C2=CC=CC=C2C2=CC=CC=C21,PDI core not found
CC(C)C(=O)N1C(=O)C2=C3C(=CC=C4C3=C(C=C2)C(=O)N(C4=O)C(C)C)C1=O,PDI core not found
CC(C)C(=O)N1C(=O)C2=C3C(=CC=C4C3=C(C=C2)C(=O)N(C4=O)C)C1=O,PDI core not found
CN(C)CCCN1C(=O)C2=CC(=C3C4=C2C(=C(C=C4C(=O)N(C3=O)CCCN(C)C)N(C)C)C1=O)N(C)C,PDI core not found
CCCCCCCCCCCC(CCCCCCCCCCC)N1C(=O)C2=C3C(=CC=C4C3=C(C=C2)C(=O)N(C4=O)C(CCCCCCCCCCC)CCCCCCCCCCC)C1=O,PDI core not found
CN(C)CCCN1C(=O)C2=C3C(=CC=C4C3=C(C=C2)C(=O)N(C4=O)CCC[N+](C)(C)C)C1=O,PDI core not found
CC(C)C1=C(C(=CC=C1)C(C)C)N2C(=O)C3=CC(=C4C5=C(C=C(C(=C35)C2=O)C6=CN=CN=C6)C(=O)N(C4=O)C7=C(C=CC=C7C(C)C)C(C)C)C8=CN=CN=C8,PDI core not found
CCCCC(C)N1C(=O)C2=C3C(=CC=C4C3=C(C=C2)C(=O)N(C4=O)N5C(=O)C6=C7C(=CC=C8C7=C(C=C6)C(=O)N(C8=O)C(C)CCCC)C5=O)C1=O,PDI core not found
CC1=CC=C(C=C1)SSSC2=CC=C(C=C2)N3C(=O)C4=C5C(=CC=C6C5=C(C=C4)C(=O)N(C6=O)C)C3=O,PDI core not found
C[NH+](C)CCCN1C(=O)C2=C3C(=CC=C4C3=C(C=C2)C(=O)N(C4=O)CCC[N+](C)(C)C)C1=O,PDI core not found
C1CC=C(C=C1)OC2=CC=C(C=C2)N3C(=O)C4=C5C(=CC=C6C5=C(C=C4)C(=O)N(C6=O)C7=CC=C(C=C7)OC8=CC=CC=C8)C3=O,PDI core not found
C1C(=CC=CN1)CN2C(=O)C3=C4C(=CC=C5C4=C(C=C3)C(=O)N(C5=O)CC6=CN=CC=C6)C2=O,PDI core not found
C1CC2=C(C=CC(=C2)N3C(=O)C4=C5C(=CC=C6C5=C(C=C4)C(=O)NC6=O)C3=O)N=C1,PDI core not found
CC(C)CC(CO)N1C(=O)C2=C3C(=CC=C4C3=C(C=C2)C(=O)N(C4=O)C5CCC(CC5)CCO)C1=O,PDI core not found
C1CCC(C(C1)C2C(=O)C3=C4C(=CC=C5C4=C(C=C3)C(=O)N(C5=O)C6CCCCC6N7C(=O)C8=C9C(=CC=C1C9=C(C=C8)C(=O)N(C1=O)C1CCCCC1N)C7=O)C2=O)N,PDI core not found
C=C1C2=C3C(=CC=C4C3=C(C=C2)C(=O)N(C4=O)C5CCCCC5)C(=O)N1C6CCCCC6N7C(=O)C8=C9C(=CC=C1C9=C(C=C8)C(=O)NC1=O)C7=O,PDI core not found
C1CCC(CC1)N2C(=O)C3=C4C(=CC=C5C4=C(C=C3)C(=O)N(C5=O)C6CCCCC6N7C(=O)C8=C9C(=CC=C1C9=C(C=C8)C(=O)NC1=O)C7=O)C2=O,PDI core not found
C1CCC(C(C1)N)N2C(=O)C3=C4C(=CC=C5C4=C(C=C3)C(=O)N(C5=O)C6CCCCC6N7C(=O)C8=C9C(=CC=C1C9=C(C=C8)C(=O)N(C1=O)C1CCCCC1N)C7=O)C2=O,PDI core not found
C1CCC(C(C1)N)N2C(=O)C3=C4C(=CC=C5C4=C(C=C3)C(=O)N(C5=O)C6CCCCC6N7C(=O)C8=C9C(=CC=C1C9=C(C=C8)C(=O)N(C1=O)C1CCCCC1N)C7=O)C2=O,PDI core not found
C1CCC(C(C1)N)N2C(=O)C3=C4C(=CC=C5C4=C(C=C3)C(=O)N(C5=O)C6CCCCC6N7C(=O)C8=C9C(=CC=C1C9=C(C=C8)C(=O)N(C1=O)C1CCCCC1N)C7=O)C2=O,PDI core not found
C1CCC(C(C1)C2C(=O)C3=C4C(=CC=C5C4=C(C=C3)C(=O)N(C5=O)C6CCCCC6N7C(=O)C8=C9C(=CC=C1C9=C(C=C8)C(=O)N(C1=O)C1CCCCC1N)C7=O)C2=O)N,PDI core not found
C1CCC(C(C1)C2C(=O)C3=C4C(=CC=C5C4=C(C=C3)C(=O)N(C5=O)C6CCCCC6N7C(=O)C8=C9C(=CC=C1C9=C(C=C8)C(=O)N(C1=O)C1CCCCC1N)C7=O)C2=O)N,PDI core not found
C1C2=CC=CC=C2C3=C1C=C(C=C3)N4C(=O)C5=C6C(=CC=C7C6=C(C=C5)C(=O)N(C7=O)C8=CC=CC=C8)C4=O,PDI core not found
CCCCCCNC1=C(C2=C3C4=C1CN(C(=O)C4=C(C(=C3C(=O)N(C2=O)N5C(=O)C6=C(C(=C7C8=C6C(=C(C(=C8C(=O)N(C7=O)C9=CC=CC=C9)NCCCCCC)NCCCCCC)C5=O)NCCCCCC)NCCCCCC)NCCCCCC)NCCCCCC)C1=CC=CC=C1)NCCCCCC,PDI core not found
C1CCC2C(C1)NC3=C4C5=C6C(=C3N2)C(=O)N(C(=O)C6=C7C(=C5C(=O)N(C4=O)C8=CC=CC=C8)NC9CCCCC9N7)N1C(=O)C2=C3C(=C4C5=C2C(=C2C(=C5C(=O)N(C4=O)C4=CC=CC=C4)NC4CCCCC4N2)C1=O)NC1CCCCC1N3,PDI core not found
CCCCCCNC1=C2C3=C4C(=C1C5=C6C7=C8C(=C5NCCCCCC)C(=O)N(C(=O)C8=C(C(=C7C(=O)N(C6=O)C9=CC=CC=C9)NCCCCCC)NCCCCCC)C1=CC=CC=C1)C(=O)N(C(=O)C4=C(C(=C3C(=O)N(C2=O)C1=CC=CC=C1)NCCCCCC)NCCCCCC)C1=CC=CC=C1,PDI core not found
CC(C)N1C(=O)C2=C3C(=CC=C4C3=C(C=C2)C(=O)N(C4=O)C5=CC6=C(C=C5)C7=CC=CC=C7C6)C1=O,PDI core not found
C1C2=CC=CC=C2C3=C1C=C(C=C3)N4C(=O)C5=C6C(=CC=C7C6=C(C=C5)C(=O)N(C7=O)C8=CC=CC9=CC=CC=C98)C4=O,PDI core not found
CCCCCCNC1=C2C3=C4C(=C1C5=C6C7=C8C(=C5NCCCCCC)C(=O)NC(=O)C8=C(C(=C7C(=O)NC6=O)NCCCCCC)NCCCCCC)C(=O)NC(=O)C4=C(C(=C3C(=O)NC2=O)NCCCCCC)NCCCCCC,PDI core not found
C1C2=CC=CC=C2C3=C1C=C(C=C3)N4C(=O)C5=C6C(=CC=C7C6=C(C=C5)C(=O)N(C7=O)C8=CC9=C(C=C8)C1=CC=CC=C1C9)C4=O,PDI core not found
C1CCC2C(C1)NC3=C4C5=C(C=C(C6=C5C(=C3N2)C(=O)NC6=O)C7=CC8=C9C1=C7C(=O)NC(=O)C1=C1C(=C9C(=O)NC8=O)NC2CCCCC2N1)C(=O)NC4=O,PDI core not found
C1CCC2C(C1)NC3=C4C5=C(C=C(C6=C5C(=C3N2)C(=O)N(C6=O)C7=CC=CC=C7)C8=CC9=C1C2=C8C(=O)N(C(=O)C2=C2C(=C1C(=O)N(C9=O)C1=CC=CC=C1)NC1CCCCC1N2)C1=CC=CC=C1)C(=O)N(C4=O)C1=CC=CC=C1,PDI core not found
C1=CC=C(C=C1)N2C(=O)C3=C4C(=CC=C5C4=C(C=C3)C(=O)N(C5=O)C6=CC=CC7=CC=CC=C76)C2=O,PDI core not found
C1CCC2C(C1)NC3=C4C5=C6C(=C3N2)C(=O)N(C(=O)C6=C7C(=C5C(=O)NC4=O)NC8CCCCC8N7)N9C(=O)C1=C2C(=C3C4=C1C(=C1C(=C4C(=O)NC3=O)NC3CCCCC3N1)C9=O)NC1CCCCC1N2,PDI core not found
CCCCCCNC1=C(C2=C3C4=C1CNC(=O)C4=C(C(=C3C(=O)N(C2=O)N5C(=O)C6=C(C(=C7C8=C6C(=C(C(=C8C(=O)NC7=O)NCCCCCC)NCCCCCC)C5=O)NCCCCCC)NCCCCCC)NCCCCCC)NCCCCCC)NCCCCCC,PDI core not found
C1CC2CCC1CC2N3C(=O)C4=C5C(=CC=C6C5=C(C=C4)C(=O)N(C6=O)C7CC8CCC7CC8)C3=O,PDI core not found
C1=CC=C2C(=C1)C3=CC=CC4=CC(=CC2=C43)N5C(=O)C6=C7C(=CC=C8C7=C(C=C6)C(=O)N(C8=O)C9=CC1=C2C(=C9)C=CC=C2C2=CC=CC=C21)C5=O,PDI core not found
C1=CC=C(C=C1)N2C(=O)C3=C4C(=C5C6=C3C(=C7C(=C6C(=O)N(C5=O)C8=CC=CC=C8)NC9=CC=CC=C9N7)C2=O)NC1=CC=CC=C1N4,PDI core not found
CC(C)N1C(=O)C2=C3C(=CC=C4C3=C(C=C2)C(=O)N(C4=O)C5=CC=CC6=CC=CC=C65)C1=O,PDI core not found
C1=CC2=C3C(=CC=C4C3=C1C(=O)N(C4=O)C5=CC(=C(C(=C5)S)C(=O)O)S)C(=O)N(C2=O)C6=CC(=C(C(=C6)S)C(=O)O)S,PDI core not found
C1=CC2=C(C=C1N3C(=O)C4=C5C(=CC=C6C5=C(C=C4)C(=O)N(C6=O)C7=CC8=C(C=C7)NN=N8)C3=O)N=NN2,PDI core not found
CC(C1=CC=NC=C1)N2C(=O)C3=C4C(=CC=C5C4=C(C=C3)C(=O)N(C5=O)C(C)C6=CC=NC=C6)C2=O,PDI core not found
CC(C1=CN=CC=C1)N2C(=O)C3=C4C(=CC=C5C4=C(C=C3)C(=O)N(C5=O)C(C)C6=CN=CC=C6)C2=O,PDI core not found
CC(C1=CN=CC=C1)N2C(=O)C3=C4C(=CC=C5C4=C(C=C3)C(=O)N(C5=O)C(C)C6=CN=CC=C6)C2=O,PDI core not found
CC(C1=CC=CC=N1)N2C(=O)C3=C4C(=CC=C5C4=C(C=C3)C(=O)N(C5=O)C(C)C6=CC=CC=N6)C2=O,PDI core not found
CC(C1=CC2=CC=CC=C2C=C1)N3C(=O)C4=C5C(=CC=C6C5=C(C=C4)C(=O)N(C6=O)C(C)C7=CC8=CC=CC=C8C=C7)C3=O,PDI core not found
CC(C1=CC2=CC=CC=C2C=C1)N3C(=O)C4=C5C(=CC=C6C5=C(C=C4)C(=O)N(C6=O)C(C)C7=CC8=CC=CC=C8C=C7)C3=O,PDI core not found
CCCCCCCCCCCCC(CCCCCCCCCCCC)CN1C(=O)C2=CC(=C3C4=C(C=C(C(=C24)C1=O)C5=CC=C(S5)C)C(=O)N(C3=O)CC(CCCCCCCCCC)CCCCCCCCCCCC)C6=CC=C(S6)C7=CC8=C(S7)C=CC9=C8C=CC1=C9C=CC2=C1C=CC1=C2C=C(S1)C,PDI core not found
CC1=CC(=CC(=C1)OCCCCC(=O)OCCOCCOCCOCCCC(=O)CCCCCN2C(=O)C3=C4C(=CC=C5C4=C(C=C3)C(=O)N(C5=O)CCN(C)C)C2=O)OCCCCC(=O)CCOCCOCCOCCOCCNC(=O)CCCCCN6C(=O)C7=C8C(=CC=C9C8=C(C=C7)C(=O)N(C9=O)CCN(C)C)C6=O,PDI core not found
CCCCCCCCCCCCCCCCN1C2=C(C=C(C=C2C3=CC(=CC(=C31)C#CC4=C5C6=C(C=C(C7=C6C(=C4)C(=O)N(C7=O)CCCCCCCC)C)C(=O)N(C5=O)C)C(C)(C)C)C(C)(C)C)C#CC,PDI core not found
CC1=C(C=C(C=C1)C2=CC(=C(C=C2)N3C(=O)C4=C5C(=CC=C6C5=C(C=C4)C(=O)N(C6=O)C)C3=O)CS(=O)(=O)O)S(=O)(=O)OC,PDI core not found
CC(C)C1=C(C(=CC=C1)C(C)C)N2C(=O)C3=C4C5=C(C6=C3CC7=CC=CC=C76)C(=O)N(C(=O)C5=C8C(=C4C2=O)C9=CC=CC=C9N8)C1=C(C=CC=C1C(C)C)C(C)C,PDI core not found
CN(C)CCN1C(=O)C2=C3C(=CC=C4C3=C(C=C2)C(=O)N(C4=O)CCCC(=O)NCCCCCN(CCCCNC(=S)NCCSCC5C(C(C(O5)OC6C(C(CC(C6OC7C(C(C(C(O7)CN)O)O)N)N)N)O)O)OC8C(C(C(C(O8)CN)O)O)N)CCCNC(=S)NCCSCC9C(C(C(O9)OC2C(C(CC(C2OC2C(C(C(C(O2)CN)O)O)N)N)N)O)O)OC2C(C(C(C(O2)CN)O)O)N)C1=O,PDI core not found
C1CCC2C(C1)N3C(=O)C4=C5C(=CC=C6C5=C(C=C4)C(=O)N(C6=O)C7CCCCC7N8C(=O)C9=CC1=C(C=C9C8=O)C(=O)N(C1=O)C1CCCCC1N1C(=O)C4=C5C(=CC=C6C5=C(C=C4)C(=O)N2C6=O)C1=O)C3=O,PDI core not found
C1CCC2C(C1)N3C(=O)C4=C5C(=CC=C6C5=C(C=C4)C(=O)N(C6=O)C7CCCCC7N8C(=O)C9=CC1=C(C=C9C8=O)C(=O)N(C1=O)C1CCCCC1N1C(=O)C4=C5C(=CC=C6C5=C(C=C4)C(=O)N2C6=O)C1=O)C3=O,PDI core not found
C1CCC2C(C1)N3C(=O)C4=C5C(=CC=C6C5=C(C=C4)C(=O)N(C6=O)C7CCCCC7N8C(=O)C9=CC1=C(C=C9C8=O)C(=O)N(C1=O)C1CCCCC1N1C(=O)C4=C5C(=CC=C6C5=C(C=C4)C(=O)N2C6=O)C1=O)C3=O,PDI core not found
C1CCC2C(C1)N3C(=O)C4=C5C(=CC=C6C5=C(C=C4)C(=O)N(C6=O)C7CCCCC7N8C(=O)C9=CC1=C(C=C9C8=O)C(=O)N(C1=O)C1CCCCC1N1C(=O)C4=C5C(=CC=C6C5=C(C=C4)C(=O)N2C6=O)C1=O)C3=O,PDI core not found
C1=CC=C(C=C1)N2C(=O)C3=C4C(=CC(=C5C4=C(C=C3)C(=O)N(C5=O)C6=CC=CC=C6)N7C8=C(C=C(C=C8)N(C9=CC=CC=C9)C1=CC=CC=C1)C1=C7C=CC(=C1)N(C1=CC=CC=C1)C1=CC=CC=C1)C2=O,PDI core not found
CCNC(=O)C1=CC(=CC(=C1)OCCCCC(=O)CCOCCOCCOCCOCCNC(=O)CCCCCN2C(=O)C3=C4C(=CC=C5C4=C(C=C3)C(=O)N(C5=O)CCN(C)C)C2=O)OCCCCC(=O)CCOCCOCCOCCOCCCC(=O)CCCCCN6C(=O)C7=C8C(=CC=C9C8=C(C=C7)C(=O)N(C9=O)CCN(C)C)C6=O,PDI core not found
CN1C(=O)C2=C3C(=CC=C4C3=C(C=C2)C(=O)N(C4=O)C)C1=O.CN1C(=O)C2=C3C(=CC=C4C3=C(C=C2)C(=O)N(C4=O)C)C1=O,PDI core not found
CN1C(=O)C2=C3C(=CC=C4C3=C(C=C2)C(=O)N(C4=O)CCO)C1=O,PDI core not found
CC(C)C1=C(C(=CC=C1)C(C)C)N2C(=O)C3=C4C5=C(C6=C3CC7=C6C=C(C=C7)[N+]#[C-])C(=O)N(C(=O)C5=C8C(=C4C2=O)C9=C(N8)C=CC(=C9)C#N)C1=C(C=CC=C1C(C)C)C(C)C,PDI core not found
CCCCCCCCCCCCC(CCCCCCCCCC)CN1C(=O)C2=C3C(=CC=C4C3=C(C=C2)C(=O)NC4=O)C1=O,PDI core not found
CCN1C(=O)C2=C3C(=CC=C4C3=C(C=C2)C(=O)N(C4=O)CC)C1=O.CCN1C(=O)C2=C3C(=CC=C4C3=C(C=C2)C(=O)N(C4=O)CC)C1=O,PDI core not found
CCCCN1C(=O)C2=C3C(=CC=C4C3=C(C=C2)C(=O)N(C4=O)CCCCC(CC(=O)C(CCCCN)NC(=O)NC(=O)C(CCCCN5C(=O)C6=C7C(=CC=C8C7=C(C=C6)C(=O)N(C8=O)CCCC)C5=O)CC(=O)C(CCCCN)NC(=O)OCC9C2=CC=CC=C2C2=CC=CC=C92)C(=O)N)C1=O,PDI core not found
CC(C)C(CC(=O)C(CC(=O)O)NC(=O)C(CC1=CC=CC=C1)CC(=O)C(C)NC(=O)CN2C(=O)C3=C4C(=CC=C5C4=C(C=C3)C(=O)N(C5=O)CC(=O)CC(C)C(=O)NC(CC6=CC=CC=C6)C(=O)CC(CC(=O)O)C(=O)NC(C(C)C)C(=O)O)C2=O)C(=O)O,PDI core not found
CC(C)N1C(=O)C2=C3C(=CC=C4C3=C(C=C2)C(=O)N(C4=O)C(C)OC=O)C1=O,PDI core not found
CC(C)N1C(=O)C2=C3C(=CC=C4C3=C(C=C2)C(=O)N(C4=O)C(C)OC=O)C1=O,PDI core not found
C1CN(CCN1CCCNC(=O)C2=C(C=CC2)C3=CC=CC3)CCCN4C(=O)C5=C6C(=CC=C7C6=C(C=C5)C(=O)N(C7=O)CCCN8CCN(CC8)CCCNC(=O)C9=C(C=CC9)C1=CCC=C1)C4=O,PDI core not found
C1=CC=C(C=C1)N2C3=C(C=C(C=C3)C4=CC5=C6C7=C4C(=O)N(C(=O)C7=CC(=C6C(=O)N(C5=O)C8=C9C=CC=NC9=C1C(=C8)C=CC=N1)C1=CC3=C(C=C1)N(C1=CC=CC=C13)C1=CC=CC=C1)C1=C3C=CC=NC3=C3C(=C1)C=CC=N3)C1=CC=CC=C12.C1=CC=C(C=C1)N2C3=C(C=C(C=C3)C4=CC5=C6C7=C4C(=O)N(C(=O)C7=CC(=C6C(=O)N(C5=O)C8=C9C=CC=NC9=C1C(=C8)C=CC=N1)C1=CC3=C(C=C1)N(C1=CC=CC=C13)C1=CC=CC=C1)C1=C3C=CC=NC3=C3C(=C1)C=CC=N3)C1=CC=CC=C12.C1=CC=C(C=C1)N2C3=C(C=C(C=C3)C4=CC5=C6C7=C4C(=O)N(C(=O)C7=CC(=C6C(=O)N(C5=O)C8=C9C=CC=NC9=C1C(=C8)C=CC=N1)C1=CC3=C(C=C1)N(C1=CC=CC=C13)C1=CC=CC=C1)C1=C3C=CC=NC3=C3C(=C1)C=CC=N3)C1=CC=CC=C12,PDI core not found
CC(C)(C)N1C(=O)C2=C3C(=CC=C4C3=C(C=C2)C(=O)N(C4=O)C(C)(C)C)C1=O.CC(C)(C)N1C(=O)C2=C3C(=CC=C4C3=C(C=C2)C(=O)N(C4=O)C(C)(C)C)C1=O.CC(C)(C)N1C(=O)C2=C3C(=CC=C4C3=C(C=C2)C(=O)N(C4=O)C(C)(C)C)C1=O,PDI core not found
CCCCCCC(CCCCCC)N1C(=O)C2=CC(=C3C4=C2C(=C(C=C4C(=O)N(C3=O)C(CCCCCC)CCCCCC)C(C)C)C1=O)C(C)C,PDI core not found
C1=CC=C(C=C1)CC(C(=O)O)NC(=O)CN2C(=O)C3=C4C(=CC=C5C4=C(C=C3)C(=O)N(C5=O)CC(=O)NC(CC6=CC=CC=C6)C(=O)O)C2=O,PDI core not found
C1=CC=C(C=C1)CC(C(=O)O)NC(=O)CN2C(=O)C3=C4C(=CC=C5C4=C(C=C3)C(=O)NC5=O)C2=O,PDI core not found
CCCCCCCCC1(C2=C(C=CC(=C2)C)C3=C1C=C(C=C3)C4=C5C6=C(C=C(C7=C6C(=C4)C(=O)N(C7=O)C8=CC=CC=C8)C)C(=O)N(C5=O)C9=CC=CC=C9)CCCCCCCC,PDI core not found
CCCCCCCCC1(C2=C(C=CC(=C2)C)C3=C1C=C(C=C3)C4=CC5=C(C=C4)C6=C(C5(CCCCCC)CCCN7C(=O)C8=C9C(=CC=C1C9=C(C=C8)C(=O)N(C1=O)C1=CC=CC=C1)C7=O)C=C(C=C6)C)CCCCCCCC,PDI core not found
CC(C)C1=CC=C(C=C1)N2C(=O)C3=C4C(=CC=C5C4=C(C=C3)C(=O)N(C5=O)C(C)C)C2=O,PDI core not found
CC(C)CC(=O)N1C(=O)C2=C3C(=CC=C4C3=C(C=C2)C(=O)N(C4=O)C(C)C)C1=O,PDI core not found
CC(C)CCN1C(=O)C2=C3C(=CC=C4C3=C(C=C2)C(=O)N(C4=O)C(C)C)C1=O,PDI core not found
CC1=CC=C(S1)C2=CC=C(S2)C3=CC4=C5C6=C3C(=O)N(C(=O)C6=CC(=C5C(=O)N(C4=O)C)C7=CC=C(S7)C8=CC=C(S8)C9=C1C2=C(C=C(C3=C2C(=C9)C(=O)N(C3=O)C)C)C(=O)N(C1=O)C)C,PDI core not found
C1=CC=C(C=C1)CC(CC(=O)C(CC2=CC=CC=C2)N3C(=O)C4=C5C(=CC=C6C5=C(C=C4)C(=O)N(C6=O)C(CC7=CC=CC=C7)C(=O)NC(CC8=CC=CC=C8)C(=O)O)C3=O)C(=O)O,PDI core not found
CC1=CC(=CC(=C1)N2C(=O)C3=C4C(=CC=C5C4=C(C=C3)C(=O)N(C5=O)C6=CC(=CC(=C6)C)C)C2=O)C,PDI core not found
CC1CCCCCCC1C2=C3C4=C(C=C(C5=C4C(=C2)C(=O)N(C5=O)C6CCCCC(CCC6)CC7CCC7)C)C(=O)N(C3=O)C,PDI core not found
CC1=CC(=CC(=C1C)C)N2C(=O)C3=CC(=C4C5=C(C=C(C(=C35)C2=O)C6=CC7=C(S6)C8=C(S7)C=C(S8)C(C)(C)C)C(=O)N(C4=O)C9=CC(=C(C(=C9)C)C)C)C(C)(C)C,PDI core not found
CCCCCCC(CCCCCC)N1C(=O)C2=C3C(=C4C5=C2C(=C6C(=C5C(=O)N(C4=O)C(CCCCCC)CCCCCC)NC(=N6)C7=CC=CC=C7N)C1=O)N=C(N3)C8=CC=CC=C8N,PDI core not found
CC1=C(C=CC(=C1)N2C(=O)C3=C4C(=CC=C5C4=C(C=C3)C(=O)N(C5=O)C(C)C)C2=O)C6=C(C=C(C=C6)C(C)(C)C)S(=O)(=O)O,PDI core not found
CN(C)CCC[NH+]1C(=O)C2=C3C(=CC=C4C3=C(C=C2)C(=O)[NH+](C4=O)CCCN(C)C)C1=O,PDI core not found
CCC1=CC=C(C=C1)N2C(=O)C3=C4C(=CC=C5C4=C(C=C3)C(=O)N(C5=O)C6=CC(=C(C=C6C)[N+](=O)[O-])OC)C2=O,PDI core not found
CC(C)(C)OC(=O)NCCCN1CCN(CC1)CCCN2C(=O)C3=C4C(=CC=C5C4=C(C=C3)C(=O)N(C5=O)CCCN6CCN(CC6)CCCNC(=O)OC(C)(C)C)C2=O,PDI core not found
C1=CC=C(C=C1)N2C(=O)C3=C4C(=CC=C5C4=C(C=C3)C(=O)N(C5=O)CCOC(=O)C6=CC=CC7=C6C8=CC=CC=C8C7=C(C#N)C#N)C2=O,PDI core not found
CC1CCCC(C1)N2C(=O)C3=C4C(=CC=C5C4=C(C=C3)C(=O)N(C5=O)C6=CC=C(C=C6)OC7=CC(=CC=C7)OC8=CC=C(C=C8)N9C(=O)C1=C3C(=CC=C4C3=C(C=C1)C(=O)N(C4=O)C1CCCC(C1)C)C9=O)C2=O,PDI core not found
C1C=CC=C1C2C=CC=C2C3=CC=CC=C3N4C(=O)C5=C6C(=CC=C7C6=C(C=C5)C(=O)N(C7=O)C8=CC=CC=C8C9C=CC=C9C1=CC=CC1)C4=O,PDI core not found
CC(N)N1C(=O)C2=C3C(=CC=C4C3=C(C=C2)C(=O)N(C4=O)C5=CC(=C(C=C5)C6=C(C=C(C=C6)N)S(=O)(=O)O)S(=O)(=O)O)C1=O,PDI core not found
CC1=CC(=C(C=C1)OC2=CC(=C(C=C2)OC3=C(C=C(C=C3)N4C(=O)C5=C6C(=CC=C7C6=C(C=C5)C(=O)N(C7=O)C(C)(C)C(C)C8=CC(=C(C=C8)OC9=C(C=C(C=C9)N1C(=O)C2=C3C(=CC=C5C3=C(C=C2)C(=O)N(C5=O)C)C1=O)S(=O)(=O)O)S(=O)(=O)O)C4=O)C#N)C1=CC=C(C=C1)C#N)C#N,PDI core not found
C1=CC2=C3C(=CC=C4C3=C1C(=O)N(C4=O)CCOCCOCCOCCN=[N+]=[N-])C(=O)N(C2=O)CCOCCOCCOCCN=[N+]=[N-],PDI core not found
CCC(C)(C)OC1=C2C3=C4C(=C1)C(=O)N(C(=O)C4=C(C=C3C(=O)N(C2=O)C5=C(C=C(C=C5)C6=CCC=C6)C7=CC=CC7)OC(C)(C)CC)C8=C(C=C(C=C8)C9=CC=CC9)C1=CC=CC1,PDI core not found
CN1C(=O)C2=CC(=C3C4=C(C=C(C(=C24)C1=O)C5=CC=C(C=C5)CC(CC6=CC=CC=C6)C7=CC=CC=C7)C(=O)N(C3=O)C)C8=CC=C(C=C8)N(C9=CC=CC=C9)C1=CC=CC=C1,PDI core not found
CCCCC(CC)CN1C(=O)C2=C3C(=CC=C4C3=C(C=C2)C(=O)N(C4=O)CCOCCOCCN5C(=O)C6=C7C(=CC=C8C7=C(C=C6)C(=O)N(C8=O)CCCCCN9C=C(N=N9)CCC(=O)NCCCOC(C)(C)CCOC(C)(C)CCCNC(=O)CCC(=CN(CCCCCN2C(=O)C3=C4C(=CC=C6C4=C(C=C3)C(=O)N(C6=O)CCOCCOCCN3C(=O)C4=C6C(=CC=C7C6=C(C=C4)C(=O)N(C7=O)CC(CC)CCCC)C3=O)C2=O)N)N)C5=O)C1=O,PDI core not found
CC(C)N1C(=O)C2=C3C(=CC=C4C3=C(C=C2)C(=O)N(C4=O)N(CC5=CC=CC=C5)CC6=CC=CC=C6)C1=O,PDI core not found
CCC1=CC=CC(=C1N2C(=O)C3=C4C(=CC=C5C4=C(C=C3)C(=O)N(C5=O)C6=CC7=C(C=C6)N(C8=C7C=C(C=C8)N9C(=O)C1=C3C(=CC=C4C3=C(C=C1)C(=O)N(C4=O)C1=C(C=CC=C1CC)C)C9=O)CC)C2=O)C,PDI core not found
CCC(C)C(C(=O)CC(CC1=CC=CC=C1)C(=O)O)N2C(=O)C3=C4C(=CC=C5C4=C(C=C3)C(=O)N(C5=O)C(C(C)CC)C(=O)NC(CC6=CC=CC=C6)C(=O)O)C2=O,PDI core not found
C1COCCN1CCCNCCN2C(=O)C3=C4C(=CC=C5C4=C(C=C3)C(=O)N(C5=O)CCNCCCN6CCOCC6)C2=O,PDI core not found
CCCC(C)C1=CC=C(C=C1)N2C(=O)C3=C4C(=CC=C5C4=C(C=C3)C(=O)N(C5=O)C6=CC(=C(C=C6C)[N+](=O)[O-])OC)C2=O,PDI core not found
CC(C)(C)OC(=O)NCCCNCCNCCCN1C(=O)C2=C3C(=CC=C4C3=C(C=C2)C(=O)N(C4=O)CCCN5CCN(CC5)CCCNC(=O)OC(C)(C)C)C1=O,PDI core not found
CC(C)N1C(=O)C2=C3C(=CC=C4C3=C(C=C2)C(=O)N(C4=O)C5=C(C(=C(C(=C5N6C(=O)C7=C8C(=CC=C9C8=C(C=C7)C(=O)N(C9=O)C(C)C)C6=O)N2C(=O)C3=C4C(=CC=C5C4=C(C=C3)C(=O)N(C5=O)C(C)C)C2=O)N2C(=O)C3=C4C(=CC=C5C4=C(C=C3)C(=O)N(C5=O)C(C)C)C2=O)N2C(=O)C3=C4C(=CC=C5C4=C(C=C3)C(=O)N(C5=O)C(C)C)C2=O)N2C(=O)C3=C4C(=CC=C5C4=C(C=C3)C(=O)N(C5=O)C(C)C)C2=O)C1=O,PDI core not found
CN1C(=O)C2=C3C(=CC=C4C3=C(C=C2)C(=O)N(C4=O)C5=C(C(=C(C(=C5N6C(=O)C7=C8C(=CC=C9C8=C(C=C7)C(=O)N(C9=O)C)C6=O)N2C(=O)C3=C4C(=CC=C5C4=C(C=C3)C(=O)N(C5=O)C)C2=O)N2C(=O)C3=C4C(=CC=C5C4=C(C=C3)C(=O)N(C5=O)C)C2=O)N2C(=O)C3=C4C(=CC=C5C4=C(C=C3)C(=O)N(C5=O)C)C2=O)N2C(=O)C3=C4C(=CC=C5C4=C(C=C3)C(=O)N(C5=O)C)C2=O)C1=O,PDI core not found
C1CCN(C1)CCCC2=CC3=C4C5=C2C(=O)N(C(=O)C5=CC(=C4C(=O)N(C3=O)CCCN6CCOCC6)C7=CC=C(C=C7)CN8CCCC8)CCCN9CCOCC9,PDI core not found
C1CCC(C1)NCC2=CC=C(C=C2)C3=C4C5=C(C=C(C6=C5C(=C3)C(=O)N(C6=O)CCCN7CCOCC7)CCCN8CCCC8)C(=O)N(C4=O)CCCN9CCOCC9,PDI core not found
C1CCN(CC1)CC2=CC=C(C=C2)C3=C4C5=C(C=C(C6=C5C(=C3)C(=O)N(C6=O)CCCN7CCOCC7)CCCN8CCCC8)C(=O)N(C4=O)CCCN9CCOCC9,PDI core not found
CN1CCN(CC1)CC2=CC=C(C=C2)C3=C4C5=C(C=C(C6=C5C(=C3)C(=O)N(C6=O)CCCN7CCOCC7)CCCN8CCCC8)C(=O)N(C4=O)CCCN9CCOCC9,PDI core not found
C1CCN(C1)CCCC2=CC3=C4C5=C2C(=O)N(C(=O)C5=CC(=C4C(=O)N(C3=O)CCCN6CCOCC6)C7=CC=C(C=C7)CN8CCOCC8)CCCN9CCOCC9,PDI core not found
C1CCN(C1)CCCC2=CC3=C4C5=C2C(=O)N(C(=O)C5=CC(=C4C(=O)N(C3=O)CCCN6CCOCC6)C7=CC=CC(=C7)CN8CCCC8)CCCN9CCOCC9,PDI core not found
C1CCCN(CC1)CC2=CC=C(C=C2)C3=C4C5=C(C=C(C6=C5C(=C3)C(=O)N(C6=O)CCCN7CCOCC7)CCCN8CCCC8)C(=O)N(C4=O)CCCN9CCOCC9,PDI core not found
CCN(CC)CC1=CC=C(C=C1)C2=C3C4=C(C=C(C5=C4C(=C2)C(=O)N(C5=O)CCCN6CCOCC6)CCCN7CCCC7)C(=O)N(C3=O)CCCN8CCOCC8,PDI core not found
CCCCCCCCCCCCC(CCCCCCCCCC)CN1C(=O)C2=CC(=C3C4=C(C=C(C(=C24)C1=O)C)C(=O)N(C3=O)CC(CCCCCCCCCC)CCCCCCCCCCCC)C5=CC=C(S5)C6=CC=C(S6)C,PDI core not found
CC#CC1=C2C3=C(C=C(C4=C3C(=C1)C(=O)N(C4=O)CC(C)C)C)C(=O)N(C2=O)CC(C)C=C,PDI core not found
CC#CC1=C2C3=C(C=C(C4=C3C(=C1)C(=O)N(C4=O)C)C)C(=O)N(C2=O)C,PDI core not found
CC=CC1=C2C3=C(C=C(C4=C3C(=C1)C(=O)N(C4=O)C)C)C(=O)N(C2=O)C,PDI core not found
CCC(C)(CC)N1C(=O)C2=C3C(=CC=C4C3=C(C=C2)C(=O)N(C4=O)C5=C(C=C(C=C5)C6=CC(=C(C=C6)C(CC)(CC)C(CC)(CC)N7C(=O)C8=C9C(=CC=C2C9=C(C=C8)C(=O)N(C2=O)CC)C7=O)OCCCS(=O)(=O)O)OCCCS(=O)(=O)O)C1=O,PDI core not found
C1=CC2=C3C(=CC=C4C3=C1C(=O)N(C4=O)C5=C(SC=C5)N)C(=O)N(C2=O)C6=C(SC=C6)N,PDI core not found
C1CCC(CC1)N2C(=O)C3=C4C(=CC=C5C4=C(C=C3)C(=O)N(C5=O)C6CCCCC6N)C2=O,PDI core not found
CN1C(=O)C2=CC3=C(C=C2C1=O)C(=O)N(C3=O)C4CCCCC4N5C(=O)C6=CC7=C(C=C6C5=O)C(=O)N(C7=O)C8CCCCC8N9C(=O)C1=C2C(=CC=C3C2=C(C=C1)C(=O)N(C3=O)C1CCCCC1)C9=O,PDI core not found
CC1CCCCC1N2C(=O)C3=C(C2=O)C=C4C(=C3)C(=O)C(C4=O)C5CCCCC5N6C(=O)C7=C8C(=CC=C9C8=C(C=C7)C(=O)N(C9=O)C1CCCCC1N1C(=O)C2=C(C1=O)C=C1C(=C2)C(=O)NC1=O)C6=O,PDI core not found
C1CCC(CC1)N2C(=O)C3=C4C(=CC=C5C4=C(C=C3)C(=O)N(C5=O)C6CCCCC6N)C2=O,PDI core not found
C1CCC2C(C1)C3C(=O)C4=C5C(=CC=C6C5=C(C=C4)C(=O)N(C6=O)C7CCCCC7N8C(=O)C9=C1C(=CC=C4C1=C(C=C9)C(=O)N(C4=O)C1CCCCC1N1C(=O)C4=C(C1=O)C=C1C(=C4)C(=O)N2C1=O)C8=O)C3=O,PDI core not found
CCC(C)C(C(=O)NC(CC1=CC=CC=C1)C(=O)O)N2C(=O)C3=C4C(=CC=C5C4=C(C=C3)C(=O)N(C5=O)C(C(C)CC)C(=O)NC(CC6=CC=CC=C6)C(=O)O)C2=O,PDI core not found
CCCCCC(CC)N1C(=O)C2=C3C(=CC=C4C3=C(C=C2)C(=O)N(C4=O)N5C(=O)C6=C7C(=CC=C8C7=C(C=C6)C(=O)N(C8=O)C(CC)CCCCC)C5=O)C1=O,PDI core not found
CCCCCCC(CC)CN1C(=O)C2=CC(=C3C4=C(C=C(C(=C24)C1=O)C5=CC=C(S5)C6=CC7=C(C=C6)C8=C(C7(CCCCCCN(CC)CC)CCCCCCN(CC)CC)C=C(C=C8)C(C)(C)C)C(=O)N(C3=O)CC(CC)CCCCCC)C9=CC=C(S9)C(C)(C)C,PDI core not found
CCC(CC)(CCN1C(=O)C2=C3C(=CC=C4C3=C(C=C2)C(=O)N(C4=O)C(C)(C)C(C)C)C1=O)C(C)C,PDI core not found
CC(C)C(=O)N1C(=O)C2=C3C(=CC=C4C3=C(C=C2)C(=O)N(C4=O)C(C)(C)C)C1=O,PDI core not found
CCC(C)(C(C)C)C(=O)N1C(=O)C2=C3C(=CC=C4C3=C(C=C2)C(=O)N(C4=O)C(C)(CC)C(C)C)C1=O,PDI core not found
CCC(C)(C(C)C)N1C(=O)C2=C3C(=CC=C4C3=C(C=C2)C(=O)N(C4=O)C(C)(CC)C(C)C)C1=O,PDI core not found
CCC(C)(CC)CCN1C(=O)C2=C3C(=CC=C4C3=C(C=C2)C(=O)N(C4=O)C(C)(CC)CC)C1=O,PDI core not found
CNC1=C(C=CC(=C1)N2C(=O)C3=C4C(=CC=C5C4=C(C=C3)C(=O)N(C5=O)C6=CC(=C(C=C6)C#N)N)C2=O)C#N,PDI core not found
CC1=C(C=CC(=C1)N=NC2=CC(=CC=C2)S(=O)(=O)O)N3C(=O)C4=C5C(=CC=C6C5=C(C=C4)C(=O)N(C6=O)C7=C(C=C(C=C7)N=NC8=CC(=CC=C8)S(=O)(=O)O)C)C3=O,PDI core not found
C1=CC(=CC(=C1)S(=O)(=O)O)N=NC2=CC=C(C=C2)N3C(=O)C4=C5C(=CC=C6C5=C(C=C4)C(=O)N(C6=O)C7=CC=C(C=C7)N=NC8=CC(=CC=C8)S(=O)(=O)O)C3=O,PDI core not found
CC(C)CC(CO)N1C(=O)C2=C3C(=CC=C4C3=C(C=C2)C(=O)N(C4=O)C5=CC=C(C=C5)O)C1=O,PDI core not found
CCC1=CC=CC(=C1N2C(=O)C3=C4C(=CC=C5C4=C(C=C3)C(=O)N(C5=O)C6=CC(=CC=C6)O)C2=O)C,PDI core not found
CCC1=C(C=CC(=C1)[N+](=O)[O-])N2C(=O)C3=C4C(=CC=C5C4=C(C=C3)C(=O)N(C5=O)C(CC)CO)C2=O,PDI core not found
C1CS(=O)(=O)CCN1CC2=CN(N=N2)CCOCCOCCOCCN3C(=O)C4=C5C(=CC=C6C5=C(C=C4)C(=O)N(C6=O)CCOCCOCCOCCN7C=C(N=N7)CN8CCS(=O)(=O)CC8)C3=O,PDI core not found
C1CCN(C1)CCNN2C(=O)C3=C4C(=CC=C5C4=C(C=C3)C(=O)NC5=O)C2=O,PDI core not found
C1=CC2=C(C=C1N)C(=O)C3=C(C2=O)C=C(C=C3)N4C(=O)C5=C6C(=CC=C7C6=C(C=C5)C(=O)N(C7=O)C8=CC9=C(C=C8)C(=O)C1=C(C9=O)C=CC(=C1)N)C4=O,PDI core not found
CCC(CO)N1C(=O)C2=C3C(=CC=C4C3=C(C=C2)C(=O)N(C4=O)C)C1=O,PDI core not found
CC(C)CC(CO)N1C(=O)C2=C3C(=CC=C4C3=C(C=C2)C(=O)NC4=O)C1=O,PDI core not found
CCC(CC1=CC=CCC1)N2C(=O)C3=C4C(=CC=C5C4=C(C=C3)C(=O)N(C5=O)C)C2=O,PDI core not found
COCC(CC1=CC=CC=C1)N2C(=O)C3=C4C(=CC=C5C4=C(C=C3)C(=O)NC5=O)C2=O,PDI core not found
CCC(CO)N1C(=O)C2=C3C(=CC=C4C3=C(C=C2)C(=O)NC4=O)C1=O,PDI core not found
CN1C(=O)C2=C3C(=CC=C4C3=C(C=C2)C(=O)N(C4=O)C(CO)C5=CC=CC=C5)C1=O,PDI core not found
CN1C(=O)C2=C3C(=CC=C4C3=C(C=C2)C(=O)N(C4=O)C(CC(=O)OC)CO)C1=O,PDI core not found
CCCCCCCCCCCCC(CCCCCCCCCC)CN1C(=O)C2=CC(=C3C4=C(C=C(C(=C24)C1=O)C)C(=O)N(C3=O)CC(CCCCCCCCCC)CCCCCCCCCCCC)C5=CC=C(S5)C=CC6=CC=C(S6)C,PDI core not found
CCCCCCCCCCCCC(CCCCCCCCCC)CN1C(=O)C2=C3C(=C4C=C(SC4=C5C3=C(C6=C2CC(C6)C7=CC=C(S7)C)C(=O)N(C5=O)CC(CCCCCCCCCC)CCCCCCCCCCCC)C8=CC=C(S8)C)C1=O,PDI core not found
CCCCCCCCCCCCC(CCCCCCCCCC)CN1C(=O)C2=CC(=C3C4=C(C=C(C(=C24)C1=O)C5=CC=C(S5)C=C6C=CC(=C(C#N)C#N)S6)C(=O)N(C3=O)CC(CCCCCCCCCC)CCCCCCCCCCCC)C7=CC=C(S7)C=C8C=CC(=C([N+]#[C-])[N+]#[C-])S8,PDI core not found
CCCCCCCCCCCCC(CCCCCCCCCC)CN1C(=O)C2=C3C=C(SC3=C4C5=C2C(=C6C(=C5C(=O)N(C4=O)CC(CCCCCCCCCC)CCCCCCCCCCCC)C=C(S6)C7=CC=C(S7)C=C8C=CC(=C([N+]#[C-])[N+]#[C-])S8)C1=O)C9=CC=C(S9)C=C1C=CC(=C(C#N)C#N)S1,PDI core not found
CCCCCCCCCCCCC(C)CN1C(=O)C2=C3C=C(SC3=C4C5=C2C(=C6C(=C5C(=O)N(C4=O)CC(CCCCCCCCCC)CCCCCCCCCCCC)C=C(S6)C7=CC=C(S7)C=C8C=CC(=C([N+]#[C-])[N+]#[C-])S8)C1=O)C9=CC=C(S9)C=C1C=CC(=C(C#N)C#N)S1,PDI core not found
CC(C)CN1C(=O)C2=CC(=C3C4=C(C=C(C(=C24)C1=O)C5=CC=C(S5)C=C6C=CC(=C(C#N)C#N)S6)C(=O)N(C3=O)CC(C)C)C7=CC=C(S7)C=C8C=CC(=C(C#N)C#N)S8,PDI core not found
CC(C)CN1C(=O)C2=C3C=C(SC3=C4C5=C2C(=C6C(=C5C(=O)N(C4=O)CC(C)C)C=C(S6)C7=CC=C(S7)C=C8C=CC(=C(C#N)C#N)S8)C1=O)C9=CC=C(S9)C=C1C=CC(=C(C#N)C#N)S1,PDI core not found
CC1=C(C=C(C=C1)N2C(=O)C3=C4C(=CC=C5C4=C(C=C3)C(=O)N(C5=O)C6=CC(=C(C=C6)C#N)C#N)C2=O)C#N,PDI core not found
C1=CC2=C3C(=CC=C4C3=C1C(=O)N(C4=O)CCC(=O)O)C(=O)N(C2=O)CC(=O)O,PDI core not found
CC(C)CCCC(C)CCN1C(=O)C2=C3C(=CC(=C4C3=C(C=C2)C(=O)N(C4=O)CCC(C)CCCC(C)C)C5=NC6=C(S5)C7=C(C68OCCO8)N=C(S7)C9=C2C3=C(C=CC4=C3C(=C9)C(=O)N(C4=O)CCC(C)CCCC(C)C)C(=O)N(C2=O)CCC(C)CCCC(C)C)C1=O,PDI core not found
CCC(C)C1=C2C3=C(C=C(C4=C3C(=C1)C(=O)N(C4=O)C)C5=NC6=C(S5)C7=C(C6=O)N=C(S7)C(CC)CC)C(=O)N(C2=O)C,PDI core not found
CCCCCCC(CC)CN1C(=O)C2=CC(=C3C4=C(C=C(C(=C24)C1=O)C5=CC=C(S5)C)C(=O)N(C3=O)CC(CC)CCCCCC)C6=CC=C(S6)C7=CC8=C(C=C7)C9=C(C8(CCCCCCN(CC)CC)CCCCCCN(CC)CC)C=C(C=C9)C,PDI core not found
CCCCCCCCN1C(=O)C2=CC(=C3C4=C(C=C(C(=C24)C1=O)C5=CC=C(C=C5)N6C7=C(C8=CC=CC=C8C=C7)C9=CC=CC=C96)C(=O)N(C3=O)CCCCCCCC)C1=CC=C(C=C1)N1C2=C(C3=C(C=CCC3)C=C2)C2=CC=CC=C21,PDI core not found
CC(C)CC(C(=O)OCCNC(=O)C=C)N1C(=O)C2=C3C(=CC=C4C3=C(C=C2)C(=O)N(C4=O)C(CC(C)C)C(=O)OCCNC(=O)C=C)C1=O,PDI core not found
CC(C)CC(C(=O)OCCNC(=O)C=C)N1C(=O)C2=C3C=CSC3=C4C5=C2C(=C6C(=C5C(=O)N(C4=O)C(CC(C)C)C(=O)OCCNC(=O)C=C)C=CS6)C1=O,PDI core not found
CC(C)CC(C(=O)OCCNC(=O)C(=C)C)N1C(=O)C2=C3C(=CC=C4C3=C(C=C2)C(=O)N(C4=O)C(CC(C)C)C(=O)OCCNC(=O)C(=C)C)C1=O,PDI core not found
CC(C)CC(C(=O)OCCNC(=O)C)N1C(=O)C2=C3C(=CC=C4C3=C(C=C2)C(=O)N(C4=O)C(CC(C)C)C(=O)OCCNC(=O)C)C1=O,PDI core not found
CC(C)CC(COC(=O)CCC(=O)OCCOC(=O)C=C)N1C(=O)C2=C3C(=CC=C4C3=C(C=C2)C(=O)N(C4=O)C(CC(C)C)COC(=O)CCC(=O)OCCOC(=O)C=C)C1=O,PDI core not found
CN1C(=O)C2=C3C(=CC=C4C3=C(C=C2)C(=O)N(C4=O)C5=CC=C(C=C5)S(=O)(=O)C)C1=O,PDI core not found
CN1C(=O)C2=C3C(=CC=C4C3=C(C=C2)C(=O)N(C4=O)C5=CC=C(C=C5)S(=O)(=O)C6=CC=C(C=C6)N7C(=O)C8=C9C(=CC=C2C9=C(C=C8)C(=O)N(C2=O)C)C7=O)C1=O,PDI core not found
CS(=O)(=O)C1=CC=C(C=C1)N2C(=O)C3=C4C(=CC=C5C4=C(C=C3)C(=O)NC5=O)C2=O,PDI core not found
C1=CC(=CC=C1N2C(=O)C3=C4C(=CC=C5C4=C(C=C3)C(=O)NC5=O)C2=O)S(=O)(=O)C6=CC=C(C=C6)N7C(=O)C8=C9C(=CC=C1C9=C(C=C8)C(=O)NC1=O)C7=O,PDI core not found
CC1=CC(=CC=C1)OC2=C3C4=C(C=CC5=C4C(=C2)C(=O)N(C5=O)C6=CC=NC=C6)C(=O)N(C3=O)C7=CC=NC=C7,PDI core not found
C1=CC=C(C=C1)C2=C3C4=C(C=CC5=C4C(=C2)C(=O)N(C5=O)C6=CC=C(C=C6)C#N)C(=O)N(C3=O)C7=CC=C(C=C7)C#N,PDI core not found
C1=CC(=CC=C1C#N)N2C(=O)C3=C4C(=CC(=C5C4=C(C=C3)C(=O)N(C5=O)C6=CC=C(C=C6)C#N)OC7=CC=C(C=C7)C#N)C2=O,PDI core not found
C1=CC(=CC=C1C#N)N2C(=O)C3=C4C(=CC(=C5C4=C(C=C3)C(=O)N(C5=O)C6=CC=C(C=C6)C#N)OC7=CC(=C(C=C7)C#N)C#N)C2=O,PDI core not found
C1=CC(=CC(=C1)OC2=C3C4=C(C=CC5=C4C(=C2)C(=O)N(C5=O)C6=CC=C(C=C6)C#N)C(=O)N(C3=O)C7=CC=C(C=C7)C#N)C#N,PDI core not found
CC1=CC(=CC=C1)OC2=C3C4=C(C=CC5=C4C(=C2)C(=O)N(C5=O)C6=CC=C(C=C6)C#N)C(=O)N(C3=O)C7=CC=C(C=C7)C#N,PDI core not found
CC1=CC2=C3C4=C1C(=O)N(C(=O)C4=CC(=C3C(=O)N(C2=O)CCCN(C)C)N(C)C)CCCN(C)C,PDI core not found
CC1=CC2=C3C(=C(C=C4C3=C1C(=O)N(C4=O)C(C)C)C)C(=O)N(C2=O)C(C)C,PDI core not found
CCCCC(CC)CN1C(=O)C2=C3C(=CC=C4C3=C(C=C2)C(=O)N(C4=O)C(CC(C)C)COC(=O)CCC(=O)OCCOC(=O)C=C)C1=O,PDI core not found
CCCCC(CC)CN1C(=O)C2=C3C(=CC=C4C3=C(C=C2)C(=O)N(C4=O)C(CC(C)C)COC(=O)CCC(=O)OC(COC(=O)C(=C)C)COC(=O)C(=C)C)C1=O,PDI core not found
CCCCCCCCCCC(CCCCCCCC)CN1C(=O)C2=CC(=C3C4=C(C=C(C(=C24)C1=O)C)C(=O)N(C3=O)CC(CCCCCCCC)CCCCCCCCCC)C5=NC=C(S5)C6=CN=C(S6)C,PDI core not found
CC1=CC=C(S1)C2=CC=C(N2)C3=C4C5=C(C=C(C6=C5C(=C3)C(=O)N(C6=O)S)C)C(=O)N(C4=O)S,PDI core not found
C1CCC(C(C1)N)N2C(=O)C3=C4C(=CC=C5C4=C(C=C3)C(=O)N(C5=O)C6CCCCC6N7C(=O)C8=C9C(=CC=C1C9=C(C=C8)C(=O)N(C1=O)C1CCCCC1N)C7=O)C2=O,PDI core not found
C1CCC(C(C1)C2C(=O)C3=C4C(=CC=C5C4=C(C=C3)C(=O)N(C5=O)C6CCCCC6N7C(=O)C8=C9C(=CC=C1C9=C(C=C8)C(=O)N(C1=O)C1CCCCC1N)C7=O)C2=O)N,PDI core not found
C1CCC(C(C1)C2C(=O)C3=C4C(=CC=C5C4=C(C=C3)C(=O)N(C5=O)C6CCCCC6N7C(=O)C8=C9C(=CC=C1C9=C(C=C8)C(=O)N(C1=O)C1CCCCC1N)C7=O)C2=O)N,PDI core not found
C1CCC(C(C1)N)N2C(=O)C3=C4C(=CC=C5C4=C(C=C3)C(=O)N(C5=O)C6CCCCC6N7C(=O)C8=C9C(=CC=C1C9=C(C=C8)C(=O)N(C1=O)C1CCCCC1N)C7=O)C2=O,PDI core not found
CC(C)(C)OC(=O)NC1CCCCC1N2C(=O)C3=C4C(=CC=C5C4=C(C=C3)C(=O)N(C5=O)C6CCCCC6N7C(=O)C8=C9C(=CC=C1C9=C(C=C8)C(=O)N(C1=O)C1CCCCC1NC(=O)OC(C)(C)C)C7=O)C2=O,PDI core not found
C1=CC2=C3C(=CC=C4C3=C1C(=O)N(C4=O)C5=CSC=C5)C(=O)N(C2=O)C6=CSC=C6,PDI core not found
C1=CSC(=C1)N2C(=O)C3=C4C(=CC=C5C4=C(C=C3)C(=O)N(C5=O)C6=CC=CS6)C2=O,PDI core not found
[C-]#[N+]C1=CC(=CC=C1)N2C(=O)C3=C4C(=CC=C5C4=C(C=C3)C(=O)N(C5=O)C6=CC=CC(=C6)C#N)C2=O,PDI core not found
C1=CC2=C3C(=CC=C4C3=C1C(=O)N(C4=O)C5=COC=C5)C(=O)N(C2=O)C6=COC=C6,PDI core not found
CC1=CC=C(O1)N2C(=O)C3=C4C(=CC=C5C4=C(C=C3)C(=O)N(C5=O)C6=CC=C(O6)C)C2=O,PDI core not found
CC1=CC=C(S1)N2C(=O)C3=C4C(=CC=C5C4=C(C=C3)C(=O)N(C5=O)C6=CC=C(S6)C)C2=O,PDI core not found
[C-]#[N+]N1C(=O)C2=C3C(=CC=C4C3=C(C=C2)C(=O)N(C4=O)C#N)C1=O,PDI core not found
[C-]#[N+]C1=CC=CC=C1N2C(=O)C3=C4C(=CC=C5C4=C(C=C3)C(=O)N(C5=O)C6=CC=CC=C6[N+]#[C-])C2=O,PDI core not found
C[N+](C)(C)CCC[N+](C)(C)CCCN1C(=O)C2=C3C(=CC=C4C3=C(C=C2)C(=O)N(C4=O)CCC[N+](C)(C)CC[N+](C)(C)C)C1=O,PDI core not found
C1=CC2=C3C(=CC=C4C3=C1C(=O)N(C4=O)CC(=O)O)C(=O)N(C2=O)COC=O,PDI core not found
C[N+](C)(C)CCC[N+](C)(C)CCCN1C(=O)C2=C3C(=CC=C4C3=C(C=C2)C(=O)N(C4=O)CCC[N+](C)(C)CCC[N+](C)(C)C)C1=O,PDI core not found
[C-]#[N+]C1=C(C=C(C=C1)N2C(=O)C3=C4C(=CC=C5C4=C(C=C3)C(=O)N(C5=O)C6=CC(=C(C=C6)C#N)C#N)C2=O)C#N,PDI core not found
CCCCCCCCCCCCC(CCCCCCCCCC)CN1C(=O)C2=C3C(=CC=C4C3=C(C=C2)C(=O)N(C4=O)CC(CCCCCCCCCC)CCCCCCCCCCCC)C1=O,PDI core not found
CCCCN1C(=O)C2=C3C(=CC=C4C3=C(C=C2)C(=O)N(C4=O)CCCC(=O)O)C1=O,PDI core not found
C1=CC=C2C(=C1)C3=CC=CC=C3N2C4=CC=C(C=C4)N5C(=O)C6=C7C(=CC=C8C7=C(C=C6)C(=O)N(C8=O)C9=CC=C(C=C9)N1C2=CC=CC=C2C2=CC=CC=C21)C5=O,PDI core not found
C1=CC=C2C=C3C=C(C=CC3=CC2=C1)N4C(=O)C5=C6C(=CC=C7C6=C(C=C5)C(=O)N(C7=O)C8=CC9=CC1=CC=CC=C1C=C9C=C8)C4=O,PDI core not found
C1CCC(CC1)C2=CC(=CC=C2)N3C(=O)C4=C5C(=CC=C6C5=C(C=C4)C(=O)N(C6=O)C7=CC=CC(=C7)C8CCCCC8)C3=O,PDI core not found
CC(C)C1=CC=C(C=C1)N2C(=O)C3=C4C(=CC=C5C4=C(C=C3)C(=O)N(C5=O)C6=CC=C(C=C6)C(C)C)C2=O,PDI core not found
C1=CC=C2C=C3C(=CC2=C1)C=CC=C3N4C(=O)C5=C6C(=CC=C7C6=C(C=C5)C(=O)N(C7=O)C8=CC=CC9=CC1=CC=CC=C1C=C98)C4=O,PDI core not found
C1CCC(CC1)C2=CC=C(C=C2)N3C(=O)C4=C5C(=CC=C6C5=C(C=C4)C(=O)N(C6=O)C7=CC=C(C=C7)C8CCCCC8)C3=O,PDI core not found
C1=CC=C(C=C1)C2=CC(=C(C=C2)N3C(=O)C4=C5C(=CC=C6C5=C(C=C4)C(=O)N(C6=O)C7=C(C=C(C=C7)C8=CC=CC=C8)C9=CC=CC=C9)C3=O)C1=CC=CC=C1,PDI core not found
C1CCC(CC1)C2=CC=CC=C2N3C(=O)C4=C5C(=CC=C6C5=C(C=C4)C(=O)N(C6=O)C7=CC=CC=C7C8CCCCC8)C3=O,PDI core not found
C1=CC=C(C=C1)C2=C(C(=CC=C2)C3=CC=CC=C3)N4C(=O)C5=C6C(=CC=C7C6=C(C=C5)C(=O)N(C7=O)C8=C(C=CC=C8C9=CC=CC=C9)C1=CC=CC=C1)C4=O,PDI core not found
CC(C)C1=CC=C(C=C1)N2C(=O)C3=C4C(=CC=C5C4=C(C=C3)C(=O)N(C5=O)C6=CC=C(C=C6)C(C)C)C2=O,PDI core not found
C1=CC=C2C(=C1)C3=C(O2)C=CC(=C3)N4C(=O)C5=C6C(=CC=C7C6=C(C=C5)C(=O)N(C7=O)C8=CC9=C(C=C8)OC1=CC=CC=C19)C4=O,PDI core not found
C1=CC=C(C=C1)C2=CC(=CC=C2)N3C(=O)C4=C5C(=CC=C6C5=C(C=C4)C(=O)N(C6=O)C7=CC=CC(=C7)C8=CC=CC=C8)C3=O,PDI core not found
CCC(CC)C1=CC=C(C=C1)N2C(=O)C3=C4C(=CC=C5C4=C(C=C3)C(=O)N(C5=O)C6=CC=C(C=C6)C(CC)CC)C2=O,PDI core not found
CCC(C)(CC)N1C(=O)C2=C3C(=CC=C4C3=C(C=C2)C(=O)N(C4=O)C(C)(CC)CC)C1=O,PDI core not found
C1=CC=C(C=C1)C2=C(C3=CC=CC=C3C=C2)N4C(=O)C5=C6C(=CC=C7C6=C(C=C5)C(=O)N(C7=O)C8=C(C=CC9=CC=CC=C98)C1=CC=CC=C1)C4=O,PDI core not found
CC(C)(C)C1=CC(=C(C(=C1)C2=CC=CC=C2)N3C(=O)C4=C5C(=CC=C6C5=C(C=C4)C(=O)N(C6=O)C7=C(C=C(C=C7C8=CC=CC=C8)C(C)(C)C)C9=CC=CC=C9)C3=O)C1=CC=CC=C1,PDI core not found
C1=CC=C2C(=C1)C3=C(S2)C=CC(=C3)N4C(=O)C5=C6C(=CC=C7C6=C(C=C5)C(=O)N(C7=O)C8=CC9=C(C=C8)SC1=CC=CC=C19)C4=O,PDI core not found
CC(C(CC(C(COC1C(C(C(O1)CSCCNC(=C)NCSN2C(=O)C3=C4C(=CC=C5C4=C(C=C3)C(=O)N(C5=O)CCN(C)C)C2=O)OC6C(C(C(C(O6)CN)O)O)N)O)O)N)N)OC7C(C(C(C(O7)CN)O)O)N,PDI core not found
CCC(CC)CC=C(C(=CC)C(=CC)C(=CC(=C)N1C(=O)C2=C3C(=CC=C4C3=C(C=C2)C(=O)N(C4=O)C(CC)CC)C1=O)S(=O)(=O)O)S(=O)(=O)O,PDI core not found
C1CCC(CC1)C2C(=O)C3=C4C(=CC=C5C4=C(C=C3)C(=O)N(C5=O)C6CCCCC6N7C(=O)C8=C9C(=CC=C1C9=C(C=C8)C(=O)NC1=O)C7=O)C2=O,PDI core not found
C1CCC(CC1)N2C(=O)C3=C4C(=CC=C5C4=C(C=C3)C(=O)N(C5=O)C6CCCCC6N7C(=O)C8=C9C(=CC=C1C9=C(C=C8)C(=O)CC1=O)C7=O)C2=O,PDI core not found
C1CCC(C(C1)N)N2C(=O)C3=C4C(=CC=C5C4=C(C=C3)C(=O)N(C5=O)C6CCCCC6N7C(=O)C8=C9C(=CC=C1C9=C(C=C8)C(=O)N(C1=O)C1CCCCC1N)C7=O)C2=O,PDI core not found
C1=CC(=C(C=C1C#N)C#N)N2C(=O)C3=C4C(=CC=C5C4=C(C=C3)C(=O)N(C5=O)C6=C(C=C(C=C6)C#N)C#N)C2=O,PDI core not found
CC(C)CC(COOCCOC(=O)C=C)N1C(=O)C2=C3C(=CC=C4C3=C(C=C2)C(=O)N(C4=O)C(CC(C)C)COOCCOC(=O)C=C)C1=O,PDI core not found
CN(C)CCCN1C(=O)C2=C3C(=CC=C4C3=C(C=C2)C(=O)NC4=O)C1=O,PDI core not found
CCCCCCCCCCC(CCCCCCCC)CN1C(=O)C2=C3C(=CC=C4C3=C(C=C2)C(=O)NC4=O)C1=O,PDI core not found
C1COCCN1CCCN2C(=O)C3=C4C(=CC=C5C4=C(C=C3)C(=O)NC5=O)C2=O,PDI core not found
C1COC1COCCCN2C(=O)C3=C4C(=CC=C5C4=C(C=C3)C(=O)N(C5=O)CCCOCC6CCO6)C2=O,PDI core not found
CCCCCCCCN1C(=O)C2=C3C(=CC=C4C3=C(C=C2)C(=O)N(C4=O)CCN=CC5=C(C=CC(=C5)[N+](=O)[O-])O)C1=O,PDI core not found
CC[N+](C)(CC)CCCC(C)N1C(=O)C2=C3C(=CC=C4C3=C(C=C2)C(=O)N(C4=O)C(C)CCC[N+](C)(CC)CC)C1=O,PDI core not found
C1C2CC3CC1CC(C2)(C3)NC(=O)C(CCCCN)N4C(=O)C5=C6C(=CC=C7C6=C(C=C5)C(=O)N(C7=O)C(CCCCN)C(=O)NC89CC1CC(C8)CC(C1)C9)C4=O,PDI core not found
C1=CC2=C3C(=CC=C4C3=C1C(=O)N(C4=O)C(CCCCN)C(=O)N)C(=O)N(C2=O)C(CCCCN)C(=O)N,PDI core not found
CCOC(=O)C1=C(SC2=C1C3=CC=CC=C3CCC2)N4C(=O)C5=C6C(=CC=C7C6=C(C=C5)C(=O)N(C7=O)C8=C(C9=C(S8)CCCC1=CC=CC=C19)C(=O)OCC)C4=O,PDI core not found
C1CC2=CC=CC=C2C3=C(C1)SC(=C3C#N)N4C(=O)C5=C6C(=CC=C7C6=C(C=C5)C(=O)N(C7=O)C8=C(C9=C(S8)CCCC1=CC=CC=C19)C#N)C4=O,PDI core not found
C1CC2=C(C=C(C=C2)[N+](=O)[O-])C3=C(C1)SC(=C3C#N)N4C(=O)C5=C6C(=CC=C7C6=C(C=C5)C(=O)N(C7=O)C8=C(C9=C(S8)CCCC1=C9C=C(C=C1)[N+](=O)[O-])C#N)C4=O,PDI core not found
CCOC(=O)C1=C(SC2=C1C3=C(CCC2)C=CC(=C3)[N+](=O)[O-])N4C(=O)C5=C6C(=CC=C7C6=C(C=C5)C(=O)N(C7=O)C8=C(C9=C(S8)CCCC1=C9C=C(C=C1)[N+](=O)[O-])C(=O)OCC)C4=O,PDI core not found
C[N+](C)(CCN1C(=O)C2=C3C(=CC=C4C3=C(C=C2)C(=O)N(C4=O)CC[N+](C)(C)CC5=CC=CC=C5)C1=O)CC6=CC=CC=C6,PDI core not found
C1=CC=C(C(=C1)C(=O)O)N2C(=O)C3=C4C(=CC=C5C4=C(C=C3)C(=O)N(C5=O)C6=CC=CC=C6C(=O)O)C2=O,PDI core not found
C1=CC(=C(C=C1O)N2C(=O)C3=C4C(=CC=C5C4=C(C=C3)C(=O)N(C5=O)C6=C(C=CC(=C6)O)C(=O)[O-])C2=O)C(=O)[O-],PDI core not found
C1=CC(=C(C=C1O)N2C(=O)C3=C4C(=CC=C5C4=C(C=C3)C(=O)N(C5=O)C6=C(C=CC(=C6)O)C(=O)O)C2=O)C(=O)O,PDI core not found
CC(=O)OC1=CC(=C(C=C1)C(=O)O)N2C(=O)C3=C4C(=CC=C5C4=C(C=C3)C(=O)N(C5=O)C6=C(C=CC(=C6)OC(=O)C)C(=O)O)C2=O,PDI core not found
C1=CC=C(C=C1)C(=O)C2=CC(=CC=C2)N3C(=O)C4=C5C(=CC=C6C5=C(C=C4)C(=O)N(C6=O)C7=CC=CC(=C7)C(=O)C8=CC=CC=C8)C3=O,PDI core not found
C1=CC(=CC=C1N2C(=O)C3=C4C(=CC=C5C4=C(C=C3)C(=O)N(C5=O)C6=CC=C(C=C6)SC7=CC=C(C=C7)[N+](=O)[O-])C2=O)SC8=CC=C(C=C8)[N+](=O)[O-],PDI core not found
C1=CC=C(C(=C1)N2C(=O)C3=C4C(=CC=C5C4=C(C=C3)C(=O)N(C5=O)C6=CC=CC=C6[N+](=O)[O-])C2=O)[N+](=O)[O-],PDI core not found
C1=CC=C2C(=C1)C(=O)C3=C(C2=O)C(=CC=C3)N4C(=O)C5=C6C(=CC=C7C6=C(C=C5)C(=O)N(C7=O)C8=CC=CC9=C8C(=O)C1=CC=CC=C1C9=O)C4=O,PDI core not found
CC1=C(C=C(C=C1)N2C(=O)C3=C4C(=CC=C5C4=C(C=C3)C(=O)N(C5=O)C6=CC(=C(C=C6)C)C)C2=O)C,PDI core not found
C1=CC(=CC=C1N2C(=O)C3=C4C(=CC=C5C4=C(C=C3)C(=O)N(C5=O)C6=CC=C(C=C6)OC7=CC=C(C=C7)[N+](=O)[O-])C2=O)OC8=CC=C(C=C8)[N+](=O)[O-],PDI core not found
C1=CC(=CC(=C1)N2C(=O)C3=C4C(=CC=C5C4=C(C=C3)C(=O)N(C5=O)C6=CC=CC(=C6)C(=O)[O-])C2=O)C(=O)[O-],PDI core not found
CCC1=CC=CC=C1N2C(=O)C3=C4C(=CC=C5C4=C(C=C3)C(=O)N(C5=O)C6=CC=CC=C6CC)C2=O,PDI core not found
CCC1=CC=C(C=C1)N2C(=O)C3=C4C(=CC=C5C4=C(C=C3)C(=O)N(C5=O)C6=CC=C(C=C6)CC)C2=O,PDI core not found
COC1=CC=C(C=C1)OCCN2C(=O)C3=C4C(=CC=C5C4=C(C=C3)C(=O)N(C5=O)CCOC6=CC=C(C=C6)OC)C2=O,PDI core not found
C1CCCCCC(CCCCC1)N2C(=O)C3=C4C(=CC=C5C4=C(C=C3)C(=O)N(C5=O)C6CCCCCCCCCCC6)C2=O,PDI core not found
C1CC=CC(C1)CCN2C(=O)C3=C4C(=CC=C5C4=C(C=C3)C(=O)N(C5=O)CCC6CCCC=C6)C2=O,PDI core not found
C1=CC=C(C=C1)COCCN2C(=O)C3=C4C(=CC=C5C4=C(C=C3)C(=O)N(C5=O)CCOCC6=CC=CC=C6)C2=O,PDI core not found
CC(=O)OC1=CC=C(C=C1)N2C(=O)C3=C4C(=CC=C5C4=C(C=C3)C(=O)N(C5=O)C6=CC=C(C=C6)OC(=O)C)C2=O,PDI core not found
CC1CCCC(C1C)N2C(=O)C3=C4C(=CC=C5C4=C(C=C3)C(=O)N(C5=O)C6CCCC(C6C)C)C2=O,PDI core not found
C1=CC2=C3C(=CC=C4C3=C1C(=O)N(C4=O)CCCCCC(=O)O)C(=O)N(C2=O)CCCCCC(=O)O,PDI core not found
C1=CC=C(C=C1)C(C2=CC=CC=C2)N3C(=O)C4=C5C(=CC=C6C5=C(C=C4)C(=O)N(C6=O)C(C7=CC=CC=C7)C8=CC=CC=C8)C3=O,PDI core not found
CC1(C2CCC(C2)(C1NCCCN3C(=O)C4=C5C(=CC=C6C5=C(C=C4)C(=O)N(C6=O)CCCNC7C(C8CCC7(C8)C)(C)C)C3=O)C)C,PDI core not found
CC1=CC=C(C=C1)NC2=C3C4=C(C=CC5=C4C(=C2)C(=O)N(C5=O)C6=CC=CC=C6)C(=O)N(C3=O)C7=CC=CC=C7,PDI core not found
CC1=CC(=CC=C1)NC2=C3C4=C5C(=C2)C(=O)N(C(=O)C5=C(C=C4C(=O)N(C3=O)C6=CC=CC(=C6)C)NC7=CC=CC(=C7)C)C8=CC=CC(=C8)C,PDI core not found
C1=CC2=C3C(=CC=C4C3=C1C(=O)N(C4=O)CCC(=O)[O-])C(=O)N(C2=O)CCC(=O)[O-],PDI core not found
CN1C(=O)C2=C3C(=CC(=C4C3=C(C=C2)C(=O)N(C4=O)C)N(C)C)C1=O,PDI core not found
C1=CC2=C3C(=CC=C4C3=C1C(=O)N(C4=O)C5=CC(=CC(=C5)C(=O)[O-])C(=O)[O-])C(=O)N(C2=O)C6=CC(=CC(=C6)C(=O)[O-])C(=O)[O-],PDI core not found
CCCCCOC(=O)CN1C(=O)C2=C3C(=CC=C4C3=C(C=C2)C(=O)N(C4=O)C5=CC=CC=N5)C1=O,PDI core not found
CN(CCCNC(=O)CC1C=CC=C1)CCCN2C(=O)C3=C4C(=CC=C5C4=C(C=C3)C(=O)N(C5=O)CCCN(C)CCCNC(=O)CC6=CCC=C6)C2=O,PDI core not found
C1=CC=C(C=C1)COC2C(C(C(C(O2)CN3C(=O)C4=C5C(=CC=C6C5=C(C=C4)C(=O)N(C6=O)CC7C(C(C(C(O7)OCC8=CC=CC=C8)NC(=O)C9=CC(=C(C=C9)NCC(C(C(C(COS(=O)(=O)O)OS(=O)(=O)O)OS(=O)(=O)O)OS(=O)(=O)O)OS(=O)(=O)O)[N+](=O)[O-])OS(=O)(=O)O)OS(=O)(=O)O)C3=O)OS(=O)(=O)O)OS(=O)(=O)O)NC(=O)C1=CC(=C(C=C1)NCC(C(C(C(COS(=O)(=O)O)OS(=O)(=O)O)OS(=O)(=O)O)OS(=O)(=O)O)OS(=O)(=O)O)[N+](=O)[O-],PDI core not found
CN(C)CCN1C(=O)C2=C3C(=CC=C4C3=C(C=C2)C(=O)N(C4=O)C5=NC=C(C=C5)C(=O)OC)C1=O,PDI core not found
C1=CC=NC(=C1)N2C(=O)C3=C4C(=CC=C5C4=C(C=C3)C(=O)N(C5=O)CCCO)C2=O,PDI core not found
COC(=O)C1=CN=C(C=C1)N2C(=O)C3=C4C(=CC=C5C4=C(C=C3)C(=O)N(C5=O)CCN)C2=O,PDI core not found
CCCCCCCCCCN1C(=O)C2=C3C(=CC=C4C3=C(C=C2)C(=O)N(C4=O)C5=NC=C(C=C5)C(=O)OC)C1=O,PDI core not found
CN(C)CCN1C(=O)C2=C3C(=CC=C4C3=C(C=C2)C(=O)N(C4=O)C5=CC=CC=N5)C1=O,PDI core not found
C1COCCN1CCN2C(=O)C3=C4C(=CC=C5C4=C(C=C3)C(=O)N(C5=O)C6=CC=CC=N6)C2=O,PDI core not found
C1CCN(C1)CCN2C(=O)C3=C4C(=CC=C5C4=C(C=C3)C(=O)N(C5=O)CCN6CCCC6)C2=O,PDI core not found
C1=CC=C2C(=C1)C=CC(=N2)N3C(=O)C4=C5C(=CC=C6C5=C(C=C4)C(=O)N(C6=O)C7=NC8=CC=CC=C8C=C7)C3=O,PDI core not found
C1=CC=C(C=C1)CN2C(=S)SC(=N2)N3C(=O)C4=C5C(=CC=C6C5=C(C=C4)C(=O)N(C6=O)C7=NN(C(=S)S7)CC8=CC=CC=C8)C3=O,PDI core not found
C1=CC2=C3C(=CC=C4C3=C1C(=O)N(C4=O)C5=NSC=N5)C(=O)N(C2=O)C6=NSC=N6,PDI core not found
C1=CC2=C3C(=CC=C4C3=C1C(=O)N(C4=O)C5=NC=CN5)C(=O)N(C2=O)C6=NC=CN6,PDI core not found
C1=CC2=C3C(=CC=C4C3=C1C(=O)N(C4=O)C5=NC=CN=C5)C(=O)N(C2=O)C6=NC=CN=C6,PDI core not found
CC1=CC(=NN1)N2C(=O)C3=C4C(=CC=C5C4=C(C=C3)C(=O)N(C5=O)C6=NNC(=C6)C)C2=O,PDI core not found
CC1=CC(=NO1)N2C(=O)C3=C4C(=CC=C5C4=C(C=C3)C(=O)N(C5=O)C6=NOC(=C6)C)C2=O,PDI core not found
C1=CC2=C3C(=CC=C4C3=C1C(=O)N(C4=O)C5=NC=NN5)C(=O)N(C2=O)C6=NC=NN6,PDI core not found
CN1C(=O)C2=C3C(=CC=C4C3=C(C=C2)C(=O)N(C4=O)C5=NC=C(C=C5)C(=O)OC)C1=O,PDI core not found
C1=CC=NC(=C1)N2C(=O)C3=C4C(=CC=C5C4=C(C=C3)C(=O)N(C5=O)CCN)C2=O,PDI core not found
CC1=CN=C(C=N1)N2C(=O)C3=C4C(=CC=C5C4=C(C=C3)C(=O)N(C5=O)C6=CC=CC=N6)C2=O,PDI core not found
COCCCN1C(=O)C2=C3C(=CC=C4C3=C(C=C2)C(=O)N(C4=O)C5=CC=CC=N5)C1=O,PDI core not found
C1COC(CN1)CCN2C(=O)C3=C4C(=CC=C5C4=C(C=C3)C(=O)N(C5=O)C6=CC=CC=N6)C2=O,PDI core not found
COC(=O)C1=CN=C(C=C1)N2C(=O)C3=C4C(=CC=C5C4=C(C=C3)C(=O)N(C5=O)CC6=CN=CC=C6)C2=O,PDI core not found
C1=CC=NC(=C1)N2C(=O)C3=C4C(=CC=C5C4=C(C=C3)C(=O)N(C5=O)CCO)C2=O,PDI core not found
C1=CC=NC(=C1)N2C(=O)C3=C4C(=CC=C5C4=C(C=C3)C(=O)N(C5=O)CCCN)C2=O,PDI core not found
COC(=O)C1=CN=C(C=C1)N2C(=O)C3=C4C(=CC=C5C4=C(C=C3)C(=O)N(C5=O)O)C2=O,PDI core not found
CC1=CN=C(C=N1)N2C(=O)C3=C4C(=CC=C5C4=C(C=C3)C(=O)N(C5=O)C6=NC=C(C=C6)C(=O)OC)C2=O,PDI core not found
C1=CC=NC(=C1)N2C(=O)C3=C4C(=CC=C5C4=C(C=C3)C(=O)N(C5=O)CC6=CN=CC=C6)C2=O,PDI core not found
COCCN1C(=O)C2=C3C(=CC=C4C3=C(C=C2)C(=O)N(C4=O)C5=NC=C(C=C5)C(=O)OC)C1=O,PDI core not found
CCCCCCC1=C(C2=C(C3=C(C(=C(N3)C=C4C(=C(C(=N4)C(=C5C(=C(C(=N5)C=C1N2)CCCCCC)C)C6=CC=C(C=C6)C7OCC(CO7)N8C(=O)C9=C1C(=CC=C2C1=C(C=C9)C(=O)N(C2=O)CCCCCC)C8=O)C)CCCCCC)CCCCCC)C)C1=CC(=CC(=C1)C(C)(C)C)C(C)(C)C)C,PDI core not found
C[N+]1=CC=C(C=C1)CCCCN2C(=O)C3=C4C(=CC=C5C4=C(C=C3)C(=O)N(C5=O)CCCCC6=CC=[N+](C=C6)C)C2=O,PDI core not found
CC(C)(C)OC(=O)NCC1=CC=C(C=C1)CN2C(=O)C3=C4C(=CC=C5C4=C(C=C3)C(=O)N(C5=O)CC6=CC=C(C=C6)C(=O)O)C2=O,PDI core not found
C1=CC=C2C=[N+](C=CC2=C1)CCCNC(=O)CCCCN3C(=O)C4=C5C(=CC=C6C5=C(C=C4)C(=O)N(C6=O)CCCCC(=O)NCCC[N+]7=CC8=CC=CC=C8C=C7)C3=O,PDI core not found
CCC[N+]1=CC=C(C=C1)CN2C(=O)C3=C4C(=CC=C5C4=C(C=C3)C(=O)N(C5=O)CC6=CC=[N+](C=C6)CCC)C2=O,PDI core not found
CC(CCC(=O)OC)C1CCC2C1(C(CC3C2C(CC4C3(CCC(C4)N5C(=O)C6=C7C(=CC=C8C7=C(C=C6)C(=O)N(C8=O)C9CCC1(C(C9)CC(C2C1CC(C1(C2CCC1C(C)CCC(=O)OC)C)OC=O)OC=O)C)C5=O)C)OC=O)OC=O)C,PDI core not found
CC12CSC(C1(NC(=O)N2)C)CCCCC(=O)NCCCN(C)CCCN3C(=O)C4=C5C(=CC=C6C5=C(C=C4)C(=O)N(C6=O)CCCN(C)CCCNC(=O)CCCCC7C8(C(CS7)(NC(=O)N8)C)C)C3=O,PDI core not found
C1=CC2=C3C(=CC=C4C3=C1C(=O)N(C4=O)CCCCC5=CC=NC=C5)C(=O)N(C2=O)CCCCC6=CC=NC=C6,PDI core not found
CC1C(=O)NCC2=CC=C(CN3C(=O)C4=C5C(=CC=C6C5=C(C=C4)C(=O)N(C6=O)CC7=CC=C(C=C7)C(=O)NC(C(=O)NC(C(=O)N1)CC(C)C)C(C)C)C3=O)C=C2,PDI core not found
C1=CC=[N+](C=C1)CCCNC(=O)CCCCN2C(=O)C3=C4C(=CC=C5C4=C(C=C3)C(=O)N(C5=O)CCCCC(=O)NCCC[N+]6=CC=CC=C6)C2=O,PDI core not found
CCCC[N+]1=CC=C(C=C1)CN2C(=O)C3=C4C(=CC=C5C4=C(C=C3)C(=O)N(C5=O)CC6=CC=[N+](C=C6)CCCC)C2=O,PDI core not found
CCCC[N+]1=CC=CC(=C1)CN2C(=O)C3=C4C(=CC=C5C4=C(C=C3)C(=O)N(C5=O)CC6=C[N+](=CC=C6)CCCC)C2=O,PDI core not found
C1=CC2=C3C(=CC=C4C3=C1C(=O)N(C4=O)CCC(=O)NC(CCCCN)C(=O)O)C(=O)N(C2=O)CCNC(=O)CN,PDI core not found
CC1=CN(C(=O)NC1=O)CCCC[N+](C)(C)CCN2C(=O)C3=C4C(=CC=C5C4=C(C=C3)C(=O)N(C5=O)CC[N+](C)(C)CCCCN6C=C(C(=O)NC6=O)C)C2=O,PDI core not found
CC(C)(C)C1=CC(=C(C=C1)C(C)(C)C)N2C(=O)C3=C4C(=CC=C5C4=C(C=C3)C(=O)NC5=O)C2=O,PDI core not found
CC(C)CC(C(=O)NC(C)C(=O)NCC1=CC=C(C=C1)CN2C(=O)C3=C4C(=CC=C5C4=C(C=C3)C(=O)N(C5=O)CC6=CC=C(C=C6)C(=O)O)C2=O)NC(=O)C(C(C)C)NC(=O)OC(C)(C)C,PDI core not found
CC(CCC(=O)OC)C1CCC2C1(C(CC3C2C(CC4C3(CCC(C4)N5C(=O)C6=C7C(=CC=C8C7=C(C=C6)C(=O)N(C8=O)C9CCC1(C(C9)CC(C2C1CC(C1(C2CCC1C(C)CCC(=O)OC)C)O)O)C)C5=O)C)O)O)C,PDI core not found
C1CCC2=C(C1)C=C[N+](=C2)CCCNC(=O)CCCCN3C(=O)C4=C5C(=CC=C6C5=C(C=C4)C(=O)N(C6=O)CCCCC(=O)NCCC[N+]7=CC8=C(CCCC8)C=C7)C3=O,PDI core not found
CC(C)(C)OC(=O)NCCCCCCN1C(=O)C2=C3C(=CC=C4C3=C(C=C2)C(=O)N(C4=O)CCCCCCNC(=O)OC(C)(C)C)C1=O,PDI core not found
C1=CC=NC(=C1)C2=NC=C(C=C2)C(=O)NCCCCCCN3C(=O)C4=C5C(=CC=C6C5=C(C=C4)C(=O)N(C6=O)CCCCCCNC(=O)C7=CN=C(C=C7)C8=CC=CC=N8)C3=O,PDI core not found
C1=CC2=C3C(=CC=C4C3=C1C(=O)N(C4=O)CCCCCCN)C(=O)N(C2=O)CCCCCCN,PDI core not found
C1=CC2=C3C(=CC=C4C3=C1C(=O)N(C4=O)CCCCC(=O)O)C(=O)N(C2=O)CCCCC(=O)O,PDI core not found
CCCCCCC1=C(C2=C(C3=C(C(=C(N3)C=C4C(=C(C(=N4)C(=C5C(=C(C(=N5)C=C1N2)CCCCCC)C)C6=CC=C(C=C6)N7CCC(CC7)N8C(=O)C9=C1C(=CC=C2C1=C(C=C9)C(=O)N(C2=O)CCCCCC)C8=O)C)CCCCCC)CCCCCC)C)C1=CC(=CC(=C1)C(C)(C)C)C(C)(C)C)C,PDI core not found
C1CCN2C(=O)C3=C4C(=CC=C5C4=C(C=C3)C(=O)N(C5=O)CCCN6C(=O)C7=C8C(=CC=C9C8=C(C=C7)C(=O)N(C1)C9=O)C6=O)C2=O,PDI core not found
C1COCCOC2=CC=CC3=C2C=CC=C3OCCOCCOCCOCCOC4=CC(=CC(=C4)OCCOCCO1)C(=O)OCCOCCOCCOCCN5C(=O)C6=C7C(=CC=C8C7=C(C=C6)C(=O)N(C8=O)CCOCCOCCOCCOC(=O)C9=CN=CC=C9)C5=O,PDI core not found
C1=CC(=CN=C1)C(=O)OCCOCCOCCOCCN2C(=O)C3=C4C(=CC=C5C4=C(C=C3)C(=O)N(C5=O)CCOCCOCCOCCO)C2=O,PDI core not found
CCOC(=O)C1=C(SC2=C1CCCCC2)N3C(=O)C4=C5C(=CC=C6C5=C(C=C4)C(=O)N(C6=O)C7=C(C8=C(S7)CCCCC8)C(=O)OCC)C3=O,PDI core not found
CN(C)CCN1C(=O)C2=C3C(=CC=C4C3=C(C=C2)C(=O)N(C4=O)CCOCCO)C1=O,PDI core not found
C1COCCN1CCCN2C(=O)C3=C4C(=CC=C5C4=C(C=C3)C(=O)N(C5=O)C6=CC=CC=N6)C2=O,PDI core not found
CN(CCCN)CCCN1C(=O)C2=C3C(=CC=C4C3=C(C=C2)C(=O)N(C4=O)CCCN(C)CCCN)C1=O,PDI core not found
C1C(C(C(C(C1N)OC2C(C(C(C(O2)CN)O)O)O)OC3C(C(C(O3)CSCOCCSCC(CN4C(=O)C5=C6C(=CC=C7C6=C(C=C5)C(=O)N(C7=O)CC(CSCCOCSCC8C(C(C(O8)OC9C(C(CC(C9OC1C(C(C(C(O1)CN)O)O)O)N)N)O)O)OC1C(C(C(C(O1)CN)O)O)N)O)C4=O)O)OC1C(C(C(C(O1)CN)O)O)N)O)O)N,PDI core not found
C1C#CC#CCN2C(=O)C3=C4C(=CC=C5C4=C(C=C3)C(=O)N(C5=O)CC#CC#CCN6C(=O)C7=C8C(=CC=C9C8=C(C=C7)C(=O)N1C9=O)C6=O)C2=O,PDI core not found
C1=CC2=C3C(=CC=C4C3=C1C(=O)N(C4=O)CCN5C=CN=C5)C(=O)N(C2=O)CCN6C=CN=C6,PDI core not found
CC1=C(C(=CC=C1)C(=O)O)N2C(=O)C3=C4C(=CC=C5C4=C(C=C3)C(=O)N(C5=O)C6=C(C=CC=C6C(=O)O)C)C2=O,PDI core not found
CCOC1=C2C3=C4C(=C1)C(=O)N(C(=O)C4=C(C=C3C(=O)N(C2=O)C5=C(C=CC=C5C(C)C)C(C)C)OCC)C6=C(C=CC=C6C(C)C)C(C)C,PDI core not found
C1COCCOCC(OCCOCCO1)CN2C(=O)C3=C4C(=CC=C5C4=C(C=C3)C(=O)N(C5=O)CC6COCCOCCOCCOCCO6)C2=O,PDI core not found
C1=CC=C(C=C1)C(=O)C(=O)C2=CC=C(C=C2)N3C(=O)C4=C5C(=CC=C6C5=C(C=C4)C(=O)N(C6=O)C7=CC=C(C=C7)C(=O)C(=O)C8=CC=CC=C8)C3=O,PDI core not found
C1CCN(CC1)C2=CC=C(C=C2)N3C(=O)C4=C5C(=CC=C6C5=C(C=C4)C(=O)N(C6=O)C7=CC=C(C=C7)N8CCCCC8)C3=O,PDI core not found
CN(CCCNC(=O)CC1C=CC=C1)CCCN2C(=O)C3=C4C(=CC=C5C4=C(C=C3)C(=O)N(C5=O)CCCN(C)CCCNC(=O)CC6C=CC=C6)C2=O,PDI core not found
C1CCCCN2C(=O)C3=C4C(=CC=C5C4=C(C=C3)C(=O)N(C5=O)CCCCCCCCN6C(=O)C7=C8C(=CC=C9C8=C(C=C7)C(=O)N(C9=O)CCC1)C6=O)C2=O,PDI core not found
C1=CC=C(C=C1)N2C(=O)C3=CC(=C4C5=C3C(=C(C=C5C(=O)N(C4=O)C6=CC=CC=C6)OC7=CC=CC=C7)C2=O)OC8=CC=CC=C8,PDI core not found
CCCCCCCCCCN1C(=O)C2=C3C(=CC=C4C3=C(C=C2)C(=O)N(C4=O)CCCCCCCCCC)C1=O,PDI core not found
CCCCCCN1C(=O)C2=C3C(=CC=C4C3=C(C=C2)C(=O)N(C4=O)C(CO)CO)C1=O,PDI core not found
CC(C)(C)OC(=O)NCCN1C(=O)C2=C3C(=CC=C4C3=C(C=C2)C(=O)N(C4=O)CCC(=O)O)C1=O,PDI core not found
C1CN2C(=O)C3=C4C(=CC=C5C4=C(C=C3)C(=O)N(C5=O)CCCN6C(=O)C7=C8C(=CC=C9C8=C(C=C7)C(=O)N(C1)C9=O)C6=O)C2=O,PDI core not found
C1=CC(=CN=C1)C(=O)OCCOCCOCCOCCN2C(=O)C3=C4C(=CC=C5C4=C(C=C3)C(=O)N(C5=O)CCOCCOCCOCCOC(=O)C6=CN=CC=C6)C2=O,PDI core not found
CC1(C2=CC(=CC(=C2OC3=C1C=C(C=C3N4C(=O)C5=C6C(=CC=C7C6=C(C=C5)C(=O)N(C7=O)C8=CC(=CC9=C8OC1=C(C=C(C=C1C9(C)C)C(C)(C)C)C#N)C(C)(C)C)C4=O)C(C)(C)C)C#N)C(C)(C)C)C,PDI core not found
CC(C)(C)C1=CC(=CC(=C1)N2C(=O)C3=C4C(=CC=C5C4=C(C=C3)C(=O)NC5=O)C2=O)C(C)(C)C,PDI core not found
CC1=C(C(=C(C2=C1OC(CC2)(C)C)C)S(=O)(=O)NC(=NCCCC(C(=O)O)N3C(=O)C4=C5C(=CC=C6C5=C(C=C4)C(=O)N(C6=O)C(CCCN=C(N)NS(=O)(=O)C7=C(C8=C(C(=C7C)C)OC(CC8)(C)C)C)C(=O)O)C3=O)N)C,PDI core not found
C1CCC(CC1)(C(=O)O)N2C(=O)C3=C4C(=CC=C5C4=C(C=C3)C(=O)N(C5=O)C6(CCCCC6)C(=O)O)C2=O,PDI core not found
CCC(C)C(C(=O)O)N1C(=O)C2=C3C(=CC=C4C3=C(C=C2)C(=O)N(C4=O)C(CC5=CNC6=CC=CC=C65)C(=O)OC)C1=O,PDI core not found
CC(C)CC(C(=O)OC)N1C(=O)C2=C3C(=CC=C4C3=C(C=C2)C(=O)N(C4=O)C(CC(C)C)C(=O)OC)C1=O,PDI core not found
C1=CC(=CC=C1CC(C(=O)O)N2C(=O)C3=C4C(=CC=C5C4=C(C=C3)C(=O)N(C5=O)C(CC6=CC=C(C=C6)O)C(=O)O)C2=O)O,PDI core not found
COC(=O)C(CC1=CNC2=CC=CC=C21)N3C(=O)C4=C5C(=CC=C6C5=C(C=C4)C(=O)N(C6=O)C(CC7=CNC8=CC=CC=C87)C(=O)OC)C3=O,PDI core not found
CC(C)(C)OC(=O)NCCCCC(C(=O)O)N1C(=O)C2=C3C(=CC=C4C3=C(C=C2)C(=O)N(C4=O)C(CCCCNC(=O)OC(C)(C)C)C(=O)O)C1=O,PDI core not found
C1=CC=C(C=C1)CC(C(=O)O)N2C(=O)C3=C4C(=CC=C5C4=C(C=C3)C(=O)N(C5=O)C(CCC(=O)N)C(=O)O)C2=O,PDI core not found
C1=CC=C(C=C1)COCC(C(=O)O)N2C(=O)C3=C4C(=CC=C5C4=C(C=C3)C(=O)N(C5=O)C(COCC6=CC=CC=C6)C(=O)O)C2=O,PDI core not found
COC(=O)C(CC1=CC=CC=C1)N2C(=O)C3=C4C(=CC=C5C4=C(C=C3)C(=O)N(C5=O)C(CC6=CC=CC=C6)C(=O)OC)C2=O,PDI core not found
CC(C)(C)OC(=O)CCC(C(=O)O)N1C(=O)C2=C3C(=CC=C4C3=C(C=C2)C(=O)N(C4=O)C(CCC(=O)OC(C)(C)C)C(=O)O)C1=O,PDI core not found
C1=CC(=CC=C1CC(C(=O)O)N2C(=O)C3=C4C(=CC=C5C4=C(C=C3)C(=O)N(C5=O)C(CC(=O)O)C(=O)O)C2=O)O,PDI core not found
CC1(C2=CC(=CN(C2=NC1=CC=CC3=NC4=C(C3(C)C)C=C(C=[N+]4C)S(=O)(=O)O)CCCC(=O)NCCCOCCCN5C(=O)C6=C7C(=CC=C8C7=C(C=C6)C(=O)N(C8=O)CCCOCCCNC(=O)CCCN9C=C(C=C1C9=NC(=CC=CC2=NC3=C(C2(C)C)C=C(C=[N+]3C)S(=O)(=O)O)C1(C)C)S(=O)(=O)O)C5=O)S(=O)(=O)O)C,PDI core not found
C1=CC2=C3C(=CC=C4C3=C1C(=O)N(C4=O)CCC(=O)NCCC(=O)NCCC(=O)NCCC(=O)NC(CCCCN)C(=O)NCCN5C(=O)C6=C7C(=CC=C8C7=C(C=C6)C(=O)N(C8=O)CCC(=O)NCC(=O)O)C5=O)C(=O)N(C2=O)CCNC(=O)C(CCCCN)N,PDI core not found
C1=CC2=C3C(=CC=C4C3=C1C(=O)N(C4=O)CCC(=O)NC(CCCCN)C(=O)NCC(=O)NCC(=O)NCC(=O)NCCN5C(=O)C6=C7C(=CC=C8C7=C(C=C6)C(=O)N(C8=O)CCC(=O)NC(CCCCN)C(=O)O)C5=O)C(=O)N(C2=O)CCNC(=O)CN,PDI core not found
C1=CC2=C3C(=CC=C4C3=C1C(=O)N(C4=O)CCC(=O)NC(CCCCN)C(=O)NCC(=O)NCC(=O)NCC(=O)NCCN5C(=O)C6=C7C(=CC=C8C7=C(C=C6)C(=O)N(C8=O)CCC(=O)NC(CCCCN)C(=O)NCC(=O)NCC(=O)NCC(=O)NCCN9C(=O)C1=C3C(=CC=C4C3=C(C=C1)C(=O)N(C4=O)CCC(=O)NC(CCCCN)C(=O)O)C9=O)C5=O)C(=O)N(C2=O)CCNC(=O)CN,PDI core not found
C1=CC2=C3C(=CC=C4C3=C1C(=O)N(C4=O)CCC(=O)NC(CCCCN)C(=O)NCC(=O)NCC(=O)NCC(=O)NCCN5C(=O)C6=C7C(=CC=C8C7=C(C=C6)C(=O)N(C8=O)CCC(=O)NC(CCCCN)C(=O)NCC(=O)NCC(=O)NCC(=O)NCCN9C(=O)C1=C3C(=CC=C4C3=C(C=C1)C(=O)N(C4=O)CCC(=O)NC(CCCCN)C(=O)NCC(=O)NCC(=O)NCC(=O)NCCN1C(=O)C3=C4C(=CC=C6C4=C(C=C3)C(=O)N(C6=O)CCC(=O)NC(CCCCN)C(=O)O)C1=O)C9=O)C5=O)C(=O)N(C2=O)CCNC(=O)CN,PDI core not found
CCCC1C(=O)NN2C(=O)C3=C4C(=CC=C5C4=C(C=C3)C(=O)N(C5=O)NC(=O)C(NC(=O)C(NC(=O)C6=NC(=CC=C6)C(=O)NC(C(=O)NC(C(=O)NN7C(=O)C8=C9C(=CC=C3C9=C(C=C8)C(=O)N(C3=O)NC(=O)C(NC(=O)C(NC(=O)C3=CC=CC(=N3)C(=O)NC(C(=O)N1)CC(C)C)CC(C)C)CCC)C7=O)CCC)CC(C)C)CC(C)C)CCC)C2=O,PDI core not found
C1=CC(=CC=C1C2=C3C=CC(=N3)C=C4C=CC(=CC5=NC(=CC6=CC=C2N6)C=C5)N4)N7C(=O)C8=C9C(=CC=C1C9=C(C=C8)C(=O)N(C1=O)C1=CC=C(C=C1)C1=C2C=CC(=N2)C=C2C=CC(=CC3=NC(=CC4=CC=C1N4)C=C3)N2)C7=O,PDI core not found
CC1=CC=C(C=C1)C2=C3C=CC(=C(C4=NC(=C(C5=CC=C(N5)C(=C6C=CC2=N6)C7=CC=C(C=C7)C)C8=CC(=CC=C8)OC(=O)CCC(=O)OCCOCCOCCOCCN9C(=O)C1=C2C(=CC=C5C2=C(C=C1)C(=O)N(C5=O)CCOCCOCCOCCOC(=O)C1=CN=CC=C1)C9=O)C=C4)C1=CC=C(C=C1)C)N3,PDI core not found
COC1=CC=C(C=C1)C2=C(N=C(C3=NON=C23)C4=CC=C(C=C4)OC)C(=O)NCCCN5CCN(CC5)CCN6C(=O)C7=C8C(=CC=C9C8=C(C=C7)C(=O)N(C9=O)CCN1CCN(CC1)CCCNC(=O)C1=C(C2=NON=C2C(=N1)C1=CC=C(C=C1)OC)C1=CC=C(C=C1)OC)C6=O,PDI core not found
CCCCCC1=CC=C(C=C1)C2=C3C=CC(=C(C4=NC(=C(C5=CC=C(N5)C(=C6C=CC2=N6)C7=CC=C(C=C7)CCCCC)C8=CC=C(C=C8)N9C(=O)C1=C2C(=CC=C5C2=C(C=C1)C(=O)N(C5=O)C1=CC=C(C=C1)C1=C2C=CC(=N2)C(=C2C=CC(=C(C5=NC(=C(C6=CC=C1N6)C1=CC=C(C=C1)CCCCC)C=C5)C1=CC=C(C=C1)CCCCC)N2)C1=CC=C(C=C1)CCCCC)C9=O)C=C4)C1=CC=C(C=C1)CCCCC)N3,PDI core not found
C1=CC=C(C=C1)C(C2=CC=CC=C2)(C3=CC=CC=C3)N4C=NC=C4CC(C(=O)O)N5C(=O)C6=C7C(=CC=C8C7=C(C=C6)C(=O)N(C8=O)C(CSC(C9=CC=CC=C9)(C1=CC=CC=C1)C1=CC=CC=C1)C(=O)O)C5=O,PDI core not found
C1=CC=C(C=C1)C(C2=CC=CC=C2)(C3=CC=CC=C3)SCC(C(=O)O)N4C(=O)C5=C6C(=CC=C7C6=C(C=C5)C(=O)N(C7=O)C(CSC(C8=CC=CC=C8)(C9=CC=CC=C9)C1=CC=CC=C1)C(=O)O)C4=O,PDI core not found
COC(=O)C(CSC(C1=CC=CC=C1)(C2=CC=CC=C2)C3=CC=CC=C3)N4C(=O)C5=C6C(=CC=C7C6=C(C=C5)C(=O)N(C7=O)C(CSC(C8=CC=CC=C8)(C9=CC=CC=C9)C1=CC=CC=C1)C(=O)OC)C4=O,PDI core not found
COC(=O)C(CC1=CN(C=N1)C(C2=CC=CC=C2)(C3=CC=CC=C3)C4=CC=CC=C4)N5C(=O)C6=C7C(=CC=C8C7=C(C=C6)C(=O)N(C8=O)C(CC9=CN(C=N9)C(C1=CC=CC=C1)(C1=CC=CC=C1)C1=CC=CC=C1)C(=O)OC)C5=O,PDI core not found
C1=CC=C(C=C1)C(C2=CC=CC=C2)(C3=CC=CC=C3)SCC(C(=O)O)N4C(=O)C5=C6C(=CC=C7C6=C(C=C5)C(=O)N(C7=O)C(CSC(C8=CC=CC=C8)(C9=CC=CC=C9)C1=CC=CC=C1)C(=O)O)C4=O,PDI core not found
C1=CC=C(C=C1)C(C2=CC=CC=C2)(C3=CC=CC=C3)N4C=C(N=C4)CC(C(=O)O)N5C(=O)C6=C7C(=CC=C8C7=C(C=C6)C(=O)N(C8=O)C(CC9=CN(C=N9)C(C1=CC=CC=C1)(C1=CC=CC=C1)C1=CC=CC=C1)C(=O)O)C5=O,PDI core not found
C1=CC2=C3C(=CC=C4C3=C1C(=O)N(C4=O)CCC(=O)NCC(=O)NCC(=O)NCC(=O)NC(CCCCN)C(=O)NCCN5C(=O)C6=C7C(=CC=C8C7=C(C=C6)C(=O)N(C8=O)CCC(=O)NCC(=O)O)C5=O)C(=O)N(C2=O)CCNC(=O)C(CCCCN)N,PDI core not found
C1=CC2=NC(=C1)C(=O)NC(C(=O)NN3C(=O)C4=C5C(=CC=C6C5=C(C=C4)C(=O)N(C6=O)NC(=O)C(NC(=O)C7=CC=CC(=N7)C(=O)NC(C(=O)NN8C(=O)C9=C1C(=CC=C4C1=C(C=C9)C(=O)N(C4=O)NC(=O)C(NC2=O)CC1=CC=C(C=C1)O)C8=O)CC1=CC=C(C=C1)O)CC1=CC=C(C=C1)O)C3=O)CC1=CC=C(C=C1)O,PDI core not found
CC(C)(C)OC(=O)NNC(=O)CCN1C(=O)C2=C3C(=CC=C4C3=C(C=C2)C(=O)N(C4=O)CCC(=O)NNC(=O)OC(C)(C)C)C1=O,PDI core not found
CC(C)C1C(=O)NC(C(=O)NN2C(=O)C3=C4C(=CC=C5C4=C(C=C3)C(=O)N(C5=O)NC(=O)C(NC(=O)C(NC(=O)C6=NC(=CC=C6)C(=O)NC(C(=O)NC(C(=O)NN7C(=O)C8=C9C(=CC=C3C9=C(C=C8)C(=O)N(C3=O)NC(=O)C(NC(=O)C(NC(=O)C3=CC=CC(=N3)C(=O)N1)C(C)C)CC1=CC=CC=C1)C7=O)CC1=CC=CC=C1)C(C)C)C(C)C)CC1=CC=CC=C1)C2=O)CC1=CC=CC=C1,PDI core not found
C1=CC=NC(=C1)CN2C(=O)C3=C4C(=CC=C5C4=C(C=C3)C(=O)N(C5=O)CC6=CC=CC=N6)C2=O,PDI core not found
CCN(CC)CCCCN1C(=O)C2=C3C(=CC=C4C3=C(C=C2)C(=O)N(C4=O)CCCCN(CC)CC)C1=O,PDI core not found
CN(C)C1=CC=CC(=C1)N2C(=O)C3=C4C(=CC=C5C4=C(C=C3)C(=O)N(C5=O)C6=CC(=CC=C6)N(C)C)C2=O,PDI core not found
C1=CC=C(C=C1)COC2=CC=C(C=C2)N3C(=O)C4=C5C(=CC=C6C5=C(C=C4)C(=O)N(C6=O)C7=CC=C(C=C7)OCC8=CC=CC=C8)C3=O,PDI core not found
C1CN(CCN1CCCNC(=O)C2C=CC=C2)CCCN3C(=O)C4=C5C(=CC=C6C5=C(C=C4)C(=O)N(C6=O)CCCN7CCN(CC7)CCCNC(=O)C8C=CC=C8)C3=O,PDI core not found
CCCCN1C(=O)C2=C3C(=CC=C4C3=C(C=C2)C(=O)N(C4=O)CCCC(C(=O)O)NC(=O)OC(C)(C)C)C1=O,PDI core not found
CC1=C(C(=C(C(=C1N2C(=O)C3=C4C(=CC=C5C4=C(C=C3)C(=O)N(C5=O)CCNC(=O)CN)C2=O)C)C)N6C(=O)C7=C8C(=CC=C9C8=C(C=C7)C(=O)N(C9=O)C1=C(C(=C(C(=C1C)C)N1C(=O)C2=C3C(=CC=C4C3=C(C=C2)C(=O)N(C4=O)CCNC(=O)CNC(=O)COCCOCCOCC(=O)NCC(=O)NCCN2C(=O)C3=C4C(=CC=C5C4=C(C=C3)C(=O)N(C5=O)C3=C(C(=C(C(=C3C)C)N3C(=O)C4=C5C(=CC=C7C5=C(C=C4)C(=O)N(C7=O)C4=C(C(=C(C(=C4C)C)N4C(=O)C5=C7C(=CC=C8C7=C(C=C5)C(=O)N(C8=O)CCNC(=O)CN)C4=O)C)C)C3=O)C)C)C2=O)C1=O)C)C)C6=O)C,PDI core not found
CC1=C(C(=C(C(=C1N2C(=O)C3=C4C(=CC=C5C4=C(C=C3)C(=O)N(C5=O)CCNC(=O)CNC(=O)COCCOCCOCC(=O)NCC(=O)NCCN6C(=O)C7=C8C(=CC=C9C8=C(C=C7)C(=O)N(C9=O)C1=C(C(=C(C(=C1C)C)N1C(=O)C3=C4C(=CC=C5C4=C(C=C3)C(=O)N(C5=O)C3=C(C(=C(C(=C3C)C)N3C(=O)C4=C5C(=CC=C7C5=C(C=C4)C(=O)N(C7=O)CCNC(=O)CNC(=O)OC(C)(C)C)C3=O)C)C)C1=O)C)C)C6=O)C2=O)C)C)N1C(=O)C2=C3C(=CC=C4C3=C(C=C2)C(=O)N(C4=O)C2=C(C(=C(C(=C2C)C)N2C(=O)C3=C4C(=CC=C5C4=C(C=C3)C(=O)N(C5=O)CCNC(=O)CNC(=O)OC(C)(C)C)C2=O)C)C)C1=O)C,PDI core not found
CCOC1=C2C3=C4C(=C1OCC)C(=O)N(C(=O)C4=C(C(=C3C(=O)N(C2=O)C5=C(C=CC=C5C(C)C)C(C)C)OCC)OCC)C6=C(C=CC=C6C(C)C)C(C)C,PDI core not found
CCSC1=C2C3=C4C(=C1SCC)C(=O)N(C(=O)C4=C(C(=C3C(=O)N(C2=O)C5=C(C=CC=C5C(C)C)C(C)C)SCC)SCC)C6=C(C=CC=C6C(C)C)C(C)C,PDI core not found
C[N+](C)(C)CC1=C(C=CC(=C1)N2C(=O)C3=C4C(=CC=C5C4=C(C=C3)C(=O)N(C5=O)C6=CC(=C(C=C6)O)C[N+](C)(C)C)C2=O)O,PDI core not found
C1=CC(=C(C=C1N2C(=O)C3=C4C(=CC=C5C4=C(C=C3)C(=O)N(C5=O)C6=CC(=C(C=C6)O)CO)C2=O)CO)O,PDI core not found
CCCCN(CC)CC1=C(C=CC(=C1)N2C(=O)C3=C4C(=CC=C5C4=C(C=C3)C(=O)N(C5=O)C6=CC(=C(C=C6)O)CN(CC)CCCC)C2=O)O,PDI core not found
C1COCCN1CC2=C(C=CC(=C2)N3C(=O)C4=C5C(=CC=C6C5=C(C=C4)C(=O)N(C6=O)C7=CC(=C(C=C7)O)CN8CCOCC8)C3=O)O,PDI core not found
C1CCN(CC1)CC2=C(C=CC(=C2)N3C(=O)C4=C5C(=CC=C6C5=C(C=C4)C(=O)N(C6=O)C7=CC(=C(C=C7)O)CN8CCCCC8)C3=O)O,PDI core not found
COC(=O)C1CCCN1CC2=C(C=CC(=C2)N3C(=O)C4=C5C(=CC=C6C5=C(C=C4)C(=O)N(C6=O)C7=CC(=C(C=C7)O)CN8CCCC8C(=O)OC)C3=O)O,PDI core not found
CC(C)(C)SCC1=C(C=CC(=C1)N2C(=O)C3=C4C(=CC=C5C4=C(C=C3)C(=O)N(C5=O)C6=CC(=C(C=C6)O)CSC(C)(C)C)C2=O)O,PDI core not found
CCOC1CCC2=C(O1)C=CC(=C2)N3C(=O)C4=C5C(=CC=C6C5=C(C=C4)C(=O)N(C6=O)C7=CC8=C(C=C7)OC(CC8)OCC)C3=O,PDI core not found
CC(C)(C)NCC1=C(C=CC(=C1)N2C(=O)C3=C4C(=CC=C5C4=C(C=C3)C(=O)N(C5=O)C6=CC(=C(C=C6)O)CNC(C)(C)C)C2=O)O,PDI core not found
CCN(CC)CC1=C(C=CC(=C1)N2C(=O)C3=C4C(=CC=C5C4=C(C=C3)C(=O)N(C5=O)C6=CC(=C(C=C6)O)CN(CC)CC)C2=O)O,PDI core not found
CC(C)N(CC1=C(C=CC(=C1)N2C(=O)C3=C4C(=CC=C5C4=C(C=C3)C(=O)N(C5=O)C6=CC(=C(C=C6)O)CN(C(C)C)C(C)C)C2=O)O)C(C)C,PDI core not found
C1CCN(C1)CC2=C(C=CC(=C2)N3C(=O)C4=C5C(=CC=C6C5=C(C=C4)C(=O)N(C6=O)C7=CC(=C(C=C7)O)CN8CCCC8)C3=O)O,PDI core not found
C1=CC=C(C=C1)NCC2=C(C=CC(=C2)N3C(=O)C4=C5C(=CC=C6C5=C(C=C4)C(=O)N(C6=O)C7=CC(=C(C=C7)O)CNC8=CC=CC=C8)C3=O)O,PDI core not found
CN(C)CC1=C(C=CC(=C1)N2C(=O)C3=C4C(=CC=C5C4=C(C=C3)C(=O)N(C5=O)C6=CC(=C(C=C6)O)CN(C)C)C2=O)O,PDI core not found
C1=CC(=CC=C1NN2C(=O)C3=C4C(=CC=C5C4=C(C=C3)C(=O)N(C5=O)NC6=CC=C(C=C6)[N+](=O)[O-])C2=O)[N+](=O)[O-],PDI core not found
C1=CC=C(C=C1)NN2C(=O)C3=C4C(=CC=C5C4=C(C=C3)C(=O)N(C5=O)NC6=CC=CC=C6)C2=O,PDI core not found
C1=CC=C(C(=C1)C(=O)N)N2C(=O)C3=C4C(=CC=C5C4=C(C=C3)C(=O)N(C5=O)C6=CC=CC=C6C(=O)N)C2=O,PDI core not found
CCOC1=CC=CC=C1N2C(=O)C3=C4C(=CC=C5C4=C(C=C3)C(=O)N(C5=O)C6=CC=CC=C6OCC)C2=O,PDI core not found
COCCCN1C(=O)C2=C3C(=CC=C4C3=C(C=C2)C(=O)NC4=O)C1=O,PDI core not found
CC(C)(C)C1=CC=C(C=C1)C(C2=CC=C(C=C2)C(C)(C)C)(C3=CC=C(C=C3)C(C)(C)C)C4=CC=C(C=C4)OC(=O)CCC(=O)OCCOCCOCCOCCN5C(=O)C6=C7C(=CC=C8C7=C(C=C6)C(=O)N(C8=O)CCOCCOCCOCCOC(=O)C9=CN=CC=C9)C5=O,PDI core not found
CCOC1=C2C3=C4C(=C1)C(=O)N(C(=O)C4=C(C=C3C(=O)N(C2=O)C(CCCCNC(=O)OCC5=CC=CC=C5)C(=O)N)OCC)CCNC(=O)OCC=C,PDI core not found
C1=CC2=C3C(=CC=C4C3=C1C(=O)NC4=O)C(=O)N(C2=O)CC(=O)O,PDI core not found
C1CC(OC1)CN2C(=O)C3=C4C(=CC=C5C4=C(C=C3)C(=O)N(C5=O)CC6CCCO6)C2=O,PDI core not found
C1CC=CC(C1)CCN2C(=O)C3=C4C(=CC=C5C4=C(C=C3)C(=O)N(C5=O)CCC6CCCC=C6)C2=O,PDI core not found
C1CC=CC(C1)CCN2C(=O)C3=C4C(=CC=C5C4=C(C=C3)C(=O)N(C5=O)CCC6CCCC=C6)C2=O,PDI core not found
C1CC=CC(C1)CCN2C(=O)C3=C4C(=CC=C5C4=C(C=C3)C(=O)N(C5=O)CCC6CCCC=C6)C2=O,PDI core not found
CC1CCCC(C1C)N2C(=O)C3=C4C(=CC=C5C4=C(C=C3)C(=O)N(C5=O)C6CCCC(C6C)C)C2=O,PDI core not found
CC1CCCC(C1C)N2C(=O)C3=C4C(=CC=C5C4=C(C=C3)C(=O)N(C5=O)C6CCCC(C6C)C)C2=O,PDI core not found
CC1CCCC(C1C)N2C(=O)C3=C4C(=CC=C5C4=C(C=C3)C(=O)N(C5=O)C6CCCC(C6C)C)C2=O,PDI core not found
CC1CCCC(C1C)N2C(=O)C3=C4C(=CC=C5C4=C(C=C3)C(=O)N(C5=O)C6CCCC(C6C)C)C2=O,PDI core not found
C1CC(OC1)CN2C(=O)C3=C4C(=CC=C5C4=C(C=C3)C(=O)N(C5=O)CC6CCCO6)C2=O,PDI core not found
C1CC(OC1)CN2C(=O)C3=C4C(=CC=C5C4=C(C=C3)C(=O)N(C5=O)CC6CCCO6)C2=O,PDI core not found
CC(C1=CC=CC=C1)N2C(=O)C3=C4C(=CC=C5C4=C(C=C3)C(=O)N(C5=O)C(C)C6=CC=CC=C6)C2=O,PDI core not found
CC(C1=CC=CC=C1)N2C(=O)C3=C4C(=CC=C5C4=C(C=C3)C(=O)N(C5=O)C(C)C6=CC=CC=C6)C2=O,PDI core not found
CC(C1=CC=CC=C1)N2C(=O)C3=C4C(=CC=C5C4=C(C=C3)C(=O)N(C5=O)C(C)C6=CC=CC=C6)C2=O,PDI core not found
C1C(C(C(C(C1OC2C(CC(C(C2OC3C(C(C(O3)CSCCOCCSCC(CN4C(=O)C5=C6C(=CC=C7C6=C(C=C5)C(=O)N(C7=O)CC(CSCCOCCSCC8C(C(C(C(O8)OC9C(CC(C(C9O)OC1C(CC(C(O1)CN)O)N)N)N)O)N)O)O)C4=O)O)OC1C(C(C(C(O1)CN)O)O)N)O)O)N)N)N)O)O)CN,PDI core not found
C1C(C(C(C(C1N)OC2C(CC(C(O2)CN)O)N)O)OC3CC(C(C(O3)CSCCOCCSCC(CN4C(=O)C5=C6C(=CC=C7C6=C(C=C5)C(=O)N(C7=O)CC(CSCCOCCSCC8C(C(C(C(O8)OC9C(CC(C(C9O)OC1C(CC(C(O1)CN)O)N)N)N)O)N)O)O)C4=O)O)O)N)N,PDI core not found
C1CC(OC1(CSCCOCCSCC(CN2C(=O)C3=C4C(=CC=C5C4=C(C=C3)C(=O)N(C5=O)CC(CSCCOCCSCC6C(C(C(O6)OC7C(C(CC(C7OC8CC(C(C(C8N)O)O)CN)N)N)O)O)OC9C(C(C(C(O9)CN)O)O)N)O)C2=O)O)OC1C(C(C(C(O1)CN)O)O)N)(O)OC1C(C(CC(C1OC1C(C(C(C(O1)CN)O)O)N)N)N)O,PDI core not found
C[N+](C)(C)CC1=C(C=CC(=C1)CN2C(=O)C3=C4C(=CC=C5C4=C(C=C3)C(=O)N(C5=O)CC6=CC(=C(C=C6)O)C[N+](C)(C)C)C2=O)O,PDI core not found
C[N+](C)(C)CC1=C(C=CC(=C1)CCN2C(=O)C3=C4C(=CC=C5C4=C(C=C3)C(=O)N(C5=O)CCC6=CC(=C(C=C6)O)C[N+](C)(C)C)C2=O)O,PDI core not found
C[N+](C)(C)CC1=C(C=CC(=C1)CCCN2C(=O)C3=C4C(=CC=C5C4=C(C=C3)C(=O)N(C5=O)CCCC6=CC(=C(C=C6)O)C[N+](C)(C)C)C2=O)O,PDI core not found
CCCCCN1C(=O)C2=C3C4=C(C=C2)C(=O)N(C(=O)C4=C5C(=C3C1=O)N=C(C(=N5)OC)OC)CCCCC,PDI core not found
C1=CC2=C3C(=CC=C4C3=C1C(=O)N(C4=O)CCCCN)C(=O)N(C2=O)CCCCN,PDI core not found
C1=CC2=C3C(=CC=C4C3=C1C(=O)N(C4=O)CCCCCN)C(=O)N(C2=O)CCCCCN,PDI core not found
C1=CC2=C3C(=CC=C4C3=C1C(=O)N(C4=O)CCCCCCCN)C(=O)N(C2=O)CCCCCCCN,PDI core not found
C1=CC2=C3C(=CC=C4C3=C1C(=O)N(C4=O)CCCCCCCCN)C(=O)N(C2=O)CCCCCCCCN,PDI core not found
C1=CC2=C3C(=CC=C4C3=C1C(=O)N(C4=O)CCCCCCCCCN)C(=O)N(C2=O)CCCCCCCCCN,PDI core not found
C1=CC2=C3C(=CC=C4C3=C1C(=O)N(C4=O)CCCCCCCCCCN)C(=O)N(C2=O)CCCCCCCCCCN,PDI core not found
C1=CC=C(C=C1)N2C(=O)C3=C4C(=CC=C5C4=C(C=C3)C(=O)N(C5=O)C6=CC=C(C=C6)C=NNC(=O)CN)C2=O,PDI core not found
C1=CC=C(C=C1)N2C(=O)C3=C4C(=CC=C5C4=C(C=C3)C(=O)N(C5=O)C6=CC=C(C=C6)C=NNC7=CC=C(C=C7)S(=O)(=O)O)C2=O,PDI core not found
C1CC1(C(=O)O)N2C(=O)C3=C4C(=CC=C5C4=C(C=C3)C(=O)N(C5=O)C6(CC6)C(=O)O)C2=O,PDI core not found
C1CC(C1)(C(=O)O)N2C(=O)C3=C4C(=CC=C5C4=C(C=C3)C(=O)N(C5=O)C6(CCC6)C(=O)O)C2=O,PDI core not found
CCCCN1C(=O)C2=C3C4=C(C=C2)C(=O)N(C(=O)C4=C5C(=C3C1=O)C6=C7N5CCCN7CCCC6)CCCC,PDI core not found
C1C(NC(=O)COC2=CC3=C(C=C2)C(=CC=C3)OCC(=O)NC(CSSCC(N4C(=O)C5=C6C(=CC=C7C6=C(C=C5)C(=O)N(C7=O)C(CSS1)C(=O)O)C4=O)C(=O)O)C(=O)O)C(=O)O.C1C(NC(=O)COC2=CC3=C(C=C2)C(=CC=C3)OCC(=O)NC(CSSCC(N4C(=O)C5=C6C(=CC=C7C6=C(C=C5)C(=O)N(C7=O)C(CSS1)C(=O)O)C4=O)C(=O)O)C(=O)O)C(=O)O,PDI core not found
C1C(NC(=O)COC2=CC3=C(C=C2)C(=CC=C3)OCC(=O)NC(CSSCC(N4C(=O)C5=C6C(=CC=C7C6=C(C=C5)C(=O)N(C7=O)C(CSS1)C(=O)O)C4=O)C(=O)O)C(=O)O)C(=O)O,PDI core not found
C1C(NC(=O)COC2=CC3=C(C=C2)C=C(C=C3)OCC(=O)NC(CSSCC(N4C(=O)C5=C6C(=CC=C7C6=C(C=C5)C(=O)N(C7=O)C(CSS1)C(=O)O)C4=O)C(=O)O)C(=O)O)C(=O)O,PDI core not found
C1CC(=O)NC(CSSCC(N2C(=O)C3=C4C(=CC=C5C4=C(C=C3)C(=O)N(C5=O)C(CSSCC(NC(=O)CCCOC6=CC=CC7=C6C=CC=C7OC1)C(=O)O)C(=O)O)C2=O)C(=O)O)C(=O)O,PDI core not found
C1CC(=O)NC(CSSCC(N2C(=O)C3=C4C(=CC=C5C4=C(C=C3)C(=O)N(C5=O)C(CSSCC(NC(=O)CCCOC6=CC7=C(C=C6)C=C(C=C7)OC1)C(=O)O)C(=O)O)C2=O)C(=O)O)C(=O)O,PDI core not found
C1CC(=O)NC(CSSCC(N2C(=O)C3=C4C(=CC=C5C4=C(C=C3)C(=O)N(C5=O)C(CSSCC(NC(=O)CCCOC6=CC=CC7=C6C=CC=C7OC1)C(=O)O)C(=O)O)C2=O)C(=O)O)C(=O)O.C1CC(=O)NC(CSSCC(N2C(=O)C3=C4C(=CC=C5C4=C(C=C3)C(=O)N(C5=O)C(CSSCC(NC(=O)CCCOC6=CC=CC7=C6C=CC=C7OC1)C(=O)O)C(=O)O)C2=O)C(=O)O)C(=O)O,PDI core not found
CC1CCCC(C1C)N2C(=O)C3=C4C(=CC=C5C4=C(C=C3)C(=O)N(C5=O)C6CCCC(C6C)C)C2=O,PDI core not found
CC1CCCC(C1C)N2C(=O)C3=C4C(=CC=C5C4=C(C=C3)C(=O)N(C5=O)C6CCCC(C6C)C)C2=O,PDI core not found
CC1CCCC(C1C)N2C(=O)C3=C4C(=CC=C5C4=C(C=C3)C(=O)N(C5=O)C6CCCC(C6C)C)C2=O,PDI core not found
CC1CCCC(C1C)N2C(=O)C3=C4C(=CC=C5C4=C(C=C3)C(=O)N(C5=O)C6CCCC(C6C)C)C2=O,PDI core not found
CCC(CC)CN1C(=O)C2=C3C(=CC=C4C3=C(C=C2)C(=O)N(C4=O)C(CC5=CNC6=CC=CC=C65)C(=O)O)C1=O,PDI core not found
CCC(CC)CN1C(=O)C2=C3C(=CC=C4C3=C(C=C2)C(=O)N(C4=O)C5=CC=C(C=C5)C#C)C1=O,PDI core not found
CCC(C)C(C(=O)N)N1C(=O)C2=C3C(=CC=C4C3=C(C=C2)C(=O)N(C4=O)C(CSC(C5=CC=CC=C5)(C6=CC=CC=C6)C7=CC=CC=C7)C(=O)O)C1=O,PDI core not found
COC(=O)C(CSC(C1=CC=CC=C1)(C2=CC=CC=C2)C3=CC=CC=C3)N4C(=O)C5=C6C(=CC=C7C6=C(C=C5)C(=O)N(C7=O)C(CSC(C8=CC=CC=C8)(C9=CC=CC=C9)C1=CC=CC=C1)C(=O)O)C4=O,PDI core not found
C1=CC=C(C=C1)C(C2=CC=CC=C2)(C3=CC=CC=C3)SCC(C(=O)N)N4C(=O)C5=C6C(=CC=C7C6=C(C=C5)C(=O)N(C7=O)C(CSC(C8=CC=CC=C8)(C9=CC=CC=C9)C1=CC=CC=C1)C(=O)O)C4=O,PDI core not found
CC(C)(C)OC(=O)NCCCCC(C(=O)O)N1C(=O)C2=C3C(=CC=C4C3=C(C=C2)C(=O)N(C4=O)C(CSC(C5=CC=CC=C5)(C6=CC=CC=C6)C7=CC=CC=C7)C(=O)O)C1=O,PDI core not found
COC(=O)CN1C(=O)C2=C3C(=CC=C4C3=C(C=C2)C(=O)N(C4=O)C(CSC(C5=CC=CC=C5)(C6=CC=CC=C6)C7=CC=CC=C7)C(=O)N)C1=O,PDI core not found
COC(=O)CN1C(=O)C2=C3C(=CC=C4C3=C(C=C2)C(=O)N(C4=O)C(CC(=O)NC(C5=CC=CC=C5)(C6=CC=CC=C6)C7=CC=CC=C7)C(=O)O)C1=O,PDI core not found
CCC(CC)CN1C(=O)C2=C3C(=CC=C4C3=C(C=C2)C(=O)N(C4=O)C(CC5=CC=C(C=C5)OCC6=CC=CC=C6)C(=O)OC)C1=O,PDI core not found
COC(=O)CN1C(=O)C2=C3C(=CC=C4C3=C(C=C2)C(=O)N(C4=O)C(CC5=CC=C(C=C5)OCC6=CC=CC=C6)C(=O)OC)C1=O,PDI core not found
CC(C)(C)OC(=O)C(CC1=CC=CC=C1)N2C(=O)C3=C4C(=CC=C5C4=C(C=C3)C(=O)N(C5=O)C(CC6=CC=C(C=C6)OCC7=CC=CC=C7)C(=O)OC)C2=O,PDI core not found
C1=CC=C(C=C1)COC(=O)CC(C(=O)OCC2=CC=CC=C2)N3C(=O)C4=C5C(=CC=C6C5=C(C=C4)C(=O)N(C6=O)C(CC(=O)OCC7=CC=CC=C7)C(=O)OCC8=CC=CC=C8)C3=O,PDI core not found
CC(C)(C)SCC(C(=O)O)N1C(=O)C2=C3C(=CC=C4C3=C(C=C2)C(=O)N(C4=O)C(CSC(C)(C)C)C(=O)O)C1=O,PDI core not found
CC(C)(C)OC(=O)C(CCC(=O)O)N1C(=O)C2=C3C(=CC=C4C3=C(C=C2)C(=O)N(C4=O)C(CCC(=O)O)C(=O)OC(C)(C)C)C1=O,PDI core not found
CCC(C)C(C(=O)OC)N1C(=O)C2=C3C(=CC=C4C3=C(C=C2)C(=O)N(C4=O)C(C(C)CC)C(=O)OC)C1=O,PDI core not found
CCC(C)C(C(=O)OC(C)(C)C)N1C(=O)C2=C3C(=CC=C4C3=C(C=C2)C(=O)N(C4=O)C(C(C)CC)C(=O)OC(C)(C)C)C1=O,PDI core not found
CC(C)(C)OC(=O)C(CC1=CC=CC=C1)N2C(=O)C3=C4C(=CC=C5C4=C(C=C3)C(=O)N(C5=O)C(CC6=CC=CC=C6)C(=O)OC(C)(C)C)C2=O,PDI core not found
CC(C)(C)OC(=O)C(CC1=CC=C(C=C1)O)N2C(=O)C3=C4C(=CC=C5C4=C(C=C3)C(=O)N(C5=O)C(CC6=CC=C(C=C6)O)C(=O)OC(C)(C)C)C2=O,PDI core not found
COC1=CC=C(C=C1)CC(C(=O)O)N2C(=O)C3=C4C(=CC=C5C4=C(C=C3)C(=O)N(C5=O)C(CC6=CC=C(C=C6)OC)C(=O)O)C2=O,PDI core not found
CCCCCC(C)N1C(=O)C2=C3C(=CC=C4C3=C(C=C2)C(=O)N(C4=O)CC#C)C1=O,PDI core not found
CCCCCC(C)N1C(=O)C2=C3C(=CC=C4C3=C(C=C2)C(=O)N(C4=O)CC#C)C1=O,PDI core not found
CCCCCC(C)N1C(=O)C2=C3C(=CC=C4C3=C(C=C2)C(=O)N(C4=O)CC(CC)CC)C1=O,PDI core not found
CCCCCC(C)N1C(=O)C2=C3C(=CC=C4C3=C(C=C2)C(=O)N(C4=O)CC(CC)CC)C1=O,PDI core not found
CCC(CC)CN1C(=O)C2=C3C(=CC=C4C3=C(C=C2)C(=O)N(C4=O)CC#C)C1=O,PDI core not found
CCC(CC)CN1C(=O)C2=C3C(=CC=C4C3=C(C=C2)C(=O)N(C4=O)C(CSC(C5=CC=CC=C5)(C6=CC=CC=C6)C7=CC=CC=C7)C(=O)O)C1=O,PDI core not found
C#CCN1C(=O)C2=C3C(=CC=C4C3=C(C=C2)C(=O)N(C4=O)C(CSC(C5=CC=CC=C5)(C6=CC=CC=C6)C7=CC=CC=C7)C(=O)O)C1=O,PDI core not found
CCC(C)C(C(=O)O)N1C(=O)C2=C3C(=CC=C4C3=C(C=C2)C(=O)N(C4=O)CC(CC)CC)C1=O,PDI core not found
CC(C)(C)C1=CC(=CC(=C1)CNC2=C3C4=C5C(=C2)C(=O)N(C(=O)C5=C(C=C4C(=O)N(C3=O)C6=CC=C(C=C6)C#CC7=C8C=CC=CC8=CC9=CC=CC=C97)NCC1=CC(=CC(=C1)C(C)(C)C)C(C)(C)C)C1=CC=C(C=C1)C#CC1=C2C=CC=CC2=CC2=CC=CC=C21)C(C)(C)C,PDI core not found
CCCCCCOC1=CC(=C(C=C1C#CC2=CC=C(C=C2)N3C(=O)C4=CC(=C5C6=C4C(=C(C=C6C(=O)N(C5=O)C7=CC=C(C=C7)C#CC8=CC(=C(C=C8OCCCCCC)C#CC9=CC(=C(C=C9OCCCCCC)C#CC1=C(C=C(C(=C1)OCCCCCC)C#CC1=CC2=CC=CC=C2C2=CC=CC=C21)OCCCCCC)OCCCCCC)OCCCCCC)NCC1=CC(=CC(=C1)C(C)(C)C)C(C)(C)C)C3=O)NCC1=CC(=CC(=C1)C(C)(C)C)C(C)(C)C)OCCCCCC)C#CC1=CC(=C(C=C1OCCCCCC)C#CC1=C(C=C(C(=C1)OCCCCCC)C#CC1=CC2=CC=CC=C2C2=CC=CC=C21)OCCCCCC)OCCCCCC,PDI core not found
CCCCCCOC1=CC(=C(C=C1C#CC2=CC=C(C=C2)N3C(=O)C4=CC(=C5C6=C4C(=C(C=C6C(=O)N(C5=O)C7=CC=C(C=C7)C#CC8=CC(=C(C=C8OCCCCCC)C#CC9=CC(=C(C=C9OCCCCCC)C#CC1=C(C=C(C(=C1)OCCCCCC)C#CC1=CC2=CC=CC=C2C2=CC=CC=C21)OCCCCCC)OCCCCCC)OCCCCCC)SCC1=CC(=CC(=C1)C(C)(C)C)C(C)(C)C)C3=O)SCC1=CC(=CC(=C1)C(C)(C)C)C(C)(C)C)OCCCCCC)C#CC1=CC(=C(C=C1OCCCCCC)C#CC1=C(C=C(C(=C1)OCCCCCC)C#CC1=CC2=CC=CC=C2C2=CC=CC=C21)OCCCCCC)OCCCCCC,PDI core not found
CCCCCCOC1=CC(=C(C=C1C#CC2=CC=C(C=C2)N3C(=O)C4=CC(=C5C6=C4C(=C(C=C6C(=O)N(C5=O)C7=CC=C(C=C7)C#CC8=CC(=C(C=C8OCCCCCC)C#CC9=CC(=C(C=C9OCCCCCC)C#CC1=C(C=C(C(=C1)OCCCCCC)C#CC1=CC2=CC=CC=C2C2=CC=CC=C21)OCCCCCC)OCCCCCC)OCCCCCC)SCC1=CC(=CC(=C1)C(C)(C)C)C(C)(C)C)C3=O)NCC1=CC(=CC(=C1)C(C)(C)C)C(C)(C)C)OCCCCCC)C#CC1=CC(=C(C=C1OCCCCCC)C#CC1=C(C=C(C(=C1)OCCCCCC)C#CC1=CC2=CC=CC=C2C2=CC=CC=C21)OCCCCCC)OCCCCCC,PDI core not found
CC(C)(C)C1=CC(=CC(=C1)CNC2=C3C4=C5C(=C2)C(=O)N(C(=O)C5=C(C=C4C(=O)N(C3=O)C6=CC=C(C=C6)C#CC7=CC8=CC=CC9=C8C1=C(C=CC=C71)C=C9)NCC1=CC(=CC(=C1)C(C)(C)C)C(C)(C)C)C1=CC=C(C=C1)C#CC1=CC2=CC=CC3=C2C2=C(C=CC=C12)C=C3)C(C)(C)C,PDI core not found
CC(C)(C)C1=CC(=CC(=C1)CSC2=C3C4=C5C(=C2)C(=O)N(C(=O)C5=C(C=C4C(=O)N(C3=O)C6=CC=C(C=C6)C#C)SCC7=CC(=CC(=C7)C(C)(C)C)C(C)(C)C)C8=CC=C(C=C8)C#C)C(C)(C)C,PDI core not found
CC(C)(C)C1=CC(=CC(=C1)NC2=C3C4=C5C(=C2)C(=O)N(C(=O)C5=C(C=C4C(=O)N(C3=O)C6=CC=C(C=C6)C#C)NC7=CC(=CC(=C7)C(C)(C)C)C(C)(C)C)C8=CC=C(C=C8)C#C)C(C)(C)C,PDI core not found
CC(C)(C)C1=CC(=CC(=C1)NC2=C3C4=C5C(=C2)C(=O)N(C(=O)C5=C(C=C4C(=O)N(C3=O)C6=CC=C(C=C6)C#CC7=C8C=CC=CC8=CC9=CC=CC=C97)NC1=CC(=CC(=C1)C(C)(C)C)C(C)(C)C)C1=CC=C(C=C1)C#CC1=C2C=CC=CC2=CC2=CC=CC=C21)C(C)(C)C,PDI core not found
CC(C)(C)C1=CC(=CC(=C1)NC2=C3C4=C5C(=C2)C(=O)N(C(=O)C5=C(C=C4C(=O)N(C3=O)C6=CC=C(C=C6)C#CC7=CC8=CC=CC=C8C=C7)NC9=CC(=CC(=C9)C(C)(C)C)C(C)(C)C)C1=CC=C(C=C1)C#CC1=CC2=CC=CC=C2C=C1)C(C)(C)C,PDI core not found
C1=CC2=C3C(=CC=C4C3=C1C(=O)N(C4=O)CCC(=O)NCCC(=O)NCCC(=O)NCCC(=O)NC(CCCCN)C(=O)NCCN5C(=O)C6=C7C(=CC=C8C7=C(C=C6)C(=O)N(C8=O)CCC(=O)NCC(=O)N)C5=O)C(=O)N(C2=O)CCNC(=O)C(CCCCN)NC(=O)CCCCC(=O)NC(CCCCN)C(=O)NCCN9C(=O)C1=C2C(=CC=C3C2=C(C=C1)C(=O)N(C3=O)CCC(=O)NCCC(=O)NCCC(=O)NCCC(=O)NC(CCCCN)C(=O)NCCN1C(=O)C2=C3C(=CC=C4C3=C(C=C2)C(=O)N(C4=O)CCC(=O)NCC(=O)N)C1=O)C9=O,PDI core not found
C1COCCOCCOC2=CC=CC=C2OCCOCCOCCN1CCN3C(=O)C4=C5C(=CC=C6C5=C(C=C4)C(=O)N(C6=O)CCN7CCOCCOCCOC8=CC=CC=C8OCCOCCOCC7)C3=O,PDI core not found
C1=CC2=C3C(=CC=C4C3=C1C(=O)N(C4=O)CCCN=[N+]=[N-])C(=O)N(C2=O)CCCN=[N+]=[N-],PDI core not found
C1CN2C=C(COC3=CC=C(COC4=CC=C(CNCC5=CC=C(C=C5)OCC6=CC=C(C=C6)OCC7=CN(CCCN8C(=O)C9=C5C(=CC=C6C5=C(C=C9)C(=O)N(C1)C6=O)C8=O)N=N7)C=C4)C=C3)N=N2,PDI core not found
CN1C2=C[N+](=N1)CCCN3C(=O)C4=C5C(=CC=C6C5=C(C=C4)C(=O)N(C6=O)CCC[N+]7=NN(C(=C7)COC8=CC=C(COC9=CC=C(CNCC1=CC=C(C=C1)OCC1=CC=C(C=C1)OC2)C=C9)C=C8)C)C3=O,PDI core not found
CN1C2=C[N+](=N1)CCCN3C(=O)C4=C5C(=CC=C6C5=C(C=C4)C(=O)N(C6=O)CCC[N+]7=CC(=NN7C)COC8=CC=C(COC9=CC=C(CNCC1=CC=C(C=C1)OCC1=CC=C(C=C1)OC2)C=C9)C=C8)C3=O,PDI core not found
CN1C(=O)C2=C3C(=CC=C4C3=C(C=C2)C(=O)N(C4=O)CCS(=O)(=O)O)C1=O,PDI core not found
C1CC1(C(=O)O)N2C(=O)C3=C4C(=CC=C5C4=C(C=C3)C(=O)N(C5=O)C(CSC(C6=CC=CC=C6)(C7=CC=CC=C7)C8=CC=CC=C8)C(=O)O)C2=O,PDI core not found
C1CC(C1)(C(=O)O)N2C(=O)C3=C4C(=CC=C5C4=C(C=C3)C(=O)N(C5=O)C(CSC(C6=CC=CC=C6)(C7=CC=CC=C7)C8=CC=CC=C8)C(=O)O)C2=O,PDI core not found
C1=CC=C(C=C1)C(C2=CC=CC=C2)(C3=CC=CC=C3)SCC(C(=O)O)N4C(=O)C5=C6C(=CC=C7C6=C(C=C5)C(=O)N(C7=O)CC(=O)O)C4=O,PDI core not found
C1CSC2=C(S1)SC(=C3SC=C(S3)SCCOCCOCCOCCOCCOCCN4C(=O)C5=C6C(=CC=C7C6=C(C=C5)C(=O)N(C7=O)CCOCCOCCOCCOCCOCCSC8=CSC(=C9SC1=C(S9)SCCS1)S8)C4=O)S2,PDI core not found
CCCCCCN1C(=O)C2=C3C(=CC=C4C3=C(C=C2)C(=O)N(C4=O)CCOCCOCCOCCOCCOCCSC5=CSC(=C6SC7=C(S6)SCCS7)S5)C1=O,PDI core not found
CCCCCCN1C(=O)C2=C3C(=CC=C4C3=C(C=C2)C(=O)N(C4=O)CCSC5=CSC(=C6SC7=C(S6)SCCS7)S5)C1=O,PDI core not found
CC1=CC(=C(C(=C1)C)N2C(=O)C3=CC(=C4C5=C3C(=C(C=C5C(=O)N(C4=O)C6=C(C=C(C=C6C)C)C)OCC=C)C2=O)OCC=C)C,PDI core not found
CC(C)(C)C1=CC=C(C=C1)N2C(=O)C3=C4C(=C5C6=C3C(=C7C(=C6C(=O)N(C5=O)C8=CC=C(C=C8)C(C)(C)C)SC(=C(C#N)C#N)S7)C2=O)SC(=C(C#N)C#N)S4,PDI core not found
CC(C)(C)OC(=O)NCCN1C(=O)C2=C3C(=CC=C4C3=C(C=C2)C(=O)N(C4=O)CCN(C)C)C1=O,PDI core not found
C1COCCN1CCN2C(=O)C3=C4C(=CC=C5C4=C(C=C3)C(=O)N(C5=O)CC[N+]6=CC=NC6)C2=O,PDI core not found
CC1=CC(=C(C(=C1C)C2=C3C=CC(=C(C4=NC(=C(C5=CC=C(N5)C(=C6C=CC2=N6)C7=C(C(=CC(=C7C)C)C)C)C8=C(C(=CC(=C8C)C)C)C)C=C4)C9=CC(=C(C=C9C)C1=CC=C(C=C1)N1C(=O)C2=C4C(=CC=C5C4=C(C=C2)C(=O)N(C5=O)C2=CC=CC=C2)C1=O)C)N3)C)C,PDI core not found
C1=CC=NC(=C1)C2=NC=C(C=C2)C(=O)NCCCCCN3C(=O)C4=C5C(=CC=C6C5=C(C=C4)C(=O)N(C6=O)CCCCCNC(=O)C7=CN=C(C=C7)C8=CC=CC=N8)C3=O,PDI core not found
CC1CCC(CC1)N2C(=O)C3=C4C(=CC=C5C4=C(C=C3)C(=O)NC5=O)C2=O,PDI core not found
CN1C(=O)C2=C3C(=CC=C4C3=C(C=C2)C(=O)N(C4=O)CN5C(=O)C6=C7C(=CC=C8C7=C(C=C6)C(=O)NC8=O)C5=O)C1=O,PDI core not found
CCCCN1C(=O)C2=C3C(=CC=C4C3=C(C=C2)C(=O)N(C4=O)CCCC(=O)NCCCC5C(=O)NC6CCC7(C(C6)CC(C8C7CC(C9(C8CCC9C(CCC(=O)NC2CCC3(C(C2)CC(C2C3CC(C3(C2CCC3C(CCC(=O)NCC2=CN(C3CCC4(C(C3)CC(C3C4CC(C4(C3CCC4C(CCC(=O)N5)C)C)O)O)C)N=N2)C)C)O)O)C)C)C)O)O)C)C1=O,PDI core not found
CCCCN1C(=O)C2=C3C(=CC=C4C3=C(C=C2)C(=O)N(C4=O)CCCC(=O)NCCCC5C(=O)NC6CCC7(C(C6)CC(C8C7CC(C9(C8CCC9C(CCC(=O)NC2CCC3(C(C2)CC(C2C3CC(C3(C2CCC3C(CCC(=O)NC2CCC3(C(C2)CC(C2C3CC(C3(C2CCC3C(CCC(=O)N5)C)C)O)O)C)C)C)O)O)C)C)C)O)O)C)C1=O,PDI core not found
CC1C(C2=C(N1)C(=C3C(=C2)C(=C4C=C5C(=NC(C5(C)C)C)C(=C4O3)S(=O)(=O)O)C6=CC=C(C=C6)C(=O)NCCCN(C)CCCN7C(=O)C8=C9C(=CC=C1C9=C(C=C8)C(=O)N(C1=O)CCCN(C)CCCNC(=O)C1=CC(=C(C=C1)C1=C2C=CC(=N)C(=C2OC2=C1C=CC(=C2S(=O)(=O)O)N)S(=O)(=O)O)C(=O)O)C7=O)S(=O)(=O)O)(C)C,PDI core not found
CC[N+]1=C(C(C2=C1C=CC(=C2)SOOO)(C)C)C=CC=C3C(C4=C(N3CCCCCC(=O)NCCCN(C)CCCN5C(=O)C6=C7C(=CC=C8C7=C(C=C6)C(=O)N(C8=O)CCCN(C)CCCNC(=O)CCCCCN9C1=C(C=C(C=C1)SOOO)C(C9=CC=CC1=[N+](C2=C(C1(C)C)C=C(C=C2)S(=O)(=O)O)CC)(C)C)C5=O)C=CC(=C4)S(=O)(=O)O)(C)C,PDI core not found
CC[N+]1=C(C(C2=C1C=CC(=C2)SOOO)(C)C)C=CC=CC=C3C(C4=C(N3CCCCCC(=O)NCCCN(C)CCCN5C(=O)C6=C7C(=CC=C8C7=C(C=C6)C(=O)N(C8=O)CCCN(C)CCCNC(=O)CCCCCN9C1=C(C=C(C=C1)SOOO)C(C9=CC=CC=CC1=[N+](C2=C(C1(C)C)C=C(C=C2)S(=O)(=O)O)CC)(C)C)C5=O)C=CC(=C4)S(=O)(=O)O)(C)C,PDI core not found
C1=CC=C(C=C1)CNCCCN2C(=O)C3=C4C(=CC=C5C4=C(C=C3)C(=O)N(C5=O)CCCNCC6=CC=CC=C6)C2=O,PDI core not found
COC1=CC=CC(=C1)CNCCN2C(=O)C3=C4C(=CC=C5C4=C(C=C3)C(=O)N(C5=O)CCNCC6=CC(=CC=C6)OC)C2=O,PDI core not found
COC1=CC=C(C=C1)CNCCN2C(=O)C3=C4C(=CC=C5C4=C(C=C3)C(=O)N(C5=O)CCNCC6=CC=C(C=C6)OC)C2=O,PDI core not found
COC1=C(C(=C(C=C1)CNCCN2C(=O)C3=C4C(=CC=C5C4=C(C=C3)C(=O)N(C5=O)CCNCC6=C(C(=C(C=C6)OC)OC)OC)C2=O)OC)OC,PDI core not found
C1=CC=C(C=C1)CNCCN2C(=O)C3=C4C(=CC=C5C4=C(C=C3)C(=O)N(C5=O)CCNCC6=CC=CC=C6)C2=O,PDI core not found
COC1=CC(=CC(=C1OC)OC)CNCCN2C(=O)C3=C4C(=CC=C5C4=C(C=C3)C(=O)N(C5=O)CCNCC6=CC(=C(C(=C6)OC)OC)OC)C2=O,PDI core not found
COC1=CC(=CC(=C1OC)OC)CNCCCN2C(=O)C3=C4C(=CC=C5C4=C(C=C3)C(=O)N(C5=O)CCCNCC6=CC(=C(C(=C6)OC)OC)OC)C2=O,PDI core not found
COC1=CC=CC=C1CNCCCCCCCCCCCCN2C(=O)C3=C4C(=CC=C5C4=C(C=C3)C(=O)N(C5=O)CCCCCCCCCCCCNCC6=CC=CC=C6OC)C2=O,PDI core not found
C=CCNCCCN1C(=O)C2=C3C(=CC=C4C3=C(C=C2)C(=O)N(C4=O)CCCNCC=C)C1=O,PDI core not found
C#CCNCCCN1C(=O)C2=C3C(=CC=C4C3=C(C=C2)C(=O)N(C4=O)CCCNCC#C)C1=O,PDI core not found
C=CCNCCN1C(=O)C2=C3C(=CC=C4C3=C(C=C2)C(=O)N(C4=O)CCNCC=C)C1=O,PDI core not found
CCCCC(CC)CN1C(=O)C2=CC(=C3C4=C2C(=C(C=C4C(=O)NC3=O)OCC)C1=O)OCC,PDI core not found
CCCCC(CC)CN1C(=O)C2=CC(=C3C4=C2C(=C(C=C4C(=O)N(C3=O)C5=CC=C(C=C5)C=NNC(=O)CCC(C(=O)NN=CC6=CC=C(C=C6)N7C(=O)C8=CC(=C9C2=C8C(=C(C=C2C(=O)N(C9=O)CC(CC)CCCC)NC(C)C)C7=O)OCC)NC(=O)C(CCC(=O)NN=CC2=CC=C(C=C2)N2C(=O)C3=CC(=C4C5=C3C(=C(C=C5C(=O)N(C4=O)CC(CC)CCCC)NC(C)C)C2=O)OCC)NC(=N)N)OCC)C1=O)NC(C)C,PDI core not found
C1CN2C=C(CN3C(=O)C4=C5C(=CC=C6C5=C(C=C4)C(=O)N(C6=O)CC7=CN(CCCN8C(=O)C9=C4C(=CC=C5C4=C(C=C9)C(=O)N(C1)C5=O)C8=O)N=N7)C3=O)N=N2,PDI core not found
CCCCCCN1C(=O)C2=CC(=C3C4=C2C(=C(C=C4C(=O)N(C3=O)CCCCCC)C(=O)CCCCC)C1=O)C(=O)CCCCC,PDI core not found
C1=CC2=C3C(=CC=C4C3=C1C(=O)N(C4=O)CCCCC(C(=O)N)N)C(=O)N(C2=O)CCCCC(C(=O)N)N,PDI core not found
C1=CC=NC(=C1)C2=CC(=CC(=N2)C3=CC=CC=N3)OCCOCCOCCOCCN4C(=O)C5=C6C(=CC=C7C6=C(C=C5)C(=O)N(C7=O)CCOCCOCCOCCOC(=O)C8=CN=CC=C8)C4=O,PDI core not found
COC1=CC=CC(=C1)CNCCCN2C(=O)C3=C4C(=CC=C5C4=C(C=C3)C(=O)N(C5=O)CCCNCC6=CC(=CC=C6)OC)C2=O,PDI core not found
COC1=CC=C(C=C1)CNCCCN2C(=O)C3=C4C(=CC=C5C4=C(C=C3)C(=O)N(C5=O)CCCNCC6=CC=C(C=C6)OC)C2=O,PDI core not found
C1=CC=C(C(=C1)CNCCN2C(=O)C3=C4C(=CC=C5C4=C(C=C3)C(=O)N(C5=O)CCNCC6=CC=CC=C6[N+](=O)[O-])C2=O)[N+](=O)[O-],PDI core not found
C1=CC=C(C(=C1)CNCCCN2C(=O)C3=C4C(=CC=C5C4=C(C=C3)C(=O)N(C5=O)CCCNCC6=CC=CC=C6[N+](=O)[O-])C2=O)[N+](=O)[O-],PDI core not found
CC1=CC=CC=C1CNCCN2C(=O)C3=C4C(=CC=C5C4=C(C=C3)C(=O)N(C5=O)CCNCC6=CC=CC=C6C)C2=O,PDI core not found
CC1=CC=CC=C1CNCCCN2C(=O)C3=C4C(=CC=C5C4=C(C=C3)C(=O)N(C5=O)CCCNCC6=CC=CC=C6C)C2=O,PDI core not found
CCCCCCC(CCCCCC)N1C(=O)C2=C3C(=CC(=C4C3=C(C=C2)C(=O)N(C4=O)C(CCCCCC)CCCCCC)N5CCCC5)C1=O,PDI core not found
C#CCN1C(=O)C2=C3C(=CC=C4C3=C(C=C2)C(=O)N(C4=O)CCCCCO)C1=O,PDI core not found
CC(C)(C)C1=CC=C(C=C1)C(C2=CC=C(C=C2)C(C)(C)C)(C3=CC=C(C=C3)C(C)(C)C)C4=CC=C(C=C4)OCCCCCN5C(=O)C6=C7C(=CC=C8C7=C(C=C6)C(=O)N(C8=O)CC#C)C5=O,PDI core not found
CC(C)(C)C1=CC=C(C=C1)C(C2=CC=C(C=C2)C(C)(C)C)(C3=CC=C(C=C3)C(C)(C)C)C4=CC=C(C=C4)OCCCCCN5C(=O)C6=C7C(=CC=C8C7=C(C=C6)C(=O)N(C8=O)CC9=CN(N=N9)CCOCCOC1=CC=C(C=C1)C(C1=CC=C(C=C1)C(C)(C)C)(C1=CC=C(C=C1)C(C)(C)C)C1=CC=C(C=C1)C(C)(C)C)C5=O,PDI core not found
CC(C)CC(CO)N1C(=O)C2=C3C(=CC=C4C3=C(C=C2)C(=O)N(C4=O)C(CC(C)C)CO)C1=O,PDI core not found
CC(C)CC(C=O)N1C(=O)C2=C3C(=CC=C4C3=C(C=C2)C(=O)N(C4=O)C(CC(C)C)C=O)C1=O,PDI core not found
CC(C)CC(C=NO)N1C(=O)C2=C3C(=CC=C4C3=C(C=C2)C(=O)N(C4=O)C(CC(C)C)C=NO)C1=O,PDI core not found
CC(C)CC(C(=O)N)N1C(=O)C2=C3C(=CC=C4C3=C(C=C2)C(=O)N(C4=O)C(CC(C)C)C(=O)N)C1=O,PDI core not found
CC(C)CC(C#N)N1C(=O)C2=C3C(=CC=C4C3=C(C=C2)C(=O)N(C4=O)C(CC(C)C)C#N)C1=O,PDI core not found
CCCCCCN1C(=O)C2=CC(=C3C4=C(C=C(C(=C24)C1=O)C=C)C(=O)N(C3=O)CCCCCC)C=C,PDI core not found
CCCCCCN1C(=O)C2=CC(=C3C4=C(C=C(C(=C24)C1=O)C=O)C(=O)N(C3=O)CCCCCC)C=O,PDI core not found
CCCCCCN1C(=O)C2=CC(=C3C4=C(C=C(C(=C24)C1=O)C=C(C#N)C#N)C(=O)N(C3=O)CCCCCC)C=C(C#N)C#N,PDI core not found
CCCCCCCCN1C(=O)C2=C(C(=C3C4=C2C(=C5C(=C4C(=O)N(C3=O)CCCCCCCC)SC6=CC=CC=C6S5)C1=O)NC7=CC=CC=C7)NC8=CC=CC=C8,PDI core not found
CCCCCCCCNC1=C2C3=C4C(=C1NCCCCCCCC)C(=O)N(C(=O)C4=C5C(=C3C(=O)N(C2=O)CCCCCCCC)SC6=CC=CC=C6S5)CCCCCCCC,PDI core not found
CCCCCCCCN1C(=O)C2=C3C(=C4C5=C2C(=C6C(=C5C(=O)N(C4=O)CCCCCCCC)SC7=CC=CC=C7S6)C1=O)SC8=CC=CC=C8S3,PDI core not found
CCCCCCC(CCCCCC)N1C(=O)C2=C3C(=CC4=C5C(=C6C=C7C8=C(C=CC9=C(C3=C4C6=C98)C=C2)C(=O)N(C7=O)C(CCCCCC)CCCCCC)C(=O)N(C5=O)N2C(=O)C3=C4C(=CC=C5C4=C(C=C3)C(=O)N(C5=O)N3C(=O)C4=C5C=C6C7=C(C=CC8=C9C=CC%10=C%11C9=C(C5=C87)C(=C4C3=O)C=C%11C(=O)N(C%10=O)C(CCCCCC)CCCCCC)C(=O)N(C6=O)C(CCCCCC)CCCCCC)C2=O)C1=O,PDI core not found
CCCCCCC(CCCCCC)N1C(=O)C2=C3C(=CC4=C5C(=C6C=C7C8=C(C=CC9=C(C3=C4C6=C98)C=C2)C(=O)N(C7=O)C(CCCCCC)CCCCCC)C(=O)N(C5=O)C2=C(C(=C(C(=C2C)C)N2C(=O)C3=C4C(=CC=C5C4=C(C=C3)C(=O)N(C5=O)C3=C(C(=C(C(=C3C)C)N3C(=O)C4=C5C=C6C7=C(C=CC8=C9C=CC%10=C%11C9=C(C5=C87)C(=C4C3=O)C=C%11C(=O)N(C%10=O)C(CCCCCC)CCCCCC)C(=O)N(C6=O)C(CCCCCC)CCCCCC)C)C)C2=O)C)C)C1=O,PDI core not found
CC(C(=O)OC)N1C(=O)C2=C3C(=CC=C4C3=C(C=C2)C(=O)N(C4=O)CC5=C6C=CC7=CC=CC8=C7C6=C(C=C8)C=C5)C1=O,PDI core not found
CC(C)C(C(=O)OC)N1C(=O)C2=C3C(=CC=C4C3=C(C=C2)C(=O)N(C4=O)CC5=C6C=CC7=CC=CC8=C7C6=C(C=C8)C=C5)C1=O,PDI core not found
CCC(C)C(C(=O)OC)N1C(=O)C2=C3C(=CC=C4C3=C(C=C2)C(=O)N(C4=O)CC5=C6C=CC7=CC=CC8=C7C6=C(C=C8)C=C5)C1=O,PDI core not found
COC(=O)C(CC1=CC=CC=C1)N2C(=O)C3=C4C(=CC=C5C4=C(C=C3)C(=O)N(C5=O)CC6=C7C=CC8=CC=CC9=C8C7=C(C=C9)C=C6)C2=O,PDI core not found
COC(=O)C(CC1=CC=CC=C1)N2C(=O)C3=C4C(=CC=C5C4=C(C=C3)C(=O)N(C5=O)CC6=C7C=CC8=CC=CC9=C8C7=C(C=C9)C=C6)C2=O,PDI core not found
C1=CC2=C3C(=CC=C4C3=C1C(=O)N(C4=O)CCC(=O)NCCC(=O)NCCC(=O)NCCC(=O)NC(CCCCN)C(=O)NCCN5C(=O)C6=C7C(=CC=C8C7=C(C=C6)C(=O)N(C8=O)CCC(=O)NCC(=O)N)C5=O)C(=O)N(C2=O)CCNC(=O)C(CCCCN)NC(=O)CCCCCC(=O)NC(CCCCN)C(=O)NCCN9C(=O)C1=C2C(=CC=C3C2=C(C=C1)C(=O)N(C3=O)CCC(=O)NCCC(=O)NCCC(=O)NCCC(=O)NC(CCCCN)C(=O)NCCN1C(=O)C2=C3C(=CC=C4C3=C(C=C2)C(=O)N(C4=O)CCC(=O)NCC(=O)N)C1=O)C9=O,PDI core not found
C1=CC2=C3C(=CC=C4C3=C1C(=O)N(C4=O)CCC(=O)NCCC(=O)NCCC(=O)NCCC(=O)NC(CCCCN)C(=O)NCCN5C(=O)C6=C7C(=CC=C8C7=C(C=C6)C(=O)N(C8=O)CCC(=O)NCC(=O)N)C5=O)C(=O)N(C2=O)CCNC(=O)C(CCCCN)NC(=O)CCCCCCC(=O)NC(CCCCN)C(=O)NCCN9C(=O)C1=C2C(=CC=C3C2=C(C=C1)C(=O)N(C3=O)CCC(=O)NCCC(=O)NCCC(=O)NCCC(=O)NC(CCCCN)C(=O)NCCN1C(=O)C2=C3C(=CC=C4C3=C(C=C2)C(=O)N(C4=O)CCC(=O)NCC(=O)N)C1=O)C9=O,PDI core not found
C1=CC2=C3C(=CC=C4C3=C1C(=O)N(C4=O)CCC(=O)NCCC(=O)NCCC(=O)NCCC(=O)NC(CCCCN)C(=O)NCCN5C(=O)C6=C7C(=CC=C8C7=C(C=C6)C(=O)N(C8=O)CCC(=O)NCC(=O)N)C5=O)C(=O)N(C2=O)CCNC(=O)C(CCCCN)NC(=O)CCCCCCCC(=O)NC(CCCCN)C(=O)NCCN9C(=O)C1=C2C(=CC=C3C2=C(C=C1)C(=O)N(C3=O)CCC(=O)NCCC(=O)NCCC(=O)NCCC(=O)NC(CCCCN)C(=O)NCCN1C(=O)C2=C3C(=CC=C4C3=C(C=C2)C(=O)N(C4=O)CCC(=O)NCC(=O)N)C1=O)C9=O,PDI core not found
CCCCCCC(CCCCCC)N1C(=O)C2=CC(=C3C4=C2C(=C(C=C4C(=O)N(C3=O)C(CCCCCC)CCCCCC)N5CCCC5)C1=O)N6CCCC6,PDI core not found
CN(C)CCN1C(=O)C2=C3C(=CC(=C4C3=C(C=C2)C(=O)N(C4=O)CCN(C)C)C#CC5=CC=C(C=C5)O)C1=O,PDI core not found
CN(C)CCN1C(=O)C2=C3C(=CC(=C4C3=C(C=C2)C(=O)N(C4=O)CCN(C)C)C#CC5=CC(=C(C=C5)O)CO)C1=O,PDI core not found
C[N+](C)(C)CCN1C(=O)C2=C3C(=CC(=C4C3=C(C=C2)C(=O)N(C4=O)CC[N+](C)(C)C)C#CC5=CC=C(C=C5)O)C1=O,PDI core not found
C[N+](C)(C)CCN1C(=O)C2=C3C(=CC(=C4C3=C(C=C2)C(=O)N(C4=O)CC[N+](C)(C)C)C#CC5=CC(=C(C=C5)O)CO)C1=O,PDI core not found
CN(C)CCN1C(=O)C2=CC(=C3C4=C(C=C(C(=C24)C1=O)C#CC5=CC=C(C=C5)O)C(=O)N(C3=O)CCN(C)C)C#CC6=CC=C(C=C6)O,PDI core not found
CN(C)CCN1C(=O)C2=CC(=C3C4=C(C=C(C(=C24)C1=O)C#CC5=CC(=C(C=C5)O)CO)C(=O)N(C3=O)CCN(C)C)C#CC6=CC(=C(C=C6)O)CO,PDI core not found
C[N+](C)(C)CCN1C(=O)C2=CC(=C3C4=C(C=C(C(=C24)C1=O)C#CC5=CC=C(C=C5)O)C(=O)N(C3=O)CC[N+](C)(C)C)C#CC6=CC=C(C=C6)O,PDI core not found
C[N+](C)(C)CCN1C(=O)C2=CC(=C3C4=C(C=C(C(=C24)C1=O)C#CC5=CC(=C(C=C5)O)CO)C(=O)N(C3=O)CC[N+](C)(C)C)C#CC6=CC(=C(C=C6)O)CO,PDI core not found
CC(=O)OC1=CC=C(C=C1)C#CC2=CC3=C4C5=C2C(=O)N(C(=O)C5=CC(=C4C(=O)N(C3=O)CCN(C)C)C#CC6=CC=C(C=C6)OC(=O)C)CCN(C)C,PDI core not found
CC1(OCC2=C(O1)C=CC(=C2)C#CC3=CC4=C5C6=C3C(=O)N(C(=O)C6=CC(=C5C(=O)N(C4=O)CCN(C)C)C#CC7=CC8=C(C=C7)OC(OC8)(C)C)CCN(C)C)C,PDI core not found
C1=CC=C(C=C1)OC2=CC=C(C=C2)N3C(=O)C4=C5C(=CC=C6C5=C(C=C4)C(=O)NC6=O)C3=O,PDI core not found
C1=CC=C(C(=C1)OC2=C(C=C(C=C2)N3C(=O)C4=C5C(=CC=C6C5=C(C=C4)C(=O)NC6=O)C3=O)S(=O)(=O)O)S(=O)(=O)O,PDI core not found
CCCCCCCCCCN1C(=O)C2=C3C(=CC=C4C3=C(C=C2)C(=O)NC4=O)C1=O,PDI core not found
C1=CC=C(C(=C1)C2=C(C=C(C=C2)N3C(=O)C4=C5C(=CC=C6C5=C(C=C4)C(=O)NC6=O)C3=O)OCCCS(=O)(=O)O)OCCCS(=O)(=O)O,PDI core not found
C1=CC(=CC(=C1)OCCCS(=O)(=O)O)C2=CC(=C(C=C2)N3C(=O)C4=C5C(=CC=C6C5=C(C=C4)C(=O)NC6=O)C3=O)OCCCS(=O)(=O)O,PDI core not found
CCOCCOCCN1C(=O)C2=C3C(=CC=C4C3=C(C=C2)C(=O)NC4=O)C1=O,PDI core not found
C[NH+](C)CCN1C(=O)C2=C3C(=CC=C4C3=C(C=C2)C(=O)N(C4=O)CC[NH+](C)C)C1=O,PDI core not found
CN1C(=O)C2=C3C(=C4C5=C2C(=C6C(=C5C(=O)N(C4=O)C)SC(=C(S6)[N+]#[C-])[N+]#[C-])C1=O)SC(=C(S3)C#N)C#N,PDI core not found
CC1(C2CCC(C2)(C1NCCCN3C(=O)C4=C5C(=CC=C6C5=C(C=C4)C(=O)N(C6=O)CCCNC7C(C8CCC7(C8)C)(C)C)C3=O)C)C,PDI core not found
CC1(C2CCC(C2)(C1NCCCN3C(=O)C4=C5C(=CC=C6C5=C(C=C4)C(=O)N(C6=O)CCCNC7C(C8CCC7(C8)C)(C)C)C3=O)C)C,PDI core not found
CC1(C2CCC(C2)(C1NCCCN3C(=O)C4=C5C(=CC=C6C5=C(C=C4)C(=O)N(C6=O)CCCNC7C(C8CCC7(C8)C)(C)C)C3=O)C)C,PDI core not found
CC1(C2CCC(C2)(C1NCCCN3C(=O)C4=C5C(=CC=C6C5=C(C=C4)C(=O)N(C6=O)CCCNC7C(C8CCC7(C8)C)(C)C)C3=O)C)C,PDI core not found
C1=CC=C(C(=C1)N2C(=O)C3=C4C(=CC=C5C4=C(C=C3)C(=O)NC5=O)C2=O)[N+](=O)[O-],PDI core not found
C1CC(OC1)CN2C(=O)C3=C4C(=CC=C5C4=C(C=C3)C(=O)NC5=O)C2=O,PDI core not found
C1CC(OC1)CN2C(=O)C3=C4C(=CC=C5C4=C(C=C3)C(=O)NC5=O)C2=O,PDI core not found
C1CN(CCN1CCCNC(=O)C2=CC=CC2)CCCN3C(=O)C4=C5C(=CC=C6C5=C(C=C4)C(=O)N(C6=O)CCCN7CCN(CC7)CCCNC(=O)C8=CC=CC8)C3=O,PDI core not found
CCCCCCN1C(=O)C2=C3C(=CC=C4C3=C(C=C2)C(=O)N(C4=O)CC5=CC=C(C=C5)C6=C7C=CC(=CC8=NC(=C(C9=NC(=CC2=CC=C6N2)C=C9)C2=CC=C(C=C2)C)C=C8)N7)C1=O,PDI core not found
CCCCCCC1=C(C2=C(C3=C(C(=C(N3)C=C4C(=C(C(=N4)C(=C5C(=C(C(=N5)C=C1N2)CCCCCC)C)C6=CC=C(C=C6)CN7C(=O)C8=C9C(=CC=C1C9=C(C=C8)C(=O)N(C1=O)CCCCCC)C7=O)C)CCCCCC)CCCCCC)C)C1=CC(=CC(=C1)C(C)(C)C)C(C)(C)C)C,PDI core not found
C=CCCCN1C(=O)C2=C3C(=CC=C4C3=C(C=C2)C(=O)N(C4=O)CCCC=C)C1=O,PDI core not found
C=CCCCCN1C(=O)C2=C3C(=CC=C4C3=C(C=C2)C(=O)N(C4=O)CCCCC=C)C1=O,PDI core not found
CC(C)CC(C(=NCCCOC1=CC=CC2=C1C=CC=C2OCCCC(=NC(CC(=O)O)C(=NCCN3C(=O)C4=C5C(=CC=C6C5=C(C=C4)C(=O)N(C6=O)CCC(=NC(CC(C)C)C(=NCCCOC7=CC=CC8=C7C=CC=C8OCCCC(=NC(CC(=O)O)C(=NCCN9C(=O)C1=C2C(=CC=C4C2=C(C=C1)C(=O)N(C4=O)CCC(=NC(CC(C)C)C(=NCCCOC1=CC=CC2=C1C=CC=C2OCCCC(=NC(CC(=O)O)C(=NCCN1C(=O)C2=C4C(=CC=C5C4=C(C=C2)C(=O)N(C5=O)CCC(=NCC(=O)O)O)C1=O)O)O)O)O)C9=O)O)O)O)O)C3=O)O)O)O)N=C(C)O,PDI core not found
CC(=NC(CC(=O)O)C(=NCCCOC1=CC=CC2=C1C=CC=C2OCCCC(=NC(CC(=O)O)C(=NCCN3C(=O)C4=C5C(=CC=C6C5=C(C=C4)C(=O)N(C6=O)CCC(=NC(CC(=O)O)C(=NCCCOC7=CC=CC8=C7C=CC=C8OCCCC(=NC(CC(=O)O)C(=NCCN9C(=O)C1=C2C(=CC=C4C2=C(C=C1)C(=O)N(C4=O)CCC(=NC(CC(=O)O)C(=NCCCOC1=CC=CC2=C1C=CC=C2OCCCC(=NC(CC(=O)O)C(=NCCN1C(=O)C2=C4C(=CC=C5C4=C(C=C2)C(=O)N(C5=O)CCC(=NCC(=O)O)O)C1=O)O)O)O)O)C9=O)O)O)O)O)C3=O)O)O)O)O,PDI core not found
CC12CSC(C1(NC(=O)N2)C)CCCCC(=O)NCCCN(C)CCCN3C(=O)C4=C5C(=CC=C6C5=C(C=C4)C(=O)N(C6=O)CCCN(C)CCCNC(=O)CCCCC7C8(C(CS7)(NC(=O)N8)C)C)C3=O,PDI core not found
CCCCCCCCN1C(=O)C2=C3C(=CC=C4C3=C(C=C2)C(=O)N(C4=O)N5C(=O)C6=C7C(=C(C=C6)N8CCCCC8)C=CC=C7C5=O)C1=O,PDI core not found
CC(=O)NCC(=O)NC(CC1=CN=CN1)C(=O)NCCCN(C)CCCN2C(=O)C3=C4C(=CC=C5C4=C(C=C3)C(=O)N(C5=O)CCCN(C)CCCNC(=O)C(CC6=CN=CN6)NC(=O)CNC(=O)C)C2=O,PDI core not found
CC(=O)NCC(=O)NC(CC1=CN=CN1)C(=O)NCCCN(C)CCCN2C(=O)C3=C4C(=CC=C5C4=C(C=C3)C(=O)N(C5=O)CCCN(C)CCCN)C2=O,PDI core not found
CCCC(C)N1C(=O)C2=C3C(=CC=C4C3=C(C=C2)C(=O)N(C4=O)C(C)CCC)C1=O,PDI core not found
CC(CCC(=O)OC)C1CCC2C1(C(CC3C2C(CC4C3(CCC(C4)N5C(=O)C6=C7C(=CC=C8C7=C(C=C6)C(=O)N(C8=O)C9CCC1(C(C9)CC(C2C1CC(C1(C2CCC1C(C)CCC(=O)OC)C)O)O)C)C5=O)C)O)O)C,PDI core not found
COC1=C(C=CC(=C1)C2=CC(=C(C=C2)N3C(=O)C4=C5C(=CC=C6C5=C(C=C4)C(=O)N(C6=O)C7=C(C=C(C=C7)C8=CC(=C(C=C8)N9C(=O)C1=C2C(=CC=C4C2=C(C=C1)C(=O)N(C4=O)C1=C(C=C(C=C1)C1=CC(=C(C=C1)N)OC)OC)C9=O)OC)OC)C3=O)OC)N,PDI core not found
CN(C)CCCN1C(=O)C2=C3C(=CC=C4C3=C(C=C2)C(=O)N(C4=O)CCCNC(=O)C5=CN=C(C=C5)C6=CC=CC=N6)C1=O,PDI core not found
CC1=CN(C(=O)NC1=O)CCCC[N+](C)(C)CCCN2C(=O)C3=C4C(=CC=C5C4=C(C=C3)C(=O)N(C5=O)CCC[N+](C)(C)CCCCN6C=C(C(=O)NC6=O)C)C2=O,PDI core not found
C[N+]1(CCCN2C(=O)C3=C4C(=CC=C5C4=C(C=C3)C(=O)N(C5=O)CCC[N+](CCC[N+](CCCN6C(=O)C7=C8C(=CC=C9C8=C(C=C7)C(=O)N(C9=O)CCC[N+](CCC1)(C)C)C6=O)(C)C)(C)C)C2=O)C,PDI core not found
CCCCCCCCC#CC#CCCCCCN1C(=O)C2=C3C(=CC=C4C3=C(C=C2)C(=O)N(C4=O)CCCCCC#CC#CCCCCCCCC)C1=O,PDI core not found
C1=CC2=C3C(=CC=C4C3=C1C(=O)N(C4=O)CCCNC(=O)CN5C=CN=C5[N+](=O)[O-])C(=O)N(C2=O)CCCNC(=O)CN6C=CN=C6[N+](=O)[O-],PDI core not found
C1CCCN2C(=O)C3=C4C(=CC=C5C4=C(C=C3)C(=O)N(C5=O)CCCCCCN6C(=O)C7=C8C(=CC=C9C8=C(C=C7)C(=O)N(C9=O)CC1)C6=O)C2=O,PDI core not found
C1=CC=[N+](C=C1)CCN2C(=O)C3=C4C(=CC=C5C4=C(C=C3)C(=O)N(C5=O)CC[N+]6=CC=CC=C6)C2=O,PDI core not found
CCCCCCCCN1C(=O)C2=C3C(=CC=C4C3=C(C=C2)C(=O)N(C4=O)C5=CC=CC(=C5)N6C(=O)C7=C8C(=C(C=C7)N9CCCCC9)C=CC=C8C6=O)C1=O,PDI core not found
CCCCCCCCN1C(=O)C2=C3C(=CC=C4C3=C(C=C2)C(=O)N(C4=O)N5C(=O)C6=C(C5=O)C=C7C(=C6)C(=O)N(C7=O)C8=CC(=CC=C8)N9C(=O)C2=C3C(=C(C=C2)N2CCCCC2)C=CC=C3C9=O)C1=O,PDI core not found
CCCCCCCCN1C(=O)C2=C3C(=CC=C4C3=C(C=C2)C(=O)N(C4=O)C5=CC(=CC(=C5)N6C(=O)C7=C8C(=C(C=C7)N9CCCCC9)C=CC=C8C6=O)N2C(=O)C3=CC4=C(C=C3C2=O)C(=O)N(C4=O)N2C(=O)C3=C4C(=CC=C5C4=C(C=C3)C(=O)N(C5=O)CCCCCCCC)C2=O)C1=O,PDI core not found
CCCCCCCCN1C(=O)C2=C3C(=CC=C4C3=C(C=C2)C(=O)N(C4=O)C5=CC=C(C=C5)C6=C7C=CC=C8C7=C(C=C6)C9=C(C=C2C3=C9C8=C(C=C3C(=O)N(C2=O)C2=C(C=CC(=C2)C(C)(C)C)C(C)(C)C)OC2=CC=C(C=C2)C(C)(C)C)OC2=CC=C(C=C2)C(C)(C)C)C1=O,PDI core not found
CCCCCCCCN1C(=O)C2=C3C(=CC=C4C3=C(C=C2)C(=O)N(C4=O)C5=CC=C(C=C5)C6=C7C=CC=C8C7=C(C=C6)C9=C(C=C2C3=C9C8=C(C=C3C(=O)N(C2=O)C2=CC=C(C=C2)C2=C3C=CC(=N3)C(=C3C=CC(=C(C4=NC(=C(C5=CC=C2N5)CCCCC)C=C4)CCCCC)N3)CCCCC)OC2=CC=C(C=C2)C(C)(C)C)OC2=CC=C(C=C2)C(C)(C)C)C1=O,PDI core not found
CCCCCCCCN1C(=O)C2=C3C(=CC=C4C3=C(C=C2)C(=O)N(C4=O)C5=C6C=CC=C7C6=C(C=C5)C8=C(C=C9C2=C8C7=C(C=C2C(=O)N(C9=O)C2=C(C=CC(=C2)C(C)(C)C)C(C)(C)C)OC2=CC=C(C=C2)C(C)(C)C)OC2=CC=C(C=C2)C(C)(C)C)C1=O,PDI core not found
C1=CC(C=C1)N2C(=O)C3=C4C(=CC=C5C4=C(C=C3)C(=O)N(C5=O)C6C=CC=C6)C2=O,PDI core not found
CC(C)(C1=CC=C(C=C1)O)N2C(=O)C3=C4C(=CC=C5C4=C(C=C3)C(=O)N(C5=O)C(C)(C)C6=CC=C(C=C6)O)C2=O,PDI core not found
CCCCCCCCCCCCCCCCCCN1C(=O)C2=C3C(=CC=C4C3=C(C=C2)C(=O)N(C4=O)CCCCCCCCCCCCCCCCCC)C1=O,PDI core not found
CC(C)OCCCCN1C(=O)C2=C3C(=CC=C4C3=C(C=C2)C(=O)N(C4=O)CCCCOC(C)C)C1=O,PDI core not found
CCCCCCCCN1C(=O)C2=C3C(=CC=C4C3=C(C=C2)C(=O)N(C4=O)C5=C(C=C(C(=C5)OC)N6C(=O)C7=C8C(=C(C=C7)N9CCCCC9)C=CC=C8C6=O)OC)C1=O,PDI core not found
CCCCCCCCN1C(=O)C2=C3C(=CC=C4C3=C(C=C2)C(=O)N(C4=O)C5=C(C=C(C(=C5)OC)N6C(=O)C7=C8C(=C(C=C7)N9CCN(CC9)C2=CC=C(C=C2)OC)C=CC=C8C6=O)OC)C1=O,PDI core not found
CCCCCCCCN1C(=O)C2=C3C(=CC=C4C3=C(C=C2)C(=O)N(C4=O)C5=C(C=C(C(=C5)OC)N6C(=O)C7=CC=CC8=C7C(=CC=C8)C6=O)OC)C1=O,PDI core not found
CCCCCCCCN1C(=O)C2=C3C(=CC=C4C3=C(C=C2)C(=O)N(C4=O)C5=CC(=C(C=C5C)N6C(=O)C7=CC=CC8=C7C(=CC=C8)C6=O)C)C1=O,PDI core not found
CC(=O)NC(CC(=O)O)C(=O)NCCCOC1=CC=CC2=C1C=CC=C2OCCCC(=O)NC(CC(=O)O)C(=O)NCCN3C(=O)C4=C5C(=CC=C6C5=C(C=C4)C(=O)N(C6=O)CCC(=O)NCC(=O)O)C3=O,PDI core not found
CC(=O)NC(CC(=O)O)C(=O)NCCCOC1=CC=CC2=C1C=CC=C2OCCCC(=O)NC(CC(=O)O)C(=O)NCC(=O)NCCN3C(=O)C4=C5C(=CC=C6C5=C(C=C4)C(=O)N(C6=O)CCC(=O)NCC(=O)O)C3=O,PDI core not found
CC(=O)NC(CC(=O)O)C(=O)NCCCOC1=CC=CC2=C1C=CC=C2OCCCC(=O)NCC(=O)NC(CC(=O)O)C(=O)NCC(=O)NCCN3C(=O)C4=C5C(=CC=C6C5=C(C=C4)C(=O)N(C6=O)CCC(=O)NCC(=O)O)C3=O,PDI core not found
CC(=O)NC(CC(=O)O)C(=O)NCCCOC1=CC=CC2=C1C=CC=C2OCCCC(=O)NCC(=O)NCC(=O)NC(CC(=O)O)C(=O)NCC(=O)NCCN3C(=O)C4=C5C(=CC=C6C5=C(C=C4)C(=O)N(C6=O)CCC(=O)NCC(=O)O)C3=O,PDI core not found
C1CCC(C1)(C(=O)NCCN2C(=O)C3=C4C(=CC=C5C4=C(C=C3)C(=O)N(C5=O)CCC(=O)NCC(=O)O)C2=O)NC(=O)CCCOC6=CC=CC7=C6C=CC=C7OCCCNC(=O)C(CC(=O)O)NC(=O)CCC(=O)O,PDI core not found
C1=CC(=C2C=CC=C(C2=C1)OCCCC(=O)NCC(=O)O)CCCNC(=O)CCN3C(=O)C4=C5C(=CC=C6C5=C(C=C4)C(=O)N(C6=O)CCNC(=O)C(CC(=O)O)NC(=O)CCC(=O)O)C3=O,PDI core not found
C1CC(N(C1)C(=O)CCCOC2=CC=CC3=C2C=CC=C3OCCCNC(=O)C(CC(=O)O)NC(=O)CCC(=O)O)C(=O)NCCN4C(=O)C5=C6C(=CC=C7C6=C(C=C5)C(=O)N(C7=O)CCC(=O)NCC(=O)O)C4=O,PDI core not found
C1CN(CCC1C(=O)NCCN2C(=O)C3=C4C(=CC=C5C4=C(C=C3)C(=O)N(C5=O)CCC(=O)NCC(=O)O)C2=O)C(=O)CCCOC6=CC=CC7=C6C=CC=C7OCCCNC(=O)C(CC(=O)O)NC(=O)CCC(=O)O,PDI core not found
C1CC(=O)NC(C(=O)NCCN2C(=O)C3=C4C(=CC=C5C4=C(C=C3)C(=O)N(C5=O)CCC(=O)NC(C(=O)NCCCOC6=CC=CC7=C6C=CC=C7OC1)CC(=O)O)C2=O)CC(=O)O,PDI core not found
C1=CC2=C(C=CC=C2OCCCN)C(=C1)OCCCC(=O)NC(CC(=O)O)C(=O)NCCN3C(=O)C4=C5C(=CC=C6C5=C(C=C4)C(=O)N(C6=O)CCC(=O)NC(CC(=O)O)C(=O)O)C3=O,PDI core not found
C1=CC2=C(C=CC=C2OCC(=O)O)C(=C1)OCC3=CC=C(C=C3)CN4C(=O)C5=C6C(=CC=C7C6=C(C=C5)C(=O)N(C7=O)CCC(=O)NC(CC(=O)O)C(=O)O)C4=O,PDI core not found
CCCCCCCCCCCCCCCCCCOC1=C(C=C(C=C1)C(=O)O)N2C(=O)C3=C4C(=CC=C5C4=C(C=C3)C(=O)N(C5=O)C6=C(C=CC(=C6)C(=O)O)OCCCCCCCCCCCCCCCCCC)C2=O,PDI core not found
CCCCCCCCN1C(=O)C2=C3C(=CC=C4C3=C(C=C2)C(=O)N(C4=O)N5C(=O)C6=C7C(=C(C=C6)N8CCCC8)C=CC=C7C5=O)C1=O,PDI core not found
C1=CC(C=C1)CC(=O)NCCCN2C(=O)C3=C4C(=CC=C5C4=C(C=C3)C(=O)N(C5=O)CCCNC(=O)CC6C=CC=C6)C2=O,PDI core not found
C1=CC=C(C=C1)C(CCN2C(=O)C3=C4C(=CC=C5C4=C(C=C3)C(=O)NC5=O)C2=O)C6=CC=CC=C6,PDI core not found
CCCCCCCCN1C(=O)C2=C3C(=CC=C4C3=C(C=C2)C(=O)N(C4=O)C5=CC(=CC(=C5)N6C(=O)C7=C8C(=C(C=C7)N9CCCCC9)C=CC=C8C6=O)N2C(=O)C3=C4C(=C(C=C3)C3=CC(=CC=C3)N3C(=O)C5=C(C3=O)C=C3C(=C5)C(=O)N(C3=O)CCCCCCCC)C=CC=C4C2=O)C1=O,PDI core not found
C1=CC2=C3C(=CC=C4C3=C1C(=O)N(C4=O)CCO)C(=O)N(C2=O)CC[O-],PDI core not found
C1=CC2=C3C(=CC=C4C3=C1C(=O)N(C4=O)CCCO)C(=O)N(C2=O)CCC[O-],PDI core not found
C1=CC2=C3C(=CC=C4C3=C1C(=O)N(C4=O)CCCCO)C(=O)N(C2=O)CCCC[O-],PDI core not found
C1=CC2=C3C(=CC=C4C3=C1C(=O)N(C4=O)CCCCCO)C(=O)N(C2=O)CCCCC[O-],PDI core not found
C1=CC2=C3C(=CC=C4C3=C1C(=O)N(C4=O)CCCCCCO)C(=O)N(C2=O)CCCCCC[O-],PDI core not found
C1=CC2=C3C(=CC=C4C3=C1C(=O)N(C4=O)CCCCCCO)C(=O)N(C2=O)CCCCCCO,PDI core not found
C1=CC2=C3C(=CC=C4C3=C1C(=O)N(C4=O)CC[O-])C(=O)N(C2=O)CC[O-],PDI core not found
C1=CC2=C3C(=CC=C4C3=C1C(=O)N(C4=O)CCC[O-])C(=O)N(C2=O)CCC[O-],PDI core not found
C1=CC2=C3C(=CC=C4C3=C1C(=O)N(C4=O)CCCC[O-])C(=O)N(C2=O)CCCC[O-],PDI core not found
C1=CC2=C3C(=CC=C4C3=C1C(=O)N(C4=O)CCCCC[O-])C(=O)N(C2=O)CCCCC[O-],PDI core not found
C1=CC2=C3C(=CC=C4C3=C1C(=O)N(C4=O)CCCCCC[O-])C(=O)N(C2=O)CCCCCC[O-],PDI core not found
CCCCCCCCN1C(=O)C2=C3C(=CC=C4C3=C(C=C2)C(=O)N(C4=O)N5C(=O)C6=CC(=C7C8=C9C(=C(C=C8)N2CCCC2)C=CC=C9C2=C7C6=C(C5=O)C=C2C2=C(C=CC(=C2)C(C)(C)C)C(C)(C)C)C2=C(C=CC(=C2)C(C)(C)C)C(C)(C)C)C1=O,PDI core not found
C1=CC2=C3C(=CC=C4C3=C1C(=O)N(C4=O)OCCOCCOCCOCCO)C(=O)N(C2=O)OCCOCCOCCOCCO,PDI core not found
CCC(C)(C)C1=CC(=C(C=C1)OCC2=CC=NC=C2)N3C(=O)C4=C5C(=CC=C6C5=C(C=C4)C(=O)N(C6=O)C7=C(C=CC(=C7)C(C)(C)CC)OCC8=CC=NC=C8)C3=O,PDI core not found
C1C(C(C(C(C1N)OC2C(C(C(C(O2)CN)O)O)N)OC3C(C(C(O3)CSCCOCCSCC(CN4C(=O)C5=C6C(=CC=C7C6=C(C=C5)C(=O)N(C7=O)CC(CSCCOCCSCC8C(C(C(O8)OC9C(C(CC(C9OC1C(C(C(C(O1)CN)O)O)N)N)N)O)O)OC1C(C(C(C(O1)CN)O)O)N)O)C4=O)O)OC1C(C(C(C(O1)CN)O)O)N)O)O)N,PDI core not found
C1C(C(C(C(C1N)OC2C(C(C(C(O2)CN)O)O)N)OC3C(C(C(O3)CSCCOCCSCC(CN4C(=O)C5=C6C(=CC=C7C6=C(C=C5)C(=O)N(C7=O)CC(CSCCOCCSC(C8C(C(C(C(O8)OC9C(CC(C(C9O)OC1C(CC(C(O1)CN)O)N)N)N)O)N)O)O)O)C4=O)O)OC1C(C(C(C(O1)CN)O)O)N)O)O)N,PDI core not found
CN(CCCNC(=O)C1C=CC=C1)CCCN2C(=O)C3=C4C(=CC=C5C4=C(C=C3)C(=O)N(C5=O)CCCN(C)CCCNC(=O)C6C=CC=C6)C2=O,PDI core not found
CCCCCCCCCCCCCCCCCCOC1=C(C=C(C=C1N2C(=O)C3=C4C(=CC=C5C4=C(C=C3)C(=O)N(C5=O)C6=CC(=CC(=C6OCCCCCCCCCCCCCCCCCC)N7C(=O)C8=C9C(=CC=C1C9=C(C=C8)C(=O)N(C1=O)C1=CC(=CC(=C1)N1C(=O)C3=CC=CC=C3C1=O)C(=NC(C)(C)CC(C)(C)C)O)C7=O)C#N)C2=O)C#N)N1C(=O)C2=C3C(=CC=C4C3=C(C=C2)C(=O)N(C4=O)C2=CC(=CC(=C2)N2C(=O)C3=CC=CC=C3C2=O)C(=NC(C)(C)CC(C)(C)C)O)C1=O,PDI core not found
CCCCCCCCCCCCCCCCCCOC1=C(C=C(C=C1)C#N)N2C(=O)C3=C4C(=CC=C5C4=C(C=C3)C(=O)N(C5=O)C6=C(C=CC(=C6)C#N)OCCCCCCCCCCCCCCCCCC)C2=O,PDI core not found
CCCCCCCCN1C(=O)C2=C3C(=CC=C4C3=C(C=C2)C(=O)N(C4=O)N5C(=O)C6=CC(=C7C8=C9C(=C(C=C8)N2CCCCC2)C=CC=C9C2=C(C=C(C6=C72)C5=O)OC2=CC=C(C=C2)C(C)(C)C)OC2=CC=C(C=C2)C(C)(C)C)C1=O,PDI core not found
CCCCCCCCN1C(=O)C2=C3C(=CC=C4C3=C(C=C2)C(=O)N(C4=O)N5C(=O)C6=CC7=C(C=C6C5=O)C(=O)N(C7=O)N8C(=O)C9=CC(=C2C3=C4C(=C(C=C3)N3CCCC3)C=CC=C4C3=C(C=C(C9=C23)C8=O)OC2=CC=C(C=C2)C(C)(C)C)OC2=CC=C(C=C2)C(C)(C)C)C1=O,PDI core not found
CCCCCCCCN1C(=O)C2=C3C(=CC=C4C3=C(C=C2)C(=O)N(C4=O)N5C(=O)C6=CC7=C(C=C6C5=O)C(=O)N(C7=O)N8C(=O)C9=CC(=C2C3=C4C(=C(C=C3)N3CCCCC3)C=CC=C4C3=C(C=C(C9=C23)C8=O)OC2=CC=C(C=C2)C(C)(C)C)OC2=CC=C(C=C2)C(C)(C)C)C1=O,PDI core not found
CCCCCCCCN1C(=O)C2=C3C(=CC=C4C3=C(C=C2)C(=O)N(C4=O)N5C(=O)C6=CC(=C7C8=C9C(=C(C=C8)N2CCCC2)C=CC=C9C2=C(C=C(C6=C72)C5=O)OC2=CC=C(C=C2)C(C)(C)C)OC2=CC=C(C=C2)C(C)(C)C)C1=O,PDI core not found
CN1C(=O)C2=C3C(=CC=C4C3=C(C=C2)C(=O)N(C4=O)CC(=O)NC5=CC=C(C=C5)C6=C7C=CC(=N7)C(=C8C=CC(=C(C9=NC(=C(C2=CC=C6N2)C2=CC=CC=C2)C=C9)C2=CC=CC=C2)N8)C2=CC=CC=C2)C1=O,PDI core not found
CCCCCCN1C(=O)C2=C3C(=CC=C4C3=C(C=C2)C(=O)N(C4=O)N5C(=O)C6=C(C5=O)C=C7C(=C6)C(=O)N(C7=O)CC8=CC=C(C=C8)C9=C2C=CC(=N2)C(=C2C=CC(=C(C3=NC(=C(C4=CC=C9N4)C4=CC=C(C=C4)C)C=C3)C3=CC=C(C=C3)C)N2)C2=CC=C(C=C2)C)C1=O,PDI core not found
CCCCCCN1C(=O)C2=C3C(=CC=C4C3=C(C=C2)C(=O)N(C4=O)CC(=O)NC5=CC=C(C=C5)C6=C7C=CC(=N7)C(=C8C=CC(=C(C9=NC(=C(C2=CC=C6N2)C2=CC=C(C=C2)C)C=C9)C2=CC=C(C=C2)C)N8)C2=CC=C(C=C2)C)C1=O,PDI core not found
CN1C(=O)C2=C3C(=CC=C4C3=C(C=C2)C(=O)N(C4=O)N5C(=O)C6=C(C5=O)C=C7C(=C6)C(=O)N(C7=O)CC8=CC=C(C=C8)C9=C2C=CC(=N2)C(=C2C=CC(=C(C3=NC(=C(C4=CC=C9N4)C4=CC=CC=C4)C=C3)C3=CC=CC=C3)N2)C2=CC=CC=C2)C1=O,PDI core not found
CCCCCCCCC#CC#CCCCCN1C(=O)C2=C3C(=CC=C4C3=C(C=C2)C(=O)N(C4=O)CCCCC#CC#CCCCCCCCC)C1=O,PDI core not found
CCCCCCCCC#CC#CCCCCCCCN1C(=O)C2=C3C(=CC=C4C3=C(C=C2)C(=O)N(C4=O)CCCCCCCC#CC#CCCCCCCCC)C1=O,PDI core not found
CCCCCCCCC#CC#CCCCCCCCCCN1C(=O)C2=C3C(=CC=C4C3=C(C=C2)C(=O)N(C4=O)CCCCCCCCCC#CC#CCCCCCCCC)C1=O,PDI core not found
CCCCCCN1C(=O)C2=C3C(=CC=C4C3=C(C=C2)C(=O)N(C4=O)CC5=CC=C(C=C5)C(=NC6=CC=C(C=C6)C7=C8C=CC(=C(C9=NC(=C(C2=CC=C(N2)C(=C2C=CC7=N2)C2=CC(=CC(=C2)C(C)(C)C)C(C)(C)C)C2=CC(=CC(=C2)C(C)(C)C)C(C)(C)C)C=C9)C2=CC(=CC(=C2)C(C)(C)C)C(C)(C)C)N8)O)C1=O,PDI core not found
CN1C(=O)C2=C3C(=CC=C4C3=C(C=C2)C(=O)N(C4=O)CC(=O)NC(CO)CO)C1=O,PDI core not found
CN1C(=O)C2=C3C(=CC=C4C3=C(C=C2)C(=O)N(C4=O)CC(=O)NC(CO)COC(C5=CC=CC=C5)(C6=CC=C(C=C6)OC)C7=CC=C(C=C7)OC)C1=O,PDI core not found
C[NH+](CCC[NH3+])CCCN1C(=O)C2=C3C(=CC=C4C3=C(C=C2)C(=O)N(C4=O)CCC[NH+](C)CCC[NH3+])C1=O,PDI core not found
C[N+](C)(CCC[NH3+])CCCN1C(=O)C2=C3C(=CC=C4C3=C(C=C2)C(=O)N(C4=O)CCC[N+](C)(C)CCC[NH3+])C1=O,PDI core not found
C[N+](C)(CCCN)CCCN1C(=O)C2=C3C(=CC=C4C3=C(C=C2)C(=O)N(C4=O)CCC[N+](C)(C)CCCN)C1=O,PDI core not found
CN(CCCCNC(=O)CC12CC3CC(C1)CC(C3)C2)CCCN4C(=O)C5=C6C(=CC=C7C6=C(C=C5)C(=O)N(C7=O)CCCN(C)CCCCNC(=O)CC89CC1CC(C8)CC(C1)C9)C4=O,PDI core not found
CC(=O)NC(CC(=O)O)C(=O)NCCCOC1=CC=CC2=C1C=CC=C2OCCCC(=O)NC(CC(=O)O)C(=O)NCCN3C(=O)C4=C5C(=CC=C6C5=C(C=C4)C(=O)N(C6=O)CCC(=O)NCC(=O)O)C3=O,PDI core not found
C1CN(CCC1C(=O)NCCN2C(=O)C3=C4C(=CC=C5C4=C(C=C3)C(=O)N(C5=O)CCC(=O)NCC(=O)O)C2=O)C(=O)CCCOC6=CC=CC7=C6C=CC=C7OCCCNC(=O)C(CC(=O)O)NC(=O)CCC(=O)O,PDI core not found
C1=CC2=C(C=CC=C2OCCCNC(=O)CCN3C(=O)C4=C5C(=CC=C6C5=C(C=C4)C(=O)N(C6=O)CCNC(=O)C(CC(=O)O)NC(=O)CCC(=O)O)C3=O)C(=C1)OCCCC(=O)NCC(=O)O,PDI core not found
C1CN(CCC1C(=O)NCCN2C(=O)C3=C4C(=CC=C5C4=C(C=C3)C(=O)N(C5=O)CCC(=O)NCCCOC6=CC=CC7=C6C=CC=C7OCCCC(=O)NC(CC(=O)O)C(=O)O)C2=O)C(=O)CCCOC8=CC=CC9=C8C=CC=C9OCCCNC(=O)CCC(=O)O,PDI core not found
C1=CC2=C(C=CC=C2OCCCN=C(CCC(=O)O)O)C(=C1)OCCCC(=NC(CC(=O)O)C(=NCCN3C(=O)C4=C5C(=CC=C6C5=C(C=C4)C(=O)N(C6=O)CCC(=NCCCOC7=CC=CC8=C7C=CC=C8OCCCC(=NC(CC(=O)O)C(=NCCN9C(=O)C1=C2C(=CC=C4C2=C(C=C1)C(=O)N(C4=O)CCC(=NC(CC(=O)O)C(=O)O)O)C9=O)O)O)O)C3=O)O)O,PDI core not found
C1=CC2=C(C=CC=C2OCCCN=C(CCC(=O)O)O)C(=C1)OCCCC(=NC(CC(=O)O)C(=NCCN3C(=O)C4=C5C(=CC=C6C5=C(C=C4)C(=O)N(C6=O)CCC(=NCCCOC7=CC=CC8=C7C=CC=C8OCCCC(=NC(CC(=O)O)C(=O)O)O)O)C3=O)O)O,PDI core not found
C1=CC2=C(C=CC=C2OCCCN=C(CCN3C(=O)C4=C5C(=CC=C6C5=C(C=C4)C(=O)N(C6=O)CCN=C(C(CC(=O)O)N=C(CCC(=O)O)O)O)C3=O)O)C(=C1)OCCCC(=NC(CC(=O)O)C(=NCCN7C(=O)C8=C9C(=CC=C1C9=C(C=C8)C(=O)N(C1=O)CCC(=NCC(=O)O)O)C7=O)O)O,PDI core not found
C1=CC=NC(=C1)C=NCCN2C(=O)C3=C4C(=CC=C5C4=C(C=C3)C(=O)N(C5=O)CCN=CC6=CC=CC=N6)C2=O,PDI core not found
C1=CC=NC(=C1)C=NCCCN2C(=O)C3=C4C(=CC=C5C4=C(C=C3)C(=O)N(C5=O)CCCN=CC6=CC=CC=N6)C2=O,PDI core not found
C1=CC=NC(=C1)C2=NC=C(C=C2)C(=O)NCCCOCCOCCOCCCN3C(=O)C4=C5C(=CC=C6C5=C(C=C4)C(=O)N(C6=O)CCCOCCOCCOCCCNC(=O)C7=CN=C(C=C7)C8=CC=CC=N8)C3=O,PDI core not found
C1=CC2=C3C(=CC=C4C3=C1C(=O)N(C4=O)CCCOCCOCCOCCCN)C(=O)N(C2=O)CCCOCCOCCOCCCNC5=CC=C(C6=NON=C56)[N+](=O)[O-],PDI core not found
CC(=O)NC(CC(=O)O)C(=O)NCCN1C(=O)C2=C3C(=CC=C4C3=C(C=C2)C(=O)N(C4=O)CCC(=O)NC(CC(=O)O)C(=O)NCCN5C(=O)C6=C7C(=CC=C8C7=C(C=C6)C(=O)N(C8=O)CCC(=O)NCC(=O)O)C5=O)C1=O,PDI core not found
CC(=NC(CC(=O)O)C(=NCCN1C(=O)C2=C3C(=CC=C4C3=C(C=C2)C(=O)N(C4=O)CCC(=NC(CC(=O)O)C(=NCCN5C(=O)C6=C7C(=CC=C8C7=C(C=C6)C(=O)N(C8=O)CCC(=NC(CC(=O)O)C(=NCCN9C(=O)C2=C3C(=CC=C4C3=C(C=C2)C(=O)N(C4=O)CCC(=NCC(=O)O)O)C9=O)O)O)C5=O)O)O)C1=O)O)O,PDI core not found
CC(=NC(CC(=O)O)C(=NCCN1C(=O)C2=C3C(=CC=C4C3=C(C=C2)C(=O)N(C4=O)CCC(=NC(CC(=O)O)C(=NCCN5C(=O)C6=C7C(=CC=C8C7=C(C=C6)C(=O)N(C8=O)CCC(=NC(CC(=O)O)C(=NCCN9C(=O)C2=C3C(=CC=C4C3=C(C=C2)C(=O)N(C4=O)CCC(=NC(CC(=O)O)C(=NCCN2C(=O)C3=C4C(=CC=C6C4=C(C=C3)C(=O)N(C6=O)CCC(=NCC(=O)O)O)C2=O)O)O)C9=O)O)O)C5=O)O)O)C1=O)O)O,PDI core not found
CC(=O)NC(CC(=O)O)C(=O)NCCN1C(=O)C2=C3C(=CC=C4C3=C(C=C2)C(=O)N(C4=O)CCC(=O)NCC(=O)O)C1=O,PDI core not found
CCCCCCN1C(=O)C2=C3C(=CC=C4C3=C(C=C2)C(=O)N(C4=O)C(=O)CNC5=CC=C(C=C5)C6=C7C=CC(=N7)C(=C8C=CC(=C(C9=NC(=C(C2=CC=C6N2)C2=CC=C(C=C2)C)C=C9)C2=CC=C(C=C2)C)N8)C2=CC=C(C=C2)C)C1=O,PDI core not found
CCCCCCCCN1C(=O)C2=C3C(=CC=C4C3=C(C=C2)C(=O)N(C4=O)N)C1=O,PDI core not found
C1=CC2=C3C(=CC=C4C3=C1C(=O)N(C4=O)CS(=O)(=O)O)C(=O)N(C2=O)CS(=O)(=O)O,PDI core not found
CSC1=C(SC(=C2SC=C(S2)SCCCCCCCCCCCCN3C(=O)C4=C5C(=CC=C6C5=C(C=C4)C(=O)N(C6=O)CCCCCCCCCCCCSC7=CSC(=C8SC(=C(S8)SC)SC)S7)C3=O)S1)SC,PDI core not found
CSC1=C(SC(=C2SC=C(S2)SCC3CCC(CC3)CN4C(=O)C5=C6C(=CC=C7C6=C(C=C5)C(=O)N(C7=O)CC8CCC(CC8)CSC9=CSC(=C2SC(=C(S2)SC)SC)S9)C4=O)S1)SC,PDI core not found
CCCCCCCCN1C(=O)C2=C3C(=CC=C4C3=C(C=C2)C(=O)N(C4=O)C5=CC=CC(=C5)N6C(=O)C7=C8C(=C(C=C7)N9CCCC9)C=CC=C8C6=O)C1=O,PDI core not found
CCCCCCCCN1C(=O)C2=C3C(=CC=C4C3=C(C=C2)C(=O)N(C4=O)C5=CC=CC(=C5)N6C(=O)C7=C8C(=C(C=C7)N9CCN(CC9)C2=CC=CC=C2)C=CC=C8C6=O)C1=O,PDI core not found
CCCCCCCCN1C(=O)C2=C3C(=CC=C4C3=C(C=C2)C(=O)N(C4=O)C5=CC=CC(=C5)N6C(=O)C7=C8C(=C(C=C7)N9CCN(CC9)C2=CC=C(C=C2)N(C)C)C=CC=C8C6=O)C1=O,PDI core not found
CCCCCCCCN1C(=O)C2=C3C(=CC=C4C3=C(C=C2)C(=O)N(C4=O)C5=CC=CC(=C5)N6C(=O)C7=C8C(=C(C=C7)N9CCN(CC9)C2=CC=C(C=C2)OC)C=CC=C8C6=O)C1=O,PDI core not found
CCCCCCCCN1C(=O)C2=C3C(=CC=C4C3=C(C=C2)C(=O)N(C4=O)N5C(=O)C6=C7C(=C(C=C6)N8CCN(CC8)C9=CC=C(C=C9)OC)C=CC=C7C5=O)C1=O,PDI core not found
CCCCC(CC)CN1C(=O)C2=C3C(=CC=C4C3=C(C=C2)C(=O)N(C4=O)C5=CC=C(C=C5)C6=CC(=NC(=C6)C7=CC=CC=N7)C8=CC=CC=N8)C1=O,PDI core not found
CCCCC(CC)CN1C(=O)C2=C3C(=CC=C4C3=C(C=C2)C(=O)N(C4=O)CC5=CC(=NC=C5)C6=CC=CC=N6)C1=O,PDI core not found
CCCCC(CC)CN1C(=O)C2=C3C(=CC=C4C3=C(C=C2)C(=O)N(C4=O)CC5=CC=C(C=C5)C6=CC(=NC(=C6)C7=CC=CC=N7)C8=CC=CC=N8)C1=O,PDI core not found
CCCCC(CC)CN1C(=O)C2=C3C(=CC=C4C3=C(C=C2)C(=O)N(C4=O)CC5=CC=C(C=C5)C6=CC(=NC=C6)C7=CC=CC=N7)C1=O,PDI core not found
CCCCC(CC)CN1C(=O)C2=C3C(=CC=C4C3=C(C=C2)C(=O)N(C4=O)C5=CC=C(C=C5)C6=CC(=NC=C6)C7=CC=CC=N7)C1=O,PDI core not found
C1=CC2=C3C(=CC=C4C3=C1C(=O)N(C4=O)CCOCCOCCOCO)C(=O)N(C2=O)CCOCCOCCOCO,PDI core not found
C1CCC(CC1)N2C(=O)C3=C4C(=CC=C5C4=C(C=C3)C(=O)N(C5=O)C6CCCCC6N7C(=O)C8=C9C(=CC=C1C9=C(C=C8)C(=O)N(C1=O)C1CCCCC1)C7=O)C2=O,PDI core not found
C1=CC(=C(C=C1NC(=S)NCCCOCCOCCOCCCN2C(=O)C3=C4C(=CC=C5C4=C(C=C3)C(=O)N(C5=O)CCCOCCOCCOCCCN)C2=O)C(=O)O)C6=C7C=CC(=O)C=C7OC8=C6C=CC(=C8)O,PDI core not found
COCCOCCOCCN1C(=O)C2=C3C(=CC=C4C3=C(C=C2)C(=O)N(C4=O)CCOC(=O)C5=CC(=CC(=C5)OCC6=CC=CC=C6)C(=O)OCCN7C(=O)C8=C9C(=CC=C2C9=C(C=C8)C(=O)N(C2=O)CCOCCOCCOC)C7=O)C1=O,PDI core not found
COCCOCCOCCN1C(=O)C2=C3C(=CC=C4C3=C(C=C2)C(=O)N(C4=O)CCOC(=O)C5=CC(=CC(=C5)OCC6=CC=NC=C6)C(=O)OCCN7C(=O)C8=C9C(=CC=C2C9=C(C=C8)C(=O)N(C2=O)CCOCCOCCOC)C7=O)C1=O,PDI core not found
COCCOCCOCCN1C(=O)C2=C3C(=CC=C4C3=C(C=C2)C(=O)N(C4=O)CCOC(=O)CCCCC(=O)OCCN5C(=O)C6=C7C(=CC=C8C7=C(C=C6)C(=O)N(C8=O)CCOCCOCCOC)C5=O)C1=O,PDI core not found
CCC1CN2CCC1CC2C(C3=CC=NC4=CC=CC=C34)N5C(=O)C6=C7C(=CC=C8C7=C(C=C6)C(=O)N(C8=O)C(C9CC1CCN9CC1CC)C1=CC=NC2=CC=CC=C12)C5=O,PDI core not found
CCCC1C(=NN2C(=O)C3=C4C(=CC=C5C4=C(C=C3)C(=O)N(C5=O)N=C(C(N=C(C(NC(=O)C6=NC(=CC=C6)C(=NC(C(=NC(C(=NN7C(=O)C8=C9C(=CC=C3C9=C(C=C8)C(=O)N(C3=O)N=C(C(N=C(C(N=C(C3=CC=CC(=N3)C(=O)NC(C(=N1)O)CC(C)C)O)CC(C)C)O)CCC)O)C7=O)O)CCC)O)CC(C)C)O)CC(C)C)O)CCC)O)C2=O)O,PDI core not found
CCOC(=O)CC(=O)OCCOCCOCCN1C(=O)C2=C3C(=CC=C4C3=C(C=C2)C(=O)N(C4=O)CCOCCOCCOC(=O)CC(=O)OCC)C1=O,PDI core not found
CCOC(=O)CC(=O)OCCOCCOCCOCCN1C(=O)C2=C3C(=CC=C4C3=C(C=C2)C(=O)N(C4=O)CCOCCOCCOCCOC(=O)CC(=O)OCC)C1=O,PDI core not found
C1=CC2=C3C(=CC=C4C3=C1C(=O)N(C4=O)CCC(=O)O)C(=O)N(C2=O)CCN,PDI core not found
CCC(CC)CSC1=C(SC(=C2SC=C(S2)SCC3CCC(CC3)CN4C(=O)C5=C6C(=CC=C7C6=C(C=C5)C(=O)N(C7=O)CC8CCC(CC8)CSC9=CSC(=C2SC(=C(S2)SCC(CC)CC)SCC(CC)CC)S9)C4=O)S1)SCC(CC)CC,PDI core not found
C1CC(CCC1CN2C(=O)C3=C4C(=CC=C5C4=C(C=C3)C(=O)N(C5=O)CC6CCC(CC6)CSC7=CSC(=C8SC=C(S8)CC9=CC(=CC(=C9)OCC1=CC(=CC(=C1)OCC1=CC=CC=C1)OCC1=CC=CC=C1)OCC1=CC(=CC(=C1)OCC1=CC=CC=C1)OCC1=CC=CC=C1)S7)C2=O)CSC1=CSC(=C2SC=C(S2)CC2=CC(=CC(=C2)OCC2=CC(=CC(=C2)OCC2=CC=CC=C2)OCC2=CC=CC=C2)OCC2=CC(=CC(=C2)OCC2=CC=CC=C2)OCC2=CC=CC=C2)S1,PDI core not found
CCOC(=O)CN1C(=O)C2=C3C(=CC=C4C3=C(C=C2)C(=O)N(C4=O)CC(=O)O)C1=O,PDI core not found
CNCCCN1C(=O)C2=C3C(=CC=C4C3=C(C=C2)C(=O)N(C4=O)CCCNC)C1=O,PDI core not found
CCCCN1C(=O)C2=C3C(=CC=C4C3=C(C=C2)C(=O)N(C4=O)CCCC(C(=O)O)NC(=O)OC(C)(C)C)C1=O,PDI core not found
C1=CC2=C3C(=CC=C4C3=C1C(=O)N(C4=O)CCN)C(=O)N(C2=O)CC(=O)O,PDI core not found
C1=CC(=CC(=C1)OCCCCS(=O)(=O)O)C2=CC(=C(C=C2)N3C(=O)C4=C5C(=CC=C6C5=C(C=C4)C(=O)NC6=O)C3=O)OCCCCS(=O)(=O)O,PDI core not found
C1=CC=C(C(=C1)C2=C(C=C(C=C2)N3C(=O)C4=C5C(=CC=C6C5=C(C=C4)C(=O)NC6=O)C3=O)OCCCCS(=O)(=O)O)OCCCCS(=O)(=O)O,PDI core not found
C1=CC=C(C=C1)CC(C(=O)O)N2C(=O)C3=C4C(=CC=C5C4=C(C=C3)C(=O)N(C5=O)C(CC6=CC=CC=C6)C(=O)O)C2=O,PDI core not found
CCOC(=O)CC(=O)OCCOCCN1C(=O)C2=C3C(=CC=C4C3=C(C=C2)C(=O)N(C4=O)CCOCCOC(=O)CC(=O)OCC)C1=O,PDI core not found
CC(C)CCN1C(=O)C2=C3C(=CC=C4C3=C(C=C2)C(=O)N(C4=O)CCC(C)C)C1=O,PDI core not found
C1COCCN1CCN2C(=O)C3=C4C(=CC=C5C4=C(C=C3)C(=O)N(C5=O)CCN6CCOCC6)C2=O,PDI core not found
CC(C)C1=CC2=C(CCC3C2(CCCC3(C)CN4C(=O)C5=C6C(=CC=C7C6=C(C=C5)C(=O)N(C7=O)CC8(CCCC9(C8CCC2=C9C=C(C=C2)C(C)C)C)C)C4=O)C)C=C1,PDI core not found
C1=CC2=C3C(=CC=C4C3=C1C(=O)N(C4=O)CCC(=NCCC(=NCCC(=NCCC(=NC(CCCC[NH3+])C(=NCCN5C(=O)C6=C7C(=CC=C8C7=C(C=C6)C(=O)N(C8=O)CCC(=NCC(=N)O)O)C5=O)O)O)O)O)O)C(=O)N(C2=O)CCN=C(C(CCCC[NH3+])N=C(CCCCC(=NC(CCCC[NH3+])C(=NCCN9C(=O)C1=C2C(=CC=C3C2=C(C=C1)C(=O)N(C3=O)CCC(=NCCC(=NCCC(=NCCC(=NC(CCCC[NH3+])C(=NCCN1C(=O)C2=C3C(=CC=C4C3=C(C=C2)C(=O)N(C4=O)CCC(=NCC(=N)O)O)C1=O)O)O)O)O)O)C9=O)O)O)O)O,PDI core not found
C1=CC2=C3C(=CC=C4C3=C1C(=O)N(C4=O)CCC(=NCCC(=NCCC(=NCCC(=NC(CCCCN)C(=NCCN5C(=O)C6=C7C(=CC=C8C7=C(C=C6)C(=O)N(C8=O)CCC(=NCC(=N)O)O)C5=O)O)O)O)O)O)C(=O)N(C2=O)CCN=C(C(CCCCN)N=C(CCCCC(=NC(CCCCN)C(=NCCN9C(=O)C1=C2C(=CC=C3C2=C(C=C1)C(=O)N(C3=O)CCC(=NCCC(=NCCC(=NCCC(=NC(CCCCN)C(=NCCN1C(=O)C2=C3C(=CC=C4C3=C(C=C2)C(=O)N(C4=O)CCC(=NCC(=N)O)O)C1=O)O)O)O)O)O)C9=O)O)O)O)O,PDI core not found
CC(C)C1=CC2=C(C=C1)C3(CCCC(C3CC2)(C)CN4C(=O)C5=C6C(=CC=C7C6=C(C=C5)C(=O)N(C7=O)CC8(CCCC9(C8CCC1=C9C=CC(=C1)C(C)C)C)C)C4=O)C,PDI core not found
CCCCC(CC)CN1C(=O)C2=C3C(=CC=C4C3=C(C=C2)C(=O)N(C4=O)C5=CC=C(C=C5)C(C6=CC=C(C=C6)N7C(=O)C8=C9C(=CC=C2C9=C(C=C8)C(=O)N(C2=O)CC(CC)CCCC)C7=O)(C2=CC=C(C=C2)N2C(=O)C3=C4C(=CC=C5C4=C(C=C3)C(=O)N(C5=O)CC(CC)CCCC)C2=O)C2=CC=C(C=C2)N2C(=O)C3=C4C(=CC=C5C4=C(C=C3)C(=O)N(C5=O)CC(CC)CCCC)C2=O)C1=O,PDI core not found
C1=CC2=C3C(=CC=C4C3=C1C(=O)N(C4=O)CCNC(=O)CO)C(=O)N(C2=O)C(CN)C(=O)N,PDI core not found
CCCCCCCCN1C(=O)C2=C3C(=CC=C4C3=C(C=C2)C(=O)N(C4=O)C5=CC=C(C=C5)C6=CC(=NC=C6)C7=CC=CC=N7)C1=O,PDI core not found
CN1C(=O)C2=C3C(=CC=C4C3=C(C=C2)C(=O)N(C4=O)C5=CC=C(C=C5)N6C(=O)C7=C8C(=C(C=C7)N9CCN(CC9)C2=CC=C(C=C2)OC)C=CC=C8C6=O)C1=O,PDI core not found
CN1C(=O)C2=C3C(=CC=C4C3=C(C=C2)C(=O)N(C4=O)N5C(=O)C6=C7C(=C(C=C6)N8CCN(CC8)C9=CC=C(C=C9)OC)C=CC=C7C5=O)C1=O,PDI core not found
C1=CC=C(C=C1)OC2=CC(=CC=C2)OC3=CC=CC(=C3)OC4=CC=C(C=C4)N5C(=O)C6=C7C(=CC=C8C7=C(C=C6)C(=O)N(C8=O)C9=CC=C(C=C9)OC1=CC(=CC=C1)OC1=CC=CC(=C1)OC1=CC=CC=C1)C5=O,PDI core not found
C1=CC=C(C(=C1)C2=CC(=C(C=C2)N3C(=O)C4=C5C(=CC=C6C5=C(C=C4)C(=O)NC6=O)C3=O)OCCCS(=O)(=O)O)OCCCS(=O)(=O)O,PDI core not found
C1CCC(C(C1)N2C(=O)C3=C4C(=CC=C5C4=C(C=C3)C(=O)N(C5=O)C6CCCCC6N7C(=O)C8=CC=CC=C8C7=O)C2=O)N9C(=O)C1=CC=CC=C1C9=O,PDI core not found
C1=CC2=C3C(=C1)C(=O)N(C(=O)C3=CC=C2)N4C(=O)C5=C6C(=CC=C7C6=C(C=C5)C(=O)N(C7=O)N8C(=O)C9=CC=CC1=C9C(=CC=C1)C8=O)C4=O,PDI core not found
C1CCC(CC1)N2C(=O)C3=C4C(=CC=C5C4=C(C=C3)C(=O)N(C5=O)C6CCCCC6N7C(=O)C8=CC=CC=C8C7=O)C2=O,PDI core not found
C1CCC(CC1)N2C(=O)C3=C4C(=CC=C5C4=C(C=C3)C(=O)N(C5=O)N6C(=O)C7=CC=CC8=C7C(=CC=C8)C6=O)C2=O,PDI core not found
CC(C)(C)C1=CC(=CC(=C1)N2C(=O)C3=C4C(=CC=C5C4=C(C=C3)C(=O)N(C5=O)C6=CC(=CC(=C6)C(C)(C)C)C(C)(C)C)C2=O)C(C)(C)C,PDI core not found
C1CCN2C(=O)C3=C4C(=CC=C5C4=C(C=C3)C(=O)N(C5=O)CCCCC=CCCCCN6C(=O)C7=C8C(=CC=C9C8=C(C=C7)C(=O)N(C9=O)CCCCC=CC1)C6=O)C2=O,PDI core not found
CC[N+](CC)(CC)CCN1C(=O)C2=C3C(=CC=C4C3=C(C=C2)C(=O)N(C4=O)CC[N+](CC)(CC)CC)C1=O,PDI core not found
COC(=O)C(CC1=CC=CC=C1)N2C(=O)C3=C4C(=CC=C5C4=C(C=C3)C(=O)N(C5=O)C(CCC(=O)N)C(=O)O)C2=O,PDI core not found
C1=CC=C(C=C1)C(C2=CC=CC=C2)(C3=CC=CC=C3)N4C=C(N=C4)CC(C(=O)O)N5C(=O)C6=C7C(=CC=C8C7=C(C=C6)C(=O)N(C8=O)C(CSC(C9=CC=CC=C9)(C1=CC=CC=C1)C1=CC=CC=C1)C(=O)O)C5=O,PDI core not found
COC(=O)C(CC(=O)O)N1C(=O)C2=C3C(=CC=C4C3=C(C=C2)C(=O)N(C4=O)C(CC5=CC=C(C=C5)O)C(=O)O)C1=O,PDI core not found
CCC(C)C(C(=O)OC)N1C(=O)C2=C3C(=CC=C4C3=C(C=C2)C(=O)N(C4=O)C(CC5=CNC6=CC=CC=C65)C(=O)OC)C1=O,PDI core not found
CC(C)(C)C1=CC=C(C=C1)N2C(=O)C3=C4C(=CC=C5C4=C(C=C3)C(=O)N(C5=O)C6=CC=C(C=C6)C(=O)O)C2=O,PDI core not found
CC(=O)SC1=CC=C(C=C1)N2C(=O)C3=CC(=C4C5=C3C(=C(C=C5C(=O)N(C4=O)C6=CC=C(C=C6)SC(=O)C)OC7=CC(=CC(=C7)C(C)(C)C)C(C)(C)C)C2=O)OC8=CC(=CC(=C8)C(C)(C)C)C(C)(C)C,PDI core not found
CC(=O)SC1=CC=C(C=C1)N2C(=O)C3=CC(=C4C5=C3C(=C(C=C5C(=O)N(C4=O)C6=CC=C(C=C6)SC(=O)C)SC7=CC=C(C=C7)C(C)(C)C)C2=O)SC8=CC=C(C=C8)C(C)(C)C,PDI core not found
CC(=O)SC1=CC=C(C=C1)N2C(=O)C3=CC(=C4C5=C3C(=C(C=C5C(=O)N(C4=O)C6=CC=C(C=C6)SC(=O)C)NCC7=CC=C(C=C7)C(C)(C)C)C2=O)NCC8=CC=C(C=C8)C(C)(C)C,PDI core not found
CC(=O)SC1=CC=C(C=C1)N2C(=O)C3=CC(=C4C5=C3C(=C(C=C5C(=O)N(C4=O)C6=CC=C(C=C6)SC(=O)C)SCC7=CC=C(C=C7)C(C)(C)C)C2=O)SCC8=CC=C(C=C8)C(C)(C)C,PDI core not found
CC(=O)SC1=CC=C(C=C1)N2C(=O)C3=CC(=C4C5=C3C(=C(C=C5C(=O)N(C4=O)C6=CC=C(C=C6)SC(=O)C)NC7=CC(=CC(=C7)C(C)(C)C)C(C)(C)C)C2=O)NC8=CC(=CC(=C8)C(C)(C)C)C(C)(C)C,PDI core not found
CC(=O)SC1=CC=C(C=C1)N2C(=O)C3=CC(=C4C5=C3C(=C(C=C5C(=O)N(C4=O)C6=CC=C(C=C6)SC(=O)C)SCC7=CC=C(C=C7)C(C)(C)C)C2=O)NCC8=CC=C(C=C8)C(C)(C)C,PDI core not found
CC(C)(C)C1=CC(=C(C=C1)C(C)(C)C)N2C(=O)C3=C4C(=CC=C5C4=C(C=C3)C(=O)N(C5=O)CC(=O)O)C2=O,PDI core not found
CC1=C(C(=C(C(=C1N2C(=O)C3=C4C(=CC=C5C4=C(C=C3)C(=O)N(C5=O)CCN=C(CN)O)C2=O)C)C)N6C(=O)C7=C8C(=CC=C9C8=C(C=C7)C(=O)N(C9=O)C1=C(C(=C(C(=C1C)C)N1C(=O)C2=C3C(=CC=C4C3=C(C=C2)C(=O)N(C4=O)CCN=C(CN=C(COCCOCCOCC(=NCC(=NCCN2C(=O)C3=C4C(=CC=C5C4=C(C=C3)C(=O)N(C5=O)C3=C(C(=C(C(=C3C)C)N3C(=O)C4=C5C(=CC=C7C5=C(C=C4)C(=O)N(C7=O)C4=C(C(=C(C(=C4C)C)N4C(=O)C5=C7C(=CC=C8C7=C(C=C5)C(=O)N(C8=O)CCN=C(CN)O)C4=O)C)C)C3=O)C)C)C2=O)O)O)O)O)C1=O)C)C)C6=O)C,PDI core not found
CC(C)C1=C(C(=CC=C1)C(C)C)N2C(=O)C3=CC(=C4C5=C(C=C(C(=C35)C2=O)C#CC6=CC=CC=C6)C(=O)N(C4=O)C7=C(C=CC=C7C(C)C)C(C)C)C#CC8=CC=CC=C8,PDI core not found
CCCCCCN(CCCCCC)C1=CC=C(C=C1)C#CC2=CC3=C4C5=C2C(=O)N(C(=O)C5=CC(=C4C(=O)N(C3=O)C6=C(C=CC=C6C(C)C)C(C)C)C#CC7=CC=C(C=C7)N(CCCCCC)CCCCCC)C8=C(C=CC=C8C(C)C)C(C)C,PDI core not found
CC(C)C1=C(C(=CC=C1)C(C)C)N2C(=O)C3=CC(=C4C5=C(C=C(C(=C35)C2=O)C6=CC=C(C=C6)C#N)C(=O)N(C4=O)C7=C(C=CC=C7C(C)C)C(C)C)C8=CC=C(C=C8)C#N,PDI core not found
CC(C)NC1=C2C3=C4C(=C1)C(=O)N(C(=O)C4=C(C=C3C(=O)N(C2=O)C(CCC(=O)O)C(=N)O)NC(C)C)CCN=C(COC5=CC=CC=C5C6=C(C=C(C=C6)C7=CC(=C(C=C7)C8=C(C=C(C=C8)OCCN=C(CCCCC9CCSS9)O)OCC(=NCCN1C(=O)C2=CC(=C3C4=C2C(=C(C=C4C(=O)N(C3=O)C(CCC(=O)O)C(=N)O)NC(C)C)C1=O)NC(C)C)O)OCC(=NCCN1C(=O)C2=CC(=C3C4=C2C(=C(C=C4C(=O)N(C3=O)C(CCC(=O)O)C(=N)O)NC(C)C)C1=O)NC(C)C)O)OCC(=NCCN1C(=O)C2=CC(=C3C4=C2C(=C(C=C4C(=O)N(C3=O)C(CCC(=O)O)C(=N)O)NC(C)C)C1=O)NC(C)C)O)O,PDI core not found
CC(C)NC1=C2C3=C4C(=C1)C(=O)N(C(=O)C4=C(C=C3C(=O)N(C2=O)C(CCC(=O)O)C(=N)O)NC(C)C)CCN=C(COC5=CC=CC(=C5)C6=CC(=C(C=C6)C7=C(C=C(C=C7)C8=CC(=CC=C8)OCC(=NCCN9C(=O)C1=CC(=C2C3=C1C(=C(C=C3C(=O)N(C2=O)C(CCC(=O)O)C(=N)O)NC(C)C)C9=O)NC(C)C)O)OCC(=NCCN1C(=O)C2=CC(=C3C4=C2C(=C(C=C4C(=O)N(C3=O)C(CCC(=O)O)C(=N)O)NC(C)C)C1=O)NC(C)C)O)OCC(=NCCN1C(=O)C2=CC(=C3C4=C2C(=C(C=C4C(=O)N(C3=O)C(CCC(=O)O)C(=N)O)NC(C)C)C1=O)NC(C)C)O)O,PDI core not found
CC(C)NC1=C2C3=C4C(=C1)C(=O)N(C(=O)C4=C(C=C3C(=O)N(C2=O)C(CCCCN)C(=N)O)NC(C)C)CCN=C(COC5=CC=CC(=C5)C6=CC(=C(C=C6)C7=C(C=C(C=C7)C8=CC(=CC=C8)OCC(=NCCN9C(=O)C1=CC(=C2C3=C1C(=C(C=C3C(=O)N(C2=O)C(CCCCN)C(=N)O)NC(C)C)C9=O)NC(C)C)O)OCC(=NCCN1C(=O)C2=CC(=C3C4=C2C(=C(C=C4C(=O)N(C3=O)C(CCCCN)C(=N)O)NC(C)C)C1=O)NC(C)C)O)OCC(=NCCN1C(=O)C2=CC(=C3C4=C2C(=C(C=C4C(=O)N(C3=O)C(CCCCN)C(=N)O)NC(C)C)C1=O)NC(C)C)O)O,PDI core not found
C1=CC(=CC(=C1)O)CN2C(=O)C3=C4C(=CC=C5C4=C(C=C3)C(=O)N(C5=O)CC6=CC(=CC=C6)O)C2=O,PDI core not found
CCCCCCCCN1C(=O)C2=C3C(=CC=C4C3=C(C=C2)C(=O)N(C4=O)C5=CC=C(C=C5)C6=CC=C(C=C6)C7=C8C=CC=CC8=C(C9=CC=CC=C97)C2=C(C3=C4C(=C2C)CCCN4CCC3)C)C1=O,PDI core not found
CCCCCCCCN1C(=O)C2=C3C(=CC=C4C3=C(C=C2)C(=O)N(C4=O)C5=CC=C(C=C5)C6=C7C=CC=CC7=C(C8=CC=CC=C86)C9=C(C2=C3C(=C9C)CCCN3CCC2)C)C1=O,PDI core not found
CCCCCCCCN1C(=O)C2=C3C(=CC=C4C3=C(C=C2)C(=O)N(C4=O)C5=CC=C(C=C5)C6=CC=C(C=C6)C7=CC=C(C=C7)C8=C9C=CC=CC9=C(C2=CC=CC=C28)C2=C(C3=C4C(=C2C)CCCN4CCC3)C)C1=O,PDI core not found
CC1=C2CCCN3C2=C(CCC3)C(=C1C4=C5C=CC=CC5=C(C6=CC=CC=C64)C7=CC=C(C=C7)C8=CC=C(C=C8)C9=CC=C(C=C9)C1=CC=C(C=C1)N1C(=O)C2=C3C(=CC=C4C3=C(C=C2)C(=O)N(C4=O)C2=C(C=CC(=C2)C(C)(C)C)C(C)(C)C)C1=O)C,PDI core not found
CCCCCCCCN1C(=O)C2=C3C(=CC=C4C3=C(C=C2)C(=O)N(C4=O)C5=C(C=C(C=C5C)C#C)C)C1=O,PDI core not found
CCCCCCOC1=CC2=C(C=C1CN3C(=O)C4=C5C(=CC=C6C5=C(C=C4)C(=O)N(C6=O)CC7=CC(=C(CN8C(=O)C9=C1C(=CC=C4C1=C(C=C9)C(=O)N(C2)C4=O)C8=O)C=C7OCCCCCC)OCCCCCC)C3=O)OCCCCCC,PDI core not found
CCCCCCOC1=CC2=C(C=C1CN3C(=O)C4=C5C(=CC=C6C5=C(C=C4)C(=O)N(C6=O)CC7=CC(=C(CN8C(=O)C9=C1C(=CC=C4C1=C(C=C9)C(=O)N(C4=O)CC1=C(C=C(CN4C(=O)C5=C6C(=CC=C9C6=C(C=C5)C(=O)N(C2)C9=O)C4=O)C(=C1)OCCCCCC)OCCCCCC)C8=O)C=C7OCCCCCC)OCCCCCC)C3=O)OCCCCCC,PDI core not found
CCCCCCCCN1C(=O)C2=C3C(=CC=C4C3=C(C=C2)C(=O)N(C4=O)C5=CC=C(C=C5)C#CC6=CN=C(C=C6)C7=CC=CC=N7)C1=O,PDI core not found
CCCCCCN1C(=O)C2=CC(=C3C4=C(C=C(C(=C24)C1=O)C5=CC=CS5)C(=O)N(C3=O)CCCCCC)C6=CC=CS6,PDI core not found
CC1=CC=C(C=C1)N2C(=O)C3=CC(=C4C5=C(C=C(C(=C35)C2=O)C6=CC=CS6)C(=O)N(C4=O)C7=CC=C(C=C7)C)C8=CC=CS8,PDI core not found
CN(C)CCCN1C(=O)C2=C3C(=CC=C4C3=C(C=C2)C(=O)N(C4=O)CCOCCN5C=C(N=N5)CCC(=NCCCN6CCN(CC6)CCCN7C(=O)C8=C9C(=CC=C2C9=C(C=C8)C(=O)N(C2=O)CCCN2CCN(CC2)CCCN=C(CCC2=CN(N=N2)CCOCCN2C(=O)C3=C4C(=CC=C5C4=C(C=C3)C(=O)N(C5=O)CCCN(C)C)C2=O)O)C7=O)O)C1=O,PDI core not found
CC[N+](C)(CC)OS(=O)(=O)C1=CC=CC=C1C2=C(C=C(C=C2)N3C(=O)C4=C5C(=CC=C6C5=C(C=C4)C(=O)NC6=O)C3=O)S(=O)(=O)O[N+](C)(CC)CC,PDI core not found
C1=CC=C(C=C1)OC2=CC=C(C=C2)S(=O)(=O)C3=CC=C(C=C3)OC4=CC=CC(=C4)N5C(=O)C6=C7C(=CC=C8C7=C(C=C6)C(=O)NC8=O)C5=O,PDI core not found
CC[N+](C)(CC)OS(=O)(=O)CCCOC1=CC=CC(=C1)C2=CC(=C(C=C2)N3C(=O)C4=C5C(=CC=C6C5=C(C=C4)C(=O)NC6=O)C3=O)OCCCS(=O)(=O)O[N+](C)(CC)CC,PDI core not found
CCCCCCCCN1C(=O)C2=C(C(=C3C4=C2C(=C(C(=C4C(=O)N(C3=O)CCCCCCCC)C5=CC=C(C=C5)OC)C6=CC=C(C=C6)OC)C1=O)C7=CC=C(C=C7)OC)C8=CC=C(C=C8)OC,PDI core not found
CCCCCCCCN1C(=O)C2=C(C(=C3C4=C2C(=C(C(=C4C(=O)N(C3=O)CCCCCCCC)C5=CC=CC=C5)C6=CC=CC=C6)C1=O)C7=CC=CC=C7)C8=CC=CC=C8,PDI core not found
CCCCCCCCN1C(=O)C2=C(C(=C3C4=C2C(=C(C(=C4C(=O)N(C3=O)CCCCCCCC)C5=CC=C(C=C5)C#N)C6=CC=C(C=C6)C#N)C1=O)C7=CC=C(C=C7)C#N)C8=CC=C(C=C8)C#N,PDI core not found
CCCCCCCCN1C(=O)C2=C3C(=C(C(=C4C3=C(C(=C2C#CC5=CC=CC=C5)C#CC6=CC=CC=C6)C(=O)N(C4=O)CCCCCCCC)C#CC7=CC=CC=C7)C#CC8=CC=CC=C8)C1=O,PDI core not found
CCCCCCCCN1CCCC1C2=CC=C(C=C2)N3C(=O)C4=C5C(=CC=C6C5=C(C=C4)C(=O)N(C6=O)C7=CC=C(C=C7)O)C3=O,PDI core not found
C1CN(CCN1CCCNC(=O)CCC2=CN(N=N2)CC3C(C(C(C(O3)O)O)O)O)CCCN4C(=O)C5=C6C(=CC=C7C6=C(C=C5)C(=O)N(C7=O)CCCN8CCN(CC8)CCCNC(=O)CCC9=CN(N=N9)CC1C(C(C(C(O1)O)O)O)O)C4=O,PDI core not found
CC(C)(C)C1=CC(=C(C=C1)C(C)(C)C)N2C(=O)C3=C4C(=CC=C5C4=C(C=C3)C(=O)N(C5=O)CS(=O)(=O)O)C2=O,PDI core not found
C1CN(CCN1CCCNC(=O)CCC2=CN(N=N2)CC3C(C(C(C(O3)CO)O)O)O)CCCN4C(=O)C5=C6C(=CC=C7C6=C(C=C5)C(=O)N(C7=O)CCCN8CCN(CC8)CCCNC(=O)CCC9=CN(N=N9)CC1C(C(C(C(O1)CO)O)O)O)C4=O,PDI core not found
C#CCC(=O)NCCCN1CCN(CC1)CCCN2C(=O)C3=C4C(=CC=C5C4=C(C=C3)C(=O)N(C5=O)CCCN6CCN(CC6)CCCNC(=O)CC#C)C2=O,PDI core not found
CN(C)CCCN1C(=O)C2=C3C(=CC=C4C3=C(C=C2)C(=O)N(C4=O)CCOCCN=[N+]=[N-])C1=O,PDI core not found
CC1=C2CCCN3C2=C(CCC3)C(=C1C4=C5C=CC=CC5=C(C6=CC=CC=C64)C7=CC=C(C=C7)C#CC8=CC=C(C=C8)C#CC9=CC=C(C=C9)C#CC1=CC=C(C=C1)N1C(=O)C2=C3C(=CC=C4C3=C(C=C2)C(=O)NC4=O)C1=O)C,PDI core not found
CCCCCCN1C(=O)C2=C3C(=CC=C4C3=C(C=C2)C(=O)N(C4=O)C5=CN=C(C=C5)C=NN(C)C6=CC(=CC(=N6)N(C)N=CC7=NC=C(C=C7)N8C(=O)C9=C2C(=CC=C3C2=C(C=C9)C(=O)N(C3=O)CCCCCC)C8=O)COCCCC)C1=O,PDI core not found
CCCCC(CC)CN1C(=O)C2=C3C(=CC=C4C3=C(C=C2)C(=O)N(C4=O)C5=CN=C(C=C5)C=NN(C)C6=CC(=CC(=N6)N(C)N=CC7=NC=C(C=C7)N8C(=O)C9=C2C(=CC=C3C2=C(C=C9)C(=O)N(C3=O)CC(CC)CCCC)C8=O)COCCCC)C1=O,PDI core not found
C1CSSC1CCCCC(=NCCOC2=CC(=C(C=C2)C3=C(C=C(C=C3)C4=CC(=C(C=C4)C5=CC=CC=C5OCC(=NCCN6C(=O)C7=C8C(=CC=C9C8=C(C=C7)C(=O)N(C9=O)C(CCC(=O)O)C(=N)O)C6=O)O)OCC(=NCCN1C(=O)C2=C3C(=CC=C4C3=C(C=C2)C(=O)N(C4=O)C(CCC(=O)O)C(=N)O)C1=O)O)OCC(=NCCN1C(=O)C2=C3C(=CC=C4C3=C(C=C2)C(=O)N(C4=O)C(CCC(=O)O)C(=N)O)C1=O)O)OCC(=NCCN1C(=O)C2=C3C(=CC=C4C3=C(C=C2)C(=O)N(C4=O)C(CCC(=O)O)C(=N)O)C1=O)O)O,PDI core not found
CC(C)(C)C1=CC(=CC(=C1)CN2C(=O)C3=C4C(=CC=C5C4=C(C=C3)C(=O)N(C5=O)CC6=CC(=CC(=C6)CN)C(C)(C)C)C2=O)CN,PDI core not found
CCCCC(CC)COC1=CC(=CC(=C1)CN2C(=O)C3=C4C(=CC=C5C4=C(C=C3)C(=O)N(C5=O)CC6=CC(=CC(=C6)OCC(CC)CCCC)OCC(CC)CCCC)C2=O)OCC(CC)CCCC,PDI core not found
C1=CC2=C3C(=CC=C4C3=C1C(=O)N(C4=O)CC[NH3+])C(=O)N(C2=O)CC[NH3+],PDI core not found
C1=CC2=C3C(=CC=C4C3=C1C(=O)N(C4=O)CCN)C(=O)N(C2=O)CCN,PDI core not found
CCCCCCCCC1=C(SC=C1)C2=CC=C(C=C2)N3C(=O)C4=C5C(=CC=C6C5=C(C=C4)C(=O)N(C6=O)C7=CC=C(C=C7)C8=C(C=CS8)CCCCCCCC)C3=O,PDI core not found
CCCCCCCCC1=C(SC(=C1)C2=CC=C(C=C2)N3C(=O)C4=C5C(=CC=C6C5=C(C=C4)C(=O)N(C6=O)C7=CC=C(C=C7)C8=CC(=C(S8)CCCCCCCC)CCCCCCCC)C3=O)CCCCCCCC,PDI core not found
CCCCCCC1=CC=C(S1)C2=CC=C(C=C2)N3C(=O)C4=C5C(=CC=C6C5=C(C=C4)C(=O)N(C6=O)C7=CC=C(C=C7)C8=CC=C(S8)CCCCCC)C3=O,PDI core not found
CCCCCCC1=CC=C(S1)C2=CC=C(S2)CN3C(=O)C4=C5C(=CC=C6C5=C(C=C4)C(=O)N(C6=O)CC7=CC=C(S7)C8=CC=C(S8)CCCCCC)C3=O,PDI core not found
CCCCCCCCCCCCC1=CC=C(S1)C2=CC=C(C=C2)N3C(=O)C4=C5C(=CC=C6C5=C(C=C4)C(=O)N(C6=O)C7=CC=C(C=C7)C8=CC=C(S8)CCCCCCCCCCCC)C3=O,PDI core not found
CCCCCCCCCCC(CCCCCCCC)CN1C(=O)C2=C3C(=C4C5=C2C(=C6C(=C5C(=O)N(C4=O)CC(CCCCCCCC)CCCCCCCCCC)SC(S6)(C#N)C#N)C1=O)SC(S3)(C#N)C#N,PDI core not found
CCCCCCCCCCCCCCCCCCCCCCC(CCCCCCCCCC)CN1C(=O)C2=C3C(=C4C5=C2C(=C6C(=C5C(=O)N(C4=O)CC(CCCCCCCCCC)CCCCCCCCCCCCCCCCCCCCCC)SC(S6)(C#N)C#N)C1=O)SC(S3)(C#N)C#N,PDI core not found
C1=CC=C(C=C1)C(=NC2=CC=C(C=C2)C(=NC3=CC=C(C=C3)N4C(=O)C5=C6C(=CC=C7C6=C(C=C5)C(=O)N(C7=O)C8=CC=C(C=C8)N=C(C9=CC=C(C=C9)N=C(C1=CC=CC=C1)C1=CC=CC=C1)C1=CC=C(C=C1)N=C(C1=CC=CC=C1)C1=CC=CC=C1)C4=O)C1=CC=C(C=C1)N=C(C1=CC=CC=C1)C1=CC=CC=C1)C1=CC=CC=C1,PDI core not found
C1=CC=C(C=C1)C(=NC2=CC=C(C=C2)N3C(=O)C4=C5C(=CC=C6C5=C(C=C4)C(=O)N(C6=O)C7=CC=C(C=C7)N=C(C8=CC=CC=C8)C9=CC=CC=C9)C3=O)C1=CC=CC=C1,PDI core not found
CN(CCCN1C(=O)C2=C3C(=CC=C4C3=C(C=C2)C(=O)N(C4=O)CCCN(C)CC5=CN(N=N5)CC6C=CC=C6)C1=O)CC7=CN(N=N7)CCC8C9C(C(C(O8)OC1C(OC(C(C1O)O)OC1C(OC(C(C1O)O)OC1C(OC(C(C1O)O)OC1C(OC(C(C1O)O)OC1C(OC(C(C1O)O)OC1C(OC(O9)C(C1O)O)CO)CO)CO)CO)CO)CO)O)O,PDI core not found
CCCCCCOCC1=CC=C(C=C1)CN2C(=O)C3=C4C(=CC=C5C4=C(C=C3)C(=O)N(C5=O)CC6=CC=C(C=C6)COCCCCCC)C2=O,PDI core not found
CCCCCCCCN1C(=O)C2=C3C(=CC=C4C3=C(C=C2)C(=O)N(C4=O)C5=CC=C(C=C5)C#CC6=CC=C(C=C6)C7=C8C=CC=CC8=C(C9=CC=CC=C97)C2=C(C3=C4C(=C2C)CCCN4CCC3)C)C1=O,PDI core not found
CC1=C2CCCN3C2=C(CCC3)C(=C1C4=C5C=CC=CC5=C(C6=CC=CC=C64)C7=CC8=C(C=C7)C9=C(C8=O)C=C(C=C9)N1C(=O)C2=C3C(=CC=C4C3=C(C=C2)C(=O)N(C4=O)C2=C(C=CC(=C2)C(C)(C)C)C(C)(C)C)C1=O)C,PDI core not found
COC1=CC=C(C=C1)C2=C3C=CC(=C(C4=NC(=C(C5=CC=C(N5)C(=C6C=CC2=N6)N7C(=O)C8=C9C(=CC=C1C9=C(C=C8)C(=O)N(C1=O)C1=CC=C(C=C1)O)C7=O)C1=CC=C(C=C1)OC)C=C4)C#CC1=CC=C(C=C1)O)N3,PDI core not found
CN(C)CCN1C(=O)C2=C3C(=CC=C4C3=C(C=C2)C(=O)N(C4=O)CCCN)C1=O,PDI core not found
CC1=C(C(=C(C(=C1N2C(=O)C3=C4C(=CC=C5C4=C(C=C3)C(=O)N(C5=O)CCN=C(CN=C(CCC(=NC(CCC(=O)O)C(=NC(CCC(=O)O)C(=NC(CCC(=O)O)C(=O)O)O)O)O)O)O)C2=O)C)C)N6C(=O)C7=C8C(=CC=C9C8=C(C=C7)C(=O)N(C9=O)C1=C(C(=C(C(=C1C)C)N1C(=O)C2=C3C(=CC=C4C3=C(C=C2)C(=O)N(C4=O)CCN=C(CN=C(O)OCC2C3=CC=CC=C3C3=CC=CC=C23)O)C1=O)C)C)C6=O)C,PDI core not found
C1=CC(=CC=C1C=O)N2C(=O)C3=C4C(=CC=C5C4=C(C=C3)C(=O)N(C5=O)C6=CC=C(C=C6)C=O)C2=O,PDI core not found
C1=CC=C(C=C1)N2C(=O)C3=C4C(=CC=C5C4=C(C=C3)C(=O)N(C5=O)C6=CC=C(C=C6)C=NNC7=CC=C(C=C7)S(=O)(=O)[O-])C2=O,PDI core not found
C1=CC=C(C=C1)N2C(=O)C3=C4C(=CC=C5C4=C(C=C3)C(=O)N(C5=O)C6=CC=C(C=C6)C=NNC7=CC=C(C=C7)S(=O)(=O)O)C2=O,PDI core not found
CC1=C(C(=C(C(=C1N2C(=O)C3=C4C(=CC=C5C4=C(C=C3)C(=O)N(C5=O)CCN=C(CN=C(CCC(=NC(CC6=CN=CN6)C(=NC(CC7=CN=CN7)C(=NC(CC8=CN=CN8)C(=N)O)O)O)O)O)O)C2=O)C)C)N9C(=O)C1=C2C(=CC=C3C2=C(C=C1)C(=O)N(C3=O)C1=C(C(=C(C(=C1C)C)N1C(=O)C2=C3C(=CC=C4C3=C(C=C2)C(=O)N(C4=O)CCN=C(CN=C(O)OCC2C3=CC=CC=C3C3=CC=CC=C23)O)C1=O)C)C)C9=O)C,PDI core not found
CCCCN1C(=O)C2=CC(=C3C4=C2C(=C(C=C4C(=O)N(C3=O)CCCC)N(CCN(CC5=CC=CC=N5)CC6=CC=CC=N6)CC7=CC=CC=N7)C1=O)N8CCCCC8,PDI core not found
CC(C)CCN1C(=O)C2=C3C(=CC=C4C3=C(C=C2)C(=O)N(C4=O)CCCN5C(=O)C6C7CC(C6C5=O)C=C7)C1=O,PDI core not found
COC(=O)C(CC1=CC=CC=C1)N2C(=O)C3=C4C(=CC=C5C4=C(C=C3)C(=O)N(C5=O)C(CC6=CC=CC=C6)C(=O)OC)C2=O,PDI core not found
CCCCCCCCN1C(=O)C2=C3C(=CC=C4C3=C(C=C2)C(=O)N(C4=O)C5=CC=C(C=C5)C6=CC(=C(C(=C6)C)C7=C(C=C(C=C7C)N(C8=CC=C(C=C8)OC)C9=CC=C(C=C9)OC)C)C)C1=O,PDI core not found
CCCCCCCCN1C(=O)C2=C3C(=CC=C4C3=C(C=C2)C(=O)N(C4=O)C5=CC=C(C=C5)C6=CC=C(C=C6)C7=CC=C(C=C7)N(C8=CC=C(C=C8)OC)C9=CC=C(C=C9)OC)C1=O,PDI core not found
CN1C=C(N=N1)CN(C)CCCN2C(=O)C3=C4C(=CC=C5C4=C(C=C3)C(=O)N(C5=O)CCCN(C)CC6=CN(N=N6)C)C2=O,PDI core not found
CC(=O)NCCCNCCN1C(=O)C2=C3C(=CC=C4C3=C(C=C2)C(=O)N(C4=O)CCNCCCNC(=O)C)C1=O,PDI core not found
C1CSC2=CSC(=C3SC=C(S3)SCCN4C(=O)C5=C6C(=CC=C7C6=C(C=C5)C(=O)N1C7=O)C4=O)S2,PDI core not found
CN(CCCNC(=O)CC1C=CC=C1)CCN2C(=O)C3=C4C(=CC=C5C4=C(C=C3)C(=O)N(C5=O)CCN(C)CCCNC(=O)CC6C=CC=C6)C2=O,PDI core not found
CCCCCCCCCCCCC1=CC=C(S1)C2=C3C4=C5C(=C2C6=CC=C(S6)CCCCCCCCCCCC)C(=O)N(C(=O)C5=C(C(=C4C(=O)N(C3=O)CCCCCCCC)C7=CC=C(S7)CCCCCCCCCCCC)C8=CC=C(S8)CCCCCCCCCCCC)CCCCCCCC,PDI core not found
CCCCCCCCCCCCC1=CC2=C3C=C(SC3=C4C5=C6C7=C(C4=C2S1)C(=O)N(C(=O)C7=C8C(=C6C(=O)N(C5=O)CCCCCCCC)C9=C(C=C(S9)CCCCCCCCCCCC)C1=C8SC(=C1)CCCCCCCCCCCC)CCCCCCCC)CCCCCCCCCCCC,PDI core not found
C1=CSC(=C1)C2=CC(=C(S2)C3=CC=CS3)CCOC4=CC(=CC(=C4)CN5C(=O)C6=C7C(=CC=C8C7=C(C=C6)C(=O)N(C8=O)CC9=CC(=CC(=C9)OCCC1=C(SC(=C1)C1=CC=CS1)C1=CC=CS1)OCCC1=C(SC(=C1)C1=CC=CS1)C1=CC=CS1)C5=O)OCCC1=C(SC(=C1)C1=CC=CS1)C1=CC=CS1,PDI core not found
CCCCCCCCCCC(CCCCCCCC)CN1C(=O)C2=CC(=C3C4=C(C=C(C(=C24)C1=O)C5=CC=C(S5)C6=CC=CS6)C(=O)N(C3=O)CC(CCCCCCCC)CCCCCCCCCC)C7=CC=C(S7)C8=CC=CS8,PDI core not found
CCCCCC(C)N1C(=O)C2=C3C(=CC=C4C3=C(C=C2)C(=O)N(C4=O)C5=CC=C(C=C5)C6=CN(N=N6)C7=CC(=NC=C7)C8=CC=CC=N8)C1=O,PDI core not found
CC1=C(C(=C(C(=C1N=CC2=CC=C(C=C2)N(C3=CC=CC=C3)C4=CC=CC=C4)C)C)N5C(=O)C6=C7C(=CC=C8C7=C(C=C6)C(=O)N(C8=O)C9=C(C(=C(C(=C9C)C)N=CC1=CC=C(C=C1)N(C1=CC=CC=C1)C1=CC=CC=C1)C)C)C5=O)C,PDI core not found
CCOC1=C2C3=C4C(=C1)C(=O)N(C(=O)C4=C(C=C3C(=O)N(C2=O)C(CCCCNC(=O)C5CSSC5)C(=O)NN)OCC)C(CCCCNC(=O)C6CSSC6)C(=O)NN,PDI core not found
C1C(CSS1)C(=O)NCCCCC(C(=O)NN)N2C(=O)C3=C4C(=CC=C5C4=C(C=C3)C(=O)N(C5=O)C(CCCCNC(=O)C6CSSC6)C(=O)NN)C2=O,PDI core not found
CCOC1=C2C3=C4C(=C1)C(=O)N(C(=O)C4=C(C=C3C(=O)N(C2=O)C(CCCCNC(=O)C5CSSC5)C(=O)NN=CC6=CC=CC=C6)OCC)C(CCCCNC(=O)C7CSSC7)C(=O)NN=CC8=CC=CC=C8,PDI core not found
C1C(CSS1)C(=O)NCCCCC(C(=O)NN=CC2=CC=CC=C2)N3C(=O)C4=C5C(=CC=C6C5=C(C=C4)C(=O)N(C6=O)C(CCCCNC(=O)C7CSSC7)C(=O)NN=CC8=CC=CC=C8)C3=O,PDI core not found
C1=CC2=C3C(=CC=C4C3=C1C(=O)N(C4=O)CCCCC(C(=O)N)N)C(=O)N(C2=O)CCCCC(C(=O)N)N,PDI core not found
CCCCCCCCOC1=CC(=CC(=C1OCCCCCCCC)OCCCCCCCC)C(=O)NCCC(=O)NCCN2C(=O)C3=C4C(=CC=C5C4=C(C=C3)C(=O)N(C5=O)C6=CC(=C(C(=C6)OCCCCCCCC)OCCCCCCCC)OCCCCCCCC)C2=O,PDI core not found
CCCCCCC1=C(SC(=C1)C2=C(C=C(S2)C3=CC=CS3)CCC4=CN(N=N4)CCOCCN5C(=O)C6=C7C(=CC=C8C7=C(C=C6)C(=O)N(C8=O)C(CCCCCC)CCCCCC)C5=O)C9=CC=CS9,PDI core not found
CCCCCCC1=C(SC(=C1)C2=C(C=C(S2)C3=CC=CS3)CCC4=CN(N=N4)CCOCCN5C(=O)C6=C7C(=CC=C8C7=C(C=C6)C(=O)N(C8=O)CCOCCO)C5=O)C9=CC=CS9,PDI core not found
CCCCCCC1=C(SC(=C1)C2=C(C=C(S2)C3=CC=CS3)CCC4=CN(N=N4)CCOCCN5C(=O)C6=C7C(=CC=C8C7=C(C=C6)C(=O)N(C8=O)CCCCCC)C5=O)C9=CC=CS9,PDI core not found
C1=CC2=C3C(=CC=C4C3=C1C(=O)N(C4=O)CCOCCN=[N+]=[N-])C(=O)N(C2=O)CCOCCO,PDI core not found
CCCCCCC(CCCCCC)N1C(=O)C2=C3C(=CC=C4C3=C(C=C2)C(=O)N(C4=O)CCOCCN=[N+]=[N-])C1=O,PDI core not found
C1=CC=C(C=C1)C2=C3C=CC(=C(C4=NC(=C(C5=CC=C(N5)C(=C6C=CC2=N6)C7=CC=C(C=C7)N8C(=O)C9=C1C(=CC=C2C1=C(C=C9)C(=O)N(C2=O)CCCCC(C(=O)O)N)C8=O)C1=CC=CC=C1)C=C4)C1=CC=C(C=C1)N1C(=O)C2=C4C(=CC=C5C4=C(C=C2)C(=O)N(C5=O)CCCCC(C(=O)O)N)C1=O)N3,PDI core not found
CCCCCCCCOC1=CC(=CC(=C1OCCC(C)CCCC(C)C)OCCCCCCCC)C(=O)NCCN2C(=O)C3=C4C(=CC=C5C4=C(C=C3)C(=O)N(C5=O)CCNC(=O)C6=CC(=C(C(=C6)OCCCCCCCC)OCCC(C)CCCC(C)C)OCCCCCCCC)C2=O,PDI core not found
C=CCOC1=C2C3=C4C(=C1)C(=O)N(C(=O)C4=C(C=C3C(=O)N(C2=O)C5CCCCC5)OCC=C)C6CCCCC6,PDI core not found
CCCCCCCCCCC(CCCCCCCC)CN1C(=O)C2=C3C(=C4C5=C2C(=C6C(=C5C(=O)N(C4=O)CC(CCCCCCCC)CCCCCCCCCC)SC7=C(S6)SC(=S)S7)C1=O)SC8=C(S3)SC(=S)S8,PDI core not found
CCCCCCCCCCC(CCCCCCCC)CN1C(=O)C2=C3C(=C4C5=C2C(=C6C(=C5C(=O)N(C4=O)CC(CCCCCCCC)CCCCCCCCCC)SC7=C(S6)SC(=O)S7)C1=O)SC8=C(S3)SC(=O)S8,PDI core not found
C1=CC2=CC(=C1)OC3=CC=C(C=C3)C(=O)C4=CC=C(C=C4)C5=CC=C(C=C5)C(=O)C6=CC=C(C=C6)OC7=CC=CC(=C7)N8C(=O)C9=C1C(=CC=C3C1=C(C=C9)C(=O)N2C3=O)C8=O,PDI core not found
CCCCCCCCN1C(=O)C2=C3C(=CC=C4C3=C(C=C2)C(=O)N(C4=O)C5=CC=C(C=C5)C6C=CC=C6)C1=O,PDI core not found
CCCCCCN1C(=O)C2=C3C(=CC=C4C3=C(C=C2)C(=O)N(C4=O)CC(=O)O)C1=O,PDI core not found
CCCCCCCCN1C(=O)C2=C3C(=C(C(=C(C3=C4C5=C(C6=C(C(=C(C(=C6C(=C52)C1=O)CCCC)CCCC)CCCC)CCCC)C(=O)N(C4=O)CCCCCCCC)CCCC)CCCC)CCCC)CCCC,PDI core not found
CCCCCCCCN1C(=O)C2=C3C4=C(C5=C(C6=C(CCCC6)C(=C52)CC)CC)C(=O)N(C(=O)C4=C7C(=C8CCCCC8=C(C7=C3C1=O)CC)CC)CCCCCCCC,PDI core not found
CCCCCCCCN1C(=O)C2=C3C(=C(C(=C(C3=C4C5=C(C6=C(C(=C(C(=C6C(=C52)C1=O)CC)CC)CC)CC)C(=O)N(C4=O)CCCCCCCC)CC)CC)CC)CC,PDI core not found
CCCCCCCCN1C(=O)C2=C3C4=C(C5=C2C6=CC=CC=C6C7=CC=CC=C75)C(=O)N(C(=O)C4=C8C9=CC=CC=C9C2=CC=CC=C2C8=C3C1=O)CCCCCCCC,PDI core not found
CCCCCCCCN1C(=O)C2=C3C4=C(C5=C(C6=C(CC7=CC=CC=C7C6)C(=C52)CCCC)CCCC)C(=O)N(C(=O)C4=C8C(=C9CC2=CC=CC=C2CC9=C(C8=C3C1=O)CCCC)CCCC)CCCCCCCC,PDI core not found
CCCCCCCCN1C(=O)C2=C3C4=C(C5=C2C(=C(C(=C5C6=CC=CC=C6)C7=CC=CC=C7)C8=CC=CC=C8)C9=CC=CC=C9)C(=O)N(C(=O)C4=C2C(=C(C(=C(C2=C3C1=O)C1=CC=CC=C1)C1=CC=CC=C1)C1=CC=CC=C1)C1=CC=CC=C1)CCCCCCCC,PDI core not found
CCCCCCCCN1C(=O)C2=C3C(=CC=C4C3=C(C=C2)C(=O)N(C4=O)C5=C6C=CC=CC6=C(C7=CC=CC=C75)C8=C(C9=C2C(=C8C)CCCN2CCC9)C)C1=O,PDI core not found
CCCCCCN1C(=O)C2=C3C(=CC(=C4C3=C(C=C2)C(=O)N(C4=O)CCCCCC)C5=CC6=C7C8=C5C(=O)N(C(=O)C8=CC(=C7C(=O)N(C6=O)CCCCCC)C9=C2C3=C(C=CC4=C3C(=C9)C(=O)N(C4=O)CCCCCC)C(=O)N(C2=O)CCCCCC)CCCCCC)C1=O,PDI core not found
CC(C)C1=C(C(=CC=C1)C(C)C)N2C(=O)C3=C4C5=C(C=C3)C(=O)N(C(=O)C5=C6C7=CC8=C9C(=CC1=C3C9=C7C5=C7C3=C(C=C3C7=C(C=C5C6=C4C2=O)C(=NC3=O)O)C2=C3C4=C(C=CC5=C4C(=C12)C(=O)N(C5=O)C1=C(C=CC=C1C(C)C)C(C)C)C(=O)N(C3=O)C1=C(C=CC=C1C(C)C)C(C)C)C(=O)N=C8O)C1=C(C=CC=C1C(C)C)C(C)C,PDI core not found
CCCCCCCCN1C(=O)C2=C3C(=CC=C4C3=C(C=C2)C(=O)N(C4=O)C5=CC=C(C=C5)C6=CC=C(C=C6)N7C8=CC=C(C=CC9=CC=C(C=C9)N(C2=CC=C(C=CC3=CC=C7C=C3)C=C2)C2=CC=CC=C2)C=C8)C1=O,PDI core not found
CC1=C2CCCN3C2=C(CCC3)C(=C1C4=C5C=CC=CC5=C(C6=CC=CC=C64)C7=CC8=C(C=C7)C9=C(C8=O)C=C(C=C9)C1=CC2=C(C=C1)C1=C(C2=O)C=C(C=C1)C1=CC2=C(C=C1)C1=C(C2=O)C=C(C=C1)N1C(=O)C2=C3C(=CC=C4C3=C(C=C2)C(=O)N(C4=O)C2=C(C=CC(=C2)C(C)(C)C)C(C)(C)C)C1=O)C,PDI core not found
C1=CC2=C3C(=CC=C4C3=C1C(=O)N(C4=O)CCCCN5C(=O)C6=C7C(=CC=C8C7=C(C=C6)C(=O)N(C8=O)C(CS)C(=O)O)C5=O)C(=O)N(C2=O)C(CS)C(=O)O,PDI core not found
C1=CC=C(C(=C1)C2=C(C=C(C=C2)N3C(=O)C4=C5C(=CC=C6C5=C(C=C4)C(=O)NC6=O)C3=O)S(=O)(=O)O)S(=O)(=O)O,PDI core not found
CCCCCCN1C(=O)C2=C3C(=CC=C4C3=C(C=C2)C(=O)N(C4=O)CC5=CC(=CC(=C5)C(C)(C)C)CN6C(=O)C7=C8C(=CC=C9C8=C(C=C7)C(=O)N(C9=O)CCCCCC)C6=O)C1=O,PDI core not found
CCCCCCCCC(CCCCCCCC)CN1C(=O)C2=C3C(=CC(=C4C3=C(C=C2)C(=O)N(C4=O)CC(CCCCCCCC)CCCCCCCC)C5=CC=C(S5)C6=CC=CS6)C1=O,PDI core not found
CCN1C2=C(C=C(C=C2)N3C(=O)C4=C5C(=CC=C6C5=C(C=C4)C(=O)N(C6=O)C7=CC8=C(C=C7)N(C9=CC=CC=C98)CC)C3=O)C2=CC=CC=C21,PDI core not found
CCCCC(CC)CN1C(=O)C2=C3C(=CC=C4C3=C(C=C2)C(=O)N(C4=O)C5=CC=NC=C5)C1=O,PDI core not found
CCCCC(CC)CN1C(=O)C2=C3C(=CC=C4C3=C(C=C2)C(=O)N(C4=O)CCC5=CC=NC=C5)C1=O,PDI core not found
CCCCCCC(CCCCCC)N1C(=O)C2=C3C(=CC=C4C3=C(C=C2)C(=O)N(C4=O)CCCN5C(=O)NC(=O)NC5=O)C1=O,PDI core not found
CCCCN1C(=O)C2=C3C(=CC=C4C3=C(C=C2)C(=O)N(C4=O)CCCC(=O)NCCCC5C(=O)NC6CCC7(C(C6)CC(C8C7CC(C9(C8CCC9C(CCC(=O)NC2CCC3(C(C2)CC(C2C3CC(C3(C2CCC3C(CCC(=O)NC2CCC3(C(C2)CC(C2C3CC(C3(C2CCC3C(CCC(=O)NC2=CN(C3CCC4(C(C3)CC(C3C4CC(C4(C3CCC4C(CCC(=O)N5)C)C)O)O)C)N=N2)C)C)O)O)C)C)C)O)O)C)C)C)O)O)C)C1=O,PDI core not found
CCCCN1C(=O)C2=C3C(=CC=C4C3=C(C=C2)C(=O)N(C4=O)CCCC(=O)NCCCC5C(=O)NC6CCC7(C(C6)CC(C8C7CC(C9(C8CCC9C(CCC(=O)NC2CCC3(C(C2)CC(C2C3CC(C3(C2CCC3C(CCC(=O)NC2CCC3(C(C2)CC(C2C3CC(C3(C2CCC3C(CCC(=O)NC2CCC3(C(C2)CC(C2C3CC(C3(C2CCC3C(CCC(=O)N5)C)C)O)O)C)C)C)O)O)C)C)C)O)O)C)C)C)O)O)C)C1=O,PDI core not found
COC(=O)C(CC1=CC=CC=C1)NC(=O)C(CC2=CC=CC=C2)N3C(=O)C4=C5C(=CC=C6C5=C(C=C4)C(=O)N(C6=O)C(CC7=CC=CC=C7)C(=O)NC(CC8=CC=CC=C8)C(=O)OC)C3=O,PDI core not found
COC(=O)C(CC1=CC=CC=C1)NC(=O)C(CC2=CC=CC=C2)N3C(=O)C4=C5C(=CC=C6C5=C(C=C4)C(=O)N(C6=O)C(CC7=CC=CC=C7)C(=O)NC(CC8=CC=CC=C8)C(=O)OC)C3=O,PDI core not found
COC(=O)C(CC1=CC=CC=C1)NC(=O)C(CC2=CC=CC=C2)N3C(=O)C4=C5C(=CC=C6C5=C(C=C4)C(=O)N(C6=O)C(CC7=CC=CC=C7)C(=O)NC(CC8=CC=CC=C8)C(=O)OC)C3=O,PDI core not found
COC(=O)CNC(=O)CN1C(=O)C2=C3C(=CC=C4C3=C(C=C2)C(=O)N(C4=O)CC(=O)NCC(=O)OC)C1=O,PDI core not found
COC(=O)C(CC1=CC=CC=C1)NC(=O)C(CC2=CC=CC=C2)N3C(=O)C4=C5C(=CC=C6C5=C(C=C4)C(=O)N(C6=O)C(CC7=CC=CC=C7)C(=O)NC(CC8=CC=CC=C8)C(=O)OC)C3=O,PDI core not found
CN(CCCN1C(=O)C2=C3C(=CC=C4C3=C(C=C2)C(=O)N(C4=O)CCCN(C)CC5C6C(C(C(O5)OC7C(OC(C(C7O)O)OC8C(OC(C(C8O)O)OC9C(OC(C(C9O)O)OC2C(OC(C(C2O)O)OC2C(OC(C(C2O)O)OC2C(OC(O6)C(C2O)O)CO)CO)CO)CO)CO)CO)O)O)C1=O)CC1C=CC=C1,PDI core not found
C1CSSC1CCCCC(=O)NC(CCCCN)C(=O)NCCCN2CCN(CC2)CCCN3C(=O)C4=C5C(=CC=C6C5=C(C=C4)C(=O)N(C6=O)CCCN7CCN(CC7)CCCNC(=O)C(CCCCN)NC(=O)CCCCC8CCSS8)C3=O,PDI core not found
C1CSSC1CCCCC(=O)NCCCN2CCN(CC2)CCCN3C(=O)C4=C5C(=CC=C6C5=C(C=C4)C(=O)N(C6=O)CCCN7CCN(CC7)CCCNC(=O)CCCCC8CCSS8)C3=O,PDI core not found
C1CN(CCN1CCCNC(=O)C(CCCCN)NC(=O)C(CS)N)CCCN2C(=O)C3=C4C(=CC=C5C4=C(C=C3)C(=O)N(C5=O)CCCN6CCN(CC6)CCCNC(=O)C(CCCCN)NC(=O)C(CS)N)C2=O,PDI core not found
CN(CCCN1C(=O)C2=C3C(=CC=C4C3=C(C=C2)C(=O)N(C4=O)CCCN(C)CC5=CN(N=N5)CC6C(C(C(C(O6)O)O)O)O)C1=O)CC7=CN(N=N7)CC8C(C(C(C(O8)O)O)O)O,PDI core not found
C1=CC=C(C=C1)C2=NC3=C(C=C(C=C3)OC4=CC=C(C=C4)N)N=C2C5=CC=C(C=C5)N6C(=O)C7=C8C(=CC=C9C8=C(C=C7)C(=O)N(C9=O)C1=CC=C(C=C1)C1=NC2=C(C=CC(=C2)OC2=CC=C(C=C2)N)N=C1C1=CC=CC=C1)C6=O,PDI core not found
CC1C(=O)NCC2=CC=C(CN3C(=O)C4=C5C(=CC=C6C5=C(C=C4)C(=O)N(C6=O)CC7=CC=C(C=C7)C(=O)NC(C(=O)NC(C(=O)N1)CC(C)C)C(C)C)C3=O)C=C2,PDI core not found
C1CN(CCC1CCCNC(=O)C2C=CC=C2)CCCN3C(=O)C4=C5C(=CC=C6C5=C(C=C4)C(=O)N(C6=O)CCCN7CCC(CC7)CCCNC(=O)C8C=CC=C8)C3=O,PDI core not found
CC(C)(C)OC(=O)NCCN1C(=O)C2=C3C(=CC=C4C3=C(C=C2)C(=O)N(C4=O)CCOCCO)C1=O,PDI core not found
CCCCCCCCN1C(=O)C2=C3C(=CC=C4C3=C(C=C2)C(=O)N(C4=O)N5C(=O)C6=CC(=C7C8=C9C(=C(C=C8)C2=CC=C(C=C2)C2=C3C=CC(=N3)C(=C3C=CC(=C(C4=NC(=C(C8=CC=C2N8)C2=CC=CC=C2)C=C4)C2=CC=CC=C2)N3)C2=CC=CC=C2)C=CC=C9C2=C(C=C(C6=C72)C5=O)OC2=CC(=CC(=C2)C(C)(C)C)C(C)(C)C)OC2=CC(=CC(=C2)C(C)(C)C)C(C)(C)C)C1=O,PDI core not found
CC(C)(C(=O)[O-])N1C(=O)C2=C3C(=CC=C4C3=C(C=C2)C(=O)N(C4=O)C(C)(C)C(=O)[O-])C1=O,PDI core not found
CC(C)(C(=O)O)N1C(=O)C2=C3C(=CC=C4C3=C(C=C2)C(=O)N(C4=O)C(C)(C)C(=O)O)C1=O,PDI core not found
CC(C)(C)C1=CC(=C(C=C1)C(C)(C)C)N2C(=O)C3=C4C(=CC=C5C4=C(C=C3)C(=O)N(C5=O)C6=CC=C(C=C6)C(=N)N)C2=O,PDI core not found
CC(C)(C)C1=CC(=C(C=C1)C(C)(C)C)N2C(=O)C3=C4C(=CC=C5C4=C(C=C3)C(=O)N(C5=O)CC(=N)N)C2=O,PDI core not found
C1=CC2=C3C(=CC=C4C3=C1C(=O)N(C4=O)NCCC(=O)O)C(=O)N(C2=O)NCCC(=O)O,PDI core not found
C1=CC2=C3C(=CC=C4C3=C1C(=O)N(C4=O)NCC(=O)O)C(=O)N(C2=O)NCC(=O)O,PDI core not found
CCCCCCCCN1C(=O)C2=C3C(=CC=C4C3=C(C=C2)C(=O)N(C4=O)C5=CC=C(C=C5)C#CC6=C7C=CC(=N7)C(=C8C=CC(=CC9=CC=C(N9)C(=C2C=CC6=N2)C2=CC=CC=C2)N8)C2=CC=CC=C2)C1=O,PDI core not found
CCCCCCCCN1C(=O)C2=C3C(=CC=C4C3=C(C=C2)C(=O)N(C4=O)C5=C(C=C(C=C5)C#CC6=C7C=CC(=C(C8=NC(=C(C9=CC=C(N9)C(=C2C=CC6=N2)C2=CC=CC=C2)C#CC2=CC(=C(C=C2)N2C(=O)C3=C4C(=CC=C5C4=C(C=C3)C(=O)N(C5=O)CCCCCCCC)C2=O)C)C=C8)C2=CC=CC=C2)N7)C)C1=O,PDI core not found
CCCCCCCCN1C(=O)C2=C3C(=CC=C4C3=C(C=C2)C(=O)N(C4=O)C5=CC=C(C=C5)C#CC6=C7C=CC(=C(C8=NC(=C(C9=CC=C(N9)C(=C2C=CC6=N2)C2=CC=CC=C2)C#CC2=CC=C(C=C2)N2C(=O)C3=C4C(=CC=C5C4=C(C=C3)C(=O)N(C5=O)CCCCCCCC)C2=O)C=C8)C2=CC=CC=C2)N7)C1=O,PDI core not found
C1=CC=[N+](C=C1)CCCN2C(=O)C3=C4C(=CC=C5C4=C(C=C3)C(=O)N(C5=O)C6=CC=C(C=C6)C7=CC(=NC(=C7)C8=CC=CC=N8)C9=CC=CC=N9)C2=O,PDI core not found
CCCCCCCCN1C(=O)C2=C3C(=CC=C4C3=C(C=C2)C(=O)N(C4=O)C5=CC=C(C=C5)C6=CC(=NC(=C6)C7=CC=CC=N7)C8=CC=CC=N8)C1=O,PDI core not found
CN(C)CCCN1C(=O)C2=C3C(=CC=C4C3=C(C=C2)C(=O)N(C4=O)CCCCC(C(=O)O)N)C1=O,PDI core not found
CN(C)CCCN1C(=O)C2=C3C(=CC=C4C3=C(C=C2)C(=O)N(C4=O)CCCCC(C(=O)O)NC(=O)OCC5C6=CC=CC=C6C7=CC=CC=C57)C1=O,PDI core not found
CC(=O)NC(CCCCN1C(=O)C2=C3C(=CC=C4C3=C(C=C2)C(=O)N(C4=O)CCCN(C)C)C1=O)C(=O)NC(CCCCN)C(=O)NC(CCCCN)C(=O)NC(CCCCN5C(=O)C6=C7C(=CC=C8C7=C(C=C6)C(=O)N(C8=O)CCCN(C)C)C5=O)C(=O)N,PDI core not found
CN(CCCNC(=O)CC12CC3CC(C1)CC(C3)C2)CCCN4C(=O)C5=C6C(=CC=C7C6=C(C=C5)C(=O)N(C7=O)CCCN(C)CCCNC(=O)CC89CC1CC(C8)CC(C1)C9)C4=O,PDI core not found
C1=CC2=C3C(=CC=C4C3=C1C(=O)N(C4=O)CCOCCOCCOCCO)C(=O)N(C2=O)CCOCCOCCOCCO,PDI core not found
C1=CC2=C3C(=C1)C4=CC=CC5=C4C(=C(C=C5)C(=O)CC6=CC=C(C=C6)N7C(=O)C8=C9C(=CC=C1C9=C(C=C8)C(=O)N(C1=O)C1=CC=C(C=C1)CC(=O)C1=C4C5=CC=CC6=C5C(=CC=C6)C5=CC=CC(=C54)C=C1)C7=O)C3=CC=C2,PDI core not found
C1=CC2=C3C(=C1)C4=CC=CC5=C4C(=C(C=C5)C(=O)COC6=CC(=CC(=C6)COC7=CC=C(C=C7)N8C(=O)C9=C1C(=CC=C4C1=C(C=C9)C(=O)N(C4=O)C1=CC=C(C=C1)OCC1=CC(=CC(=C1)OCC(=O)C1=C4C5=CC=CC6=C5C(=CC=C6)C5=CC=CC(=C54)C=C1)OCC(=O)C1=C4C5=CC=CC6=C5C(=CC=C6)C5=CC=CC(=C54)C=C1)C8=O)OCC(=O)C1=C4C5=CC=CC6=C5C(=CC=C6)C5=CC=CC(=C54)C=C1)C3=CC=C2,PDI core not found
CCCCCCCCN1C(=O)C2=C3C(=CC=C4C3=C(C=C2)C(=O)N(C4=O)CC5=CC=C(C=C5)C6=C7C=CC(=C(C8=NC(=C(C9=NC(=C(C2=CC=C6N2)CCCCCCC)C=C9)C2=CC=CN2C)C=C8)CCCCCCC)N7)C1=O,PDI core not found
CCCCCCCCN1C(=O)C2=C3C(=CC=C4C3=C(C=C2)C(=O)N(C4=O)CC5=CC=C(C=C5)C6=C7C=CC(=CC8=NC(=C(C9=NC(=CC2=CC=C6N2)C=C9)C2=CC=CN2C)C=C8)N7)C1=O,PDI core not found
CC1=CC=C(C=C1)C2=C3C=CC(=C(C4=NC(=C(C5=CC=C(N5)C(=C6C=CC2=N6)C7=CC=C(C=C7)C)C8=CC(=CC=C8)OC(=O)CCC(=O)OCCOCCOCCOCCN9C(=O)C1=C2C(=CC=C5C2=C(C=C1)C(=O)N(C5=O)CCOCCOCCOCCO)C9=O)C=C4)C1=CC=C(C=C1)C)N3,PDI core not found
C1COCCOCCOCN2C(=O)C3=C4C(=CC=C5C4=C(C=C3)C(=O)N(C5=O)COCCOCCOCCN6C(=O)C7=C8C(=CC=C9C8=C(C=C7)C(=O)N1C9=O)C6=O)C2=O,PDI core not found
CN1C(=O)C2=C3C(=CC=C4C3=C(C=C2)C(=O)N(C4=O)CCOCCOCCN5C(=O)C6=C7C(=CC=C8C7=C(C=C6)C(=O)N(C8=O)C)C5=O)C1=O,PDI core not found
CCCCCCCCOC1=CC(=CC(=C1OCCCCCCCC)OCCCCCCCC)C(=O)NCCCN2C(=O)C3=C4C(=CC=C5C4=C(C=C3)C(=O)N(C5=O)CCCNC(=O)C6=CC(=C(C(=C6)OCCCCCCCC)OCCCCCCCC)OCCCCCCCC)C2=O,PDI core not found
CCCCCCCCOC1=CC(=CC(=C1OCCCCCCCC)OCCCCCCCC)C(=O)NCCCCN2C(=O)C3=C4C(=CC=C5C4=C(C=C3)C(=O)N(C5=O)CCCCNC(=O)C6=CC(=C(C(=C6)OCCCCCCCC)OCCCCCCCC)OCCCCCCCC)C2=O,PDI core not found
CC(C)N1C(=O)C2=CC(=C3C4=C(C=C(C(=C24)C1=O)C5=CC=CS5)C(=O)N(C3=O)C(C)C)C6=CC=CS6,PDI core not found
CC(C)N1C(=O)C2=CC(=C3C4=C(C=C(C(=C24)C1=O)C5=CC=C(S5)C6=CC=CS6)C(=O)N(C3=O)C(C)C)C7=CC=C(S7)C8=CC=CS8,PDI core not found
CC(C)N1C(=O)C2=CC(=C3C4=C(C=C(C(=C24)C1=O)C5=CC=C(S5)C6=CC=C(S6)C7=CC=CS7)C(=O)N(C3=O)C(C)C)C8=CC=C(S8)C9=CC=C(S9)C1=S=CC=C1,PDI core not found
CC(C)N1C(=O)C2=CC(=C3C4=C(C=C(C(=C24)C1=O)C5=CC=C(S5)C6=CC=C(S6)C7=CC=C(S7)C8=CC=CS8)C(=O)N(C3=O)C(C)C)C9=CC=C(S9)C1=CC=C(S1)C1=CC=C(S1)C1=S=CC=C1,PDI core not found
CC(C)N1C(=O)C2=CC(=C3C4=C(C=C(C(=C24)C1=O)C5=CC=C(S5)C6=CC=C(S6)C7=CC=C(S7)C8=CC=C(S8)C9=CC=C(S9)C1=CC=C(S1)C1=S=CC=C1)C(=O)N(C3=O)C(C)C)C1=CC=C(S1)C1=CC=C(S1)C1=CC=C(S1)C1=CC=C(S1)C1=CC=C(S1)C1=CC=C(S1)C1=S=CC=C1,PDI core not found
CC(C)N1C(=O)C2=CC(=C3C4=C(C=C(C(=C24)C1=O)C5=CC=C(S5)C6=CC=C(S6)C7=CC=C(S7)C8=CC=C(S8)C9=S=CC=C9)C(=O)N(C3=O)C(C)C)C1=CC=C(S1)C1=CC=C(S1)C1=CC=C(S1)C1=CC=C(S1)C1=S=CC=C1,PDI core not found
CC(C)N1C(=O)C2=CC(=C3C4=C(C=C(C(=C24)C1=O)C5=CC=C(S5)C6=CC=C(S6)C7=CC=C(S7)C8=CC=C(S8)C9=CC=C(S9)C1=S=CC=C1)C(=O)N(C3=O)C(C)C)C1=CC=C(S1)C1=CC=C(S1)C1=CC=C(S1)C1=CC=C(S1)C1=CC=C(S1)C1=S=CC=C1,PDI core not found
CCCCCCCCN1C(=O)C2=C3C(=CC=C4C3=C(C=C2)C(=O)N(C4=O)CCC5=CN(N=N5)CC6COC7=CSC=C7O6)C1=O,PDI core not found
CCCCCCCCN1C(=O)C2=C3C(=CC=C4C3=C(C=C2)C(=O)N(C4=O)CCC#C)C1=O,PDI core not found
C1CN(CCN1CCCNC(=O)C(CS)N)CCCN2C(=O)C3=C4C(=CC=C5C4=C(C=C3)C(=O)N(C5=O)CCCN6CCN(CC6)CCCNC(=O)C(CS)N)C2=O,PDI core not found
CCCCCCCCN1C(=O)C2=C3C(=CC=C4C3=C(C=C2)C(=O)N(C4=O)C5=CC=C(C=C5)C6=CC=CC6)C1=O,PDI core not found
CCCCCCCCN1C(=O)C2=C3C(=CC=C4C3=C(C=C2)C(=O)N(C4=O)C5=C(C=C(C=C5C)C#CC6=CC=CC(=C6)C#CC7=CC(=C(C(=C7)C)C8=C(C=C(C=C8C)N(C9=CC=C(C=C9)OC)C2=CC=C(C=C2)OC)C)C)C)C1=O,PDI core not found
CCCCCCCCN1C(=O)C2=C3C(=CC=C4C3=C(C=C2)C(=O)N(C4=O)C5=C(C=C(C=C5C)C#CC6=CC=C(C=C6)C#CC7=CC(=C(C(=C7)C)C8=C(C=C(C=C8C)N(C9=CC=C(C=C9)OC)C2=CC=C(C=C2)OC)C)C)C)C1=O,PDI core not found
CCCCC(CC)CN1C(=O)C2=C3C(=CC=C4C3=C(C=C2)C5=NC6=C(N5C4=O)C(=C7C(=C6N8C(=O)C9=C2C(=CC=C3C2=C(C=C9)C(=O)N(C3=O)CC(CC)CCCC)C8=O)N2C(=N7)C3=C4C(=CC=C5C4=C(C=C3)C(=O)N(C5=O)CC(CC)CCCC)C2=O)N2C(=O)C3=C4C(=CC=C5C4=C(C=C3)C(=O)N(C5=O)CC(CC)CCCC)C2=O)C1=O,PDI core not found
CCCCC(CC)CN1C(=O)C2=C3C(=CC=C4C3=C(C=C2)C5=NC6=CC7=C(C(=C6N5C4=O)N8C(=O)C9=C2C(=CC=C3C2=C(C=C9)C(=O)N(C3=O)CC(CC)CCCC)C8=O)N=C2N7C(=O)C3=CC=C4C5=C(C=CC2=C35)C(=O)N(C4=O)CC(CC)CCCC)C1=O,PDI core not found
CCCCCCCCN1C(=O)C2=C3C(=CC=C4C3=C(C=C2)C5=NC6=CC7=C(C(=C6N5C4=O)N8C(=O)C9=C2C(=CC=C3C2=C(C=C9)C(=O)N(C3=O)CCCCCCCC)C8=O)N=C2N7C(=O)C3=CC=C4C5=C(C=CC2=C35)C(=O)N(C4=O)CCCCCCCC)C1=O,PDI core not found
CCCCCCCCC(CCCCCC)CCCN1C(=O)C2=C3C(=C4C5=C2C(=C6C(=C5C(=O)N(C4=O)CCCC(CCCCCC)CCCCCCCC)SC(=C(C#N)C#N)S6)C1=O)SC(=C(C#N)C#N)S3,PDI core not found
CCCCCCCCCCCCOC1=CC2=CC(=C3CN4C(=O)C5=C6C(=CC=C7C6=C(C=C5)C(=O)N(C7=O)CC8=C(C=C9C=C(C(=CC9=C8)CN5C(=O)C6=C7C(=CC=C8C7=C(C=C6)C(=O)N(C8=O)CC1=CC2=C3)C5=O)OCCCCCCCCCCCC)OCCCCCCCCCCCC)C4=O)OCCCCCCCCCCCC,PDI core not found
C1=CC=[N+](C=C1)CCCCCCCCCCON2C(=O)C3=C4C(=CC=C5C4=C(C=C3)C(=O)N(C5=O)OCCCCCCCCCC[N+]6=CC=CC=C6)C2=O,PDI core not found
CCCCCCCCCCCCCCCCCC[N+](C)(C)CCN1C(=O)C2=C3C(=CC=C4C3=C(C=C2)C(=O)N(C4=O)CC[N+](C)(C)CCCCCCCCCCCCCCCCCC)C1=O,PDI core not found
CCCCCCCCN1C(=O)C2=C3C(=CC=C4C3=C(C=C2)C(=O)N(C4=O)C5=CC=C(C=C5)C#CC6=CC=C(C=C6)C#CC7=CC=C(C=C7)C8=C9C=CC=CC9=C(C2=CC=CC=C28)C2=C(C3=C4C(=C2C)CCCN4CCC3)C)C1=O,PDI core not found
CCCCCCCCN1C(=O)C2=C3C(=CC=C4C3=C(C=C2)C(=O)N(C4=O)C5=CC6=C(C=C5)C7=C(C6=O)C=C(C=C7)C8=C9C=CC=CC9=C(C2=CC=CC=C28)C2=C(C3=C4C(=C2C)CCCN4CCC3)C)C1=O,PDI core not found
CCCCCCCCN1C(=O)C2=C3C(=CC=C4C3=C(C=C2)C(=O)N(C4=O)C5=CC6=C(C=C5)C7=C(C6=O)C=C(C=C7)C8=CC9=C(C=C8)C2=C(C9=O)C=C(C=C2)C2=C3C=CC=CC3=C(C3=CC=CC=C32)C2=C(C3=C4C(=C2C)CCCN4CCC3)C)C1=O,PDI core not found
C1=CC2=C3C(=CC=C4C3=C1C(=O)N(C4=O)C(CCC(=O)NC(CS)C(=O)NCC(=O)O)C(=O)O)C(=O)N(C2=O)C(CCC(=O)NC(CS)C(=O)NCC(=O)O)C(=O)O,PDI core not found
C1=CC2=C3C(=CC=C4C3=C1C(=O)N(C4=O)CC(=O)NC(CS)C(=O)O)C(=O)N(C2=O)CC(=O)NC(CS)C(=O)O,PDI core not found
CC(C)(C(=O)NC(CS)C(=O)O)N1C(=O)C2=C3C(=CC=C4C3=C(C=C2)C(=O)N(C4=O)C(C)(C)C(=O)NC(CS)C(=O)O)C1=O,PDI core not found
C1=CC2=C3C(=CC=C4C3=C1C(=O)N(C4=O)C(CCC(=O)NC(CS)C(=O)NCC(=O)O)C(=O)O)C(=O)N(C2=O)C(CS)C(=O)O,PDI core not found
CCCCN1C(=O)C2=CC(=C3C4=C2C(=C(C=C4C(=O)N(C3=O)CCCC)N5CCN(CC5)C)C1=O)N6CCN(CC6)C(=O)C(=C)C,PDI core not found
CC(C)CC(C(=O)O)N1C(=O)C2=C3C(=CC=C4C3=C(C=C2)C(=O)N(C4=O)C(CC(C)C)C(=O)O)C1=O,PDI core not found
CC(=C)CN1C(=O)C2=C(C(=C3C4=C2C(=C(C(=C4C(=O)N(C3=O)CC(=C)C)C5=CC=CS5)C6=CC=CS6)C1=O)C7=CC=CS7)C8=CC=CS8,PDI core not found
CC(=C)CN1C(=O)C2=C(C(=C3C4=C2C(=C(C(=C4C(=O)N(C3=O)CC(=C)C)C5=CC=C(S5)C6=CC=CS6)C7=CC=C(S7)C8=S=CC=C8)C1=O)C9=CC=C(S9)C1=S=CC=C1)C1=CC=C(S1)C1=S=CC=C1,PDI core not found
CCCCCCCCN1C(=O)C2=C3C(=CC=C4C3=C(C=C2)C(=O)N(C4=O)N5C(=O)C6=CC(=C7C8=C9C(=C(C=C8)OC2=CC=C(C=C2)C(=O)OCC2=CC=CC=C2)C=CC=C9C2=C(C=C(C6=C72)C5=O)OC2=CC=C(C=C2)C(C)(C)C)OC2=CC=C(C=C2)C(C)(C)C)C1=O,PDI core not found
CCCCCCCCN1C(=O)C2=C3C(=CC=C4C3=C(C=C2)C(=O)N(C4=O)C5=CC6=C7C(=C5)C=CC=C7C(=O)N(C6=O)C8=CC(=C(C=C8)O)O)C1=O,PDI core not found
C1=CC=C(C=C1)C(CNC(=O)CCC(=O)NCCCCCCCCCCCCN2C(=O)C3=C4C(=CC=C5C4=C(C=C3)C(=O)N(C5=O)CC(C6=CC=CC=C6)C7=CC=CC=C7)C2=O)C8=CC=CC=C8,PDI core not found
CCC(=O)NCCCN1CCN(CC1)CCCN2C(=O)C3=C4C(=CC=C5C4=C(C=C3)C(=O)N(C5=O)CCCN6CCN(CC6)CCCNC(=O)CC)C2=O,PDI core not found
C1CN(CCN1CCCNC=O)CCCN2C(=O)C3=C4C(=CC=C5C4=C(C=C3)C(=O)N(C5=O)CCCN6CCN(CC6)CCCNC=O)C2=O,PDI core not found
CN(CCCNC=O)CCCN1C(=O)C2=C3C(=CC=C4C3=C(C=C2)C(=O)N(C4=O)CCCN(C)CCCNC=O)C1=O,PDI core not found
CCC(=O)NCCCN(C)CCCN1C(=O)C2=C3C(=CC=C4C3=C(C=C2)C(=O)N(C4=O)CCCN(C)CCCNC(=O)CC)C1=O,PDI core not found
CC(=O)NCCCN(C)CCCN1C(=O)C2=C3C(=CC=C4C3=C(C=C2)C(=O)N(C4=O)CCCN(C)CCCNC(=O)C)C1=O,PDI core not found
CNCCN1C(=O)C2=C3C(=CC=C4C3=C(C=C2)C(=O)N(C4=O)CCN=CC5=NC(=CC=C5)C6=CC=CC(=N6)CCC7=NC(=CC=C7)C8=CC=CC(=N8)C=NCCN9C(=O)C2=C3C(=CC=C4C3=C(C=C2)C(=O)N(C4=O)CCNC)C9=O)C1=O,PDI core not found
CC(C)(C)C1=CC=C(C=C1)C(C2=CC=C(C=C2)C(C)(C)C)(C3=CC=C(C=C3)C(C)(C)C)C4=CC=C(C=C4)OCCOCCN5C=C(N=N5)CN6C(=O)C7=C8C(=CC=C9C8=C(C=C7)C(=O)N(C9=O)CC1=CN(N=N1)CCOCCOC1=CC=C(C=C1)C(C1=CC=C(C=C1)C(C)(C)C)(C1=CC=C(C=C1)C(C)(C)C)C1=CC=C(C=C1)C(C)(C)C)C6=O,PDI core not found
C1=CC2=C3C(=CC=C4C3=C1C(=O)N(C4=O)CCOCCOCOCCCN=[N+]=[N-])C(=O)N(C2=O)CCOCCOCOCCCN=[N+]=[N-],PDI core not found
C1=CC2=C3C(=CC=C4C3=C1C(=O)N(C4=O)CCOCCOCOCCCO)C(=O)N(C2=O)CCOCCOCOCCCO,PDI core not found
CC(C)(C)C1=CC(=CC(=C1)CN2C(=O)C3=C4C(=CC=C5C4=C(C=C3)C(=O)N(C5=O)CC6=CC(=CC(=C6)C[NH3+])C(C)(C)C)C2=O)C[NH3+],PDI core not found
CCCCCCCCCCCCOC1=CC(=CC(=C1)C(=O)OCCCCCCOC2=C3C4=C5C(=C2)C(=O)N(C(=O)C5=C(C=C4C(=O)N(C3=O)C6=C(C=CC=C6C(C)C)C(C)C)NCCCCCCOC(=O)CCC7C(C8=NC7=C9CC(=O)C1=C9NC(=C1C)C=C1C(=C(C(=N1)C=C1C(=C(C(=C8)N1)C)CO)C)CC)C)C1=C(C=CC=C1C(C)C)C(C)C)OCCCCCCCCCCCC,PDI core not found
CCCCCCCCCCCCOC1=CC(=CC(=C1)C(=O)OCCCCCCOC2=C3C4=C5C(=C2)C(=O)N(C(=O)C5=C(C=C4C(=O)N(C3=O)C6=C(C=CC=C6C(C)C)C(C)C)NCCN=C(CCCCCNC7=C8C9=C1C(=C7)C(=O)N(C(=O)C1=C(C=C9C(=O)N(C8=O)C1=C(C=CC=C1C(C)C)C(C)C)NCCCCCCOC(=O)CCC1C(C2=NC1=C1CC(=O)C3=C1NC(=C3C)C=C1C(=C(C(=N1)C=C1C(=C(C(=C2)N1)C)CO)C)CC)C)C1=C(C=CC=C1C(C)C)C(C)C)O)C1=C(C=CC=C1C(C)C)C(C)C)OCCCCCCCCCCCC,PDI core not found
CC(C)NC1=C2C3=C4C(=C1)C(=O)N(C(=O)C4=C(C=C3C(=O)N(C2=O)C(CCC(=O)O)C(=N)O)NC(C)C)CCN=C(COC5=CC=CC=C5C6=C(C=C(C=C6)C7=CC(=C(C=C7)C8=C(C=C(C=C8)OCCN=C(CCCCC9CCSS9)O)OCC(=NCCN1C(=O)C2=CC(=C3C4=C2C(=C(C=C4C(=O)N(C3=O)C(CCC(=O)O)C(=N)O)NC(C)C)C1=O)NC(C)C)O)OCC(=NCCN1C(=O)C2=CC(=C3C4=C2C(=C(C=C4C(=O)N(C3=O)C(CCC(=O)O)C(=N)O)NC(C)C)C1=O)NC(C)C)O)OCC(=NCCN1C(=O)C2=CC(=C3C4=C2C(=C(C=C4C(=O)N(C3=O)C(CCC(=O)O)C(=N)O)NC(C)C)C1=O)NC(C)C)O)O,PDI core not found
CC(C)NC1=C2C3=C4C(=C1)C(=O)N(C(=O)C4=C(C=C3C(=O)N(C2=O)C(CCC(=O)O)C(=N)O)NC(C)C)CCN=C(COC5=CC=CC=C5C6=C(C=C(C=C6)C7=CC(=C(C=C7)C8=CC=CC=C8OCC(=NCCN9C(=O)C1=CC(=C2C3=C1C(=C(C=C3C(=O)N(C2=O)C(CCC(=O)O)C(=N)O)NC(C)C)C9=O)NC(C)C)O)OCC(=NCCN1C(=O)C2=CC(=C3C4=C2C(=C(C=C4C(=O)N(C3=O)C(CCC(=O)O)C(=N)O)NC(C)C)C1=O)NC(C)C)O)OCC(=NCCN1C(=O)C2=CC(=C3C4=C2C(=C(C=C4C(=O)N(C3=O)C(CCC(=O)O)C(=N)O)NC(C)C)C1=O)NC(C)C)O)O,PDI core not found
CC(C)NC1=C2C3=C4C(=C1)C(=O)N(C(=O)C4=C(C=C3C(=O)N(C2=O)C(CCCCN)C(=N)O)NC(C)C)CCN=C(COC5=CC=CC=C5C6=C(C=C(C=C6)C7=CC(=C(C=C7)C8=CC=CC=C8OCC(=NCCN9C(=O)C1=CC(=C2C3=C1C(=C(C=C3C(=O)N(C2=O)C(CCCCN)C(=N)O)NC(C)C)C9=O)NC(C)C)O)OCC(=NCCN1C(=O)C2=CC(=C3C4=C2C(=C(C=C4C(=O)N(C3=O)C(CCCCN)C(=N)O)NC(C)C)C1=O)NC(C)C)O)OCC(=NCCN1C(=O)C2=CC(=C3C4=C2C(=C(C=C4C(=O)N(C3=O)C(CCCCN)C(=N)O)NC(C)C)C1=O)NC(C)C)O)O,PDI core not found
C1CCC2C(C1)N3C(=O)C4=C5C(=CC=C6C5=C(C=C4)C(=O)N(C6=O)C7CCCCC7N8C(=O)C9=C1C(=CC=C4C1=C(C=C9)C(=O)N2C4=O)C8=O)C3=O,PDI core not found
CCCCCCN1C(=O)C2=CC(=C3C4=C(C=C(C(=C24)C1=O)C5=C6C(=CS5)OCCO6)C(=O)N(C3=O)CCCCCC)C7=C8C(=CS7)OCCO8,PDI core not found
CC(C(=O)O)N1C(=O)C2=C3C(=CC=C4C3=C(C=C2)C(=O)N(C4=O)C(C)C(=O)O)C1=O,PDI core not found
CCCCC(CC)CN1C(=O)C2=C3C(=CC=C4C3=C(C=C2)C(=O)N(C4=O)CCCCCC(=O)OCCOCCOCCOCCOCCOCCOC5=CC(=C(C=C5C=CC6=CC=C(C=C6)C=CC7=CC=C(C=C7)OC)OC)C=CC8=CC=C(C=C8)C=CC9=CC=C(C=C9)OC)C1=O,PDI core not found
CCCCC(CC)CN1C(=C2C(=C(N(C2=O)CC(CC)CCCC)C3=CC=C(S3)C4=C5C6=C(C=C(C7=C6C(=C4)C(=O)N(C7=O)CC(CC)CCCC)C8=CC=C(S8)C9=C2C(=C(N(C2=O)CC(CC)CCCC)C2=CC=CS2)C(=O)N9CC(CC)CCCC)C(=O)N(C5=O)CC(CC)CCCC)C1=O)C1=S=CC=C1,PDI core not found
CCCCCCCCCCCCCCCCCCCCN1C(=O)C2=CC(=C3C4=C(C=C(C(=C24)C1=O)C#CC5=CC=CC=C5)C(=O)N(C3=O)CCCCCCCCCCCCCCCCCCCC)C#CC6=CC=CC=C6,PDI core not found
CCCCCCN1C(=O)C2=CC(=C3C4=C(C=C(C(=C24)C1=O)C#CC5=CC=CC=C5)C(=O)N(C3=O)CCCCCC)C#CC6=CC=CC=C6,PDI core not found
CCCCCCN1C(=O)C2=CC(=C3C4=C(C=C(C(=C24)C1=O)C#CC5=CC=NC=C5)C(=O)N(C3=O)CCCCCC)C#CC6=CC=NC=C6,PDI core not found
CCCCCCCCCCCCCCCCCCCCN1C(=O)C2=CC(=C3C4=C(C=C(C(=C24)C1=O)C#CC5=CC=CS5)C(=O)N(C3=O)CCCCCCCCCCCCCCCCCCCC)C#CC6=CC=CS6,PDI core not found
CCCCCCCCCCCCCCCCCCCCN1C(=O)C2=CC(=C3C4=C(C=C(C(=C24)C1=O)C#CC5=CC6=CC=CC=C6S5)C(=O)N(C3=O)CCCCCCCCCCCCCCCCCCCC)C#CC7=CC8=CC=CC=C8S7,PDI core not found
CCCCCCN1C(=O)C2=CC(=C3C4=C(C=C(C(=C24)C1=O)C#CC5=CC=CS5)C(=O)N(C3=O)CCCCCC)C#CC6=CC=CS6,PDI core not found
CCC(CC)CCCN1C(=O)C2=CC(=C3C4=C(C=C(C(=C24)C1=O)C5=CC=C(S5)C6=CC7=C8C9=C6C(=O)N(C(=O)C9=CC(=C8C(=O)N(C7=O)CCCC(CC)CC)OCCOC)CCCC(CC)CC)C(=O)N(C3=O)CCCC(CC)CC)OCCOC,PDI core not found
CCC(CC)CCCC1=CC=C(S1)C2=C3C=C(SC3=C(C4=C2SC(=C4)C5=CC6=C7C8=C5C(=O)N(C(=O)C8=CC(=C7C(=O)N(C6=O)CCCC(CC)CC)OCCOC)CCCC(CC)CC)C9=CC=C(S9)CCCC(CC)CC)C1=CC2=C3C4=C1C(=O)N(C(=O)C4=CC(=C3C(=O)N(C2=O)CCCC(CC)CC)OCCOC)CCCC(CC)CC,PDI core not found
C1=CC=C(C=C1)CC(C(=O)NCC2=C3C=CC4=CC=CC5=C4C3=C(C=C5)C=C2)N6C(=O)C7=C8C(=CC=C9C8=C(C=C7)C(=O)N(C9=O)C(CC1=CC=CC=C1)C(=O)NCC1=C2C=CC3=CC=CC4=C3C2=C(C=C4)C=C1)C6=O,PDI core not found
CC(C(=O)NCC1=C2C=CC3=CC=CC4=C3C2=C(C=C4)C=C1)N5C(=O)C6=C7C(=CC=C8C7=C(C=C6)C(=O)N(C8=O)C(C)C(=O)NCC9=C1C=CC2=CC=CC3=C2C1=C(C=C3)C=C9)C5=O,PDI core not found
CCC(C)C(C(=O)NCC1=C2C=CC3=CC=CC4=C3C2=C(C=C4)C=C1)N5C(=O)C6=C7C(=CC=C8C7=C(C=C6)C(=O)N(C8=O)C(C(C)CC)C(=O)NCC9=C1C=CC2=CC=CC3=C2C1=C(C=C3)C=C9)C5=O,PDI core not found
CCCCCCCCCCCCCCCCOC1=CC(=CC(=C1OCCCCCCCCCCCCCCCC)OCCCCCCCCCCCCCCCC)C(=O)NCCN2C(=O)C3=C4C(=CC=C5C4=C(C=C3)C(=O)N(C5=O)CCOC(=O)CCCC6=C7C=CC8=CC=CC9=C8C7=C(C=C9)C=C6)C2=O,PDI core not found
CC(C)C1=CC2=C(CCC3C2(CCCC3(C)CN4C(=O)C5=C6C(=CC=C7C6=C(C=C5)C(=O)N(C7=O)CC8(CCCC9(C8CCC2=C9C=C(C=C2)C(C)C)C)C)C4=O)C)C=C1,PDI core not found
C1=CC=C(C=C1)N(C2=CC=CC=C2)C3=CC=C(C=C3)C=NC4=CC=CC5=C4C=CC=C5N6C(=O)C7=C8C(=CC=C9C8=C(C=C7)C(=O)N(C9=O)C1=CC=CC2=C1C=CC=C2N=CC1=CC=C(C=C1)N(C1=CC=CC=C1)C1=CC=CC=C1)C6=O,PDI core not found
CC(=O)SCCOCCN1C(=O)C2=C3C(=CC=C4C3=C(C=C2)C(=O)N(C4=O)CCOCCSC(=O)C)C1=O,PDI core not found
CCCCCCCCCCCCNC(=O)C(CC1=CC=CC=C1)N2C(=O)C3=C4C(=CC=C5C4=C(C=C3)C(=O)N(C5=O)C(CC6=CC=CC=C6)C(=O)NCCCCCCCCCCCC)C2=O,PDI core not found
CCCCCCCCCCCCCN1C(=O)C2=C3C(=CC=C4C3=C(C=C2)C(=O)N(C4=O)CCCCCCCCCCCCC)C1=O,PDI core not found
CCCCC1=CC=C(C=C1)N(C2=CC=C(C=C2)CCCC)C3=CC=C(C=C3)N4C(=O)C5=C6C(=CC=C7C6=C(C=C5)C(=O)N(C7=O)C8=CC=C(C=C8)N(C9=CC=C(C=C9)CCCC)C1=CC=C(C=C1)CCCC)C4=O,PDI core not found
C1CNCCN(CCNCCN1)CCCN2C(=O)C3=C4C(=CC=C5C4=C(C=C3)C(=O)N(C5=O)CCCN6CCNCCNCCNCC6)C2=O,PDI core not found
CCOC1=C2C3=C4C(=C1)C(=O)N(C(=O)C4=C(C=C3C(=O)N(C2=O)C(CCCCNC(=O)C5CSSC5)C(=O)N)OCC)C(CCCCNC(=O)C6CSSC6)C(=O)N,PDI core not found
CCOC1=C2C3=C4C(=C1)C(=O)N(C(=O)C4=C(C=C3C(=O)N(C2=O)C(CCCCNC(=O)C5CSSC5)C(=O)NC)OCC)C(CCCCNC(=O)C)C(=O)NC,PDI core not found
CNC(=O)C(CCCCNC(=O)C1CSSC1)N2C(=O)C3=CC(=C4C5=C3C(=C(C=C5C(=O)N(C4=O)C(CCCCNC(=O)C6CSSC6)C(=O)NC)N7CCCC7)C2=O)N8CCCC8,PDI core not found
CCCCCCC1=S=C(C=C1)C2=CC=C(S2)C3=CC=C(S3)C4=C5C6=C(C=C(C7=C6C(=C4)C(=O)N(C7=O)CC(CC)CCCC)C8=CC=C(S8)C9=CC=C(S9)C1=CC=C(S1)CCCCCC)C(=O)N(C5=O)CC(CC)CCCC,PDI core not found
CCCCCCC1=CC=C(S1)C2=CC=C(S2)C3=CC4=C5C6=C3C(=O)N(C(=O)C6=CC(=C5C(=O)N(C4=O)CC(CC)CCCC)C7=CC=C(S7)C8=CC=C(S8)CCCCCC)CC(CC)CCCC,PDI core not found
CCCCCCN1C(=O)C2=C3C(=CC(=C4C3=C(C=C2)C(=O)N(C4=O)CCCCCC)C5=CC6=C(S5)C=C(S6)C7=C8C9=C(C=CC2=C9C(=C7)C(=O)N(C2=O)CCCCCC)C(=O)N(C8=O)CCCCCC)C1=O,PDI core not found
CCCCCCON1C(=O)C2=C3C(=CC=C4C3=C(C=C2)C(=O)N(C4=O)OCCCCCC)C1=O,PDI core not found
CCON1C(=O)C2=C3C(=CC=C4C3=C(C=C2)C(=O)N(C4=O)OCC)C1=O,PDI core not found
CC(C)(C)C(=O)ON1C(=O)C2=C3C(=CC=C4C3=C(C=C2)C(=O)N(C4=O)OC(=O)C(C)(C)C)C1=O,PDI core not found
CN(C)C(=O)ON1C(=O)C2=C3C(=CC=C4C3=C(C=C2)C(=O)N(C4=O)OC(=O)N(C)C)C1=O,PDI core not found
CC1(C2=CC(=CC(=C2OC3=C1C=C(C=C3N4C(=O)C5=C6C(=CC=C7C6=C(C=C5)C(=O)N(C7=O)C8=CC(=CC9=C8OC1=C(C=C(C=C1C9(C)C)C(C)(C)C)C(=O)O)C(C)(C)C)C4=O)C(C)(C)C)C(=O)O)C(C)(C)C)C,PDI core not found
C1=CC=C(C=C1)NC2=CC=C(C=C2)N3C(=O)C4=C5C(=CC=C6C5=C(C=C4)C(=O)N(C6=O)C7=CC=C(C=C7)NC8=CC=CC=C8)C3=O,PDI core not found
CC1=CC=C(C=C1)N(C2=CC=C(C=C2)C)C3=CC=C(C=C3)N4C(=O)C5=C6C(=CC=C7C6=C(C=C5)C(=O)N(C7=O)C(C)C(C)C)C4=O,PDI core not found
CCCCCCCCN1C(=O)C2=C3C(=CC=C4C3=C(C=C2)C(=O)N(C4=O)C5=CC(=C(C=C5C)N6C(=O)C7=C8C(=C(C=C7)N9CCCCC9)C=CC=C8C6=O)C)C1=O,PDI core not found
CCCCCCCCN1C(=O)C2=C3C(=CC=C4C3=C(C=C2)C(=O)N(C4=O)C5=CC(=C(C=C5C)N6C(=O)C7=C8C(=C(C=C7)N9CCN(CC9)C2=CC=CC=C2)C=CC=C8C6=O)C)C1=O,PDI core not found
CCCCCCCCN1C(=O)C2=C3C(=CC=C4C3=C(C=C2)C(=O)N(C4=O)C5=CC(=C(C=C5C)N6C(=O)C7=C8C(=C(C=C7)N9CCN(CC9)C2=CC=C(C=C2)OC)C=CC=C8C6=O)C)C1=O,PDI core not found
CC#COC(=O)C1=CC(=C(C=C1)O)N2C(=O)C3=C4C(=CC=C5C4=C(C=C3)C(=O)N(C5=O)C6=C(C=CC(=C6)C(=O)OC#CC)O)C2=O,PDI core not found
C1C#CC#CCOC(=O)C2=CC(=C(C=C2)O)N3C(=O)C4=C5C(=CC=C6C5=C(C=C4)C(=O)N(C6=O)C7=C(C=CC(=C7)C(=O)OCC#CC#CCOC(=O)C8=CC(=C(C=C8)O)N9C(=O)C2=C4C(=CC=C5C4=C(C=C2)C(=O)N(C5=O)C2=C(C=CC(=C2)C(=O)O1)O)C9=O)O)C3=O,PDI core not found
CN(CCCN1C(=O)C2=C3C(=CC=C4C3=C(C=C2)C(=O)N(C4=O)CCCN(C)CC5=CC=CC5)C1=O)CC6=CC=CC6,PDI core not found
CCCCCCN1C(=O)C2=C3C(=CC=C4C3=C(C=C2)C(=O)N(C4=O)CCOCCN=[N+]=[N-])C1=O,PDI core not found
CCCCCCCCN1C(=O)C2=C3C(=CC=C4C3=C(C=C2)C(=O)N(C4=O)C5=C6C=CC=NC6=C7C(=C5)C=CC=N7)C1=O,PDI core not found
C1C=CC=C1CN(CCCN2C(=O)C3=C4C(=CC=C5C4=C(C=C3)C(=O)N(C5=O)CCCN(CC6=CC=CC6)CC7=CC=CC7)C2=O)CC8=CC=CC8,PDI core not found
C1=CC2=C3C(=CC=C4C3=C1C(=O)N(C4=O)C(CS)C(=O)O)C(=O)N(C2=O)C(CS)C(=O)O,PDI core not found
C1CCC2(CC1)CC(=C(C(=O)C2)C(C3=CC=C(C=C3)C(=O)OCCN4C(=O)C5=C6C(=CC=C7C6=C(C=C5)C(=O)N(C7=O)CCOC(=O)C8=CC=C(C=C8)C(C9=C(CC1(CCCCC1)CC9=O)O)C1=C(CC2(CCCCC2)CC1=O)O)C4=O)C1=C(CC2(CCCCC2)CC1=O)O)O,PDI core not found
CN(CCCN1C(=O)C2=C3C(=CC=C4C3=C(C=C2)C(=O)N(C4=O)CCCN(C)C5=CN(N=N5)CC6C=CC=C6)C1=O)CC7=CN(N=N7)CC8C9C(C(C(O8)OC1C(OC(C(C1O)O)OC1C(OC(C(C1O)O)OC1C(OC(C(C1O)O)OC1C(OC(C(C1O)O)OC1C(OC(C(C1O)O)OC1C(OC(O9)C(C1O)O)CO)CO)CO)CO)CO)CO)O)O,PDI core not found
C1CN(CCN1CCCNC(=O)C(CS)N)CCCN2C(=O)C3=C4C(=CC=C5C4=C(C=C3)C(=O)N(C5=O)CCCN6CCN(CC6)CCCNC(=O)C(CS)N)C2=O,PDI core not found
CCCCCCCCN1C(=O)C2=C3C(=CC=C4C3=C(C=C2)C(=O)N(C4=O)C5=C(C=C(C=C5C)C#CC6=CC(=CC(=C6)C#CC7=CC(=C(C(=C7)C)C8=C(C=C(C=C8C)N(C9=CC=C(C=C9)OC)C2=CC=C(C=C2)OC)C)C)C#C)C)C1=O,PDI core not found
CC1=C(C(=C(C(=C1N)C)C)N2C(=O)C3=C4C(=CC=C5C4=C(C=C3)C(=O)N(C5=O)C6=C(C(=C(C(=C6C)C)N)C)C)C2=O)C,PDI core not found
CCCCCCCCCCCCCCCCCCOC1=CC=C(C=C1)C=NC2=C(C(=C(C(=C2C)C)N3C(=O)C4=C5C(=CC=C6C5=C(C=C4)C(=O)N(C6=O)C7=C(C(=C(C(=C7C)C)N=CC8=CC=C(C=C8)OCCCCCCCCCCCCCCCCCC)C)C)C3=O)C)C,PDI core not found
CCSC1=C2C3=C4C(=C1)C(=O)N(C(=O)C4=C(C=C3C(=O)N(C2=O)C5=C(C=C(C=C5C)C)C)SCC)C6=C(C=C(C=C6C)C)C,PDI core not found
CCS(=O)C1=C2C3=C4C(=C1)C(=O)N(C(=O)C4=C(C=C3C(=O)N(C2=O)C5=C(C=CC=C5C(C)C)C(C)C)S(=O)CC)C6=C(C=CC=C6C(C)C)C(C)C,PDI core not found
CCS(=O)C1=C2C3=C4C(=C1)C(=O)N(C(=O)C4=C(C=C3C(=O)N(C2=O)C5=C(C=C(C=C5C)C)C)S(=O)CC)C6=C(C=C(C=C6C)C)C,PDI core not found
CCSC1=C2C3=C4C(=C1)C(=O)N(C(=O)C4=C(C=C3C(=O)N(C2=O)C5=C(C=CC=C5C(C)C)C(C)C)SCC)C6=C(C=CC=C6C(C)C)C(C)C,PDI core not found
CCS(=O)(=O)C1=C2C3=C4C(=C1)C(=O)N(C(=O)C4=C(C=C3C(=O)N(C2=O)C5=C(C=C(C=C5C)C)C)S(=O)(=O)CC)C6=C(C=C(C=C6C)C)C,PDI core not found
CCS(=O)(=O)C1=C2C3=C4C(=C1S(=O)(=O)CC)C(=O)N(C(=O)C4=C(C(=C3C(=O)N(C2=O)C5=C(C=C(C=C5C)C)C)S(=O)(=O)CC)S(=O)(=O)CC)C6=C(C=C(C=C6C)C)C,PDI core not found
CCSC1=C2C3=C4C(=C1SCC)C(=O)N(C(=O)C4=C(C(=C3C(=O)N(C2=O)C5=C(C=C(C=C5C)C)C)SCC)SCC)C6=C(C=C(C=C6C)C)C,PDI core not found
CCS(=O)C1=C2C3=C4C(=C1S(=O)CC)C(=O)N(C(=O)C4=C(C(=C3C(=O)N(C2=O)C5=C(C=C(C=C5C)C)C)S(=O)CC)S(=O)CC)C6=C(C=C(C=C6C)C)C,PDI core not found
CCCCC(CC)CN1C(=O)C2=CC(=C3C4=C(C=C(C(=C24)C1=O)C5=CC=C(S5)N(C6=CC=CC=C6)C7=CC=CC=C7)C(=O)N(C3=O)CC(CC)CCCC)C8=CC=C(S8)N(C9=CC=CC=C9)C1=CC=CC=C1,PDI core not found
CCCCC(CC)CN1C(=O)C2=CC(=C3C4=C(C=C(C(=C24)C1=O)C5=CC=C(S5)C6=CC=C(C=C6)N(C7=CC=CC=C7)C8=CC=CC=C8)C(=O)N(C3=O)CC(CC)CCCC)C9=CC=C(S9)C1=CC=C(C=C1)N(C1=CC=CC=C1)C1=CC=CC=C1,PDI core not found
CCCCC(CC)CN1C(=O)C2=CC(=C3C4=C(C=C(C(=C24)C1=O)C5=CC=C(C=C5)N(C6=CC=CC=C6)C7=CC=CC=C7)C(=O)N(C3=O)CC(CC)CCCC)C8=CC=C(C=C8)N(C9=CC=CC=C9)C1=CC=CC=C1,PDI core not found
CCCCCCC1(C2=C(C=CC(=C2)C3=CC=C(S3)C4=CC5=C6C7=C4C(=O)N(C(=O)C7=CC(=C6C(=O)N(C5=O)CC(CC)CCCC)C8=CC=C(S8)C9=CC2=C(C=C9)C3=C(C2(CCCCCC)CCCCCC)C=C(C=C3)N(C2=CC=CC=C2)C2=CC=CC=C2)CC(CC)CCCC)C2=C1C=C(C=C2)N(C1=CC=CC=C1)C1=CC=CC=C1)CCCCCC,PDI core not found
CCCCC(CC)CN1C(=O)C2=CC(=C3C4=C(C=C(C(=C24)C1=O)C5=CC=C(S5)C6=CC7=C(C=C6)N(C8=C7C=C(C=C8)N(C9=CC=CC=C9)C1=CC=CC=C1)CC)C(=O)N(C3=O)CC(CC)CCCC)C1=CC=C(S1)C1=CC2=C(C=C1)N(C1=C2C=C(C=C1)N(C1=CC=CC=C1)C1=CC=CC=C1)CC,PDI core not found
CCCCCCN1C2=C(C=CC(=C2)C3=CC=C(S3)C4=CC5=C6C7=C4C(=O)N(C(=O)C7=CC(=C6C(=O)N(C5=O)CC(CC)CCCC)C8=CC=C(S8)C9=CC2=C(C=C9)C3=C(N2CCCCCC)C=C(C=C3)N(C2=CC=CC=C2)C2=CC=CC=C2)CC(CC)CCCC)C2=C1C=C(C=C2)N(C1=CC=CC=C1)C1=CC=CC=C1,PDI core not found
CCCCCCCCN1C(=O)C2=CC3=C(C=C2C1=O)C(=O)N(C3=O)N4C(=O)C5=C6C(=CC=C7C6=C(C=C5)C(=O)N(C7=O)C8=CC(=C(C=C8C)N9C(=O)C1=C2C(=C(C=C1)N1CCCCC1)C=CC=C2C9=O)C)C4=O,PDI core not found
CCCCCCCCN1C(=O)C2=CC3=C(C=C2C1=O)C(=O)N(C3=O)C4=CC(=CC5=C4OC6=C(C5(C)C)C=C(C=C6N7C(=O)C8=C9C(=CC=C1C9=C(C=C8)C(=O)N(C1=O)C1=CC=C(C=C1)N1C(=O)C2=C3C(=C(C=C2)N2CCN(CC2)C2=CC=C(C=C2)OC)C=CC=C3C1=O)C7=O)C(C)(C)C)C(C)(C)C,PDI core not found
CCCCCCCCN1C(=O)C2=CC3=C(C=C2C1=O)C(=O)N(C3=O)C4=CC(=CC5=C4OC6=C(C5(C)C)C=C(C=C6N7C(=O)C8=C9C(=CC=C1C9=C(C=C8)C(=O)N(C1=O)N1C(=O)C2=C3C(=C(C=C2)N2CCN(CC2)C2=CC=C(C=C2)OC)C=CC=C3C1=O)C7=O)C(C)(C)C)C(C)(C)C,PDI core not found
CCCCCCCCN1C(=O)C2=C3C(=CC=C4C3=C(C=C2)C(=O)N(C4=O)C5=CC=C(C=C5)N6C(=O)C7=C8C(=C(C=C7)N9CCN(CC9)C2=CC=C(C=C2)OC)C=CC=C8C6=O)C1=O,PDI core not found
CCCCCCCCN1C(=O)C2=C3C(=CC=C4C3=C(C=C2)C(=O)N(C4=O)C5=CC(=CC6=C5OC7=C(C6(C)C)C=C(C=C7N8C(=O)C9=C(C8=O)C=C2C(=C9)C(=O)N(C2=O)C2=CC=C(C=C2)N2C(=O)C3=C4C(=C(C=C3)N3CCN(CC3)C3=CC=C(C=C3)OC)C=CC=C4C2=O)C(C)(C)C)C(C)(C)C)C1=O,PDI core not found
CCCCCCCCN1C(=O)C2=C3C(=CC=C4C3=C(C=C2)C(=O)N(C4=O)C5=CC(=CC6=C5OC7=C(C6(C)C)C=C(C=C7N8C(=O)C9=CC2=C(C=C9C8=O)C(=O)N(C2=O)N2C(=O)C3=C4C(=C(C=C3)N3CCCCC3)C=CC=C4C2=O)C(C)(C)C)C(C)(C)C)C1=O,PDI core not found
CCCCCCCCN1C(=O)C2=C3C(=CC=C4C3=C(C=C2)C(=O)N(C4=O)C5=CC(=CC6=C5OC7=C(C6(C)C)C=C(C=C7N8C(=O)C9=CC2=C(C=C9C8=O)C(=O)N(C2=O)N2C(=O)C3=C4C(=C(C=C3)N3CCN(CC3)C3=CC=C(C=C3)OC)C=CC=C4C2=O)C(C)(C)C)C(C)(C)C)C1=O,PDI core not found
CCCCCCCCN1C(=O)C2=CC3=C(C=C2C1=O)C(=O)N(C3=O)C4=CC(=CC5=C4OC6=C(C5(C)C)C=C(C=C6N7C(=O)C8=C9C(=CC=C1C9=C(C=C8)C(=O)N(C1=O)N1C(=O)C2=C3C(=C(C=C2)N2CCCCC2)C=CC=C3C1=O)C7=O)C(C)(C)C)C(C)(C)C,PDI core not found
CCCCCCCCCCN1C(=O)C2=C3C(=CC=C4C3=C(C=C2)C(=O)N(C4=O)CCO)C1=O,PDI core not found
CN(CCCNC(=O)CCC#C)CCCN1C(=O)C2=C3C(=CC=C4C3=C(C=C2)C(=O)N(C4=O)CCCN(C)CCCNC(=O)CCC#C)C1=O,PDI core not found
C#CCCC(=O)NCCCN1CCN(CC1)CCCN2C(=O)C3=C4C(=CC=C5C4=C(C=C3)C(=O)N(C5=O)CCCN6CCN(CC6)CCCNC(=O)CCC#C)C2=O,PDI core not found
CCCCCN1C(=O)C2=C3C(=CC=C4C3=C(C=C2)C(=O)N(C4=O)C5=CC=CC=C5)C1=O,PDI core not found
C1CSSC1CCCCC(=O)NCCCN2CCN(CC2)CCCN3C(=O)C4=C5C(=CC=C6C5=C(C=C4)C(=O)N(C6=O)CCCN7CCN(CC7)CCCNC(=O)CCCCC8CCSS8)C3=O,PDI core not found
CCCC[N+]1=CC=C(C=C1)CN2C(=O)C3=C4C(=CC=C5C4=C(C=C3)C(=O)N(C5=O)CCNC(=O)C6=CC(=C(C(=C6)OCCCCCCCCCC=C)OCCCCCCCCCC=C)OCCCCCCCCCC=C)C2=O,PDI core not found
CC1=C(C(=C(C(=C1N2C(=O)C3=C4C(=CC=C5C4=C(C=C3)C(=O)N(C5=O)CCN=C(CN=C(O)OC(C)(C)C)O)C2=O)C)C)N6C(=O)C7=C8C(=CC=C9C8=C(C=C7)C(=O)N(C9=O)C1=C(C(=C(C(=C1C)C)N1C(=O)C2=C3C(=CC=C4C3=C(C=C2)C(=O)N(C4=O)CCN=C(CN=C(O)OC(C)(C)C)O)C1=O)C)C)C6=O)C,PDI core not found
CC1=C(C(=C(C(=C1N2C(=O)C3=C4C(=CC=C5C4=C(C=C3)C(=O)N(C5=O)CCN=C(CN)O)C2=O)C)C)N6C(=O)C7=C8C(=CC=C9C8=C(C=C7)C(=O)N(C9=O)C1=C(C(=C(C(=C1C)C)N1C(=O)C2=C3C(=CC=C4C3=C(C=C2)C(=O)N(C4=O)CCN=C(CN=C(O)OC(C)(C)C)O)C1=O)C)C)C6=O)C,PDI core not found
CC1=C(C(=C(C(=C1N2C(=O)C3=C4C(=CC=C5C4=C(C=C3)C(=O)N(C5=O)CCN=C(CN)O)C2=O)C)C)N6C(=O)C7=C8C(=CC=C9C8=C(C=C7)C(=O)N(C9=O)C1=C(C(=C(C(=C1C)C)N1C(=O)C2=C3C(=CC=C4C3=C(C=C2)C(=O)N(C4=O)CCN=C(CN)O)C1=O)C)C)C6=O)C,PDI core not found
CCCCC(CC)CN1C(=O)C2=C3C(=CC=C4C3=C(C=C2)C(=O)N(C4=O)CCCCCCCCCC=C)C1=O,PDI core not found
COC(CN1C(=O)C2=C3C(=CC=C4C3=C(C=C2)C(=O)N(C4=O)CC(OC)OC)C1=O)OC,PDI core not found
CC(C)(C)CN1C(=O)C2=C3C(=CC=C4C3=C(C=C2)C(=O)N(C4=O)CC(C)(C)C)C1=O,PDI core not found
CCCCCCCCCCC(CCCCCCCC)CN1C(=O)C2=C3C(=C4C5=C2C(=C6C(=C5C(=O)N(C4=O)CC(CCCCCCCC)CCCCCCCCCC)N=C(S6)C7=CC=CC=C7)C1=O)SC(=N3)C8=CC=CC=C8,PDI core not found
CCCCCCCCCCC(CCCCCCCC)CN1C(=O)C2=C3C(=C4C5=C2C(=C6C(=C5C(=O)N(C4=O)CC(CCCCCCCC)CCCCCCCCCC)N=C(S6)C7=CC=CS7)C1=O)SC(=N3)C8=CC=CS8,PDI core not found
C1=CC2=C3C(=CC=C4C3=C1C(=O)N(C4=O)C5=CC=NC=C5)C(=O)N(C2=O)C6=CC(=CC(=C6)C(=O)[O-])C(=O)[O-],PDI core not found
C1=CC2=C3C(=CC=C4C3=C1C(=O)N(C4=O)C5=CC=NC=C5)C(=O)N(C2=O)C6=CC(=CC(=C6)C(=O)O)C(=O)O,PDI core not found
CC(C)(C)C1=CC(=C(C=C1)C(C)(C)C)N2C(=O)C3=C4C(=CC=C5C4=C(C=C3)C(=O)N(C5=O)C6=CC=C7C8=CC=C9C1=C(C=CC(=C81)C1=C7C6=CC=C1)C(=O)N(C9=O)C1=CC(=NC=C1)C1=CC=CC=C1)C2=O,PDI core not found
CCC(C)(C)C1=CC(=C(C=C1)OCC2CO2)N3C(=O)C4=C5C(=CC=C6C5=C(C=C4)C(=O)N(C6=O)C7=C(C=CC(=C7)C(C)(C)CC)OCC8CO8)C3=O,PDI core not found
CCCCC1=CC=C(C=C1)N2C(=O)C3=C4C(=CC=C5C4=C(C=C3)C(=O)N(C5=O)C6=C(C=CC(=C6)C(C)(C)CC)OCC7CO7)C2=O,PDI core not found
CCCCOC1=CC=CC(=C1)N2C(=O)C3=C4C(=CC=C5C4=C(C=C3)C(=O)N(C5=O)C6=C(C=CC(=C6)C(C)(C)CC)OCC7CO7)C2=O,PDI core not found
C1=CC=C(C=C1)C(CN2C(=O)C3=C4C(=CC=C5C4=C(C=C3)C(=O)N(C5=O)CCCCCCCCNC(=O)CCC(=O)NC(C6=CC=CC=C6)C7=CC=CC=C7)C2=O)C8=CC=CC=C8,PDI core not found
C1=CC=C(C=C1)C(CN2C(=O)C3=C4C(=CC=C5C4=C(C=C3)C(=O)N(C5=O)CC(C6=CC=CC=C6)C7=CC=CC=C7)C2=O)C8=CC=CC=C8,PDI core not found
C1=CC=C(C=C1)C(C2=CC=CC=C2)NC(=O)CCC(=O)NCCCCCCCCN3C(=O)C4=C5C(=CC=C6C5=C(C=C4)C(=O)N(C6=O)CCCCCCCCNC(=O)CCC(=O)NC(C7=CC=CC=C7)C8=CC=CC=C8)C3=O,PDI core not found
CCCCCCCCN1C(=O)C2=C3C(=CC=C4C3=C(C=C2)C(=O)N(C4=O)C5=CC=C(C=C5)C6=CN(N=N6)C7=CC=C(C=C7)C8=C9C=CC(=N9)C(=C2C=CC(=C(C3=NC(=C(C4=CC=C8N4)C4=C(C=C(C=C4C)C)C)C=C3)C3=CC=C(C=C3)C3=CN(N=N3)C3=CC=CC3)N2)C2=C(C=C(C=C2C)C)C)C1=O,PDI core not found
CCCCC(CC)CN1C(=O)C2=CC(=C3C4=C2C(=C(C=C4C(=O)N(C3=O)CCNC(=O)C(CS)NC(=O)C)OC)C1=O)OC,PDI core not found
CCCCC(CC)CN1C(=O)C2=CC(=C3C4=C(C=C(C(=C24)C1=O)C5=C6C(=CS5)OCCO6)C(=O)N(C3=O)CC(CC)CCCC)C7=C8C(=CS7)OCCO8,PDI core not found
CCCCCCCCCCCCCCCN1C(=O)C2=C3C(=CC=C4C3=C(C=C2)C(=O)N(C4=O)CCCCCCCCCCCCCCC)C1=O,PDI core not found
C1CN(CCN1CCCNC(=O)CC2=CC=CC2)CCCN3C(=O)C4=C5C(=CC=C6C5=C(C=C4)C(=O)N(C6=O)CCCN7CCN(CC7)CCCNC(=O)CC8=CC=CC8)C3=O,PDI core not found
CCCCCCCCCCCCCCCCCNC1=C2C3=C4C(=C1NCCCCCCCCCCCCCCCCC)C(=O)N(C(=O)C4=C5C(=C3C(=O)N(C2=O)CCCCCCCC)SC6=CC=CC=C6S5)CCCCCCCC,PDI core not found
CC1CC(C(=O)C(N1)CCCOC2=CC=CC3=C2C=CC=C3OCCCC(=O)NC(CC(=O)O)C(=O)NCCN4C(=O)C5=C6C(=CC=C7C6=C(C=C5)C(=O)N(C7=O)CC(=O)N)C4=O)N,PDI core not found
C1CC1N2C(=O)C3=C4C(=CC=C5C4=C(C=C3)C(=O)N(C5=O)C6CC6)C2=O,PDI core not found
C1CCC2(CC1)CC(=O)NCCCN3CCN(CCCN4C(=O)C5=C6C(=CC=C7C6=C(C=C5)C(=O)N(C7=O)CCCN8CCN(CCCNC(=O)C2)CC8)C4=O)CC3,PDI core not found
CCCCCCCCCCCCC(CCCCCCCCCC)CN1C(=O)C2=CC(=C3C4=C(C=C(C(=C24)C1=O)C#CC5=CC=CS5)C(=O)N(C3=O)CC(CCCCCCCCCC)CCCCCCCCCCCC)C#CC6=CC=CS6,PDI core not found
CCCCCCCCCCCCC(CCCCCCCCCC)CN1C(=O)C2=CC(=C3C4=C(C=C(C(=C24)C1=O)C#CC5=CC=C(S5)C6=CC=CS6)C(=O)N(C3=O)CC(CCCCCCCCCC)CCCCCCCCCCCC)C#CC7=CC=C(S7)C8=CC=CS8,PDI core not found
CCCCCCCCCCCC(CCCCCCCC)N1C(=O)C2=C3C(=CC(=C4C3=C(C=C2)C(=O)N(C4=O)C(CCCCCCCC)CCCCCCCCCCC)C5=CC=CC(=C5)C6=CC=CC=C6)C1=O,PDI core not found
CCCCCCCCCCC(CCCCCCCC)CN1C(=O)C2=C3C(=C4C5=C2C(=C6C(=C5C(=O)N(C4=O)CC(CCCCCCCC)CCCCCCCCCC)NC7=CC=CC=C7S6)C1=O)SC8=CC=CC=C8N3,PDI core not found
CCCCCCCCCCC(CCCCCCCC)CN1C(=O)C2=C3C(=C4C5=C2C(=C6C(=C5C(=O)N(C4=O)CC(CCCCCCCC)CCCCCCCCCC)SC7=CC=CC=C7N6)C1=O)SC8=CC=CC=C8N3,PDI core not found
CCCCCCCCCCCCCCCCOC1=CC(=CC(=C1OCCCCCCCCCCCCCCCC)OCCCCCCCCCCCCCCCC)C(=O)NN2C(=O)C3=C4C(=CC=C5C4=C(C=C3)C(=O)N(C5=O)CCO)C2=O,PDI core not found
CCCCCCN1C(=O)C2=CC(=C3C4=C(C=C(C(=C24)C1=O)C#CC5=CC6=C(C=C5)C(=O)N(C6=O)C7=CC=C(C=C7)C8=CC=CC=C8)C(=O)N(C3=O)CCCCCC)C#CC9=CC1=C(C=C9)C(=O)N(C1=O)C1=CC=C(C=C1)C1=CC=CC=C1,PDI core not found
CCCCCCN1C(=O)C2=CC(=C3C4=C(C=C(C(=C24)C1=O)C#CC5=CC6=C(C=C5)C(=O)N(C6=O)C7=CC=CC=C7)C(=O)N(C3=O)CCCCCC)C#CC8=CC9=C(C=C8)C(=O)N(C9=O)C1=CC=CC=C1,PDI core not found
CCN1C=C(C(=O)C2=C1N=C(C=C2)C)C(=O)NC(C(C)C)C(=O)NN3C(=O)C4=C5C(=CC=C6C5=C(C=C4)C(=O)N(C6=O)NC(=O)C(C(C)C)NC(=O)C7=CN(C8=C(C7=O)C=CC(=N8)C)CC)C3=O,PDI core not found
CCCCCCCCCCOCCOCCOCCOC1=CC(=CC(=C1OCCOCCOCCOCCCCCCCCCC)OCCOCCOCCOCCCCCCCCCC)C(=CC(=O)C2=CC=C(C=C2)N3C(=O)C4=C5C(=CC=C6C5=C(C=C4)C(=O)N(C6=O)C7=CC=C(C=C7)C(=O)C=C(C8=CC(=C(C(=C8)OCCOCCOCCOCCCCCCCCCC)OCCOCCOCCOCCCCCCCCCC)OCCOCCOCCOCCCCCCCCCC)O)C3=O)O,PDI core not found
CCCCC(CC)CN1C(=O)C2=C3C(=CC=C4C3=C(C=C2)C(=O)N(C4=O)CCOC(=O)C=C)C1=O,PDI core not found
CCCCCCCCCCCCOC(=O)OCCN1C(=O)C2=C3C(=CC=C4C3=C(C=C2)C(=O)N(C4=O)CCOC(=O)OCCCCCCCCCCCC)C1=O,PDI core not found
CC(C)CCCC(C)C1CCC2C1(CCC3C2CC=C4C3(CCC(C4)OC(=O)OCCN5C(=O)C6=C7C(=CC=C8C7=C(C=C6)C(=O)N(C8=O)CCOC(=O)OC9CCC1(C2CCC3(C(C2CC=C1C9)CCC3C(C)CCCC(C)C)C)C)C5=O)C)C,PDI core not found
COCCOCCOCCOCCN1C(=O)C2=C3C(=CC=C4C3=C(C=C2)C(=O)N(C4=O)CCOCCOCCOCCOC)C1=O,PDI core not found
CCCCCN1C(=O)C2=C3C(=CC=C4C3=C(C=C2)C(=O)N(C4=O)C5=C(C=C(C=C5C)C#CC6=CC=CC(=C6)C#CC7=CC(=C(C(=C7)C)C8=C(C=C(C=C8C)C9=CC(=C(C(=C9)C)C2=C(C=C(C(=C2)C)N(C2=CC=C(C=C2)OC)C2=CC=C(C=C2)OC)C)C)C)C)C)C1=O,PDI core not found
CCCCCCCCCCCCCCCC1=C(C=CC(=C1)O)N2C(=O)C3=C4C(=CC=C5C4=C(C=C3)C(=O)N(C5=O)CC(CC)CCCC)C2=O,PDI core not found
CCCCN1C(=O)C2=C3C(=CC=C4C3=C(C=C2)C(=O)N(C4=O)CCC(=O)NC(CC5=CC=C(C=C5)O)C(=O)NC(CC6=CC=CC=C6)C(=O)N)C1=O,PDI core not found
C#CCCCCCCCCCCCN1C(=O)C2=C3C(=CC=C4C3=C(C=C2)C(=O)N(C4=O)CC5=CC6=CC(=C5)OCCOCCOCCOCCCOC7=CC=CC8=C7C=CC=C8OCCCOCCOCCOCCO6)C1=O,PDI core not found
CC(C)(C)C1=CC=C(C=C1)C(C2=CC=C(C=C2)C(C)(C)C)(C3=CC=C(C=C3)C(C)(C)C)C4=CC=C(C=C4)OCCN5C=C(N=N5)CCCCCCCCCN6C(=O)C7=C8C(=CC=C9C8=C(C=C7)C(=O)N(C9=O)CC1=CC2=CC(=C1)OCCOCCOCCOCCCOC1=CC=CC3=C1C=CC=C3OCCCOCCOCCOCCO2)C6=O,PDI core not found
CN(C)C1=CC=C(C=C1)C=NCCCN2C(=O)C3=C4C(=CC=C5C4=C(C=C3)C(=O)N(C5=O)CCCN=CC6=CC=C(C=C6)N(C)C)C2=O,PDI core not found
CC1=CC2=C(C=C1)OC(=N2)C3=CC(=CC(=N3)C4=NC5=C(O4)C=CC(=C5)C)OCCCN6C(=O)C7=C8C(=CC=C9C8=C(C=C7)C(=O)N(C9=O)CCOC1=CC(=NC(=C1)C1=NC2=C(O1)C=CC(=C2)C)C1=NC2=C(O1)C=CC(=C2)C)C6=O,PDI core not found
C1=CC=C(C=C1)COCC(C(=O)O)N2C(=O)C3=C4C(=CC=C5C4=C(C=C3)C(=O)N(C5=O)C(COCC6=CC=CC=C6)C(=O)O)C2=O,PDI core not found
CCNC(=O)CCC(C(=O)O)N1C(=O)C2=C3C(=CC=C4C3=C(C=C2)C(=O)N(C4=O)C(CCC(=O)OC(C)(C)C)C(=O)O)C1=O,PDI core not found
C1=CC=C(C=C1)COCC(C(=O)O)N2C(=O)C3=C4C(=CC=C5C4=C(C=C3)C(=O)N(C5=O)C(CSC(C6=CC=CC=C6)(C7=CC=CC=C7)C8=CC=CC=C8)C(=O)O)C2=O,PDI core not found
CCNC(=O)CCC(C(=O)O)N1C(=O)C2=C3C(=CC=C4C3=C(C=C2)C(=O)N(C4=O)C(CCC(=O)OC(C)(C)C)C(=O)O)C1=O,PDI core not found
C1=CC=C(C=C1)COCC(C(=O)O)N2C(=O)C3=C4C(=CC=C5C4=C(C=C3)C(=O)N(C5=O)C(CSC(C6=CC=CC=C6)(C7=CC=CC=C7)C8=CC=CC=C8)C(=O)O)C2=O,PDI core not found
C1=CC2=NC(=C1)C(=NC(C(=NN3C(=O)C4=C5C(=CC=C6C5=C(C=C4)C(=O)N(C6=O)N=C(C(N=C(C7=CC=CC(=N7)C(=O)NC(C(=NN8C(=O)C9=C1C(=CC=C4C1=C(C=C9)C(=O)N(C4=O)N=C(C(NC2=O)CC1=CC=C(C=C1)O)O)C8=O)O)CC1=CC=C(C=C1)O)O)CC1=CC=C(C=C1)O)O)C3=O)O)CC1=CC=C(C=C1)O)O,PDI core not found
CN1C(=O)C2=CC(=C3C4=C(C=C(C(=C24)C1=O)C5=CC=C(C=C5)C#CC6=CC(=NC=C6)C7=CC=CC=N7)C(=O)N(C3=O)C)C8=CC=C(C=C8)C#CC9=CC(=NC=C9)C1=CC=CC=N1,PDI core not found
CCC(C)(C)C1=CC(=C(C=C1)OCC2=CN=CC=C2)N3C(=O)C4=C5C(=CC=C6C5=C(C=C4)C(=O)N(C6=O)C7=C(C=CC(=C7)C(C)(C)CC)OCC8=CN=CC=C8)C3=O,PDI core not found
CCCCCCCCCCCCOC1=C(C=C(C=C1)C#N)N2C(=O)C3=C4C(=CC=C5C4=C(C=C3)C(=O)N(C5=O)C6=C(C=CC(=C6)C#N)OCCCCCCCCCCCC)C2=O,PDI core not found
CCCCN1C(=O)C2=C3C(=CC=C4C3=C(C=C2)C(=O)N(C4=O)CCCCC(C(=O)N)NC(=O)C(CCCCN)NC(=O)C)C1=O,PDI core not found
CCCCN1C(=O)C2=C3C(=CC=C4C3=C(C=C2)C(=O)N(C4=O)CCCCC(C(=O)NC(CCCCN)C(=O)N)NC(=O)C)C1=O,PDI core not found
CCCCN1C(=O)C2=C3C(=CC=C4C3=C(C=C2)C(=O)N(C4=O)CCCCC(C(=O)N)NC(=O)C(CCCCN)N)C1=O,PDI core not found
CC1=C2CCCN3C2=C(CCC3)C(=C1C4=C5C=CC=CC5=C(C6=CC=CC=C64)C7=CC=C(C=C7)C8=CC=C(C=C8)C9=CC=C(C=C9)C1=CC=C(C=C1)C1=CC=C(C=C1)N1C(=O)C2=C3C(=CC=C4C3=C(C=C2)C(=O)N(C4=O)C2=C(C=CC(=C2)C(C)(C)C)C(C)(C)C)C1=O)C,PDI core not found
CCCCC(CC)N1C(=O)C2=C3C(=CC=C4C3=C(C=C2)C(=O)N(C4=O)CC5=CC=C(S5)C6=CC=CS6)C1=O,PDI core not found
CC(C1=CC=CC=C1)N2C(=O)C3=C4C(=CC=C5C4=C(C=C3)C(=O)N(C5=O)C6=CC=C(C=C6)O)C2=O,PDI core not found
CCCCCCCCN1C(=O)C2=CC(=C3C4=C(C=C(C(=C24)C1=O)C5=CC=C(C=C5)OC)C(=O)N(C3=O)CCCCCCCC)C6=CC=C(C=C6)OC,PDI core not found
CCCCCCCCN1C(=O)C2=CC(=C3C4=C(C=C(C(=C24)C1=O)C5=CC=C(C=C5)C=O)C(=O)N(C3=O)CCCCCCCC)C6=CC=C(C=C6)C=O,PDI core not found
CCCCCCCCN1C(=O)C2=CC(=C3C4=C(C=C(C(=C24)C1=O)C5=CC=C(C=C5)C)C(=O)N(C3=O)CCCCCCCC)C6=CC=C(C=C6)C,PDI core not found
CCCCCCCCN1C(=O)C2=CC(=C3C4=C(C=C(C(=C24)C1=O)C5=CC(=CC(=C5)C)C)C(=O)N(C3=O)CCCCCCCC)C6=CC(=CC(=C6)C)C,PDI core not found
CCCCCCCCN1C(=O)C2=CC(=C3C4=C(C=C(C(=C24)C1=O)C5=CSC=C5)C(=O)N(C3=O)CCCCCCCC)C6=CSC=C6,PDI core not found
CCCCCCCCN1C(=O)C2=CC(=C3C4=C(C=C(C(=C24)C1=O)C5=CC=CC=C5C=O)C(=O)N(C3=O)CCCCCCCC)C6=CC=CC=C6C=O,PDI core not found
CCCCCCCCN1C(=O)C2=CC(=C3C4=C(C=C(C(=C24)C1=O)C5=CC=NC=C5)C(=O)N(C3=O)CCCCCCCC)C6=CC=NC=C6,PDI core not found
C=CCCCCCCCCCOC1=CC(=CC(=C1OCCCCCCCCCC=C)OCCCCCCCCCC=C)C(=O)NCCN2C(=O)C3=C4C(=CC=C5C4=C(C=C3)C(=O)N(C5=O)CCNC(=O)C6=CC(=C(C(=C6)OCCCCCCCCCC=C)OCCCCCCCCCC=C)OCCCCCCCCCC=C)C2=O,PDI core not found
CCCCCCCCN1C(=O)C2=C3C(=CC=C4C3=C(C=C2)C(=O)N(C4=O)C5=CC(=CC(=C5)N6C(=O)C7=C8C(=C(C=C7)N9CCN(CC9)C2=CC=C(C=C2)OC)C=CC=C8C6=O)C2=[N+](C(C(N2[O-])(C)C)(C)C)[O-])C1=O,PDI core not found
CC(C)(C)C1=CC(=C(C=C1)C(C)(C)C)N2C(=O)C3=C4C(=CC=C5C4=C(C=C3)C(=O)N(C5=O)C6=NC(=NC(=N6)N)N)C2=O,PDI core not found
C1CC2(C(=O)CC13CN=C(N3)NNC(=O)CCN4C(=O)C5=C6C(=CC=C7C6=C(C=C5)C(=O)N(C7=O)CCN)C4=O)C(=O)NC(=N2)NNC(=O)CCN8C(=O)C9=C1C(=CC=C2C1=C(C=C9)C(=O)N(C2=O)CCN)C8=O,PDI core not found
CCC(C)(C)C1=CC(=C(C=C1)OCC(=O)OC(C)(C)C)N2C(=O)C3=C4C(=CC=C5C4=C(C=C3)C(=O)N(C5=O)C6=C(C=CC(=C6)C(C)(C)CC)OCC(=O)OC(C)(C)C)C2=O,PDI core not found
CCCCCCCCN1C(=O)C2=CC(=C3C4=C(C=C(C(=C24)C1=O)C5=CC=C(C=C5)C6=C7C=CC(=N7)C(=C8C=CC(=C(C9=NC(=C(C1=CC=C6N1)C1=CC=CC=C1)C=C9)C1=CC=CC=C1)N8)C1=CC=CC=C1)C(=O)N(C3=O)CCCCCCCC)C1=CC=C(C=C1)C1=C2C=CC(=N2)C(=C2C=CC(=C(C3=NC(=C(C4=CC=C1N4)C1=CC=CC=C1)C=C3)C1=CC=CC=C1)N2)C1=CC=CC=C1,PDI core not found
CCCCCCCCN1C(=O)C2=C(C(=C3C4=C(C5=NC6=CC=CC=C6N=C5C(=C24)C1=O)C(=O)N(C3=O)CCCCCCCC)C#N)C#N,PDI core not found
CCCCCCCCCCC(CCCCCCCC)CN1C(=O)C2=C3C(=C4C5=C2C(=C6C(=C5C(=O)N(C4=O)C7=CC=C(C=C7)C(C)(C)C)SC(=C(C#N)C#N)S6)C1=O)SC(=C(C#N)C#N)S3,PDI core not found
C#CCOC1=CC=C(C=C1)C[NH2+]CCCN2C(=O)C3=C4C(=CC=C5C4=C(C=C3)C(=O)N(C5=O)CCC[NH2+]CC6=CC=C(C=C6)OCC#C)C2=O,PDI core not found
C#CCOC1=CC=C(C=C1)CNCCCN2C(=O)C3=C4C(=CC=C5C4=C(C=C3)C(=O)N(C5=O)CCCNCC6=CC=C(C=C6)OCC#C)C2=O,PDI core not found
CC(C)(C)C1=CC(=CC(=C1)CN2C=C(N=N2)COC3=CC=C(C=C3)C[NH2+]CCCN4C(=O)C5=C6C(=CC=C7C6=C(C=C5)C(=O)N(C7=O)CCC[NH2+]CC8=CC=C(C=C8)OCC9=CN(N=N9)CC1=CC(=CC(=C1)C(C)(C)C)C(C)(C)C)C4=O)C(C)(C)C,PDI core not found
CC(C)(C)C1=CC(=CC(=C1)CN2C=C(N=N2)COC3=CC=C(C=C3)CNCCCN4C(=O)C5=C6C(=CC=C7C6=C(C=C5)C(=O)N(C7=O)CCCNCC8=CC=C(C=C8)OCC9=CN(N=N9)CC1=CC(=CC(=C1)C(C)(C)C)C(C)(C)C)C4=O)C(C)(C)C,PDI core not found
C#CCN1C(=O)C2=C3C(=CC=C4C3=C(C=C2)C(=O)N(C4=O)C5=CC(=CC(=C5)C(=O)NCC6=C7C=CC8=CC=CC9=C8C7=C(C=C9)C=C6)C(=O)NCC2=C3C=CC4=CC=CC5=C4C3=C(C=C5)C=C2)C1=O,PDI core not found
C1=CC2=C3C(=C1)C=CC4=C(C=CC(=C43)C=C2)CNC(=O)C5=CC(=CC(=C5)N6C(=O)C7=C8C(=CC=C9C8=C(C=C7)C(=O)N(C9=O)CCCO)C6=O)C(=O)NCC1=C2C=CC3=CC=CC4=C3C2=C(C=C4)C=C1,PDI core not found
CCCCCCCCN1C(=O)C2=C3C(=C4C5=C2C(=C6C(=C5C(=O)N(C4=O)CCCCCCCC)SC(=NC#N)S6)C1=O)SC(=NC#N)S3,PDI core not found
CCCCC(CC)CN1C(=O)C2=C3C(=CC=C4C3=C(C=C2)C(=O)N(C4=O)C5=CC=C(C=C5)C(=O)O)C1=O,PDI core not found
CCCCCCN1C(=O)C2=CC(=C3C4=C(C=C(C(=C24)C1=O)C5=CC=C(S5)C6=CC=CS6)C(=O)N(C3=O)CCCCCC)C7=CC=C(S7)C8=CC=CS8,PDI core not found
CCCCCCCCN1C(=O)C2=C3C(=CC=C4C3=C(C=C2)C(=O)N(C4=O)C5=C(C=C(C=C5C)C#CC6=CC=CC(=C6)C#CC7=CC(=C(C(=C7)C)C8=C(C=C(C=C8C)C9=CC(=C(C(=C9)C)C2=C(C=C(C=C2C)N(C2=CC=C(C=C2)OC)C2=CC=C(C=C2)OC)C)C)C)C)C)C1=O,PDI core not found
CCCCCCCCCCCCC(CCCCCCCCCC)CN1C(=O)C2=C3C(=C4C5=C2C(=C6C(=C5C(=O)N(C4=O)CC(CCCCCCCCCC)CCCCCCCCCCCC)SC7=CC=CC=C7S6)C1=O)SC8=CC=CC=C8S3,PDI core not found
CCCCCCCCCCCCC(CCCCCCCCCC)CN1C(=O)C2=C3C(=C4C5=C2C(=C6C(=C5C(=O)N(C4=O)CC(CCCCCCCCCC)CCCCCCCCCCCC)NC7=CC=CC=C7S6)C1=O)SC8=CC=CC=C8N3,PDI core not found
CCCCCCCCCCCCC(CCCCCCCCCC)CN1C(=O)C2=C3C(=C4C5=C2C(=C6C(=C5C(=O)N(C4=O)CC(CCCCCCCCCC)CCCCCCCCCCCC)SC7=CC=CC=C7S6)C1=O)NC8=CC=CC=C8N3,PDI core not found
CCCCCCCCCCCCC(CCCCCCCCCC)CN1C(=O)C2=C3C4=C(C5=NC6=CC=CC=C6N=C25)C(=O)N(C(=O)C4=C7C(=C3C1=O)NC8=CC=CC=C8S7)CC(CCCCCCCCCC)CCCCCCCCCCCC,PDI core not found
CCCCCCCCCCCCC(CCCCCCCCCC)CN1C(=O)C2=C3C(=C4C5=C2C(=C6C(=C5C(=O)N(C4=O)CC(CCCCCCCCCC)CCCCCCCCCCCC)SC7=CC=CC=C7N6)C1=O)NC8=CC=CC=C8N3,PDI core not found
CCCCCCCCCCCCC(CCCCCCCCCC)CN1C(=O)C2=C3C4=C(C5=NC6=CC=CC=C6N=C25)C(=O)N(C(=O)C4=C7C(=C3C1=O)SC8=CC=CC=C8S7)CC(CCCCCCCCCC)CCCCCCCCCCCC,PDI core not found
C1=CC=C(C=C1)C2=C3C=CC(=C(C4=NC(=C(C5=CC=C(N5)C(=C6C=CC2=N6)C7=CC=CC=C7)C8=CC=C(C=C8)NC(=O)CN9C(=O)C1=C2C(=CC=C5C2=C(C=C1)C(=O)N(C5=O)CCCCC(C(=O)O)[NH3+])C9=O)C=C4)C1=CC=CC=C1)N3,PDI core not found
C1=CC=C(C=C1)C2=C3C=CC(=C(C4=NC(=C(C5=CC=C(N5)C(=C6C=CC2=N6)C7=CC=CC=C7)C8=CC=C(C=C8)NC(=O)CN9C(=O)C1=C2C(=CC=C5C2=C(C=C1)C(=O)N(C5=O)CCCCC(C(=O)O)N)C9=O)C=C4)C1=CC=CC=C1)N3,PDI core not found
C1=CC2=C3C(=CC=C4C3=C1C(=O)N(C4=O)CCCCC5C(=NC(C(=NC(C(=NC(C(=NC(C(=NC(C(=NC(C(=NC(C(=N5)O)CCCCN)O)CCCCN6C(=O)C7=C8C(=CC=C9C8=C(C=C7)C(=O)N(C9=O)CCN)C6=O)O)CCCCN)O)CCCCN1C(=O)C3=C4C(=CC=C5C4=C(C=C3)C(=O)N(C5=O)CCN)C1=O)O)CCCCN)O)CCCCN1C(=O)C3=C4C(=CC=C5C4=C(C=C3)C(=O)N(C5=O)CCN)C1=O)O)CCCCN)O)C(=O)N(C2=O)CCN,PDI core not found
CC1C(=O)NC(C(=O)NC(C(=O)NC(C(=O)N(C(C(=O)NC(C(=O)NC(C(=O)NC(C(=O)N1C)CC(C)C)CCCN2C(=O)C3=C4C(=CC=C5C4=C(C=C3)C(=O)N(C5=O)CC(C)C)C2=O)CC(C)C)C)C)CC(C)C)CCCN6C(=O)C7=C8C(=CC=C9C8=C(C=C7)C(=O)N(C9=O)CC(C)C)C6=O)CC(C)C,PDI core not found
CC1C(=O)NC(C(=O)N(C(C(=O)NC(C(=O)NC(C(=O)NC(C(=O)N(C(C(=O)NC(C(=O)N1)CC(C)C)C)C)CC(C)C)CCCCN2C(=O)C3=C4C(=CC=C5C4=C(C=C3)C(=O)N(C5=O)CC(C)C)C2=O)CC(C)C)C)C)CC(C)C,PDI core not found
CC1C(=O)NC(C(=O)N(C(C(=O)NC(C(=O)NC(C(=O)NC(C(=O)N(C(C(=O)NC(C(=O)N1)CC(C)C)C)C)CC(C)C)CCCN2C(=O)C3=C4C(=CC=C5C4=C(C=C3)C(=O)N(C5=O)CC(C)C)C2=O)CC(C)C)C)C)CC(C)C,PDI core not found
CC1C(=O)NC(C(=O)N(C(C(=O)NC(C(=O)NC(C(=O)NC(C(=O)N(C(C(=O)NC(C(=O)N1)CC(C)C)C)C)CC(C)C)CCCCN2C(=O)C3=C4C(=CC=C5C4=C(C=C3)C(=O)N(C5=O)C)C2=O)CC(C)C)C)C)CC(C)C,PDI core not found
CC1C(=O)NC(C(=O)NC(C(=O)NC(C(=O)N(C(C(=O)NC(C(=O)NC(C(=O)NC(C(=O)N1C)CC(C)C)CCCCN2C(=O)C3=C4C(=CC=C5C4=C(C=C3)C(=O)N(C5=O)CC(C)C)C2=O)CC(C)C)C)C)CC(C)C)CCCCN6C(=O)C7=C8C(=CC=C9C8=C(C=C7)C(=O)N(C9=O)CC(C)C)C6=O)CC(C)C,PDI core not found
CC(C)C1=CC=C(C=C1)C(C2=CC=C(C=C2)C(C)(C)C)(C3=CC=C(C=C3)C(C)(C)C)C4=CC=C(C=C4)OCCCCCN5C(=O)C6=C7C(=CC=C8C7=C(C=C6)C(=O)N(C8=O)CCCCCO)C5=O,PDI core not found
CC(C)C1=CC=C(C=C1)C(C2=CC=C(C=C2)C(C)(C)C)(C3=CC=C(C=C3)C(C)(C)C)C4=CC=C(C=C4)OCCCCCN5C(=O)C6=C7C(=CC=C8C7=C(C=C6)C(=O)N(C8=O)CCCCCN9C(=O)C1=C2C(=CC=C3C2=C(C=C1)C(=O)N(C3=O)CCCCCOC1=CC=C(C=C1)C(C1=CC=C(C=C1)C(C)C)(C1=CC=C(C=C1)C(C)(C)C)C1=CC=C(C=C1)C(C)(C)C)C9=O)C5=O,PDI core not found
CCCCCCCCCCCCCCCCC1(C2=C(C3=C1C=C(S3)C4=CC5=C6C7=C4C(=O)N(C(=O)C7=CC(=C6C(=O)N(C5=O)CCCCCCCCCCCCCCCC)C8=CC9=C(S8)C1=C(C9(CCCCCCCCCCCCCCCC)CCCCCCCCCCCCCCCC)C=CS1)CCCCCCCCCCCCCCCC)SC=C2)CCCCCCCCCCCCCCCC,PDI core not found
CCCCCCCCCCCCCCCCC1(C2=C(C3=C1C=C(S3)C4=CC5=C6C7=C4C(=O)N(C(=O)C7=CC(=C6C(=O)N(C5=O)CC(CC)CCCC)C8=CC9=C(S8)C1=C(C9(CCCCCCCCCCCCCCCC)CCCCCCCCCCCCCCCC)C=CS1)CC(CC)CCCC)SC=C2)CCCCCCCCCCCCCCCC,PDI core not found
CCCCCCCCCCCCCCCCN1C(=O)C2=CC(=C3C4=C(C=C(C(=C24)C1=O)C5=CC6=C(S5)C7=C(C6(CC(CC)CCCC)CC(CC)CCCC)C=CS7)C(=O)N(C3=O)CCCCCCCCCCCCCCCC)C8=CC9=C(S8)C1=C(C9(CC(CC)CCCC)CC(CC)CCCC)C=CS1,PDI core not found
CCCCC(CC)CC1(C2=C(C3=C1C=C(S3)C4=CC5=C6C7=C4C(=O)N(C(=O)C7=CC(=C6C(=O)N(C5=O)CC(CC)CCCC)C8=CC9=C(S8)C1=C(C9(CC(CC)CCCC)CC(CC)CCCC)C=CS1)CC(CC)CCCC)SC=C2)CC(CC)CCCC,PDI core not found
CCCCCCCCCCCCN1C(=O)C2=C3C(=CC=C4C3=C(C=C2)C(=O)N(C4=O)CCCC(=O)O)C1=O,PDI core not found
CCCCCCCCN1C2=C(C=C(C=C2)C3=C4C=CC=C5C4=C(C=C3)C6=C(C=C7C8=C6C5=C(C=C8C(=O)N(C7=O)N9C(=O)C2=C3C(=CC=C4C3=C(C=C2)C(=O)N(C4=O)CCCCCCCC)C9=O)OC2=CC=C(C=C2)C(C)(C)C)OC2=CC=C(C=C2)C(C)(C)C)C(C1=CC1=C(C(=CC2=[N+](C3=C(C2(C)C)C=C(C=C3)C(=O)[O-])CCCCCCCC)C1=O)O)(C)C,PDI core not found
CCCCCCCCN1C2=C(C=C(C=C2)C3=C4C=CC=C5C4=C(C=C3)C6=C(C=C7C8=C6C5=C(C=C8C(=O)N(C7=O)N9C(=O)C2=C3C(=CC=C4C3=C(C=C2)C(=O)N(C4=O)CCCCCCCC)C9=O)OC2=CC=C(C=C2)C(C)(C)C)OC2=CC=C(C=C2)C(C)(C)C)C(C1=CC1=C(C(=CC2=[N+](C3=C(C2(C)C)C=C(C=C3)C(=O)O)CCCCCCCC)C1=O)O)(C)C,PDI core not found
CCCCCCCCN1C(=O)C2=C3C(=CC=C4C3=C(C=C2)C(=O)N(C4=O)N5C(=O)C6=CC(=C7C8=C9C(=C(C=C8)OC2=CC=C(C=C2)C(=O)O)C=CC=C9C2=C(C=C(C6=C72)C5=O)OC2=CC=C(C=C2)C(C)(C)C)OC2=CC=C(C=C2)C(C)(C)C)C1=O,PDI core not found
CC(C)(C)C1=CC(=C(C=C1)C(C)(C)C)N2C(=O)C3=C4C(=CC=C5C4=C(C=C3)C(=O)N(C5=O)C6=CC=C(C=C6)C(=C7C=CC=N7)C8=CC=CN8)C2=O,PDI core not found
C1=CC2=C3C(=C1)C=CC4=C(C=CC(=C43)C=C2)N5C(=O)C6=C7C(=CC=C8C7=C(C=C6)C(=O)N(C8=O)C9=C1C=CC2=CC=CC3=C2C1=C(C=C3)C=C9)C5=O,PDI core not found
C1=CC=C(C=C1)N=NC2=CC=C(C=C2)N3C(=O)C4=C5C(=CC=C6C5=C(C=C4)C(=O)N(C6=O)C7=CC=C(C=C7)N=NC8=CC=CC=C8)C3=O,PDI core not found
C1=CC=C(C=C1)C(=O)C2=CC=C(C=C2)N3C(=O)C4=C5C(=CC=C6C5=C(C=C4)C(=O)N(C6=O)C7=CC=C(C=C7)C(=O)C8=CC=CC=C8)C3=O,PDI core not found
CCSC1=C2C3=C4C(=C1)C(=O)N(C(=O)C4=C(C=C3C(=O)N(C2=O)C5=C(NN=C5C)C)SCC)C6=C(NN=C6C)C,PDI core not found
CCCCCCCCCCCCN1C2=C(C3=C1N=C(S3)C4=C5C6=C(C=CC7=C6C(=C4)C(=O)N(C7=O)CCCCCCCCCCCC)C(=O)N(C5=O)CCCCCCCCCCCC)SC(=N2)C8=C9C1=C(C=CC2=C1C(=C8)C(=O)N(C2=O)CCCCCCCCCCCC)C(=O)N(C9=O)CCCCCCCCCCCC,PDI core not found
CCCCCCCCCCCCN1C2=C(C3=C1N=C(S3)C4=C5C6=C(C=CC7=C6C(=C4)C(=O)N(C7=O)CCCCCC)C(=O)N(C5=O)CCCCCC)SC(=N2)C8=C9C1=C(C=CC2=C1C(=C8)C(=O)N(C2=O)CCCCCC)C(=O)N(C9=O)CCCCCC,PDI core not found
CCCCCCN1C2=C(C3=C1N=C(S3)C4=C5C6=C(C=CC7=C6C(=C4)C(=O)N(C7=O)CCCCCC)C(=O)N(C5=O)CCCCCC)SC(=N2)C8=C9C1=C(C=CC2=C1C(=C8)C(=O)N(C2=O)CCCCCC)C(=O)N(C9=O)CCCCCC,PDI core not found
CCCCCCN1C2=C(C3=C1N=C(S3)C4=CC5=C6C7=C4C(=O)N(C(=O)C7=CC(=C6C(=O)N(C5=O)CCCCCC)C(=O)C)CCCCCC)SC(=N2)C8=CC9=C1C2=C8C(=O)N(C(=O)C2=CC(=C1C(=O)N(C9=O)CCCCCC)C(=O)C)CCCCCC,PDI core not found
CCCCCCN1C(=O)C2=CC(=C3C4=C(C=C(C(=C24)C1=O)C5=NC6=C(S5)C7=C(C6=O)N=C(S7)C8=CC9=C1C2=C8C(=O)N(C(=O)C2=CC(=C1C(=O)N(C9=O)CCCCCC)C(=O)C)CCCCCC)C(=O)N(C3=O)CCCCCC)C(=O)C,PDI core not found
CCCCCCCCCCCCN1C2=C(C3=C1N=C(S3)C4=CC5=C6C7=C4C(=O)N(C(=O)C7=CC(=C6C(=O)N(C5=O)CCCCCCCCCCCC)C(=O)C)CCCCCCCCCCCC)SC(=N2)C8=CC9=C1C2=C8C(=O)N(C(=O)C2=CC(=C1C(=O)N(C9=O)CCCCCCCCCCCC)C(=O)C)CCCCCCCCCCCC,PDI core not found
CCCCCCCCN1C(=O)C2=C(C(=C3C4=C2C(=C(C(=C4C(=O)N(C3=O)CCCCCCCC)NC5=CC=C(C=C5)C6=C7C=CC(=N7)C(=C8C=CC(=C(C9=NC(=C(C2=CC=C6N2)C2=CC=CC=C2)C=C9)C2=CC=CC=C2)N8)C2=CC=CC=C2)NC2=CC=C(C=C2)C2=C3C=CC(=N3)C(=C3C=CC(=C(C4=NC(=C(C5=CC=C2N5)C2=CC=CC=C2)C=C4)C2=CC=CC=C2)N3)C2=CC=CC=C2)C1=O)NC1=CC=C(C=C1)C1=C2C=CC(=N2)C(=C2C=CC(=C(C3=NC(=C(C4=CC=C1N4)C1=CC=CC=C1)C=C3)C1=CC=CC=C1)N2)C1=CC=CC=C1)NC1=CC=C(C=C1)C1=C2C=CC(=N2)C(=C2C=CC(=C(C3=NC(=C(C4=CC=C1N4)C1=CC=CC=C1)C=C3)C1=CC=CC=C1)N2)C1=CC=CC=C1,PDI core not found
CCCCCCCCN1C(=O)C2=C(C(=C3C4=C2C(=C(C(=C4C(=O)N(C3=O)CCCCCCCC)NC5=CC=CC=C5)NC6=CC=CC=C6)C1=O)NC7=CC=CC=C7)NC8=CC=CC=C8,PDI core not found
CCCCCCCCCCC(CCCCCCCC)CN1C2=C(C=C(C=C2)C=NN3C(=O)C4=C5C(=CC=C6C5=C(C=C4)C(=O)N(C6=O)N=CC7=CC8=C(C=C7)N(C9=CC=CC=C98)CC(CCCCCCCC)CCCCCCCCCC)C3=O)C2=CC=CC=C21,PDI core not found
COCCOCCOCCOC1=CC(=CC(=C1OCCOCCOCCOC)OCCOCCOCCOC)N2C(=O)C3=C4C(=CC=C5C4=C(C=C3)C(=O)N(C5=O)C6=CC(=C(C(=C6)OCCOCCOCCOC)OCCOCCOCCOC)OCCOCCOCCOC)C2=O,PDI core not found
CCCCCCCCCCCCN1C(=O)C2=C3C(=CC=C4C3=C(C=C2)C(=O)N(C4=O)CC(=O)OC)C1=O,PDI core not found
CCCCCCCCCCCCN1C(=O)C2=C3C(=CC=C4C3=C(C=C2)C(=O)N(C4=O)CC(=O)O)C1=O,PDI core not found
CCCCCCCCCCCCN1C(=O)C2=C3C(=CC=C4C3=C(C=C2)C(=O)N(C4=O)CCC(=O)O)C1=O,PDI core not found
CCCCCCCCCCCCN1C(=O)C2=C3C(=CC=C4C3=C(C=C2)C(=O)N(C4=O)CCCCC(=O)O)C1=O,PDI core not found
CCCCCCCCCCC(CCCCCCCC)CN1C(=O)C2=CC(=C3C4=C(C=C(C(=C24)C1=O)C5=CC=CS5)C(=O)N(C3=O)CC(CCCCCCCC)CCCCCCCCCC)C6=CC=CS6,PDI core not found
CCCCCCCCCCC(CCCCCCCC)CN1C(=O)C2=CC(=C3C4=C(C=C(C(=C24)C1=O)C5=CC=C(C=C5)C=O)C(=O)N(C3=O)CC(CCCCCCCC)CCCCCCCCCC)C6=CC=C(C=C6)C=O,PDI core not found
CCN1C(=O)C2=C3C(=CC=C4C3=C(C=C2)C(=O)N(C4=O)CC5CO5)C1=O,PDI core not found
CCN1C(=O)C2=C3C(=CC=C4C3=C(C=C2)C(=O)N(C4=O)CC5CO5)C1=O,PDI core not found
C1=CC=C(C=C1)C2(C3=CC=CC=C3C4=CC=CC=C42)C5=CC=C(C=C5)N6C(=O)C7=C8C(=CC=C9C8=C(C=C7)C(=O)NC9=O)C6=O,PDI core not found
CCCCCCCCCCOC1=CC(=C(C=C1C=CC2=CC=C(C=C2)C3=CC=C4C5=CC=CC6=C5C(=CC=C6)C7=C4C3=CC=C7)OCCCCCCCCCC)C=CC8=CC=C(C=C8)N9C(=O)C1=C2C(=CC=C3C2=C(C=C1)C(=O)N(C3=O)CCCCCCCC)C9=O,PDI core not found
CC1=CN(C(=O)NC1=O)CCCC[N+](C)(C)N2C(=O)C3=C4C(=CC=C5C4=C(C=C3)C(=O)N(C5=O)[N+](C)(C)CCCCN6C=C(C(=O)NC6=O)C)C2=O,PDI core not found
C1CCC(C(C1)[NH3+])N2C(=O)C3=C4C(=CC=C5C4=C(C=C3)C(=O)N(C5=O)C6CCCCC6[NH3+])C2=O,PDI core not found
CN(C)C1CCCCC1N2C(=O)C3=C4C(=CC=C5C4=C(C=C3)C(=O)N(C5=O)C6CCCCC6N(C)C)C2=O,PDI core not found
CC1=C2CCCN3C2=C(CCC3)C(=C1C4=C5C=CC=CC5=C(C6=CC=CC=C64)C7=CC=C(C=C7)C=CC8=CC=C(C=C8)N9C(=O)C1=C2C(=CC=C3C2=C(C=C1)C(=O)N(C3=O)C1=C(C=CC(=C1)C(C)(C)C)C(C)(C)C)C9=O)C,PDI core not found
CC1=C2CCCN3C2=C(CCC3)C(=C1C4=C5C=CC=CC5=C(C6=CC=CC=C64)C7=CC=C(C=C7)C(=C)C8=CC=C(C=C8)N9C(=O)C1=C2C(=CC=C3C2=C(C=C1)C(=O)N(C3=O)C1=C(C=CC(=C1)C(C)(C)C)C(C)(C)C)C9=O)C,PDI core not found
CC1=C2CCCN3C2=C(CCC3)C(=C1C4=C5C=CC=CC5=C(C6=CC=CC=C64)C7=CC=C(C=C7)CC8=CC=C(C=C8)N9C(=O)C1=C2C(=CC=C3C2=C(C=C1)C(=O)N(C3=O)C1=C(C=CC(=C1)C(C)(C)C)C(C)(C)C)C9=O)C,PDI core not found
CC1=C2CCCN3C2=C(CCC3)C(=C1C4=C5C=CC=CC5=C(C6=CC=CC=C64)C7=CC8=C(C=C7)C(=O)C9=C(O8)C=C(C=C9)N1C(=O)C2=C3C(=CC=C4C3=C(C=C2)C(=O)N(C4=O)C2=C(C=CC(=C2)C(C)(C)C)C(C)(C)C)C1=O)C,PDI core not found
C1=CC2=C3C(=CC=C4C3=C1C(=O)N(C4=O)CCCCC(C(=O)O)N)C(=O)N(C2=O)CCCCC(C(=O)O)N,PDI core not found
COC(=O)C(CCCCN1C(=O)C2=C3C(=CC=C4C3=C(C=C2)C(=O)N(C4=O)CCCCC(C(=O)OC)N)C1=O)N,PDI core not found
CC1=C2CCCN3C2=C(CCC3)C(=C1C4=C5C=CC=CC5=C(C6=CC=CC=C64)C7=CC=C(C=C7)C8=CC=C(C=C8)C9=CC=C(C=C9)N1C(=O)C2=C3C(=CC=C4C3=C(C=C2)C(=O)N(C4=O)C2=C(C=CC(=C2)C(C)(C)C)C(C)(C)C)C1=O)C,PDI core not found
CC1=C2CCCN3C2=C(CCC3)C(=C1C4=C5C=CC=CC5=C(C6=CC=CC=C64)C7=CC=C(C=C7)N8C(=O)C9=C1C(=CC=C2C1=C(C=C9)C(=O)N(C2=O)C1=C(C=CC(=C1)C(C)(C)C)C(C)(C)C)C8=O)C,PDI core not found
CC1=C2CCCN3C2=C(CCC3)C(=C1C4=C5C=CC=CC5=C(C6=CC=CC=C64)C7=CC=C(C=C7)C8=CC=C(C=C8)N9C(=O)C1=C2C(=CC=C3C2=C(C=C1)C(=O)N(C3=O)C1=C(C=CC(=C1)C(C)(C)C)C(C)(C)C)C9=O)C,PDI core not found
CCCCC(CC)CN1C(=O)C2=C3C(=CC=C4C3=C(C=C2)C(=O)N(C4=O)N5C=NN=C5)C1=O,PDI core not found
CC(C)(C)C1=CC=C(C=C1)CSC2=C3C4=C5C(=C2)C(=O)N(C(=O)C5=C(C=C4C(=O)N(C3=O)C6=CC=C(C=C6)C(C)(C)C)SCC7=CC=C(C=C7)C(C)(C)C)C8=CC=C(C=C8)C(C)(C)C,PDI core not found
CC(C)(C)C1=CC=C(C=C1)N2C(=O)C3=CC(=C4C5=C3C(=C(C=C5C(=O)N(C4=O)C6=CC=C(C=C6)C(C)(C)C)SC7=CC=C(C=C7)C(C)(C)C)C2=O)SC8=CC=C(C=C8)C(C)(C)C,PDI core not found
CC(C)CCSC1=C2C3=C4C(=C1)C(=O)N(C(=O)C4=C(C=C3C(=O)N(C2=O)C5=CC=C(C=C5)C(C)(C)C)SC6=CC=C(C=C6)C(C)(C)C)C7=CC=C(C=C7)C(C)(C)C,PDI core not found
CC(C)CCSC1=C2C3=C4C(=C1)C(=O)N(C(=O)C4=C(C=C3C(=O)N(C2=O)C5=CC=C(C=C5)C(C)(C)C)SCCC(C)C)C6=CC=C(C=C6)C(C)(C)C,PDI core not found
CN(CCCNC(=O)CCCCCNC(=O)CCCCC1C2C(CS1)NC(=O)N2)CCCN3C(=O)C4=C5C(=CC=C6C5=C(C=C4)C(=O)N(C6=O)CCCN(C)CCCNC(=O)CCCCCNC(=O)CCCCC7C8C(CS7)NC(=O)N8)C3=O,PDI core not found
CC(C)(C)OC(=O)NCCCCC(C(=O)O)N1C(=O)C2=C3C(=CC=C4C3=C(C=C2)C(=O)N(C4=O)C(CCCCNC(=O)OC(C)(C)C)C(=O)O)C1=O,PDI core not found
CCC(C)(C)C1=CC(=C(C=C1)OCC(C)O)N2C(=O)C3=C4C(=CC=C5C4=C(C=C3)C(=O)N(C5=O)C6=C(C=CC(=C6)C(C)(C)CC)OCC(CSC7=CC=C(C=C7)SC8=CC=C(C=C8)S)O)C2=O,PDI core not found
CCC(C)(C)C1=CC(=C(C=C1)OC(=O)C2=CC=CC3=C2C4=CC=CC=C4C3=O)N5C(=O)C6=C7C(=CC=C8C7=C(C=C6)C(=O)N(C8=O)C9=C(C=CC(=C9)C(C)(C)CC)OC(=O)C1=CC=CC2=C1C1=CC=CC=C1C2=O)C5=O,PDI core not found
C#CC1=CC=C(C=C1)N2C(=O)C3=C4C(=CC=C5C4=C(C=C3)C(=O)N(C5=O)C6=CC=C(C=C6)C#C)C2=O,PDI core not found
CCCCCCCCCCN1C(=O)C2=C3C(=CC=C4C3=C(C=C2)C(=O)N(C4=O)CCCOC(=O)C(=C)C)C1=O,PDI core not found
CCCCC(CC)CC1=C2C=C3C(=C(C2=CC=C1)CN4C(=O)C5=C6C(=CC=C7C6=C(C=C5)C(=O)N(C7=O)CC8=C9C=CC=C(C9=CC1=C(C=CC=C18)CC(CC)CCCC)CC(CC)CCCC)C4=O)C=CC=C3CC(CC)CCCC,PDI core not found
C[N+]1=CC=C(C=C1)C2=CC=[N+](C=C2)CCCCCCCCCCN3C(=O)C4=C5C(=CC=C6C5=C(C=C4)C(=O)N(C6=O)CCCCCCCCCC[N+]7=CC=C(C=C7)C8=CC=[N+](C=C8)C)C3=O,PDI core not found
CC1=C(C(=C(C(=C1N=CC2=CC=NC=C2)C)C)N3C(=O)C4=C5C(=CC=C6C5=C(C=C4)C(=O)N(C6=O)C7=C(C(=C(C(=C7C)C)N=CC8=CC=NC=C8)C)C)C3=O)C,PDI core not found
CC1=C(C(=C(C(=C1N=CC2=CC=C(S2)C3=CC=CS3)C)C)N4C(=O)C5=C6C(=CC=C7C6=C(C=C5)C(=O)N(C7=O)C8=C(C(=C(C(=C8C)C)N=CC9=CC=C(S9)C1=CC=CS1)C)C)C4=O)C,PDI core not found
CC1=C(C(=C(C(=C1N=CC2=CC=CS2)C)C)N3C(=O)C4=C5C(=CC=C6C5=C(C=C4)C(=O)N(C6=O)C7=C(C(=C(C(=C7C)C)N=CC8=CC=CS8)C)C)C3=O)C,PDI core not found
CC1=C(C(=C(C(=C1N=CC2=NC3=CC=CC=C3S2)C)C)N4C(=O)C5=C6C(=CC=C7C6=C(C=C5)C(=O)N(C7=O)C8=C(C(=C(C(=C8C)C)N=CC9=NC1=CC=CC=C1S9)C)C)C4=O)C,PDI core not found
C1=CC=C(C=C1)C(=O)NCCCCCCN2C(=O)C3=C4C(=CC=C5C4=C(C=C3)C(=O)N(C5=O)CCCCCCNC(=O)C6=CC=CC=C6)C2=O,PDI core not found
C1=CC=C(C=C1)C(=O)OCCCCCCN2C(=O)C3=C4C(=CC=C5C4=C(C=C3)C(=O)N(C5=O)CCCCCCOC(=O)C6=CC=CC=C6)C2=O,PDI core not found
CCCCCCCCCCCCOC1=CC(=CC(=C1OCCCCCCCCCCCC)OCCCCCCCCCCCC)C(=O)OCCCCCCN2C(=O)C3=C4C(=CC=C5C4=C(C=C3)C(=O)N(C5=O)CCCCCCOC(=O)C6=CC(=C(C(=C6)OCCCCCCCCCCCC)OCCCCCCCCCCCC)OCCCCCCCCCCCC)C2=O,PDI core not found
CCCCCCCCCCCCOC1=CC(=CC(=C1OCCCCCCCCCCCC)OCCCCCCCCCCCC)C(=O)NCCCCCCN2C(=O)C3=C4C(=CC=C5C4=C(C=C3)C(=O)N(C5=O)CCCCCCNC(=O)C6=CC(=C(C(=C6)OCCCCCCCCCCCC)OCCCCCCCCCCCC)OCCCCCCCCCCCC)C2=O,PDI core not found
CCCCCCCCCCC(CCCCCCCC)CN1C(=O)C2=CC(=C3C4=C(C=C(C(=C24)C1=O)C#C)C(=O)N(C3=O)CC(CCCCCCCC)CCCCCCCCCC)C#[C+],PDI core not found
CCCCCCCCCCC(CCCCCCCC)CN1C(=O)C2=CC(=C3C4=C(C=C(C(=C24)C1=O)C#CC5=C6C=CC=C7C6=C(C=C5)C(=O)N(C7=O)CCCCCCCC)C(=O)N(C3=O)CC(CCCCCCCC)CCCCCCCCCC)C#CC8=C9C=CC=C1C9=C(C=C8)C(=O)N(C1=O)CCCCCCCC,PDI core not found
CCCCCCCCN1C(=O)C2=C3C(=C(C(=C4C3=C(C(=C2C#N)C#N)C(=O)N(C4=O)CCCCCCCC)C#N)C#N)C1=O,PDI core not found
CCCCCCCCN1C(=O)C2=C(C(=C3C4=C2C(=C(C(=C4C(=O)N(C3=O)CCCCCCCC)C#N)SC5=CC=C(C=C5)C(C)(C)C)C1=O)SC6=CC=C(C=C6)C(C)(C)C)C#N,PDI core not found
C1C(NC(=O)COC2=CC3=C(C=C2)C=C(C=C3)OCC(=O)NC(CSSCC(N4C(=O)C5=C6C(=CC=C7C6=C(C=C5)C(=O)N(C7=O)C(CSS1)C(=O)O)C4=O)C(=O)O)C(=O)O)C(=O)O,PDI core not found
CN(CCCN1C(=O)C2=C3C(=CC=C4C3=C(C=C2)C(=O)N(C4=O)CCCN(C)CC5C=CC=C5)C1=O)CC6C=CC=C6,PDI core not found
CC1(CC(CC(N1[O-])(C)C)NC(=S)NCCCN(C)CCCN2C(=O)C3=C4C(=CC=C5C4=C(C=C3)C(=O)N(C5=O)CCCN(C)CCCNC(=S)NC6CC([N+](=O)C(C6)(C)C)(C)C)C2=O)C,PDI core not found
CCCCCCCCN1C(=O)C2=C3C(=CC=C4C3=C(C=C2)C(=O)N(C4=O)C5=CC=C(C=C5)C#CC6=C7C=CC(=C(C8=NC(=C(C9=CC=C(N9)C(=C2C=CC6=N2)C2=CC(=CC(=C2)C(C)(C)C)C(C)(C)C)C2=C3C=CC(=N3)C(=C3C=CC(=C(C4=NC(=C(C5=CC=C2N5)C2=CC(=CC(=C2)C(C)(C)C)C(C)(C)C)C=C4)C#CC2=CC=C(C=C2)N2C(=O)C4=C5C(=CC=C6C5=C(C=C4)C(=O)N(C6=O)CCCCCCCC)C2=O)N3)C2=CC(=CC(=C2)C(C)(C)C)C(C)(C)C)C=C8)C2=CC(=CC(=C2)C(C)(C)C)C(C)(C)C)N7)C1=O,PDI core not found
CC(C)(C)C1=CC(=CC(=C1)C2=C3C=CC(=CC4=NC(=C(C5=CC=C(N5)C(=C6C=CC2=N6)N7C(=O)C8=C9C(=CC=C1C9=C(C=C8)C(=O)N(C1=O)C1=C2C=CC(=N2)C(=C2C=CC(=CC5=NC(=C(C6=CC=C1N6)C1=CC(=CC(=C1)C(C)(C)C)C(C)(C)C)C=C5)N2)C1=CC(=CC(=C1)C(C)(C)C)C(C)(C)C)C7=O)C1=CC(=CC(=C1)C(C)(C)C)C(C)(C)C)C=C4)N3)C(C)(C)C,PDI core not found
CCCCCCCCCCCCN1C(=O)C2=C3C(=CC=C4C3=C(C=C2)C(=O)N(C4=O)CCS)C1=O,PDI core not found
C1=CC2=C3C(=CC=C4C3=C1C(=O)N(C4=O)CN5C(=O)C6=C7C(=CC=C8C7=C(C=C6)C(=O)N(C8=O)C(CS)C(=O)O)C5=O)C(=O)N(C2=O)C(CS)C(=O)O,PDI core not found
C1=CC2=C3C(=CC=C4C3=C1C(=O)N(C4=O)CCCCCCCN5C(=O)C6=C7C(=CC=C8C7=C(C=C6)C(=O)N(C8=O)C(CS)C(=O)O)C5=O)C(=O)N(C2=O)C(CS)C(=O)O,PDI core not found
C1CCCCN2C(=O)C3=C4C(=CC=C5C4=C(C=C3)C(=O)N(C5=O)C(CSSCC(N6C(=O)C7=C8C(=CC=C9C8=C(C=C7)C(=O)N(C9=O)CCCC1)C6=O)C(=O)O)C(=O)O)C2=O,PDI core not found
CCCCCCC1=S=C(C=C1)C2=CC=C(S2)C3=CC=C(S3)C4=CC=C(S4)C5=C6C7=C(C=C(C8=C7C(=C5)C(=O)N(C8=O)CC(CC)CCCC)C9=CC=C(S9)C1=CC=C(S1)C1=CC=C(S1)C1=CC=C(S1)CCCCCC)C(=O)N(C6=O)CC(CC)CCCC,PDI core not found
CCCCC(CC)CN1C(=O)C2=CC(=C3C4=C(C=C(C(=C24)C1=O)C5=CC=C(S5)C6=CC=CS6)C(=O)N(C3=O)CC(CC)CCCC)C7=CC=C(S7)C8=CC=CS8,PDI core not found
CCCCC(CC)CN1C(=O)C2=CC(=C3C4=C(C=C(C(=C24)C1=O)C5=CC=C(S5)C6=CC=C(S6)C7=CC=C(S7)C8=CC=CS8)C(=O)N(C3=O)CC(CC)CCCC)C9=CC=C(S9)C1=CC=C(S1)C1=CC=C(S1)C1=S=CC=C1,PDI core not found
CCCCC(CC)CN1C(=O)C2=CC(=C3C4=C(C=C(C(=C24)C1=O)C5=CC=C(S5)C6=CC=C(S6)C7=CC=CS7)C(=O)N(C3=O)CC(CC)CCCC)C8=CC=C(S8)C9=CC=C(S9)C1=S=CC=C1,PDI core not found
CCCCCC1=C2C=CC(=C(C3=NC(=C(C4=CC=C(N4)C(=C5C=CC1=N5)CCCCC)C6=CC=C(C=C6)N7C(=O)C8=CC9=C(C=C8C7=O)C(=O)N(C9=O)C1=C(C=C(C(=C1)C)N1C(=O)C4=C5C(=CC=C6C5=C(C=C4)C(=O)N(C6=O)N4C(=O)C5=CC(=C6C7=C8C(=C(C=C7)N7CCCC7)C=CC=C8C7=C6C5=C(C4=O)C=C7C4=CC=C(C=C4)C(C)(C)C)C4=CC=C(C=C4)C(C)(C)C)C1=O)C)C=C3)CCCCC)N2,PDI core not found
CCCCCCCCN1C(=O)C2=C3C(=CC(=C4C3=C(C=C2)C(=O)N(C4=O)CCCCCCCC)C#N)C1=O,PDI core not found
CCCCCCC1=CC(=C(C=C1C#CC2=CC(=C(C(=C2)C(C)C)N3C(=O)C4=C5C(=CC=C6C5=C(C=C4)C(=O)N(C6=O)C7=C(C=C(C=C7C(C)C)C#CC8=CC(=C(C=C8CCCCCC)C#CC9=CC(=C(C(=C9)C(C)C)[N+]#[C-])C(C)C)CCCCCC)C(C)C)C3=O)C(C)C)CCCCCC)C#CC1=CC(=C(C(=C1)C(C)C)[N+]#[C-])C(C)C,PDI core not found
CCCCCCC1=CC(=C(C=C1C#CC2=CC(=C(C=C2CCCCCC)C#CC3=CC(=C(C(=C3)C(C)C)N4C(=O)C5=C6C(=CC=C7C6=C(C=C5)C(=O)N(C7=O)C8=C(C=C(C=C8C(C)C)C#CC9=C(C=C(C(=C9)CCCCCC)C#CC1=CC(=C(C=C1CCCCCC)C#CC1=CC(=C(C(=C1)C(C)C)[N+]#[C-])C(C)C)CCCCCC)CCCCCC)C(C)C)C4=O)C(C)C)CCCCCC)CCCCCC)C#CC1=CC(=C(C(=C1)C(C)C)[N+]#[C-])C(C)C,PDI core not found
CCCCCCC1=CC(=CC(=C1C#CC2=CC(=C(C(=C2)C(C)C)N3C(=O)C4=C5C(=CC=C6C5=C(C=C4)C(=O)N(C6=O)C7=C(C=C(C=C7C(C)C)C#CC8=C(C=C(C=C8CCCCCC)C#CC9=C(C=C(C(=C9)CCCCCC)C#CC1=CC(=C(C=C1CCCCCC)C#CC1=CC(=C(C(=C1)C(C)C)[N+]#[C-])C(C)C)CCCCCC)CCCCCC)CCCCCC)C(C)C)C3=O)C(C)C)CCCCCC)C#CC1=C(C=C(C(=C1)CCCCCC)C#CC1=CC(=C(C=C1CCCCCC)C#CC1=CC(=C(C(=C1)C(C)C)[N+]#[C-])C(C)C)CCCCCC)CCCCCC,PDI core not found
CCCCCCC1=CC(=CC(=C1C#CC2=C(C=C(C=C2CCCCCC)C#CC3=C(C=C(C(=C3)CCCCCC)C#CC4=CC(=C(C=C4CCCCCC)C#CC5=CC(=C(C(=C5)C(C)C)[N+]#[C-])C(C)C)CCCCCC)CCCCCC)CCCCCC)CCCCCC)C#CC6=CC(=C(C(=C6)C(C)C)N7C(=O)C8=C9C(=CC=C1C9=C(C=C8)C(=O)N(C1=O)C1=C(C=C(C=C1C(C)C)C#CC1=CC(=C(C(=C1)CCCCCC)C#CC1=C(C=C(C=C1CCCCCC)C#CC1=C(C=C(C(=C1)CCCCCC)C#CC1=CC(=C(C=C1CCCCCC)C#CC1=CC(=C(C(=C1)C(C)C)[N+]#[C-])C(C)C)CCCCCC)CCCCCC)CCCCCC)CCCCCC)C(C)C)C7=O)C(C)C,PDI core not found
CCCCCCCCCCC(CCCCCCCC)CN1C(=O)C2=C3C(=CC=C4C3=C(C=C2)C(=O)N(C4=O)CCN(CCN=C(CCCCC(=NCCN(CCN5C(=O)C6=C7C(=CC=C8C7=C(C=C6)C(=O)N(C8=O)CC(CCCCCCCC)CCCCCCCCCC)C5=O)CCN9C(=O)C2=C3C(=CC=C4C3=C(C=C2)C(=O)N(C4=O)CC(CCCCCCCC)CCCCCCCCCC)C9=O)O)O)CCN2C(=O)C3=C4C(=CC=C5C4=C(C=C3)C(=O)N(C5=O)CC(CCCCCCCC)CCCCCCCCCC)C2=O)C1=O,PDI core not found
CCOC1=C2C3=C4C(=C1)C(=O)N(C(=O)C4=C(C=C3C(=O)N(C2=O)C5=CC6=C(C=C5)NC7=CC=CC=C7S6)OCC)C8=CC=C(C=C8)N9C(=O)C1=CC(=C2C3=C(C=C(C(=C13)C9=O)C#N)C(=O)N(C2=O)C)C#N,PDI core not found
CCCCCCNC(=O)C(CCC(=O)O)N1C(=O)C2=C3C(=CC=C4C3=C(C=C2)C(=O)N(C4=O)CC(CC)CCCC)C1=O,PDI core not found
CN(CCN1C(=O)C2=C3C(=CC=C4C3=C(C=C2)C(=O)N(C4=O)CCN(C)C5=CC=CC=C5)C1=O)C6=CC=CC=C6,PDI core not found
CN(CCCN1C(=O)C2=C3C(=CC=C4C3=C(C=C2)C(=O)N(C4=O)CCCN(C)C5=CC=CC=C5)C1=O)C6=CC=CC=C6,PDI core not found
C1=CC=C(C=C1)N(CCN2C(=O)C3=C4C(=CC=C5C4=C(C=C3)C(=O)N(C5=O)CCN(C6=CC=CC=C6)C7=CC=CC=C7)C2=O)C8=CC=CC=C8,PDI core not found
C1=CC=C(C=C1)N(CCCN2C(=O)C3=C4C(=CC=C5C4=C(C=C3)C(=O)N(C5=O)CCCN(C6=CC=CC=C6)C7=CC=CC=C7)C2=O)C8=CC=CC=C8,PDI core not found
CCCCCCCCCCCCC(CCCCCCCCCC)CN1C(=O)C2=C3C(=CC(=C4C3=C(C=C2)C(=O)N(C4=O)CC(CCCCCCCCCC)CCCCCCCCCCCC)C5=CC=CS5)C1=O,PDI core not found
CC(C)(C)OC(=O)NCCN1C(=O)C2=C3C(=CC=C4C3=C(C=C2)C(=O)N(C4=O)CCNC(=O)OC(C)(C)C)C1=O,PDI core not found
CC1=C(NC(=C1CCC(=O)NCCN2C(=O)C3=C4C(=CC=C5C4=C(C=C3)C(=O)N(C5=O)CCNC(=O)CCC6=C(NC(=C6C)C(=O)OC(C)(C)C)C(=O)NC(=NC(=O)OC(C)(C)C)N)C2=O)C(=O)NC(=NC(=O)OC(C)(C)C)N)C(=O)OC(C)(C)C,PDI core not found
CN(C)C1=CC=C(C=C1)CN2C(=O)C3=C4C(=CC=C5C4=C(C=C3)C(=O)N(C5=O)CC6=CC=C(C=C6)N(C)C)C2=O,PDI core not found
CC(=O)SCCCCCN1C(=O)C2=C3C(=CC=C4C3=C(C=C2)C(=O)N(C4=O)C5=CC=C(C=C5)C#C)C1=O,PDI core not found
C1=CC2=C3C(=CC=C4C3=C1C(=O)N(C4=O)CC(C(=O)O)N5C(=O)C6=C7C(=CC=C8C7=C(C=C6)C(=O)N(C8=O)C(CS)C(=O)O)C5=O)C(=O)N(C2=O)CC(C(=O)O)N9C(=O)C1=C2C(=CC=C3C2=C(C=C1)C(=O)N(C3=O)C(CS)C(=O)O)C9=O,PDI core not found
CC(C(=O)O)N1C(=O)C2=C3C(=CC=C4C3=C(C=C2)C(=O)N(C4=O)C(C)C(=O)O)C1=O,PDI core not found
C1=CC=C2C(=C1)C(=CN2)CC(C(=O)O)N3C(=O)C4=C5C(=CC=C6C5=C(C=C4)C(=O)N(C6=O)C(CC7=CNC8=CC=CC=C87)C(=O)O)C3=O,PDI core not found
C1=CC2=C3C(=CC=C4C3=C1C(=O)N(C4=O)CCN)C(=O)N(C2=O)C(CCCCN)C(=O)N,PDI core not found
CN1C(=O)C2=C3C(=CC=C4C3=C(C=C2)C(=O)N(C4=O)C5=C6C=CC=NC6=C7C(=C5)C=CC=N7)C1=O,PDI core not found
CN(C)CCCN1C(=O)C2=C3C(=CC=C4C3=C(C=C2)C(=O)N(C4=O)CCCCC(C(=O)O)N)C1=O,PDI core not found
C1CN(CCN1CCCNC(=O)C2=CC=C(C=C2)C#N)CCCN3C(=O)C4=C5C(=CC=C6C5=C(C=C4)C(=O)N(C6=O)CCCN7CCN(CC7)CCCNC(=O)C8=CC=C(C=C8)C#N)C3=O,PDI core not found
C1=CC2=C3C(=CC=C4C3=C1C(=O)N(C4=O)CCCCCCN5C(=O)C6=C7C(=CC=C8C7=C(C=C6)C(=O)N(C8=O)C(CS)C(=O)O)C5=O)C(=O)N(C2=O)C(CS)C(=O)O,PDI core not found
CC(C)CC(C(=O)OC)NC(=O)C(C)(C)NC(=O)C(CC1=CC=C(C=C1)O)N2C(=O)C3=C4C(=CC=C5C4=C(C=C3)C(=O)N(C5=O)C(CC6=CC=C(C=C6)O)C(=O)NC(C)(C)C(=O)NC(CC(C)C)C(=O)OC)C2=O,PDI core not found
COC(=O)C(CC1=CC=C(C=C1)O)N=C(C(CC2=CC=CC=C2)N=C(C(CC3=CC=CC=C3)N4C(=O)C5=C6C(=CC=C7C6=C(C=C5)C(=O)N(C7=O)C(CC8=CC=CC=C8)C(=NC(CC9=CC=CC=C9)C(=NC(CC1=CC=C(C=C1)O)C(=O)OC)O)O)C4=O)O)O,PDI core not found
CC(C)CCCC(C)C1CCC2C1(CCC3C2CC=C4C3(CCC(C4)OCCN5C(=O)C6=C7C(=CC=C8C7=C(C=C6)C(=O)N(C8=O)CCOC9CCC1(C2CCC3(C(C2CC=C1C9)CCC3C(C)CCCC(C)C)C)C)C5=O)C)C,PDI core not found
CCCCN1C(=O)C2=C3C(=CC=C4C3=C(C=C2)C(=O)N(C4=O)CCCCC(C(=O)N)NC(=O)C(CCCCN)NC(=O)C5=CC=C(S5)C6=CC=C(S6)C7=CC=CS7)C1=O,PDI core not found
CCCCCCCCN1C(=O)C2=C(C(=C3C4=C2C(=C(C(=C4C(=O)N(C3=O)CCCCCCCC)C5=CC6=CC=CC=CC6=C5)C7=CC8=CC=CC=CC8=C7)C1=O)C9=CC1=CC=CC=CC1=C9)C1=CC2=CC=CC=CC2=C1,PDI core not found
C1=CC2=C3C(=CC=C4C3=C1C(=O)N(C4=O)CCCCCCCCCCC(=O)O)C(=O)N(C2=O)CCCCCCCCCCC(=O)O,PDI core not found
COC(=O)C(CC1=CC=CC=C1)NC(=O)CCCCCNC(=O)CCCCCCCCCCN2C(=O)C3=C4C(=CC=C5C4=C(C=C3)C(=O)N(C5=O)CCCCCCCCCCC(=O)NCCCCCC(=O)NC(CC6=CC=CC=C6)C(=O)OC)C2=O,PDI core not found
CNCCCN1C(=O)C2=C3C(=CC=C4C3=C(C=C2)C(=O)N(C4=O)CCCN(C)CC5C6C(C(C(O5)OC7C(OC(C(C7O)O)OC8C(OC(C(C8O)O)OC9C(OC(C(C9O)O)OC2C(OC(C(C2O)O)OC2C(OC(C(C2O)O)OC2C(OC(O6)C(C2O)O)CO)CO)CO)CO)CO)CO)O)O)C1=O,PDI core not found
CN(CCCN1C(=O)C2=C3C(=CC=C4C3=C(C=C2)C(=O)N(C4=O)CCCN(C)CC5C6C(C(C(O5)OC7C(OC(C(C7O)O)OC8C(OC(C(C8O)O)OC9C(OC(C(C9O)O)OC2C(OC(C(C2O)O)OC2C(OC(C(C2O)O)OC2C(OC(O6)C(C2O)O)CO)CO)CO)CO)CO)CO)O)O)C1=O)CC1C2C(C(C(O1)OC1C(OC(C(C1O)O)OC1C(OC(C(C1O)O)OC1C(OC(C(C1O)O)OC1C(OC(C(C1O)O)OC1C(OC(C(C1O)O)OC1C(OC(O2)C(C1O)O)CO)CO)CO)CO)CO)CO)O)O,PDI core not found
C1=CC2=C(C=CC=C2N3C(=O)C4=C5C(=CC=C6C5=C(C=C4)C(=O)N(C6=O)C7=CC=CC8=C7C=CC=C8N)C3=O)C(=C1)N,PDI core not found
C1CC2(CCC13C(=O)NC(=N3)NNC(=O)CCN4C(=O)C5=C6C(=CC=C7C6=C(C=C5)C(=O)N(C7=O)CCN)C4=O)C(=O)NC(=N2)NNC(=O)CCN8C(=O)C9=C1C(=CC=C2C1=C(C=C9)C(=O)N(C2=O)CCN)C8=O,PDI core not found
C1=CC2=C3C(=CC=C4C3=C1C(=O)N(C4=O)CCOCCOCCOCCOC(=O)CCC(=O)O)C(=O)N(C2=O)CCOCCOCCOCCOC(=O)CCC(=O)O,PDI core not found
CC1=CC=C(C=C1)C2=C3C=CC(=C(C4=NC(=C(C5=CC=C(N5)C(=C6C=CC2=N6)C7=CC=C(C=C7)C)C8=CC(=CC=C8)OC(=O)CCC(=O)OCCOCCOCCOCCN9C(=O)C1=C2C(=CC=C5C2=C(C=C1)C(=O)N(C5=O)CCOCCOCCOCCOC(=O)CCC(=O)O)C9=O)C=C4)C1=CC=C(C=C1)C)N3,PDI core not found
CCCCCC(C)N1C(=O)C2=C3C(=CC=C4C3=C(C=C2)C(=O)N(C4=O)C(C)CCCCC)C1=O,PDI core not found
C1=CC2=C3C(=C1)C=CC4=C(C=CC(=C43)C=C2)COCCOCCOCCN5C(=O)C6=C7C(=CC=C8C7=C(C=C6)C(=O)N(C8=O)CCOCCOCCOCC9=C1C=CC2=CC=CC3=C2C1=C(C=C3)C=C9)C5=O,PDI core not found
CCCCC(CC)CN1C(=O)C2=C3C(=CC=C4C3=C(C=C2)C(=O)N(C4=O)CCOCCOCCN5C(=O)C6=C7C(=CC=C8C7=C(C=C6)C(=O)N(C8=O)CC(CC)CCCC)C5=O)C1=O,PDI core not found
CCCCC(CC)CN1C(=O)C2=C3C(=CC=C4C3=C(C=C2)C(=O)N(C4=O)CCOCCOCCN5C(=O)C6=C7C(=CC=C8C7=C(C=C6)C(=O)N(C8=O)CCOCCOCCN9C(=O)C2=C3C(=CC=C4C3=C(C=C2)C(=O)N(C4=O)CC(CC)CCCC)C9=O)C5=O)C1=O,PDI core not found
CCCCC(CC)CN1C(=O)C2=C3C(=CC=C4C3=C(C=C2)C(=O)N(C4=O)CCOCCOCCN)C1=O,PDI core not found
CCCCCCCCN1C(=O)C2=C3C(=CC=C4C3=C(C=C2)C(=O)N(C4=O)C5=CC=C(C=C5)C#C)C1=O,PDI core not found
C1=CC(=CC(=C1)C2=CC(=C(C=C2)N3C(=O)C4=C5C(=CC=C6C5=C(C=C4)C(=O)NC6=O)C3=O)CCCS(=O)(=O)O)CCCS(=O)(=O)O,PDI core not found
C1CN(CCN1CCCNC(=O)CCC2=CN(N=N2)CC3C4C(C(C(O3)OC5C(OC(C(C5O)O)OC6C(OC(C(C6O)O)OC7C(OC(C(C7O)O)OC8C(OC(C(C8O)O)OC9C(OC(C(C9O)O)OC1C(OC(O4)C(C1O)O)CO)CO)CO)CO)CO)CO)O)O)CCCN1C(=O)C2=C3C(=CC=C4C3=C(C=C2)C(=O)N(C4=O)CCCN2CCN(CC2)CCCNC(=O)CCC2=CN(N=N2)CC2C3C(C(C(O2)OC2C(OC(C(C2O)O)OC2C(OC(C(C2O)O)OC2C(OC(C(C2O)O)OC2C(OC(C(C2O)O)OC2C(OC(C(C2O)O)OC2C(OC(O3)C(C2O)O)CO)CO)CO)CO)CO)CO)O)O)C1=O,PDI core not found
CCCN1C(=O)C2=C3C(=CC=C4C3=C(C=C2)C(=O)N(C4=O)CCCC(=O)O)C1=O,PDI core not found
CC(=O)OCC1C(C(C(C(O1)OC2=CC=C(C=C2)N3C(=O)C4=C5C(=CC=C6C5=C(C=C4)C(=O)N(C6=O)C7=CC=C(C=C7)OC8C(C(C(C(O8)COC(=O)C)OC(=O)C)OC(=O)C)OC(=O)C)C3=O)OC(=O)C)OC(=O)C)OC(=O)C,PDI core not found
CCCCN1C(=O)C2=C3C4=C(C=C2)C(=O)N(C(=O)C4=C5C(=C3C1=O)C6CCCC[N+]7=C6N5CCC7)CCCC,PDI core not found
C1CCN2CCCN3C2=C(C1)C4=C5C6=C(C=CC7=C6C(=C43)C(=O)N(C7=O)CCCO)C(=O)N(C5=O)CCCO,PDI core not found
C1=CC(=CC(=C1)NC(=O)C2=NC(=CC=C2)C(=NC3=CC=CC(=C3)NC(=O)C4=CC=C(C=C4)N5C(=O)C6=C7C(=CC=C8C7=C(C=C6)C(=O)N(C8=O)C9=CC=NC=C9)C5=O)O)NC(=O)C1=CC=C(C=C1)N1C(=O)C2=C3C(=CC=C4C3=C(C=C2)C(=O)N(C4=O)C2=CC=NC=C2)C1=O,PDI core not found
CC(CN1C(=O)C2=C3C(=CC=C4C3=C(C=C2)C(=O)N(C4=O)CC(C)OCCOCCOC)C1=O)OCCOCCOC,PDI core not found
C1=CC(=NC(=C1)C=O)COCCOCCN2C(=O)C3=C4C(=CC=C5C4=C(C=C3)C(=O)N(C5=O)CCOCCOCC6=NC(=CC=C6)C=O)C2=O,PDI core not found
CCC(C)(C)C1=CC(=C(C=C1)OCC(=O)C2=CC=CC=C2)N3C(=O)C4=C5C(=CC=C6C5=C(C=C4)C(=O)N(C6=O)C7=C(C=CC(=C7)C(C)(C)CC)OCC(=O)C8=CC=CC=C8)C3=O,PDI core not found
CCC(C)(C)C1=CC(=C(C=C1)OCC(=O)C2=CC=C(C=C2)C3=CC=CC=C3)N4C(=O)C5=C6C(=CC=C7C6=C(C=C5)C(=O)N(C7=O)C8=C(C=CC(=C8)C(C)(C)CC)OCC(=O)C9=CC=C(C=C9)C1=CC=CC=C1)C4=O,PDI core not found
CCCCCCCCCCCCN1C(=O)C2=C3C(=CC=C4C3=C(C=C2)C(=O)N(C4=O)C5=CC=NC=C5)C1=O,PDI core not found
C1=CSC2=C3C4=C5C(=C21)C(=O)NC(=O)C5=C6C(=C4C(=O)NC3=O)C=CS6,PDI core not found
CCCCCCCCN1C(=O)C2=C3C(=CC=C4C3=C(C=C2)C(=O)N(C4=O)C5=C(C=C(C=C5C)C#CC6=CC=C(C=C6)C7=C8C=CC(=N8)C(=C9C=CC(=C(C2=NC(=C(C3=CC=C7N3)C3=C(C=C(C=C3C)C)C)C=C2)C2=CC=C(C=C2)C#CC2=CC(=C(C(=C2)C)C2=C(C=C(C=C2C)N(C2=CC=C(C=C2)OC)C2=CC=C(C=C2)OC)C)C)N9)C2=C(C=C(C=C2C)C)C)C)C1=O,PDI core not found
CCCCCCCCCCCCN1C(=O)C2=C3C(=CC=C4C3=C(C=C2)C(=O)N(C4=O)CC[N+](C)(C)C)C1=O,PDI core not found
CCCCCCCCCCC(CCCCCCCC)CN1C(=O)C2=C3C(=C4C5=C2C(=C6C(=C5C(=O)N(C4=O)CC(CCCCCCCC)CCCCCCCCCC)SC(=C(C#N)C#N)S6)C1=O)SC7=CC=CC=C7S3,PDI core not found
CCCCCCCCCCC(CCCCCCCC)CN1C(=O)C2=C3C(=C4C5=C2C(=C6C(=C5C(=O)N(C4=O)CC(CCCCCCCC)CCCCCCCCCC)SC7=CC=CC=C7S6)C1=O)SC8=CC=CC=C8S3,PDI core not found
CCCCCCCCCCC(CCCCCCCC)CN1C(=O)C2=C3C(=C4C5=C2C(=C6C(=C5C(=O)N(C4=O)CC(CCCCCCCC)CCCCCCCCCC)SC7=CC8=CC=CC=C8C=C7S6)C1=O)SC9=CC1=CC=CC=C1C=C9S3,PDI core not found
CCCCCCCCCCC(CCCCCCCC)CN1C(=O)C2=C3C(=C4C5=C2C(=C6C(=C5C(=O)N(C4=O)CC(CCCCCCCC)CCCCCCCCCC)SC(=C(C#N)C#N)S6)C1=O)SC7=CC8=CC=CC=C8C=C7S3,PDI core not found
CCCCCCNC(=O)C(CCC(=O)O)N1C(=O)C2=CC(=C3C4=C(C=C(C(=C24)C1=O)C#N)C(=O)N(C3=O)CC(CC)CCCC)C#N,PDI core not found
CCCCCCNC(=O)C(CCC(=O)O)N1C(=O)C2=C3C(=CC=C4C3=C(C=C2)C(=O)N(C4=O)CC(CC)CCCC)C1=O,PDI core not found
CCCCC(CC)CN1C(=O)C2=C3C(=CC=C4C3=C(C=C2)C(=O)N(C4=O)C5=CC=CC=C5C(=O)O)C1=O,PDI core not found
C1=CC=C(C=C1)CC(C(=O)O)N2C(=O)C3=C4C(=CC=C5C4=C(C=C3)C(=O)N(C5=O)C(CC6=CC=CC=C6)C(=O)O)C2=O,PDI core not found
CC1=CC(=NC(=C1)CSC(=S)NCCN2C(=O)C3=C4C(=CC=C5C4=C(C=C3)C(=O)N(C5=O)CCNC(=S)SCC6=CC(=CC(=N6)C)C)C2=O)C,PDI core not found
CCCCCCCCN1C(=O)C2=C3C(=CC=C4C3=C(C=C2)C(=O)N(C4=O)C5=CC=C(C=C5)N(C6=CC=C(C=C6)CCCC)C7=CC=C(C=C7)CCCC)C1=O,PDI core not found
C1=CC2=C3C(=CC=C4C3=C1C(=O)N(C4=O)CCOCCOCCOCCN5C(=O)C=CC5=O)C(=O)N(C2=O)CCOCCOCCOCCN6C(=O)C=CC6=O,PDI core not found
CCCCC(CC)CN1C(=O)C2=CC(=C3C4=C2C(=C(C=C4C(=O)N(C3=O)C5=CC=C(C=C5)C=NNC(=O)C[NH+]=C(N)N)OC)C1=O)N(C)C,PDI core not found
CCCCC(CC)CN1C(=O)C2=CC(=C3C4=C2C(=C(C=C4C(=O)N(C3=O)C5=CC=C(C=C5)C=NNC(=O)CN=C(N)N)OC)C1=O)N(C)C,PDI core not found
CCCCC(CC)CN1C(=O)C2=CC(=C3C4=C2C(=C(C=C4C(=O)N(C3=O)C5=CC=C(C=C5)C=NNC(=O)CCC(C(=O)NN=CC6=CC=C(C=C6)N7C(=O)C8=CC(=C9C2=C8C(=C(C=C2C(=O)N(C9=O)CC(CC)CCCC)N(C)C)C7=O)OC)[NH+]=C(N)N)OC)C1=O)N(C)C,PDI core not found
CCCCC(CC)CN1C(=O)C2=CC(=C3C4=C2C(=C(C=C4C(=O)N(C3=O)C5=CC=C(C=C5)C=NNC(=O)CCC(C(=O)NN=CC6=CC=C(C=C6)N7C(=O)C8=CC(=C9C2=C8C(=C(C=C2C(=O)N(C9=O)CC(CC)CCCC)N(C)C)C7=O)OC)N=C(N)N)OC)C1=O)N(C)C,PDI core not found
CCCCCCCCCCCCCCCCCC=NNC(=O)C(CCC(=O)NN=CC1=CC=C(C=C1)N2C(=O)C3=CC(=C4C5=C3C(=C(C=C5C(=O)N(C4=O)CC(CC)CCCC)N(C)C)C2=O)OC)[NH+]=C(N)N,PDI core not found
CCCCCCCCCCCCCCCCCC=NNC(=O)C(CCC(=O)NN=CC1=CC=C(C=C1)N2C(=O)C3=CC(=C4C5=C3C(=C(C=C5C(=O)N(C4=O)CC(CC)CCCC)N(C)C)C2=O)OC)N=C(N)N,PDI core not found
CCCCC(CC)CN1C(=O)C2=CC(=C3C4=C2C(=C(C=C4C(=O)N(C3=O)C5=CC=C(C=C5)C=NN=C(CCC(C(=NC(CCC(=NN=CC6=CC=C(C=C6)N7C(=O)C8=CC(=C9C2=C8C(=C(C=C2C(=O)N(C9=O)CC(CC)CCCC)N(C)C)C7=O)OC)O)C(=NN=CC2=CC=C(C=C2)N2C(=O)C3=CC(=C4C5=C3C(=C(C=C5C(=O)N(C4=O)CC(CC)CCCC)N(C)C)C2=O)OC)O)O)NC(=[NH2+])N)O)OC)C1=O)N(C)C,PDI core not found
CCCCC(CC)CN1C(=O)C2=CC(=C3C4=C2C(=C(C=C4C(=O)N(C3=O)C5=CC=C(C=C5)C=NN=C(CCC(C(=NC(CCC(=NN=CC6=CC=C(C=C6)N7C(=O)C8=CC(=C9C2=C8C(=C(C=C2C(=O)N(C9=O)CC(CC)CCCC)N(C)C)C7=O)OC)O)C(=NN=CC2=CC=C(C=C2)N2C(=O)C3=CC(=C4C5=C3C(=C(C=C5C(=O)N(C4=O)CC(CC)CCCC)N(C)C)C2=O)OC)O)O)NC(=N)N)O)OC)C1=O)N(C)C,PDI core not found
CCCCC(CC)CN1C(=O)C2=CC(=C3C4=C2C(=C(C=C4C(=O)N(C3=O)C5=CC=C(C=C5)C=O)OC)C1=O)N(C)C,PDI core not found
CC1=CC(=C(C=C1N2C(=O)C3=C4C(=CC=C5C4=C(C=C3)C(=O)N(C5=O)C6=C(C=CC(=C6)C(C)(C)C)C(C)(C)C)C2=O)C)N7C(=O)C8=C9C(=CC=C1C9=C(C=C8)C(=O)N(C1=O)C1=CC=C(C=C1)C1=C(C(=C(C(=C1C)C)C1=CC=C2C3=CC=CC4=C3C(=CC=C4)C3=C2C1=CC=C3)C)C)C7=O,PDI core not found
CC1=C(C(=C(C(=C1C2=CC=C(C=C2)N3C(=O)C4=C5C(=CC=C6C5=C(C=C4)C(=O)N(C6=O)C7=C(C=CC(=C7)C(C)(C)C)C(C)(C)C)C3=O)C)C)C8=CC=C9C1=CC=CC2=C1C(=CC=C2)C1=C9C8=CC=C1)C,PDI core not found
CCCCCCCCOC1=CC(=CC(=C1OCCCCCCCC)OCCCCCCCC)C(=O)NCCN2C(=O)C3=C4C(=CC=C5C4=C(C=C3)C(=O)N(C5=O)C6=CC(=C(C(=C6)OCCCCCCCC)OCCCCCCCC)OCCCCCCCC)C2=O,PDI core not found
CC(C)(C)C1=CC=C(C=C1)C(C2=CC=C(C=C2)C(C)(C)C)(C3=CC=C(C=C3)C(C)(C)C)C4=CC=C(C=C4)OCCN5C=C(N=N5)CN6C(=O)C7=C8C(=CC=C9C8=C(C=C7)C(=O)N(C9=O)CC1=CN(N=N1)CCOC1=CC=C(C=C1)C(C1=CC=C(C=C1)C(C)(C)C)(C1=CC=C(C=C1)C(C)(C)C)C1=CC=C(C=C1)C(C)(C)C)C6=O,PDI core not found
C1CN2C(=O)C3=C4C(=CC=C5C4=C(C=C3)C(=O)N(C5=O)CCCOC(OCCCN6C(=O)C7=C8C(=CC=C9C8=C(C=C7)C(=O)N(C9=O)CCCOC(OC1)C1=CC=C(C=C1)OCCOCCOCCOCCO)C6=O)C1=CC=C(C=C1)OCCOCCOCCOCCO)C2=O,PDI core not found
C1COC(OCCN2C(=O)C3=C4C(=CC=C5C4=C(C=C3)C(=O)N(C5=O)CCOC(OCCN6C(=O)C7=C8C(=CC=C9C8=C(C=C7)C(=O)N1C9=O)C6=O)C1=CC=C(C=C1)OCCOCCOCCOCCO)C2=O)C1=CC=C(C=C1)OCCOCCOCCOCCO,PDI core not found
CC(=NC(CC(=O)O)C(=NCCCOC1=CC=CC2=C1C=CC=C2OCCCC(=NC(CC(=O)O)C(=NCCCOC3=CC=CC4=C3C=CC=C4OCCCC(=NC(CC(=O)O)C(=NCCN5C(=O)C6=C7C(=CC=C8C7=C(C=C6)C(=O)N(C8=O)CCC(=NCC(=O)O)O)C5=O)O)O)O)O)O)O,PDI core not found
CC(=NC(CC(=O)O)C(=O)CCCCOC1=CC=CC2=C1C=CC=C2OCCCC(=NC(CC(=O)O)C(=NCCN3C(=O)C4=C5C(=CC=C6C5=C(C=C4)C(=O)N(C6=O)CCCC(=NC(CC(=O)O)C(=NCCOC7=CC=CC8=C7C=CC=C8OCCCC(=NCC(=O)O)O)O)O)C3=O)O)O)O,PDI core not found
C1=CC2=C(C=CC=C2OCCCN=C(COC3=CC=CC4=C3C=CC=C4OCCCN=C(C(CC(=O)O)N=C(CCC(=O)O)O)O)O)C(=C1)OCCCC(=NC(CC(=O)O)C(=NCCN5C(=O)C6=C7C(=CC=C8C7=C(C=C6)C(=O)N(C8=O)CCC(=NC(CC(=O)O)C(=O)O)O)C5=O)O)O,PDI core not found
CC(=O)NC(CC(=O)O)C(=O)NCCCOC1=CC=CC2=C1C=CC=C2OCCCC(=O)NC(CC(=O)O)C(=O)NCCN3C(=O)C4=C5C(=CC=C6C5=C(C=C4)C(=O)N(C6=O)CCC(=O)NC(CC(=O)O)C(=O)O)C3=O,PDI core not found
CCCCCCCCN1C(=O)C2=C3C(=CC=C4C3=C(C=C2)C(=O)N(C4=O)N5C(=O)C6=C7C(=C(C=C6)N8CCN(CC8)C9=CC=CC=C9)C=CC=C7C5=O)C1=O,PDI core not found
CCCCCCCCN1C(=O)C2=C3C(=CC=C4C3=C(C=C2)C(=O)N(C4=O)N5C(=O)C6=C7C(=C(C=C6)N8CCN(CC8)C9=CC=CC2=CC=CC=C29)C=CC=C7C5=O)C1=O,PDI core not found
CCCCCCCCN1C(=O)C2=C3C(=CC=C4C3=C(C=C2)C(=O)N(C4=O)N5C(=O)C6=C7C(=C(C=C6)N8CCN(CC8)C9=C2C=CC=CC2=CC2=CC=CC=C29)C=CC=C7C5=O)C1=O,PDI core not found
CCCCC(CC)CN1C(=O)C2=C3C(=CC=C4C3=C(C=C2)C(=O)N(C4=O)C5=CC=CC=C5)C1=O,PDI core not found
CCCCCCCCN1C(=O)C2=C3C(=CC=C4C3=C(C=C2)C(=O)N(C4=O)CC5=CC=C(C=C5)C6=NC(=CC(=C6)C7=CC=C(C=C7)OCCOCCOCCOC)C8=NC(=CC=C8)C9=CC(=CC(=N9)C2=CC=C(C=C2)CN2C(=O)C3=C4C(=CC=C5C4=C(C=C3)C(=O)N(C5=O)CCCCCCCC)C2=O)C2=CC=C(C=C2)OCCOCCOCCOC)C1=O,PDI core not found
C1CCCCCCN2C(=O)C3=C4C(=CC=C5C4=C(C=C3)C(=O)N(C5=O)CCCCCCCCCCCCN6C(=O)C7=C8C(=CC=C9C8=C(C=C7)C(=O)N(C9=O)CCCCC1)C6=O)C2=O,PDI core not found
C1COCCOCCOCCN2C(=O)C3=C4C(=CC=C5C4=C(C=C3)C(=O)N(C5=O)CCOCCOCCOCCN6C(=O)C7=C8C(=CC=C9C8=C(C=C7)C(=O)N1C9=O)C6=O)C2=O,PDI core not found
CN1C=CC(=C(C=C(C2=CC=[N+](C=C2)C)N3C(=O)C4=C5C(=CC=C6C5=C(C=C4)C(=O)N(C6=O)CC7=CC=NC=C7)C3=O)N8C(=O)C9=C2C(=CC=C3C2=C(C=C9)C(=O)N(C3=O)CC2=CC=NC=C2)C8=O)C=C1,PDI core not found
CC(C)(C)OC(=O)NCCCCC(C(=O)OC)N1C(=O)C2=C3C(=CC=C4C3=C(C=C2)C(=O)N(C4=O)C(CCCCNC(=O)OC(C)(C)C)C(=O)OC)C1=O,PDI core not found
CCCCCCC1=C2C(=C(S1)C3=C4C(=C(S3)C5=CC=C(C=C5)N6C(=O)C7=C8C(=CC=C9C8=C(C=C7)C(=O)N(C9=O)CC(CC)CCCC)C6=O)OCCO4)OCCO2,PDI core not found
CCCCCCC1=C2C(=C(S1)C3=C4C(=C(S3)C5=CC=C(C=C5)N6C(=O)C7=C8C(=CC=C9C8=C(C=C7)C(=O)N(C9=O)CCCCCCS)C6=O)OCCO4)OCCO2,PDI core not found
CCCCC(CC)CN1C(=O)C2=C3C(=CC=C4C3=C(C=C2)C(=O)N(C4=O)C5=CC=C(C=C5)C6=C7C(=C(S6)C8=C9C(=C(S8)CCCCCCS)OCCO9)OCCO7)C1=O,PDI core not found
CCCCC(CC)CN1C(=O)C2=C3C(=CC=C4C3=C(C=C2)C(=O)N(C4=O)C5=CC=C(C=C5)C6=C7C(=CS6)OCCO7)C1=O,PDI core not found
CCCCCCC1=C2C(=C(S1)C3=C4C(=C(S3)C5=CC=C(C=C5)N6C(=O)C7=C8C(=CC=C9C8=C(C=C7)C(=O)N(C9=O)CCCCCCSC(C)(C)C)C6=O)OCCO4)OCCO2,PDI core not found
CCCCC(CC)CN1C(=O)C2=C3C(=CC=C4C3=C(C=C2)C(=O)N(C4=O)C5=CC=C(C=C5)C6=C7C(=C(S6)C8=C9C(=C(S8)CCCCCCSC(=O)C)OCCO9)OCCO7)C1=O,PDI core not found
CCCCC(CC)CN1C(=O)C2=C3C(=CC=C4C3=C(C=C2)C(=O)N(C4=O)C5=CC=C(C=C5)C6=C7C(=C(S6)C8=C9C(=C(S8)CCCCCCSC(C)(C)C)OCCO9)OCCO7)C1=O,PDI core not found
CCCCCCC1=C2C(=C(S1)C3=C4C(=C(S3)C5=CC=C(C=C5)N6C(=O)C7=C8C(=CC=C9C8=C(C=C7)C(=O)N(C9=O)CCCCCCSC(=O)C)C6=O)OCCO4)OCCO2,PDI core not found
CCCCCC(C)N1C(=O)C2=C3C(=CC=C4C3=C(C=C2)C(=O)N(C4=O)C5=CC=C(C=C5)N6C=C(N=N6)C7=CC(=NC=C7)C8=CC=CC=N8)C1=O,PDI core not found
C1CSSC1CCCCCCC(=O)NCCCN2CCN(CC2)CCCN3C(=O)C4=C5C(=CC=C6C5=C(C=C4)C(=O)N(C6=O)CCCN7CCN(CC7)CCCNC(=O)CCCCCCC8CCSS8)C3=O,PDI core not found
CN(C)CCCN1C(=O)C2=C3C(=CC=C4C3=C(C=C2)C(=O)N(C4=O)CCCN5CCN(CC5)CCCNC(=O)C(CS)N)C1=O,PDI core not found
CCCN1C(=O)C2=C3C(=CC=C4C3=C(C=C2)C(=O)N(C4=O)CCOC(=O)CCCC(=O)OCC5COC6=CSC=C6O5)C1=O,PDI core not found
CC1=C(C(=CC=C1)C)N2C(=O)C3=CC(=C4C5=C(C=C(C(=C35)C2=O)C#N)C(=O)N(C4=O)C6=C(C=CC=C6C)C)C#N,PDI core not found
CCCCCCCCN1C(=O)C2=C3C(=CC=C4C3=C(C=C2)C(=O)N(C4=O)C5=CC(=C(C=C5C)N6C(=O)C7=C8C(=C(C=C7)N9CCN(CC9)C2=CC3=C(C=C2)OCCO3)C=CC=C8C6=O)C)C1=O,PDI core not found
CC1=CC(=C(C=C1N2C(=O)C3=C4C(=CC=C5C4=C(C=C3)C(=O)N(C5=O)C6=C(C=CC(=C6)C(C)(C)C)C(C)(C)C)C2=O)C)N7C(=O)C8=C9C(=C(C=C8)N1CCN(CC1)C1=CC=C(C=C1)C1=C2C(=CC3=C1OC(O3)(C)C)OC(O2)(C)C)C=CC=C9C7=O,PDI core not found
CC1=CC(=C(C=C1N2C(=O)C3=C4C(=CC=C5C4=C(C=C3)C(=O)N(C5=O)C6=C(C=CC(=C6)C(C)(C)C)C(C)(C)C)C2=O)C)N7C(=O)C8=C9C(=C(C=C8)N1CCN(CC1)C1=CC=C(C=C1)OC)C=CC=C9C7=O,PDI core not found
C1CCC(CC1)NC2=C3C4=C5C(=C2)C(=O)N(C(=O)C5=C(C=C4C(=O)N(C3=O)C6=CC=C(C=C6)C7=CC=CS7)NC8CCCCC8)C9=CC=C(C=C9)C1=CC=CS1,PDI core not found
CCCCCCC1=C(SC=C1)C2=CC=C(C=C2)N3C(=O)C4=CC(=C5C6=C4C(=C(C=C6C(=O)N(C5=O)C7=CC=C(C=C7)C8=C(C=CS8)CCCCCC)NC9CCCCC9)C3=O)NC1CCCCC1,PDI core not found
CCCCCCC1=C(SC=C1)C2=CC=C(C=C2)N3C(=O)C4=CC(=C5C6=C4C(=C(C=C6C(=O)N(C5=O)C7=CC=C(C=C7)C8=C(C=CS8)CCCCCC)NCC(CC)CCCC)C3=O)NCC(CC)CCCC,PDI core not found
CCCCC(CC)CNC1=C2C3=C4C(=C1)C(=O)N(C(=O)C4=C(C=C3C(=O)N(C2=O)C5=CC=C(C=C5)C6=CC=CS6)NCC(CC)CCCC)C7=CC=C(C=C7)C8=CC=CS8,PDI core not found
CCCCCCCCC1=C(C2=C3C(=C(C(=C4C3=C1C(=O)N(C4=O)CC(CC)CCCC)CCCCCCCC)CCCCCCCC)C(=O)N(C2=O)CC(CC)CCCC)CCCCCCCC,PDI core not found
CCCCCCCCCCC(CCCCCCCC)CN1C(=O)C2=C3C(=C4C5=C2C(=C6C(=C5C(=O)N(C4=O)CC(CCCCCCCC)CCCCCCCCCC)SC7=C(S6)SC(=S)S7)C1=O)SC(=N3)C8=CC=CC=C8,PDI core not found
CCCCCCCCCCC(CCCCCCCC)CN1C(=O)C2=C3C(=C4C5=C2C(=C6C(=C5C(=O)N(C4=O)CC(CCCCCCCC)CCCCCCCCCC)SC7=C(S6)SC(=S)S7)C1=O)SC(=N3)C8=CC=CS8,PDI core not found
CCCCCCCCCCC(CCCCCCCC)CN1C(=O)C2=C3C(=C4C5=C2C(=C6C(=C5C(=O)N(C4=O)CC(CCCCCCCC)CCCCCCCCCC)SC(=C(C#N)C#N)S6)C1=O)SC(=N3)C7=CC=CS7,PDI core not found
CCCCCCCCCCC(CCCCCCCC)CN1C(=O)C2=C3C(=C4C5=C2C(=C6C(=C5C(=O)N(C4=O)CC(CCCCCCCC)CCCCCCCCCC)SC(=C(C#N)C#N)S6)C1=O)SC(=N3)C7=CC=CC=C7,PDI core not found
C1=CC(=CC=C1C2=CC=C(C=C2)N3C(=O)C4=C5C(=CC=C6C5=C(C=C4)C(=O)N(C6=O)C7=CC=C(C=C7)C8=CC=C(C=C8)N)C3=O)N,PDI core not found
C1=CC=NC(=C1)C=NC2=CC=C(C=C2)C3=CC=C(C=C3)N4C(=O)C5=C6C(=CC=C7C6=C(C=C5)C(=O)N(C7=O)C8=CC=C(C=C8)C9=CC=C(C=C9)N=CC1=CC=CC=N1)C4=O,PDI core not found
CCCCC(CC)CN1C(=O)C2=C3C(=CC(=C4C3=C(C=C2)C(=O)N(C4=O)CC(CC)CCCC)C5=CC6=C(C=C5)N(C(=CC7=C(C(=CC8=[N+](C9=C(C8(C)C)C=C(C=C9)C2=C3C4=C(C=CC5=C4C(=C2)C(=O)N(C5=O)CC(CC)CCCC)C(=O)N(C3=O)CC(CC)CCCC)CCC(C)CCCC(C)C)C7=O)[O-])C6(C)C)CCC(C)CCCC(C)C)C1=O,PDI core not found
CCCCC(CC)CN1C(=O)C2=C3C(=CC(=C4C3=C(C=C2)C(=O)N(C4=O)CC(CC)CCCC)C5=CC6=C(C=C5)N(C(=CC7=C(C(=CC8=[N+](C9=C(C8(C)C)C=C(C=C9)C2=C3C4=C(C=CC5=C4C(=C2)C(=O)N(C5=O)CC(CC)CCCC)C(=O)N(C3=O)CC(CC)CCCC)CCC(C)CCCC(C)C)C7=O)O)C6(C)C)CCC(C)CCCC(C)C)C1=O,PDI core not found
CN1C(=C[N+](=N1)CCCCCCCCCCON2C(=O)C3=C4C(=CC=C5C4=C(C=C3)C(=O)N(C5=O)OCCCCCCCCCC[N+]6=NN(C(=C6)COC7C(C(C(C(O7)CO)O)O)O)C)C2=O)COC8C(C(C(C(O8)CO)O)O)O,PDI core not found
C1CCCCN2C(=O)C3=C4C(=CC=C5C4=C(C=C3)C(=O)N(C5=O)C(CSSCC(N6C(=O)C7=C8C(=CC=C9C8=C(C=C7)C(=O)N(C9=O)CCCC1)C6=O)C(=O)[O-])C(=O)[O-])C2=O,PDI core not found
C1C(N=C(CN2C(=O)C3=C4C(=CC=C5C4=C(C=C3)C(=O)N(C5=O)C(CSSCC(N=C(CN6C(=O)C7=C8C(=CC=C9C8=C(C=C7)C(=O)N(C9=O)CC(=NC(CSS1)C(=O)[O-])[O-])C6=O)[O-])C(=O)O)C(=O)O)C2=O)[O-])C(=O)O,PDI core not found
C1C(NC(=O)CN2C(=O)C3=C4C(=CC=C5C4=C(C=C3)C(=O)N(C5=O)CC(=O)NC(CSSCC(N6C(=O)C7=C8C(=CC=C9C8=C(C=C7)C(=O)N(C9=O)CC(=O)NC(CSS1)C(=O)O)C6=O)C(=O)O)C(=O)O)C2=O)C(=O)O,PDI core not found
C1CCCN2C(=O)C3=C4C(=CC=C5C4=C(C=C3)C(=O)N(C5=O)C(CSSCC(N6C(=O)C7=C8C(=CC=C9C8=C(C=C7)C(=O)N(C9=O)CCC1)C6=O)C(=O)[O-])C(=O)[O-])C2=O,PDI core not found
C1CCCN2C(=O)C3=C4C(=CC=C5C4=C(C=C3)C(=O)N(C5=O)C(CSSCC(N6C(=O)C7=C8C(=CC=C9C8=C(C=C7)C(=O)N(C9=O)CCC1)C6=O)C(=O)O)C(=O)O)C2=O,PDI core not found
C1C(N=C(COC2=CC3=C(C=C2)C=C(C=C3)OCC(=NC(CSSCC(N4C(=O)C5=C6C(=CC=C7C6=C(C=C5)C(=O)N(C7=O)C(CSS1)C(=O)O)C4=O)C(=O)O)C(=O)[O-])[O-])[O-])C(=O)[O-],PDI core not found
C1CC(=NC(CSSCC(N2C(=O)C3=C4C(=CC=C5C4=C(C=C3)C(=O)N(C5=O)C(CSSCC(N=C(CCCOC6=CC=CC7=C6C(=CC=C7)OC1)[O-])C(=O)[O-])C(=O)O)C2=O)C(=O)O)C(=O)[O-])[O-],PDI core not found
C1CC(=O)NC(CSSCC(N2C(=O)C3=C4C(=CC=C5C4=C(C=C3)C(=O)N(C5=O)C(CSSCC(NC(=O)CCCOC6=CC=CC7=C6C(=CC=C7)OC1)C(=O)O)C(=O)O)C2=O)C(=O)O)C(=O)O,PDI core not found
C1CC(=NC(CSSCC(N2C(=O)C3=C4C(=CC=C5C4=C(C=C3)C(=O)N(C5=O)C(CSSCC(N=C(CCCOC6=CC7=C(C=C6)C=C(C=C7)OC1)[O-])C(=O)[O-])C(=O)O)C2=O)C(=O)O)C(=O)[O-])[O-],PDI core not found
CCOC1=C2C3=C4C(=C1)C(=O)N(C(=O)C4=C(C=C3C(=O)N(C2=O)C5=CC=C(C=C5)N6C(=O)C7=CC(=C8C9=C7C(=C(C=C9C(=O)N(C8=O)CC1=CC=CC=C1)OCC)C6=O)OCC)OCC)CC1=CC=CC=C1,PDI core not found
CCOC1=C2C3=C4C(=C1)C(=O)N(C(=O)C4=C(C=C3C(=O)N(C2=O)C5=CC=C(C=C5)C(C)(C)C)OCC)CC6=CC=CC=C6,PDI core not found
CCOC1=C2C3=C4C(=C1)C(=O)N(C(=O)C4=C(C=C3C(=O)N(C2=O)C5=CC=NC=C5)OCC)C6=CC=C(C=C6)C(C)(C)C,PDI core not found
CCOC1=C2C3=C4C(=C1)C(=O)N(C(=O)C4=C(C=C3C(=O)N(C2=O)C5=CC=C(C=C5)C(C)(C)C)OCC)CCCCC(C(=O)OC)NC(=O)C,PDI core not found
CCCCCCCCCCCCOC1=CC(=CC(=C1)C(=O)OCCCCCCNC2=C3C4=C5C(=C2)C(=O)N(C(=O)C5=C(C=C4C(=O)N(C3=O)C6=C(C=CC=C6C(C)C)C(C)C)NCCCCCCOC(=O)CCC7C(C8=NC7=C9CC(=O)C1=C9NC(=C1C)C=C1C(=C(C(=N1)C=C1C(=C(C(=C8)N1)C)CO)C)CC)C)C1=C(C=CC=C1C(C)C)C(C)C)OCCCCCCCCCCCC,PDI core not found
CCOC(=O)CCC(=O)OCCOCCOCCOCCN1C(=O)C2=C3C(=CC=C4C3=C(C=C2)C(=O)N(C4=O)CCOCCOCCOCCOC(=O)CCC(=O)NC5=CC=C(C=C5)C6=C7C=CC(=C(C8=NC(=C(C9=CC=C(N9)C(=C2C=CC6=N2)C2=CC(=CC(=C2)C(C)(C)C)C(C)(C)C)C2=CC(=CC(=C2)C(C)(C)C)C(C)(C)C)C=C8)C2=CC(=CC(=C2)C(C)(C)C)C(C)(C)C)N7)C1=O,PDI core not found
CCOC(=O)CCC(=O)OCCOCCOCCOCCN1C(=O)C2=C3C(=CC=C4C3=C(C=C2)C(=O)N(C4=O)CCOCCOCCOCCOC(=O)CCC(=O)OC5=CC=CC(=C5)C6=C7C=CC(=C(C8=NC(=C(C9=CC=C(N9)C(=C2C=CC6=N2)C2=CC(=CC(=C2)C(C)(C)C)C(C)(C)C)C2=CC(=CC(=C2)C(C)(C)C)C(C)(C)C)C=C8)C2=CC(=CC(=C2)C(C)(C)C)C(C)(C)C)N7)C1=O,PDI core not found
CC(C)(C)C1=CC(=CC(=C1)C2=C3C=CC(=C(C4=NC(=C(C5=CC=C(N5)C(=C6C=CC2=N6)C7=CC(=CC(=C7)C(C)(C)C)C(C)(C)C)C8=CC(=CC(=C8)C(C)(C)C)C(C)(C)C)C=C4)C9=CC=C(C=C9)NC(=O)CCC(=O)OCCOCCOCCOCCN1C(=O)C2=C4C(=CC=C5C4=C(C=C2)C(=O)N(C5=O)CCOCCOCCOCCOC(=O)CCC(=O)NC2=CC=C(C=C2)C2=C4C=CC(=C(C5=NC(=C(C6=CC=C(N6)C(=C6C=CC2=N6)C2=CC(=CC(=C2)C(C)(C)C)C(C)(C)C)C2=CC(=CC(=C2)C(C)(C)C)C(C)(C)C)C=C5)C2=CC(=CC(=C2)C(C)(C)C)C(C)(C)C)N4)C1=O)N3)C(C)(C)C,PDI core not found
CC(C)(C)C1=CC(=CC(=C1)C2=C3C=CC(=C(C4=NC(=C(C5=CC=C(N5)C(=C6C=CC2=N6)C7=CC(=CC(=C7)C(C)(C)C)C(C)(C)C)C8=CC(=CC(=C8)C(C)(C)C)C(C)(C)C)C=C4)C9=CC(=CC=C9)OC(=O)CCC(=O)OCCOCCOCCOCCN1C(=O)C2=C4C(=CC=C5C4=C(C=C2)C(=O)N(C5=O)CCOCCOCCOCCOC(=O)CCC(=O)OC2=CC=CC(=C2)C2=C4C=CC(=C(C5=NC(=C(C6=CC=C(N6)C(=C6C=CC2=N6)C2=CC(=CC(=C2)C(C)(C)C)C(C)(C)C)C2=CC(=CC(=C2)C(C)(C)C)C(C)(C)C)C=C5)C2=CC(=CC(=C2)C(C)(C)C)C(C)(C)C)N4)C1=O)N3)C(C)(C)C,PDI core not found
CCOC(=O)CCC(=O)OCCOCCN1C(=O)C2=C3C(=CC=C4C3=C(C=C2)C(=O)N(C4=O)CCOCCOC(=O)CCC(=O)OC5=CC=CC(=C5)C6=C7C=CC(=C(C8=NC(=C(C9=CC=C(N9)C(=C2C=CC6=N2)C2=CC(=CC(=C2)C(C)(C)C)C(C)(C)C)C2=CC(=CC(=C2)C(C)(C)C)C(C)(C)C)C=C8)C2=CC(=CC(=C2)C(C)(C)C)C(C)(C)C)N7)C1=O,PDI core not found
CC(C)(C)C1=CC(=CC(=C1)C2=C3C=CC(=C(C4=NC(=C(C5=CC=C(N5)C(=C6C=CC2=N6)C7=CC(=CC(=C7)C(C)(C)C)C(C)(C)C)C8=CC(=CC(=C8)C(C)(C)C)C(C)(C)C)C=C4)C9=CC=C(C=C9)NCC1=CC=C(C=C1)C(=O)OCCOCCOCCOCCN1C(=O)C2=C4C(=CC=C5C4=C(C=C2)C(=O)N(C5=O)CCOCCOCCOCCOC(=O)C2=CC=C(C=C2)CNC2=CC=C(C=C2)C2=C4C=CC(=C(C5=NC(=C(C6=CC=C(N6)C(=C6C=CC2=N6)C2=CC(=CC(=C2)C(C)(C)C)C(C)(C)C)C2=CC(=CC(=C2)C(C)(C)C)C(C)(C)C)C=C5)C2=CC(=CC(=C2)C(C)(C)C)C(C)(C)C)N4)C1=O)N3)C(C)(C)C,PDI core not found
CC1=CC=C(C=C1)NC(=O)CCC(=O)OCCOCCOCCOCCN2C(=O)C3=C4C(=CC=C5C4=C(C=C3)C(=O)N(C5=O)CCOCCOCCOCCOC(=O)CCC(=O)NC6=CC=C(C=C6)C)C2=O,PDI core not found
C1=CC(=C(C=C1[N+](=O)[O-])[N+](=O)[O-])OC(=O)CCC(=O)OCCOCCOCCOCCN2C(=O)C3=C4C(=CC=C5C4=C(C=C3)C(=O)N(C5=O)CCOCCOCCOCCOC(=O)CCC(=O)OC6=C(C=C(C=C6)[N+](=O)[O-])[N+](=O)[O-])C2=O,PDI core not found
CC(C)(C)C1=CC(=CC(=C1)C2=C3C=CC(=C(C4=NC(=C(C5=CC=C(N5)C(=C6C=CC2=N6)C7=CC(=CC(=C7)C(C)(C)C)C(C)(C)C)C8=CC(=CC(=C8)C(C)(C)C)C(C)(C)C)C=C4)C9=CC(=CC=C9)OC(=O)CCC(=O)OCCOCCN1C(=O)C2=C4C(=CC=C5C4=C(C=C2)C(=O)N(C5=O)CCOCCOC(=O)CCC(=O)OC2=CC=CC(=C2)C2=C4C=CC(=C(C5=NC(=C(C6=CC=C(N6)C(=C6C=CC2=N6)C2=CC(=CC(=C2)C(C)(C)C)C(C)(C)C)C2=CC(=CC(=C2)C(C)(C)C)C(C)(C)C)C=C5)C2=CC(=CC(=C2)C(C)(C)C)C(C)(C)C)N4)C1=O)N3)C(C)(C)C,PDI core not found
C1=CC(=C(C=C1C(=O)O)N2C(=O)C3=C4C(=CC=C5C4=C(C=C3)C(=O)N(C5=O)C6=C(C=CC(=C6)C(=O)O)O)C2=O)O,PDI core not found
C1=CC(=C(C=C1O)C(=O)O)N2C(=O)C3=C4C(=CC=C5C4=C(C=C3)C(=O)N(C5=O)C6=C(C=C(C=C6)O)C(=O)O)C2=O,PDI core not found
C1=CC(=C(C=C1C(=O)O)O)N2C(=O)C3=C4C(=CC=C5C4=C(C=C3)C(=O)N(C5=O)C6=C(C=C(C=C6)C(=O)O)O)C2=O,PDI core not found
CCCCCCN1C(=O)C2=CC(=C3C4=C(C=C(C(=C24)C1=O)C5=CC=C(S5)C6=CC=C(S6)C)C(=O)N(C3=O)CCCCCC)C7=CC=C(S7)C8=CC=C(S8)C,PDI core not found
C1=CC(=CC=C1N2C(=O)C3=C4C(=CC=C5C4=C(C=C3)C(=O)N(C5=O)C6=CC=C(C=C6)OCCCCCO)C2=O)OCCCCCO,PDI core not found
CC1(OCC(O1)CN2C(=O)C3=C4C(=CC=C5C4=C(C=C3)C(=O)N(C5=O)CC6COC(O6)(C)C)C2=O)C,PDI core not found
C1C(O1)CN2C(=O)C3=C4C(=CC=C5C4=C(C=C3)C(=O)N(C5=O)CC6CO6)C2=O,PDI core not found
CC(C)CCCC(C)CCC1=CC(=CC(=C1CCC(C)CCCC(C)C)CCC(C)CCCC(C)C)C(=O)NCCN2C(=O)C3=C4C(=CC=C5C4=C(C=C3)C(=O)N(C5=O)CCNC(=O)C6=CC(=C(C(=C6)CCC(C)CCCC(C)C)CCC(C)CCCC(C)C)CCC(C)CCCC(C)C)C2=O,PDI core not found
CCCCCCCCCCCCOC1=CC(=CC(=C1OCCCCCCCCCCCC)OCCCCCCCCCCCC)C(=O)NCCN2C(=O)C3=C4C(=CC=C5C4=C(C=C3)C(=O)N(C5=O)CCNC(=O)C6=CC(=C(C(=C6)OCCCCCCCCCCCC)OCCCCCCCCCCCC)OCCCCCCCCCCCC)C2=O,PDI core not found
C1CSSC1CCCCC(=O)NCCCCC(C(=O)NN=CC2=CC=CC=C2)N3C(=O)C4=C5C(=CC=C6C5=C(C=C4)C(=O)N(C6=O)C(CCCCNC(=O)CCCCC7CCSS7)C(=O)NN=CC8=CC=CC=C8)C3=O,PDI core not found
CN(CCCN1C(=O)C2=C3C(=CC=C4C3=C(C=C2)C(=O)N(C4=O)CCCN(C)C5C=CC=C5)C1=O)C6C=CC=C6,PDI core not found
CN(CCCNC(=O)CCC1C=CC=C1)CCCN2C(=O)C3=C4C(=CC=C5C4=C(C=C3)C(=O)N(C5=O)CCCN(C)CCCNC(=O)CCC6C=CC=C6)C2=O,PDI core not found
C1CN(CCN1CCCNC(=O)CCC2C=CC=C2)CCCN3C(=O)C4=C5C(=CC=C6C5=C(C=C4)C(=O)N(C6=O)CCCN7CCN(CC7)CCCNC(=O)CCC8C=CC=C8)C3=O,PDI core not found
C1CN(CCN1CCCNC(=O)CC2C=CC=C2)CCCN3C(=O)C4=C5C(=CC=C6C5=C(C=C4)C(=O)N(C6=O)CCCN7CCN(CC7)CCCNC(=O)CC8C=CC=C8)C3=O,PDI core not found
C1CN(CCN1CCCNC(=O)CCC2=CN(N=N2)CC3C(C(C(C(O3)O)O)O)O)CCCN4C(=O)C5=C6C(=CC=C7C6=C(C=C5)C(=O)N(C7=O)CCCN8CCN(CC8)CCCNC(=O)CCC9=CN(N=N9)CC1C(C(C(C(O1)O)O)O)O)C4=O,PDI core not found
C1C(N2C(=O)C3=C4C(=CC=C5C4=C(C=C3)C(=O)N(C5=O)C(CSSCC(N6C(=O)C7=C8C(=CC=C9C8=C(C=C7)C(=O)N(C9=O)C(CSS1)C(=O)O)C6=O)C(=O)O)C(=O)O)C2=O)C(=O)O,PDI core not found
C[N+](C)(CCCN1C(=O)C2=C3C(=CC=C4C3=C(C=C2)C(=O)N(C4=O)CCC[N+](C)(C)[O-])C1=O)[O-],PDI core not found
C1CCC2C(C1)N3C(=O)C4=C5C(=CC=C6C5=C(C=C4)C(=O)N(C6=O)C7CCCCC7N8C(=O)C9=C1C(=CC=C4C1=C(C=C9)C(=O)N2C4=O)C8=O)C3=O,PDI core not found
CCN(CC)C1=CC=C(C=C1)C=NCCCN2C(=O)C3=C4C(=CC=C5C4=C(C=C3)C(=O)N(C5=O)CCCN=CC6=CC=C(C=C6)N(CC)CC)C2=O,PDI core not found
C1CCC2C(C1)N3C(=O)C4=C5C(=CC=C6C5=C(C=C4)C(=O)N(C6=O)C7CCCCC7N8C(=O)C9=C1C(=CC=C4C1=C(C=C9)C(=O)N(C4=O)C1CCCCC1N1C(=O)C4=C5C(=CC=C6C5=C(C=C4)C(=O)N2C6=O)C1=O)C8=O)C3=O,PDI core not found
C1=CC2=C3C(=CC=C4C3=C1C(=O)N(C4=O)CC(=O)N)C(=O)N(C2=O)CC(=O)N,PDI core not found
COC(=O)CN1C(=O)C2=C3C(=CC=C4C3=C(C=C2)C(=O)N(C4=O)CC(=O)OC)C1=O,PDI core not found
CCCCCCCCCCCCC(CCCCCCCC)CN1C(=O)C2=C3C(=CC=C4C3=C(C=C2)C(=O)N(C4=O)C(CO)CO)C1=O,PDI core not found
CCCCCCCCCCCCC(CCCCCCCC)CN1C(=O)C2=C3C(=CC=C4C3=C(C=C2)C(=O)N(C4=O)CCO)C1=O,PDI core not found
CC(=O)CC(=O)OCC1=CC=CC=C1N2C(=O)C3=C4C(=CC=C5C4=C(C=C3)C(=O)N(C5=O)C6=CC=CC=C6CO)C2=O,PDI core not found
CCC(C)(C)C1=CC(=C(C=C1)OCCO)N2C(=O)C3=C4C(=CC=C5C4=C(C=C3)C(=O)N(C5=O)C6=C(C=CC(=C6)C(C)(C)CC)OCCOC(=O)CC(=O)C)C2=O,PDI core not found
CC(=O)CC(=O)OC1COC2=C(C=C(C=C2)C(C)(C)C)N3C(=O)C4=C5C(=CC=C6C5=C(C=C4)C(=O)N(C6=O)C7=C(C=CC(=C7)C(C)(C)C)OCC(COC8=C(C=C(C=C8)C(C)(C)C)N9C(=O)C2=C4C(=CC=C5C4=C(C=C2)C(=O)N(C5=O)C2=C(C=CC(=C2)C(C)(C)C)OC1)C9=O)O)C3=O,PDI core not found
CCCCCCN1C(=O)C2=C3C(=CC=C4C3=C(C=C2)C(=O)N(C4=O)CCCCCCS)C1=O,PDI core not found
CCCCCCCCC(CCCCCC)CN1C(=O)C2=CC(=C3C4=C(C=C(C(=C24)C1=O)C5=CC=CO5)C(=O)N(C3=O)CC(CCCCCC)CCCCCCCC)C6=CC=CO6,PDI core not found
CCCCCCCCC(CCCCCC)CN1C(=O)C2=CC(=C3C4=C(C=C(C(=C24)C1=O)C5=CC=CS5)C(=O)N(C3=O)CC(CCCCCC)CCCCCCCC)C6=CC=CS6,PDI core not found
CCCCCCCCCCC(CCCCCCCC)CN1C(=O)C2=CC(=C3C4=C(C=C(C(=C24)C1=O)C5=CC=CO5)C(=O)N(C3=O)CC(CCCCCCCC)CCCCCCCCCC)C6=CC=CO6,PDI core not found
CCCCCCCCN1C(=O)C2=CC(=C3C4=C(C=C(C(=C24)C1=O)C5=CC=C(C=C5)C6=CC(=NC(=C6)C7=CC=CC=N7)C8=CC=CC=N8)C(=O)N(C3=O)CCCCCCCC)C9=CC=C(C=C9)C1=CC(=NC(=C1)C1=CC=CC=N1)C1=CC=CC=N1,PDI core not found
CCCCCCCCN1C(=O)C2=CC(=C3C4=C(C=C(C(=C24)C1=O)C5=CC=CC(=C5)C6=CC(=NC(=C6)C7=CC=CC=N7)C8=CC=CC=N8)C(=O)N(C3=O)CCCCCCCC)C9=CC=CC(=C9)C1=CC(=NC(=C1)C1=CC=CC=N1)C1=CC=CC=N1,PDI core not found
CC(C)C1=C(C(=CC=C1)C(C)C)N2CC3=C4C(=CC=C5C4=C(C=C3)C6=C7C5=CC=C(C7=CC=C6)C8=CC=C(C=C8)N9C(=O)C1=C3C(=CC=C4C3=C(C=C1)C(=O)N(C4=O)C1=C(C=CC(=C1)C(C)(C)C)C(C)(C)C)C9=O)C2,PDI core not found
CC(C)(C)C1=CC(=C(C=C1)C(C)(C)C)N2C(=O)C3=C4C(=CC=C5C4=C(C=C3)C(=O)N(C5=O)C6=CC=C(C=C6)C7=CC=C8C9=CC=C1CN(CC3=C1C9=C(C=C3)C1=C8C7=CC=C1)C1=CC(=C(C(=C1)OC)OC)OC)C2=O,PDI core not found
CC(C)(C)C1=CC(=C(C=C1)C(C)(C)C)N2C(=O)C3=C4C(=CC=C5C4=C(C=C3)C(=O)N(C5=O)C6=CC=C(C=C6)C7=CC=C8C9=CC=C1CN(CC3=C1C9=C(C=C3)C1=C8C7=CC=C1)C1=CC=C(C=C1)N(C)C)C2=O,PDI core not found
C1CNCCN(CCNCCN1)CCCCN2C(=O)C3=C4C(=CC=C5C4=C(C=C3)C(=O)N(C5=O)CCCCN6CCNCCNCCNCC6)C2=O,PDI core not found
CCCCC(CC)CC1=CC=C(S1)C2=CC3=C4C5=C2C(=O)N(C(=O)C5=CC(=C4C(=O)N(C3=O)CC(CC)CCCC)C6=CC=C(S6)CC(CC)CCCC)CC(CC)CCCC,PDI core not found
CCCCC(CC)CC1=CC=C(S1)C2=CC3=C4C5=C2C(=O)N(C(=O)C5=CC(=C4C(=O)N(C3=O)C=CC6=CC=CC=C6)C7=CC=C(S7)CC(CC)CCCC)C=CC8=CC=CC=C8,PDI core not found
CCCCC(CC)CC1=CC=C(S1)C2=CC3=C4C5=C2C(=O)NC(=O)C5=CC(=C4C(=O)NC3=O)C6=CC=C(S6)CC(CC)CCCC,PDI core not found
C1=CC=C(C=C1)C=CN2C(=O)C3=C4C(=CC=C5C4=C(C=C3)C(=O)N(C5=O)C=CC6=CC=CC=C6)C2=O,PDI core not found
CCCCCN1C(=O)C2=CC(=C3C4=C(C=C(C(=C24)C1=O)C5=CC(=C(C(=C5)C(C)(C)C)O)C(C)(C)C)C(=O)N(C3=O)CCCCC)C6=CC(=C(C(=C6)C(C)(C)C)O)C(C)(C)C,PDI core not found
CCCCCN1C(=O)C2=C3C(=CC(=C4C3=C(C=C2)C(=O)N(C4=O)CCCCC)C5=CC(=C(C(=C5)C(C)(C)C)O)C(C)(C)C)C1=O,PDI core not found
CCCCCN1C(=O)C2=C3C(=CC(=C4C3=C(C=C2)C(=O)N(C4=O)CCCCC)C5=CC(=C(C(=C5)C(C)(C)C)OC)C(C)(C)C)C1=O,PDI core not found
CCCCCCCCCCCCOC1=C(C(=CC=C1)OCCCCCCCCCCCC)C2=C3C=CC(=C(C4=NC(=C(C5=CC=C(N5)C(=C6C=CC2=N6)C7=CC=C(C=C7)C(=O)O)C8=C(C=CC=C8OCCCCCCCCCCCC)OCCCCCCCCCCCC)C=C4)C#CC9=CC=C(C=C9)N1C(=O)C2=C4C(=CC=C5C4=C(C=C2)C(=O)N(C5=O)CCCCCCCC)C1=O)N3,PDI core not found
CCCCCCCC(C)N1C(=O)C2=C3C(=CC=C4C3=C(C=C2)C(=O)N(C4=O)C(C)CCCCCCC)C1=O,PDI core not found
CCCCN1C(=O)C2=C3C4=C(C(=C2)C5=CC=CC=C5)C(=O)N(C(=O)C4=CC(=C3C1=O)C6=CC=CC=C6)C(C7=CC=CC=C7)C8=CC=CC=C8,PDI core not found
C1=CC=C(C=C1)CN2C(=O)C3=C4C(=CC(=C5C4=C(C=C3)C(=O)N(C5=O)CC6=CC=CC=C6)C7=CC=CC=C7)C2=O,PDI core not found
CC1=CC=C(C=C1)C2=C3C4=C(C=CC5=C4C(=C2)C(=O)N(C5=O)CC6=CC=CC=C6)C(=O)N(C3=O)CC7=CC=CC=C7,PDI core not found
COC1=CC=C(C=C1)C2=C3C4=C(C=CC5=C4C(=C2)C(=O)N(C5=O)CC6=CC=CC=C6)C(=O)N(C3=O)CC7=CC=CC=C7,PDI core not found
C1=CC=C(C=C1)CN2C(=O)C3=C4C(=CC(=C5C4=C(C=C3)C(=O)N(C5=O)CC6=CC=CC=C6)C7=CC=C(C=C7)[N+](=O)[O-])C2=O,PDI core not found
CC1(OC2=C(C=CC(=C2)COC3=CC=CC(=C3)OCCCCCN4C(=O)C5=C6C(=CC=C7C6=C(C=C5)C(=O)N(C7=O)CCCCCOC8=CC=C(C=C8)C(C9=CC=C(C=C9)C(C)(C)C)(C2=CC=C(C=C2)C(C)(C)C)C2=CC=C(C=C2)C(C)(C)C)C4=O)C(=O)O1)C,PDI core not found
CCCCCCCCCCC(CCCCCCCC)CC1=CC=C(S1)C2=CC=C(S2)CCN3C(=O)C4=C5C(=CC=C6C5=C(C=C4)C(=O)N(C6=O)CCCCC7C(=O)OC(=O)N7)C3=O,PDI core not found
CCCCCCCCCCC(CCCCCCCC)CC1=CC=C(S1)C2=CC=C(S2)C3=CC=C(S3)CCN4C(=O)C5=C6C(=CC=C7C6=C(C=C5)C(=O)N(C7=O)CCCCC8C(=O)OC(=O)N8)C4=O,PDI core not found
CCCCC(CC)CN1C(=O)C2=C3C(=CC=C4C3=C(C=C2)C(=O)N(C4=O)C5=CC=CC(=C5)N6C(=O)C7=C(C6=O)C=C8C(=C7)C(=O)N(C8=O)CC(CC)CCCC)C1=O,PDI core not found
CCCCC(CC)CN1C(=O)C2=C3C(=CC=C4C3=C(C=C2)C(=O)N(C4=O)C5=CC(=C(C=C5C)N6C(=O)C7=C(C6=O)C=C8C(=C7)C(=O)N(C8=O)CC(CC)CCCC)C)C1=O,PDI core not found
CCCCC(CC)CN1C(=O)C2=C3C(=CC=C4C3=C(C=C2)C(=O)N(C4=O)C5=CC=CC(=C5)N6C(=O)C7=CC=CC=C7C6=O)C1=O,PDI core not found
CCCCC(CC)CN1C(=O)C2=C3C(=CC=C4C3=C(C=C2)C(=O)N(C4=O)C5=C(C=C(C=C5)C6=CC(=C(C=C6)N7C(=O)C8=C(C7=O)C=C9C(=C8)C(=O)N(C9=O)CC(CC)CCCC)C)C)C1=O,PDI core not found
CCCCC(CC)CN1C(=O)C2=C3C(=CC=C4C3=C(C=C2)C(=O)N(C4=O)C5=CC=CC(=C5)N6C(=O)C7=C8C(=CC=C9C8=C(C=C7)C2=CC=CC3=C2C9=CC=C3)C6=O)C1=O,PDI core not found
CCCCC(CC)CN1C(=O)C2=C3C(=CC=C4C3=C(C=C2)C(=O)N(C4=O)C5=CC=CC(=C5)N6C(=O)C7=CC=CC8=C7C(=CC=C8)C6=O)C1=O,PDI core not found
CCCCCCC(CCCCCC)N1C(=O)C2=C3C(=CC=C4C3=C(C=C2)C(=O)N(C4=O)CCC(=O)NC5CCCCC5NC(=O)CCN6C(=O)C7=C8C(=CC=C9C8=C(C=C7)C(=O)N(C9=O)C(CCCCCC)CCCCCC)C6=O)C1=O,PDI core not found
CCCCCCC(CCCCCC)N1C(=O)C2=C3C(=CC=C4C3=C(C=C2)C(=O)N(C4=O)CCC(=O)NC5CCCCC5NC(=O)CCN6C(=O)C7=C8C(=CC=C9C8=C(C=C7)C(=O)N(C9=O)C(CCCCCC)CCCCCC)C6=O)C1=O,PDI core not found
C1C(=NC(C(=NC(C(=NC(C(=NC(C(=N1)O)CCCNC(=N)N)O)CCCCN=C(C(CC2=CNC3=CC=CC=C32)N4C(=O)C5=C6C(=CC=C7C6=C(C=C5)C(=O)N(C7=O)C(CC8=CNC9=CC=CC=C98)C(=NCCCCC1C(=NC(C(=NCC(=NC(C(=NC(C(=N1)O)CC1=CC=CC=C1)O)CC(=O)O)O)O)CCCNC(=N)N)O)O)C4=O)O)O)CC1=CC=CC=C1)O)CC(=O)O)O,PDI core not found
CN(CCCN1C(=O)C2=C3C(=CC=C4C3=C(C=C2)C(=O)N(C4=O)CCCN(C)C(=O)CCC5=CN(N=N5)CC6C(C(C(C(O6)O)O)O)O)C1=O)C(=O)CCC7=CN(N=N7)CC8C(C(C(C(O8)O)O)O)O,PDI core not found
CCCCCCCCN1C(=O)C2=C3C(=CC(=C4C3=C(C=C2)C(=O)N(C4=O)CCCCCCCC)C5=CC=C(S5)C6=CC=C(S6)C7=C8C=CC(=C(C9=NC(=C(C2=CC=C(N2)C(=C2C=CC7=N2)C2=CC(=CC(=C2)OCCCCCCCC)OCCCCCCCC)C2=CC(=CC(=C2)OCCCCCCCC)OCCCCCCCC)C=C9)C2=CC(=CC(=C2)OCCCCCCCC)OCCCCCCCC)N8)C1=O,PDI core not found
CCCCCCCCN1C(=O)C2=C3C(=CC=C4C3=C(C=C2)C(=O)N(C4=O)C5=C(C=C(C=C5C)C#CC6=CC(=CC(=C6)C#CC7=CC(=C(C(=C7)C)C8=C(C=C(C=C8C)N(C9=CC=C(C=C9)OC)C2=CC=C(C=C2)OC)C)C)N2C(=NC3=CC=CC=N3)C3=CC=CC=C3C2=NC2=CC=CC=N2)C)C1=O,PDI core not found
CC(C)(C)C1=CC(=C(C=C1)C(C)(C)C)N2C(=O)C3=C4C(=CC=C5C4=C(C=C3)C(=O)N(C5=O)C6=CC=C(C=C6)C7=CC=C(C=C7)C(=C8C=CC=N8)C9=CC=CN9)C2=O,PDI core not found
C=CC1=CC=C(C=C1)CN2C(=O)C3=C4C(=CC=C5C4=C(C=C3)C(=O)N(C5=O)CC6=CC=C(C=C6)C=C)C2=O,PDI core not found
CCC(CC)N1C(=O)C2=C(C1=O)C=C(C=C2)C3=CC=C(S3)C4=CC5=C6C7=C4C(=O)N(C(=O)C7=CC(=C6C(=O)N(C5=O)C(CC)CC)C8=CC=C(S8)C9=CC1=C(C=C9)C(=O)N(C1=O)C(CC)CC)C(CC)CC,PDI core not found
CCCCCCCCCCCCCC(CCCCCCCCCC)CN1C(=O)C2=C3C=C(SC3=C4C5=C2C(=C6C(=C5C(=O)N(C4=O)CC(CCCCCCCCCC)CCCCCCCCCCCCC)C=C(S6)C7=CC8=CC=CC=C8S7)C1=O)C9=CC1=CC=CC=C1S9,PDI core not found
CCCCCCCCCCCCCC(CCCCCCCCCC)CN1C(=O)C2=C3C=C(SC3=C4C5=C2C(=C6C(=C5C(=O)N(C4=O)CC(CCCCCCCCCC)CCCCCCCCCCCCC)C=C(S6)C7=CC8=CC9=CC=CC=C9C=C8S7)C1=O)C1=CC2=CC3=CC=CC=C3C=C2S1,PDI core not found
COCCOCCOCCOC1=CC(=CC(=C1OCCOCCOCCOC)OCCOCCOCCOC)N2C(=O)C3=C4C(=CC=C5C4=C(C=C3)C(=O)N(C5=O)NC(=O)C6=CC=C(C=C6)[O-])C2=O,PDI core not found
COCCOCCOCCOC1=CC(=CC(=C1OCCOCCOCCOC)OCCOCCOCCOC)N2C(=O)C3=C4C(=CC=C5C4=C(C=C3)C(=O)N(C5=O)NC(=O)C6=CC=C(C=C6)O)C2=O,PDI core not found
C1CN(CCN1CCCNC(=O)CCC2=CC=CC2)CCCN3C(=O)C4=C5C(=CC=C6C5=C(C=C4)C(=O)N(C6=O)CCCN7CCN(CC7)CCCNC(=O)CCC8=CC=CC8)C3=O,PDI core not found
COC1=CC=CC(=N1)C=NCCCN2C(=O)C3=C4C(=CC=C5C4=C(C=C3)C(=O)N(C5=O)CCCN=CC6=NC(=CC=C6)OC)C2=O,PDI core not found
CC1=C(OC(=C1)C=NCCCN2C(=O)C3=C4C(=CC=C5C4=C(C=C3)C(=O)N(C5=O)CCCN=CC6=CC(=C(O6)C)C)C2=O)C,PDI core not found
C1=CC(=C(N=C1)N)C=NCCCN2C(=O)C3=C4C(=CC=C5C4=C(C=C3)C(=O)N(C5=O)CCCN=CC6=C(N=CC=C6)N)C2=O,PDI core not found
COC(=O)CCCCCCCCCCNC(=O)C(CC1=CC=CC=C1)N2C(=O)C3=C4C(=CC=C5C4=C(C=C3)C(=O)N(C5=O)C(CC6=CC=CC=C6)C(=O)NCCCCCCCCCCC(=O)OC)C2=O,PDI core not found
CC1=CC=C(C=C1)C2=C3C=CC(=C(C4=CC=C(N4)C(=C5C=CC(=N5)C(C6=CC=C2N6)C7=CC=C(C=C7)NC(=O)CN8C(=O)C9=C1C(=CC=C2C1=C(C=C9)C(=O)N(C2=O)C1CC([N+](=O)C(C1)(C)C)(C)C)C8=O)C1=CC=C(C=C1)C)C1=CC=C(C=C1)C)[N-]3,PDI core not found
CC1=CC=C(C=C1)C2=C3C=CC(=C(C4=CC=C(N4)C(=C5C=CC(=N5)C(C6=CC=C2N6)C7=CC=C(C=C7)NC(=O)CN8C(=O)C9=C1C(=CC=C2C1=C(C=C9)C(=O)N(C2=O)C1CC([N+](=O)C(C1)(C)C)(C)C)C8=O)C1=CC=C(C=C1)C)C1=CC=C(C=C1)C)N3,PDI core not found
C1CCC2C(C1)N3C(=O)C4=C5C(=CC=C6C5=C(C=C4)C(=O)N(C6=O)C7CCCCC7N8C(=O)C9=C1C(=CC=C4C1=C(C=C9)C(=O)N(C4=O)C1CCCCC1N1C(=O)C4=C5C(=CC=C6C5=C(C=C4)C(=O)N2C6=O)C1=O)C8=O)C3=O,PDI core not found
C1CCN(CC1)CCN2C(=O)C3=C4C(=CC=C5C4=C(C=C3)C(=O)N(C5=O)CCN6CCCCC6)C2=O,PDI core not found
C1=CC=C(C=C1)CCCN2C(=O)C3=C4C(=CC=C5C4=C(C=C3)C(=O)N(C5=O)CCCC6=CC=CC=C6)C2=O,PDI core not found
C1=CC(=C(C=C1[N+](=O)[O-])[N+](=O)[O-])NN2C(=O)C3=C4C(=CC=C5C4=C(C=C3)C(=O)N(C5=O)NC6=C(C=C(C=C6)[N+](=O)[O-])[N+](=O)[O-])C2=O,PDI core not found
CC1CCCC(C1C)N2C(=O)C3=C4C(=CC=C5C4=C(C=C3)C(=O)N(C5=O)C6CCCC(C6C)C)C2=O,PDI core not found
CC1CCCC(C1C)N2C(=O)C3=C4C(=CC=C5C4=C(C=C3)C(=O)N(C5=O)C6CCCC(C6C)C)C2=O,PDI core not found
CC1CCCC(C1C)N2C(=O)C3=C4C(=CC=C5C4=C(C=C3)C(=O)N(C5=O)C6CCCC(C6C)C)C2=O,PDI core not found
COC1=CC=CC=C1N2C(=O)C3=C4C(=CC=C5C4=C(C=C3)C(=O)N(C5=O)C6=CC=CC=C6OC)C2=O,PDI core not found
COC1=CC(=C(C=C1)N2C(=O)C3=C4C(=CC=C5C4=C(C=C3)C(=O)N(C5=O)C6=C(C=C(C=C6)OC)OC)C2=O)OC,PDI core not found
CCN(CC)C1=CC=C(C=C1)N2C(=O)C3=C4C(=CC=C5C4=C(C=C3)C(=O)N(C5=O)C6=CC=C(C=C6)N(CC)CC)C2=O,PDI core not found
C[N+](C)(C)CCCN1C(=O)C2=C3C4=C(C=C2)C(=O)N(C(=O)C4=C5C(=C3C1=O)NC6=CC=CC=C6N5)CCC[N+](C)(C)C,PDI core not found
CC(=C)CNCCN1C(=O)C2=C3C(=CC=C4C3=C(C=C2)C(=O)N(C4=O)CCNCC(=C)C)C1=O,PDI core not found
CC=CCNCCN1C(=O)C2=C3C(=CC=C4C3=C(C=C2)C(=O)N(C4=O)CCNCC=CC)C1=O,PDI core not found
CCCOC(C)CNCCN1C(=O)C2=C3C(=CC=C4C3=C(C=C2)C(=O)N(C4=O)CCNCC(C)OCCC)C1=O,PDI core not found
C1=CC2=C3C(=CC=C4C3=C1C(=O)N(C4=O)CCS(=O)(=O)[O-])C(=O)N(C2=O)CCS(=O)(=O)[O-],PDI core not found
CCCCC(CC)CN1C(=O)C2=C3C(=CC=C4C3=C(C=C2)C(=O)N(C4=O)CC(=O)O)C1=O,PDI core not found
CCCCCCCCC(CCCCCCCC)CN1C(=O)C2=C3C4=C(C5=C2C6=CC=CC=C65)C(=O)N(C(=O)C4=C7C8=CC=CC=C8C7=C3C1=O)CC(CCCCCCCC)CCCCCCCC,PDI core not found
CN(C)CCN1C(=O)C2=CC(=C3C4=C(C=C(C(=C24)C1=O)C#CC5=CC(=C(C=C5)O)CN(C)C)C(=O)N(C3=O)CCN(C)C)C#CC6=CC(=C(C=C6)O)CN(C)C,PDI core not found
CN(C)CCN1C(=O)C2=CC(=C3C4=C(C=C(C(=C24)C1=O)C#CC5=CC(=C(C=C5)O)CN6CCOCC6)C(=O)N(C3=O)CCN(C)C)C#CC7=CC(=C(C=C7)O)CN8CCOCC8,PDI core not found
CN(C)CCN1C(=O)C2=C3C(=CC(=C4C3=C(C=C2)C(=O)N(C4=O)CCN(C)C)C#CC5=CC(=C(C=C5)O)CN6CCOCC6)C1=O,PDI core not found
CN(C)CCN1C(=O)C2=C3C(=CC(=C4C3=C(C=C2)C(=O)N(C4=O)CCN(C)C)C#CC5=CC(=C(C=C5)O)CN(C)C)C1=O,PDI core not found
CCCCN1C(=O)C2=C3C(=CC=C4C3=C(C=C2)C(=O)N(C4=O)CCN=C(CCC(C(=NC(C(C)C)C(=NC(CCCCNC(=O)C5=CC=C(C=C5)C6=C7C=CC(=N7)C(=C8C=CC(=C(C9=NC(=C(C2=CC=C6N2)C2=CC=CC=C2)C=C9)C2=CC=CC=C2)N8)C2=CC=CC=C2)C(=NC(C(C)C)C(=NC(CCC(=NCCN2C(=O)C3=C4C(=CC=C5C4=C(C=C3)C(=O)N(C5=O)CCCC)C2=O)O)C(=NC(C(C)C)C(=N)O)O)O)O)O)O)N=C(C(C(C)C)N=C(C)O)O)O)C1=O,PDI core not found
C1=CC=C(C=C1)C[N+]2=CN(C=C2)CCN3C(=O)C4=C5C(=CC=C6C5=C(C=C4)C(=O)N(C6=O)CCN7C=C[N+](=C7)CC8=CC=CC=C8)C3=O,PDI core not found
CCCC[N+]1=CN(C=C1)CCN2C(=O)C3=C4C(=CC=C5C4=C(C=C3)C(=O)N(C5=O)CCN6C=C[N+](=C6)CCCC)C2=O,PDI core not found
CCCCCCCCCCCCC(CCCCCCCCCC)CN1C(=O)C2=CC(=C3C4=C(C=C(C(=C24)C1=O)C5=CC=C(S5)C6=C(C=CS6)C7=CC=NC=C7)C(=O)N(C3=O)CC(CCCCCCCCCC)CCCCCCCCCCCC)C8=CC=C(S8)C9=S=CC=C9C1=CC=NC=C1,PDI core not found
CCCCCCCCCCCCC(CCCCCCCCCC)CN1C(=O)C2=CC(=C3C4=C(C=C(C(=C24)C1=O)C5=CC=C(S5)C6=CC=C(S6)C7=CC=NC=C7)C(=O)N(C3=O)CC(CCCCCCCCCC)CCCCCCCCCCCC)C8=CC=C(S8)C9=S=C(C=C9)C1=CC=NC=C1,PDI core not found
CCCCCCCCCCC(CCCCCCCC)CN1C(=O)C2=C3C(=C4C5=C2C(=C6C(=C5C(=O)N(C4=O)CC(CCCCCCCC)CCCCCCCCCC)SC(=C(C#N)C#N)S6)C1=O)SC(=CC#N)S3,PDI core not found
CCCCCCCCCCC(CCCCCCCC)CN1C(=O)C2=C3C(=C4C5=C2C(=C6C(=C5C(=O)N(C4=O)CC(CCCCCCCC)CCCCCCCCCC)SC(=C(C#N)C(=C7SC8=C9C2=C4C(=C5C(=C2C(=O)N(C9=O)CC(CCCCCCCC)CCCCCCCCCC)SC(=C(C#N)C#N)S5)C(=O)N(C(=O)C4=C8S7)CC(CCCCCCCC)CCCCCCCCCC)C#N)S6)C1=O)SC(=C(C#N)C#N)S3,PDI core not found
CCCCCCCCN1C(=O)C2=C3C4=C(C=C2)C(=O)N(C(=O)C4=C5C(=C3C1=O)SC(=C(C#N)C(=C6SC7=C8C9=C(C=CC1=C9C(=C7S6)C(=O)N(C1=O)CCCCCCCC)C(=O)N(C8=O)CCCCCCCC)C#N)S5)CCCCCCCC,PDI core not found
CCCCCCCCN1C(=O)C2=C3C4=C(C=C2)C(=O)N(C(=O)C4=C5C(=C3C1=O)SC(=CC#N)S5)CCCCCCCC,PDI core not found
CCCCCCCCCCCCN1C(=O)C2=C3C(=CC=C4C3=C(C=C2)C(=O)N(C4=O)CCCC(=O)N(CC5=CC=CC=C5[N+](=O)[O-])CC(CCCCCCCC)CCCCCCCCCC)C1=O,PDI core not found
CCCCCCCCCCCCN1C(=O)C2=C3C(=CC=C4C3=C(C=C2)C(=O)N(C4=O)CCCC(=O)NCC(CCCCCCCC)CCCCCCCCCC)C1=O,PDI core not found
C1=CC(=CC=C1N2C(=O)C3=C4C(=CC=C5C4=C(C=C3)C(=O)N(C5=O)C6=CC=C(C=C6)S(=O)(=O)[O-])C2=O)S(=O)(=O)[O-],PDI core not found
CCCCCCCCN1C(=O)C2=C3C(=C(C=C2)C4=CC5=C6C7=C4C(=O)N(C(=O)C7=CC(=C6C(=O)N(C5=O)CCCCCCCC)C8=C9C=CC=C2C9=C(C=C8)C(=O)N(C2=O)CCCCCCCC)CCCCCCCC)C=CC=C3C1=O,PDI core not found
CCCCCCCCN1C(=O)C2=C3C(=C(C=C2)C4=CC=C(S4)C5=CC6=C7C8=C5C(=O)N(C(=O)C8=CC(=C7C(=O)N(C6=O)CCCCCCCC)C9=CC=C(S9)C2=C4C=CC=C5C4=C(C=C2)C(=O)N(C5=O)CCCCCCCC)CCCCCCCC)C=CC=C3C1=O,PDI core not found
CC(C)(C)C1=CC=C(C=C1)C(C2=CC=C(C=C2)C(C)(C)C)(C3=CC=C(C=C3)C(C)(C)C)C4=CC=C(C=C4)OCCCN5C(=O)C6=C7C(=CC=C8C7=C(C=C6)C(=O)N(C8=O)CC9=CC=C(C=C9)C1=CC=C(C=C1)CN1C=C([N+](=N1)C)COC1=CC=C(C=C1)OCC1=CN(N=[N+]1C)CC1=CC=C(C=C1)C1=CC=C(C=C1)CN1C(=O)C2=C3C(=CC=C4C3=C(C=C2)C(=O)N(C4=O)CCCOC2=CC=C(C=C2)C(C2=CC=C(C=C2)C(C)(C)C)(C2=CC=C(C=C2)C(C)(C)C)C2=CC=C(C=C2)C(C)(C)C)C1=O)C5=O,PDI core not found
C=CC1=CC=C(C=C1)CN2C(=O)C3=C4C(=CC=C5C4=C(C=C3)C(=O)N(C5=O)CC6=CC=CC=C6)C2=O,PDI core not found
C1CN(CCN1CCCNC(=O)CC23CC4CC(C2)CC(C4)C3)CCCN5C(=O)C6=C7C(=CC=C8C7=C(C=C6)C(=O)N(C8=O)CCCN9CCN(CC9)CCCNC(=O)CC12CC3CC(C1)CC(C3)C2)C5=O,PDI core not found
CCCCCCCCCCCCN(CCCCCCCCCC)C1=C2C3=C4C(=C1)C(=O)NC(=O)C4=C(C=C3C(=O)NC2=O)N(CCCCCCCCCC)CCCCCCCCCCCC,PDI core not found
CCCCCCNC(=O)C(CC(C)C)N1C(=O)C2=CC(=C3C4=C2C(=C(C=C4C(=O)N(C3=O)C5CCCCC5N(C)C)S(=O)CC)C1=O)S(=O)CC,PDI core not found
CCCCCCNC(=O)C(CC(C)C)N1C(=O)C2=CC(=C3C4=C2C(=C(C=C4C(=O)N(C3=O)C5CCCCC5N(C)C)S(=O)(=O)CC)C1=O)S(=O)(=O)CC,PDI core not found
CCCCCCNC(=O)C(CC(C)C)N1C(=O)C2=CC(=C3C4=C2C(=C(C=C4C(=O)N(C3=O)CCN(C)C)SCC)C1=O)SCC,PDI core not found
CCCCCCNC(=O)C(CC(C)C)N1C(=O)C2=CC(=C3C4=C2C(=C(C=C4C(=O)N(C3=O)CCN(C)C)S(=O)CC)C1=O)S(=O)CC,PDI core not found
CCCCCCNC(=O)C(CC(C)C)N1C(=O)C2=CC(=C3C4=C2C(=C(C=C4C(=O)N(C3=O)CCN(C)C)S(=O)(=O)CC)C1=O)S(=O)(=O)CC,PDI core not found
CCCCCCNC(=O)C(CC(C)C)N1C(=O)C2=CC(=C3C4=C2C(=C(C=C4C(=O)N(C3=O)C5CCCCC5N(C)C)SCC)C1=O)SCC,PDI core not found
CCCCCCNC(=O)C(CC(C)C)N1C(=O)C2=CC(=C3C4=C2C(=C(C=C4C(=O)N(C3=O)CCN(C)CCN5C(=O)C6=CC(=C7C8=C6C(=C(C=C8C(=O)N(C7=O)C(CC(C)C)C(=O)NCCCCCC)S(=O)CC)C5=O)S(=O)CC)S(=O)CC)C1=O)S(=O)CC,PDI core not found
CCCCCCNC(=O)C(CC(C)C)N1C(=O)C2=CC(=C3C4=C2C(=C(C=C4C(=O)N(C3=O)CCCCN(C)C)SCC)C1=O)SCC,PDI core not found
CCCCCCNC(=O)C(CC(C)C)N1C(=O)C2=CC(=C3C4=C2C(=C(C=C4C(=O)N(C3=O)CCCCN(C)C)S(=O)CC)C1=O)S(=O)CC,PDI core not found
CCCCCCNC(=O)C(CC(C)C)N1C(=O)C2=CC(=C3C4=C2C(=C(C=C4C(=O)N(C3=O)CCCCN(C)C)S(=O)(=O)CC)C1=O)S(=O)(=O)CC,PDI core not found
CCCCCCNC(=O)C(CC(C)C)N1C(=O)C2=CC(=C3C4=C2C(=C(C=C4C(=O)N(C3=O)CCN(C(C)C)C(C)C)S(=O)(=O)CC)C1=O)S(=O)(=O)CC,PDI core not found
CCCCCCNC(=O)C(CC(C)C)N1C(=O)C2=CC(=C3C4=C2C(=C(C=C4C(=O)N(C3=O)CCN(C)CCN5C(=O)C6=CC(=C7C8=C6C(=C(C=C8C(=O)N(C7=O)C(CC(C)C)C(=O)NCCCCCC)SCC)C5=O)SCC)SCC)C1=O)SCC,PDI core not found
CN(C)CCCN1C(=O)C2=CC=C3C4=C(C5=NC6=CC=CC=C6N=C5C(=C24)C1=O)C(=O)N(C3=O)CCCN(C)C,PDI core not found
CCCCCCCCN1C(=O)C2=C3C4=C(C=C2)C(=O)N(C(=O)C4=C5C(=C3C1=O)C=C(S5)C6=CC7=C8C9=C(C1=S=C(C=C1C1=C9C(=C7S6)C(=O)N(C1=O)CCCCCCCC)C1=CC2=C3C4=C(C=CC5=C4C(=C2S1)C(=O)N(C5=O)CCCCCCCC)C(=O)N(C3=O)CCCCCCCC)C(=O)N(C8=O)CCCCCCCC)CCCCCCCC,PDI core not found
CCCCCCCCN1C(=O)C2=C3C4=C(C=C2)C(=O)N(C(=O)C4=C5C(=C3C1=O)C=C(S5)C6=CC(=CC(=C6)C7=CC8=C9C1=C(C=CC2=C1C(=C8S7)C(=O)N(C2=O)CCCCCCCC)C(=O)N(C9=O)CCCCCCCC)C1=CC2=C3C4=C(C=CC5=C4C(=C2S1)C(=O)N(C5=O)CCCCCCCC)C(=O)N(C3=O)CCCCCCCC)CCCCCCCC,PDI core not found
CCCCCCCCC(CCCCCCCC)N1C2=C(C=CC(=C2)C3=CC4=C5C6=C(C=CC7=C6C(=C4S3)C(=O)N(C7=O)CCCCCCCC)C(=O)N(C5=O)CCCCCCCC)C8=C1C=C(C=C8)C9=CC1=C2C3=C(C=CC4=C3C(=C1S9)C(=O)N(C4=O)CCCCCCCC)C(=O)N(C2=O)CCCCCCCC,PDI core not found
CCCCCCCCCCCCCCCCCCOC1=CC=C(C=C1)C=NC2=CC=CC3=C2C=CC=C3N4C(=O)C5=C6C(=CC=C7C6=C(C=C5)C(=O)N(C7=O)C8=CC=CC9=C8C=CC=C9N=CC1=CC=C(C=C1)OCCCCCCCCCCCCCCCCCC)C4=O,PDI core not found
CCCCCCCCN1C(=O)C2=C3C(=CC=C4C3=C(C=C2)C(=O)N(C4=O)C5=CC=CC5)C1=O,PDI core not found
CN(CCCNC(=O)CCC1=CC=CC1)CCCN2C(=O)C3=C4C(=CC=C5C4=C(C=C3)C(=O)N(C5=O)CCCN(C)CCCNC(=O)CCC6=CC=CC6)C2=O,PDI core not found
CCCCCN1C(=O)C2=C3C(=CC=C4C3=C(C=C2)C(=O)N(C4=O)C5=C(C=C(C=C5C)C#CC6=CC(=CC(=C6)C#CC7=CC(=C(C(=C7)C)C8=C(C=C(C=C8C)N(C9=CC=C(C=C9)OC)C2=CC=C(C=C2)OC)C)C)C#C)C)C1=O,PDI core not found
CCCCCCCCCCCCSC1=C2C3=C4C(=C1)C(=O)N(C(=O)C4=C(C=C3C(=O)N(C2=O)CCCC(=O)NCC(CCCCCCCC)CCCCCCCCCC)SCCCCCCCCCCCC)CCCC(=O)NCC(CCCCCCCC)CCCCCCCCCC,PDI core not found
CCCCN1C(=O)C2=C3C(=CC=C4C3=C(C=C2)C(=O)N(C4=O)CC(C(=NC(CCCCN)C(=NC(CC5=CC=CC=C5)C(=NC(CCC(=O)O)C(=N)O)O)O)O)N=C(C(CCC(=O)O)N=C(C(CC6=CC=CC=C6)N=C(C(CCCCN)N=C(C(CC7=CC=CC=C7)N=C(C)O)O)O)O)O)C1=O,PDI core not found
CCCCCCCCCCCCOC1=CC(=CC(=C1OCCCCCCCCCCCC)OCCCCCCCCCCCC)C(=O)NC2=CC=C(C=C2)C#CC3=CC4=C5C6=C3C(=O)N(C(=O)C6=CC(=C5C(=O)N(C4=O)CC(CC)CCCC)C#CC7=CC=C(C=C7)NC(=O)C8=CC(=C(C(=C8)OCCCCCCCCCCCC)OCCCCCCCCCCCC)OCCCCCCCCCCCC)CC(CC)CCCC,PDI core not found
CCCCCCCCN1C(=O)C2=CC(=C3C4=C(C=C(C(=C24)C1=O)C5=CC=C(S5)C=C(C#N)C(=O)O)C(=O)N(C3=O)CCCCCCCC)C6=CC=C(S6)C7=CC=C(C=C7)N(C8=CC=CC=C8)C9=CC=CC=C9,PDI core not found
C1=CC2=C3C(=CC=C4C3=C1C(=O)N(C4=O)C5=NNN=N5)C(=O)N(C2=O)C6=NNN=N6,PDI core not found
CCCCCCCCCCCCOC1=CC(=CC(=C1OCCCCCCCCCCCC)OCCCCCCCCCCCC)C2=C(C(=CC3=[N+](C4=C(C3(C)C)C=C(C=C4)C(=NCCN5C(=O)C6=C7C(=CC=C8C7=C(C=C6)C(=O)N(C8=O)CCN=C(C9=CC1=C(C=C9)[N+](=C(C1(C)C)C=C1C(=C(C1=O)C1=CC(=C(C(=C1)OCCCCCCCCCCCC)OCCCCCCCCCCCC)OCCCCCCCCCCCC)O)CCCCCC)[O-])C5=O)[O-])CCCCCC)C2=O)O,PDI core not found
CCCCCCCCCCCCOC1=CC(=CC(=C1OCCCCCCCCCCCC)OCCCCCCCCCCCC)C2=C(C(=CC3=[N+](C4=C(C3(C)C)C=C(C=C4)C(=NCCN5C(=O)C6=C7C(=CC=C8C7=C(C=C6)C(=O)N(C8=O)CCN=C(C9=CC1=C(C=C9)[N+](=C(C1(C)C)C=C1C(=C(C1=O)C1=CC(=C(C(=C1)OCCCCCCCCCCCC)OCCCCCCCCCCCC)OCCCCCCCCCCCC)O)CCCCCC)O)C5=O)O)CCCCCC)C2=O)O,PDI core not found
CCCCCCCCN1C(=O)C2=C3C(=CC=C4C3=C(C=C2)C(=O)N(C4=O)C5=CC=C(C=C5)C#CC6=CC=C(C=C6)C7=C8C(=C(N(C8=O)CC(CC)CCCC)C9=CC=C(C=C9)C2=CC=C(C=C2)N(C2=CC=C(C=C2)C(=O)O)C2=CC=C(C=C2)C(=O)O)C(=O)N7CC(CC)CCCC)C1=O,PDI core not found
CCCCCCCCN1C(=O)C2=C3C(=CC=C4C3=C(C=C2)C(=O)N(C4=O)C5=CC=C(C=C5)C#CC6=CC=C(C=C6)C7=C8C(=C(N(C8=O)CC(CC)CCCC)C9=CC=C(C=C9)N(C2=CC=C(C=C2)C(=O)O)C2=CC=C(C=C2)C(=O)O)C(=O)N7CC(CC)CCCC)C1=O,PDI core not found
C[N+]1=CC=C(C=C1)C2=CC=[N+](C=C2)CCN3C(=O)C4=C5C(=CC=C6C5=C(C=C4)C(=O)N(C6=O)CC[N+]7=CC=C(C=C7)C8=CC=[N+](C=C8)C)C3=O,PDI core not found
C1C2=CC=CC=C2C3=C(C4=CC=CC=C4N1C(=O)CCCC(=O)O)N(N=N3)CCOCCOCCOCCN5C(=O)C6=C7C(=CC=C8C7=C(C=C6)C(=O)N(C8=O)CCOCCOCCOCCN9C1=C(C2=CC=CC=C2CN(C2=CC=CC=C21)C(=O)CCCC(=O)O)N=N9)C5=O,PDI core not found
CCCCC(CC)CN1C(=O)C2=C3C(=CC(=C4C3=C(C=C2)C(=O)N(C4=O)CC(CC)CCCC)C5=CC=C(S5)C6=CC7=C(C=C6)C8=C(C7(CCCN(C)C)CCCN(C)C)C=C(C=C8)C9=CC=CS9)C1=O,PDI core not found
CCCCCCCCN1C(=O)C2=C3C=C(SC3=C4C5=C2C(=C6C(=C5C(=O)N(C4=O)CCCCCCCC)C=C(S6)C7=CC=CS7)C1=O)C8=CC=CS8,PDI core not found
CCCCCCCCN1C(=O)C2=C3C=C(SC3=C4C5=C2C(=C6C(=C5C(=O)N(C4=O)CCCCCCCC)C=C(S6)C7=CC8=CC=CC=C8S7)C1=O)C9=CC1=CC=CC=C1S9,PDI core not found
CCCCCCCCN1C(=O)C2=C3C=C(SC3=C4C5=C2C(=C6C(=C5C(=O)N(C4=O)CCCCCCCC)C=C(S6)C7=CC8=CC9=CC=CC=C9C=C8S7)C1=O)C1=CC2=CC3=CC=CC=C3C=C2S1,PDI core not found
CCCCCCCCN1C(=O)C2=C3C=C(SC3=C4C5=C2C(=C6C(=C5C(=O)N(C4=O)CCCCCCCC)C=C(S6)C7=CC=CC=C7)C1=O)C8=CC=CC=C8,PDI core not found
CCCCCCCCN1C(=O)C2=C3C=C(SC3=C4C5=C2C(=C6C(=C5C(=O)N(C4=O)CCCCCCCC)C=C(S6)C#N)C1=O)C#N,PDI core not found
CCCCCCCCCCC(CCCCCCCC)CN1C(=O)C2=C3C=CSC3=C4C5=C2C(=C6C(=C5C(=O)N(C4=O)CC(CCCCCCCC)CCCCCCCCCC)C=CS6)C1=O,PDI core not found
CCCCCCCCCCC(CCCCCCCC)CN1C(=O)C2=C3C=CSC3=C4C5=C2C(=C6C(=C5C(=O)N(C4=O)CC(CCCCCCCC)CCCCCCCCCC)C=C(S6)C7=CC8=C(C=C7)C9=CC=CC=C9C8(CCCCCC)CCCCCC)C1=O,PDI core not found
CCCCCCCCCCC(CCCCCCCC)CN1C(=O)C2=C3C=C(SC3=C4C5=C2C(=C6C(=C5C(=O)N(C4=O)CC(CCCCCCCC)CCCCCCCCCC)C=C(S6)C7=CC8=C(C=C7)C9=CC=CC=C9C8(CCCCCC)CCCCCC)C1=O)C1=CC2=C(C=C1)C1=CC=CC=C1C2(CCCCCC)CCCCCC,PDI core not found
C[N+](C)(CCCN1C(=O)C2=C3C(=CC=C4C3=C(C=C2)C(=O)N(C4=O)CCC[N+](C)(C)CC5=CC6=CC=CC=C6C=C5)C1=O)CC7=CC8=CC=CC=C8C=C7,PDI core not found
CCCCCCCCC(CCCCCC)CN1C2=C(C=CC(=C2)C3=C4C5=C(C=CC6=C5C(=C3)C(=O)N(C6=O)CCCCCCCC)C(=O)N(C4=O)CCCCCCCC)C7=C1C=C(C=C7)C8=C9C1=C(C=CC2=C1C(=C8)C(=O)N(C2=O)CCCCCCCC)C(=O)N(C9=O)CCCCCCCC,PDI core not found
CCCCCCCCN1C(=O)C2=C3C(=CC(=C4C3=C(C=C2)C(=O)N(C4=O)CCCCCCCC)C5=CC=C(C6=NSN=C56)C7=C8C9=C(C=CC2=C9C(=C7)C(=O)N(C2=O)CCCCCCCC)C(=O)N(C8=O)CCCCCCCC)C1=O,PDI core not found
CCCCCCCCCCCCN1C2=C(C=CC(=C2)C3=C4C5=C(C=CC6=C5C(=C3)C(=O)N(C6=O)CCCCCCCC)C(=O)N(C4=O)CCCCCCCC)C(=C7C8=C(C=C(C=C8)C9=C2C3=C(C=CC4=C3C(=C9)C(=O)N(C4=O)CCCCCCCC)C(=O)N(C2=O)CCCCCCCC)N(C7=O)CCCCCCCCCCCC)C1=O,PDI core not found
CCCCCCCCN1C(=C2C(=C(N(C2=O)CCCCCCCC)C3=CC=C(S3)C4=C5C6=C(C=CC7=C6C(=C4)C(=O)N(C7=O)CCCCCCCC)C(=O)N(C5=O)CCCCCCCC)C1=O)C8=S=C(C=C8)C9=C1C2=C(C=CC3=C2C(=C9)C(=O)N(C3=O)CCCCCCCC)C(=O)N(C1=O)CCCCCCCC,PDI core not found
CCCCN1C(=O)C2=C3C(=CC=C4C3=C(C=C2)C(=O)N(C4=O)CCC(=O)NC(CC5=CC=C(C=C5)O)C(=O)O)C1=O,PDI core not found
CCCCCCCCN1C2=C(C3=C1C=C(S3)C4=CC5=C6C7=C4C(=O)N(C(=O)C7=CC(=C6C(=O)N(C5=O)CCCCCCCC)C8=CC9=C(S8)C1=C(N9CCCCCCCC)C=CS1)CCCCCCCC)SC=C2,PDI core not found
COC1=C(C(=CC=C1)OC)C2=NOC(=C2)COC3=CC=C(C=C3)CNCCCN4C(=O)C5=C6C(=CC=C7C6=C(C=C5)C(=O)N(C7=O)CCCNCC8=CC=C(C=C8)OCC9=CC(=NO9)C1=C(C=CC=C1OC)OC)C4=O,PDI core not found
C1=CC=C(C(=C1)CN2C(=O)C3=C4C(=CC=C5C4=C(C=C3)C(=O)N(C5=O)CC6=CC=CC=C6N)C2=O)N,PDI core not found
C1=CC(=CC(=C1)N)CN2C(=O)C3=C4C(=CC=C5C4=C(C=C3)C(=O)N(C5=O)CC6=CC(=CC=C6)N)C2=O,PDI core not found
C1=CC(=CC=C1CN2C(=O)C3=C4C(=CC=C5C4=C(C=C3)C(=O)N(C5=O)CC6=CC=C(C=C6)N)C2=O)N,PDI core not found
CCCN1C(=O)C2=C3C=CSC3=C4C5=C2C(=C6C(=C5C(=O)N(C4=O)CCC)C=CS6)C1=O,PDI core not found
CCCCCCCCCCCCCCCCCCN1C(=O)C2=C3C=CSC3=C4C5=C2C(=C6C(=C5C(=O)N(C4=O)CCCCCCCCCCCCCCCCCC)C=CS6)C1=O,PDI core not found
CCCCCCCCCCCCC(CCCCCCCCCC)CN1C(=O)C2=C3C=CSC3=C4C5=C2C(=C6C(=C5C(=O)N(C4=O)CC(CCCCCCCCCC)CCCCCCCCCCCC)C=CS6)C1=O,PDI core not found
C1CCC2C(C1)N3C(=O)C4=C5C(=CC=C6C5=C(C=C4)C(=O)N(C6=O)C7CCCCC7N8C(=O)C9=C1C(=CC=C4C1=C(C=C9)C(=O)N2C4=O)C8=O)C3=O,PDI core not found
CC(C)(C)C1=CC2=C(C=C1)OCCCOC(=O)CC(=O)OCCCOC3=C(C=C(C=C3)C(C)(C)C)N4C(=O)C5=C6C(=CC=C7C6=C(C=C5)C(=O)N2C7=O)C4=O,PDI core not found
CCSC1=C2C3=C4C(=C1)C(=O)N5C6=C(C=CC(=C6)C(C)(C)C)OCCOC(=O)CC(=O)OCCOC7=C(C=C(C=C7)C(C)(C)C)N(C2=O)C(=O)C3=CC(=C4C5=O)SCC,PDI core not found
CCC(C)(C)C1=CC2=C(C=C1)OCCOC(=O)CC(=O)OCCOC3=C(C=C(C=C3)C(C)(C)CC)N4C(=O)C5=CC(=C6C7=C5C(=C(C=C7C(=O)N2C6=O)S(=O)(=O)CC)C4=O)S(=O)(=O)CC,PDI core not found
CCS(=O)(=O)C1=C2C3=C4C(=C1)C(=O)N5C6=C(C=CC(=C6)C(C)(C)C)OCCOC(=CC(=O)OCCOC7=C(C=C(C=C7)C(C)(C)C)N(C2=O)C(=O)C3=CC(=C4C5=O)S(=O)(=O)CC)[O-],PDI core not found
CCS(=O)(=O)C1=C2C3=C4C(=C1)C(=O)N5C6=C(C=CC(=C6)C(C)(C)C)OCCOC(=CC(=O)OCCOC7=C(C=C(C=C7)C(C)(C)C)N(C2=O)C(=O)C3=CC(=C4C5=O)S(=O)(=O)CC)O,PDI core not found
CCC(C)(C)C1=CC2=C(C=C1)OCCOC(=O)CC(=O)OCCOC3=C(C=C(C=C3)C(C)(C)CC)N4C(=O)C5=C6C(=CC=C7C6=C(C=C5)C(=O)N2C7=O)C4=O,PDI core not found
CCOC1=C2C3=C4C(=C1)C(=O)N5C6=C(C=CC(=C6)C(C)(C)C)OCCOC(=CC(=O)OCCOC7=C(C=C(C=C7)C(C)(C)C)N(C2=O)C(=O)C3=CC(=C4C5=O)OCC)[O-],PDI core not found
CCOC1=C2C3=C4C(=C1)C(=O)N5C6=C(C=CC(=C6)C(C)(C)C)OCCOC(=CC(=O)OCCOC7=C(C=C(C=C7)C(C)(C)C)N(C2=O)C(=O)C3=CC(=C4C5=O)OCC)O,PDI core not found
CC1C(=O)OCCOC2=C(C=C(C=C2)C(C)(C)C)N3C(=O)C4=C5C(=CC=C6C5=C(C=C4)C(=O)N(C6=O)C7=C(C=CC(=C7)C(C)(C)C)OCCOC1=O)C3=O,PDI core not found
CCOC1=C2C3=C4C(=C1)C(=O)N5C6=C(C=CC(=C6)C(C)(C)C)OCCOC(=O)C=C(OCCOC7=C(C=C(C=C7)C(C)(C)C)N(C2=O)C(=O)C3=CC(=C4C5=O)N8CCCC8)[O-],PDI core not found
CCOC1=C2C3=C4C(=C1)C(=O)N5C6=C(C=CC(=C6)C(C)(C)C)OCCOC(=O)C=C(OCCOC7=C(C=C(C=C7)C(C)(C)C)N(C2=O)C(=O)C3=CC(=C4C5=O)N8CCCC8)O,PDI core not found
CC(C)(C)C1=CC2=C(C=C1)OCCOC(=CC(=O)OCCOC3=C(C=C(C=C3)C(C)(C)C)N4C(=O)C5=CC(=C6C7=C5C(=C(C=C7C(=O)N2C6=O)N8CCCC8)C4=O)N9CCCC9)[O-],PDI core not found
CC(C)(C)C1=CC2=C(C=C1)OCCOC(=CC(=O)OCCOC3=C(C=C(C=C3)C(C)(C)C)N4C(=O)C5=CC(=C6C7=C5C(=C(C=C7C(=O)N2C6=O)N8CCCC8)C4=O)N9CCCC9)O,PDI core not found
CCC(C)(C)C1=CC2=C(C=C1)OCCSC(=O)CC(=O)SCCOC3=C(C=C(C=C3)C(C)(C)CC)N4C(=O)C5=C6C(=CC=C7C6=C(C=C5)C(=O)N2C7=O)C4=O,PDI core not found
CCCCCCCCCCCCC1=CC(=CC(=C1CCCCCCCCCCCC)CCCCCCCCCCCC)C(=O)NCCN2C(=O)C3=C4C(=CC=C5C4=C(C=C3)C(=O)N(C5=O)CC6=CC=[N+](C=C6)CCCC)C2=O,PDI core not found
CCCC[N+]1=CC=C(C=C1)CN2C(=O)C3=C4C(=CC=C5C4=C(C=C3)C(=O)N(C5=O)CCNC(=O)C6=CC(=C(C(=C6)CCCCCCCCCC=C)CCCCCCCCCC=C)CCCCCCCCCC=C)C2=O,PDI core not found
C1=CC2=C3C(=CC=C4C3=C1C(=O)N(C4=O)C(CS)C(=O)O)C(=O)N(C2=O)C(CS)C(=O)O,PDI core not found
C1=CC=NC(=C1)SSCC(C(=O)O)N2C(=O)C3=C4C(=CC=C5C4=C(C=C3)C(=O)N(C5=O)C(CSSC6=CC=CC=N6)C(=O)O)C2=O,PDI core not found
COCCOCCOCCOC1=CC(=CC(=C1OCCOCCOCCOC)OCCOCCOCCOC)CN2C(=O)C3=C4C(=CC=C5C4=C(C=C3)C(=O)N(C5=O)CC6=CC(=C(C(=C6)OCCOCCOCCOC)OCCOCCOCCOC)OCCOCCOCCOC)C2=O,PDI core not found
CCCCCCCCCCCCOC1=CC(=CC(=C1OCCCCCCCCCCCC)OCCCCCCCCCCCC)CN2C(=O)C3=C4C(=CC=C5C4=C(C=C3)C(=O)N(C5=O)CC6=CC(=C(C(=C6)OCCCCCCCCCCCC)OCCCCCCCCCCCC)OCCCCCCCCCCCC)C2=O,PDI core not found
CCCCCCCCCCCCOC1=CC(=CC(=C1OCCCCCCCCCCCC)OCCCCCCCCCCCC)CN2C(=O)C3=C4C(=CC=C5C4=C(C=C3)C(=O)N(C5=O)CC6=CC(=C(C(=C6)OCCOCCOCCOC)OCCOCCOCCOC)OCCOCCOCCOC)C2=O,PDI core not found
C1CCN(C1)C2=C3C4=C5C(=C2)C(=O)N(C(=O)C5=C(C=C4C(=O)N(C3=O)C6=CC=NC=C6)N7CCCC7)C8=CC=NC=C8,PDI core not found
CC(C)C1=C(C(=CC=C1)C(C)C)N2C(=O)C3=C4C5=C(C(=C3)C6=CC=CS6)C(=O)N(C(=O)C5=CC(=C4C2=O)C7=CC=CS7)C(=C(C)C(C)C)C(=C)C(C)C,PDI core not found
CC(C(=O)NCCCN1C(=O)C2=C3C(=CC=C4C3=C(C=C2)C(=O)N(C4=O)CCCNC(=O)C(C)N)C1=O)N,PDI core not found
CC(C(=O)NC(CCCCN)C(=O)NCCCN1C(=O)C2=C3C(=CC=C4C3=C(C=C2)C(=O)N(C4=O)CCCNC(=O)C(CCCCN)NC(=O)C(C)N)C1=O)N,PDI core not found
CCCCC(CC)CN1C(=O)C2=CC(=C3C4=C2C(=C(C=C4C(=O)N(C3=O)CC(CC)CCCC)N5CCCCC5)C1=O)N6CCSCCSCCSCCSCC6,PDI core not found
CCCCC(CC)CN1C(=O)C2=C3C(=CC=C4C3=C(C=C2)C(=O)N(C4=O)C5=CC(=CC=C5)N6C(=O)C7=C8C(=CC=C9C8=C(C=C7)C(=O)N(C9=O)CC(CC)CCCC)C6=O)C1=O,PDI core not found
CCCCC(CC)CN1C(=O)C2=C3C(=CC=C4C3=C(C=C2)C(=O)N(C4=O)C5=CC(=C(C=C5C)N6C(=O)C7=C8C(=CC=C9C8=C(C=C7)C(=O)N(C9=O)CC(CC)CCCC)C6=O)C)C1=O,PDI core not found
CCCCCCCCN1C(=O)C2=C3C(=CC=C4C3=C(C=C2)C(=O)N(C4=O)C5=CC=C(C=C5)C#CC6=CC=C(C=C6)C7=C8C(=C(N(C8=O)CC(CC)CCCC)C9=CC=C(C=C9)C2=S=C(C=C2)C(=O)O)C(=O)N7CC(CC)CCCC)C1=O,PDI core not found
CCCCC(CC)CN1C(=O)C2=C3C(=CC=C4C3=C(C=C2)C(=O)N(C4=O)C5=C(C=CC(=C5)OCCN(C)C)C(C)(C)C)C1=O,PDI core not found
CCCCCCC1=C(C2=C(C3=NC(=CC4=C(C(=C(N4)C(=C5C(=C(C(=N5)C=C1N2)CCCCCC)C)C6=CC(=CC(=C6)C(C)(C)C)C(C)(C)C)C)CCCCCC)C(=C3C)CCCCCC)C7=CC=C(C=C7)N8CCC(CC8)N9C(=O)C1=C2C(=CC=C3C2=C(C=C1)C(=O)N(C3=O)CCCCCC)C9=O)C,PDI core not found
CC1=CC(=C(C=C1)C)N2C(=O)C3=C4C(=CC=C5C4=C(C=C3)C(=O)N(C5=O)C6=C7C=CC(=N7)C(=C8C=CC(=C(C9=NC(=C(C1=CC=C6N1)C1=C(C(=CC(=C1C)C)C)C)C=C9)C1=CC(=CC(=C1)C)C)N8)C1=C(C(=CC(=C1C)C)C)C)C2=O,PDI core not found
C1=CC2=C3C(=CC=C4C3=C1C(=O)N(C4=O)NC(=O)C5=CC(=NC(=C5)O)O)C(=O)N(C2=O)NC(=O)C6=CC(=NC(=C6)O)O,PDI core not found
CC1=CC(C(=C2C=CC(=CC2=C)N3C(=O)C4=C5C(=CC=C6C5=C(C=C4)C(=O)N(C6=O)C)C3=O)C=C1)S(=O)(=O)O,PDI core not found
CCCCCCCCN1C(=O)C2=C3C(=CC=C4C3=C(C=C2)C(=O)N(C4=O)C5=CC=C(C=C5)C6=C7C(C(C(=N7)C8=C9C(=C(C(=CC2=NC(=CC3=C(C(=C6N3)C)CC)C(=C2CC)C)N9)C)C(=O)C8)CCC(=O)OC)C)C1=O,PDI core not found
CCCCCCCCN1C(=O)C2=C3C(=CC=C4C3=C(C=C2)C(=O)N(C4=O)C5=CC=C(C=C5)C6=C7C=CC(=N7)C(=C8C=CC(=C(C9=NC(=C(C2=CC=C6N2)CCCCC)C=C9)CCCCC)N8)CCCCC)C1=O,PDI core not found
CC(C)(C)C1=CNC(=C1)C=NCCCN2C(=O)C3=C4C(=CC=C5C4=C(C=C3)C(=O)N(C5=O)CCCN=CC6=CC(=CN6)C(C)(C)C)C2=O,PDI core not found
CC(C)(C)C1=CC=C(C=C1)C2=C3C=CC(=C(C4=NC(=C(C5=CC=C(N5)C(=C6C=CC2=N6)N7C(=O)C8=C9C(=CC=C1C9=C(C=C8)C(=O)N(C1=O)C1=CC=C(C=C1)O)C7=O)C1=CC=C(C=C1)C(C)(C)C)C=C4)C#CC1=CC=C(C=C1)O)N3,PDI core not found
CCCCCCCCN1C(=O)C2=C3C(=CC=C4C3=C(C=C2)C(=O)N(C4=O)N5C(=O)C6=C(C5=O)C=C7C(=C6)C(=O)N(C7=O)C8=CC=C(C=C8)C=CC9=C(C2=CC3=NC(=C4CCC5=C4NC(=C5C)C=C4C(=C(C(=N4)C=C9N2)C)CC)C(C3C)CCC(=O)OC)C)C1=O,PDI core not found
COCCOCCOCCOC1=CC(=CC(=C1OCCOCCOCCOC)OCCOCCOCCOC)C(=NN2C(=O)C3=C4C(=CC=C5C4=C(C=C3)C(=O)N(C5=O)NC(=O)C6=CC=NC=C6)C2=O)O,PDI core not found
C1=CC=C(C=C1)N2C(=O)C3=C4C(=CC=C5C4=C(C=C3)C(=O)N(C5=O)C6=CC=C(C=C6)C=NN=C(CN)O)C2=O,PDI core not found
CCCCCCCCCC1=CC(=O)NC(=N1)NC(=O)NCCOC(=O)CN2C(=O)C3=C4C(=CC=C5C4=C(C=C3)C(=O)NC5=O)C2=O,PDI core not found
CCCCCCCCCC1=CC(=O)NC(=N1)NC(=O)NCCOC(=O)CN2C(=O)C3=C4C(=CC=C5C4=C(C=C3)C(=O)N(C5=O)CCCCCCCC)C2=O,PDI core not found
CC(C)(C)C1=CNC(=C1)C=NCCCCN2C(=O)C3=C4C(=CC=C5C4=C(C=C3)C(=O)N(C5=O)CCCCN=CC6=CC(=CN6)C(C)(C)C)C2=O,PDI core not found
CCCCCCCC(CCCCCCC)N1C(=O)C2=C3C4=C(C=C2)C(=O)N(C(=O)C4=C5C6=CC7=C8C(=CC9=C2C8=C6C4=C6C2=C(C=C2C6=C(C=C4C5=C3C1=O)C(=NC2=O)O)C1=C2C3=C(C=CC4=C3C(=C91)C(=O)N(C4=O)C(CCCCCCC)CCCCCCC)C(=O)N(C2=O)C(CCCCCCC)CCCCCCC)C(=O)N=C7O)C(CCCCCCC)CCCCCCC,PDI core not found
CCCCCCCCCCCCN1C(=O)C2=C3C4=C(C=C2)C(=O)N(C(=O)C4=C5C6=CC7=C8C(=CC9=C2C8=C6C4=C6C2=C(C=C2C6=C(C=C4C5=C3C1=O)C(=NC2=O)O)C1=C2C3=C(C=CC4=C3C(=C91)C(=O)N(C4=O)CCCCCCCCCCCC)C(=O)N(C2=O)CCCCCCCCCCCC)C(=O)N=C7O)CCCCCCCCCCCC,PDI core not found
CCCCCCCCN1C(=O)C2=C3C(=CC=C4C3=C(C=C2)C(=O)N(C4=O)C5=C6C=CC(=N6)C(=C7C=CC(=CC8=NC(=C(C9=CC=C5N9)C2=CC(=CC(=C2)C(C)(C)C)C(C)(C)C)C=C8)N7)C2=CC(=CC(=C2)C(C)(C)C)C(C)(C)C)C1=O,PDI core not found
CCCCCCCCN1C(=O)C2=C3C(=CC=C4C3=C(C=C2)C(=O)N(C4=O)CC5=CC=C(C=C5)C6=C7C=CC(=N7)C=C8C=CC(=N8)C(=C9NC=CN9C)C2=NC(=CC3=CC=C6N3)C=C2)C1=O,PDI core not found
CCCCCCCCN1C(=O)C2=C3C(=CC(=C4C3=C(C=C2)C(=O)N(C4=O)CCCCCCCC)C5=CC=C(C=C5)C6=C7C=CC(=N7)C(=C8C=CC(=C(C9=NC(=C(C2=CC=C6N2)C2=CC=CC=C2)C=C9)C2=CC=CC=C2)N8)C2=CC=CC=C2)C1=O,PDI core not found
CCCCCCCCOC1=CC(=CC(=C1OCCCCCCCC)OCCCCCCCC)C(=NN2C(=O)C3=C4C(=CC=C5C4=C(C=C3)C(=O)N(C5=O)N=C(C6=CC(=C(C(=C6)OCCCCCCCC)OCCCCCCCC)OCCCCCCCC)O)C2=O)O,PDI core not found
CC1=C(C(=CC=C1)C(=NC(C)C2=CC=CC=C2)O)N3C(=O)C4=C5C(=CC=C6C5=C(C=C4)C(=O)N(C6=O)C7=C(C=CC=C7C(=NC(C)C8=CC=CC=C8)O)C)C3=O,PDI core not found
C1=CC=NC(=C1)C2=CC(=NN2)C(=O)NN3C(=O)C4=C5C(=CC=C6C5=C(C=C4)C(=O)N(C6=O)NC(=O)C7=NNC(=C7)C8=CC=CC=N8)C3=O,PDI core not found
CC1(C2=CC(=CC(=C2OC3=C1C=C(C=C3N4C(=O)C5=C6C(=CC=C7C6=C(C=C5)C(=O)N(C7=O)C8=CC(=CC9=C8OC1=C(C=C(C=C1C9(C)C)C(C)(C)C)C(=N)O)C(C)(C)C)C4=O)C(C)(C)C)C(=N)O)C(C)(C)C)C,PDI core not found
COCCOCCOCCOC1=CC(=CC(=C1OCCOCCOCCOC)OCCOCCOCCOC)C(=NN2C(=O)C3=C4C(=CC=C5C4=C(C=C3)C(=O)N(C5=O)N=C(C6=CC(=C(C(=C6)OCCOCCOCCOC)OCCOCCOCCOC)OCCOCCOCCOC)O)C2=O)O,PDI core not found
CCCCCCCCN1C(=O)C2=C3C(=CC=C4C3=C(C=C2)C(=O)N(C4=O)C5=CC(=CC(=C5)N6C(=O)C7=C8C(=C(C=C7)N9CCCCC9)C=CC=C8C6=O)N2C(=O)C3=C(C2=O)C=C2C(=C3)C(=NC2=O)O)C1=O,PDI core not found
CCCCCCCCCC1=CC(=O)NC(=N1)NC(=O)NCCOC(=O)CN2C(=O)C3=C4C(=CC=C5C4=C(C=C3)C(=O)N(C5=O)CCCCCC)C2=O,PDI core not found
CCCCCCCCCC1=CC(=O)NC(=N1)NC(=O)NCCOC(=O)CN2C(=O)C3=C4C(=CC=C5C4=C(C=C3)C(=O)N(C5=O)CCCCCCCCCCOC6=CC=C(C=C6)C(C7=CC=C(C=C7)C(C)(C)C)(C8=CC=C(C=C8)C(C)(C)C)C9=CC=C(C=C9)C(C)(C)C)C2=O,PDI core not found
CCCCCCCCN1C(=O)C2=C3C(=CC(=C4C3=C(C=C2)C(=O)N(C4=O)CCCCCCCC)NC5=CC=C(C=C5)C6=C7C=CC(=N7)C(=C8C=CC(=C(C9=NC(=C(C2=CC=C6N2)C2=CC=CC=C2)C=C9)C2=CC=CC=C2)N8)C2=CC=CC=C2)C1=O,PDI core not found
COCCOCCOCCOC1=CC(=CC(=C1OCCOCCOCCOC)OCCOCCOCCOC)C(=NN2C(=O)C3=C4C(=CC=C5C4=C(C=C3)C(=O)N(C5=O)C6=CC=C(C=C6)[O-])C2=O)O,PDI core not found
COCCOCCOCCOC1=CC(=CC(=C1OCCOCCOCCOC)OCCOCCOCCOC)C(=NN2C(=O)C3=C4C(=CC=C5C4=C(C=C3)C(=O)N(C5=O)C6=CC=C(C=C6)O)C2=O)O,PDI core not found
C1=CC(=CC=C1N=NC2=CC=C(C=C2)O)N3C(=O)C4=C5C(=CC=C6C5=C(C=C4)C(=O)N(C6=O)CCCCCC(=O)O)C3=O,PDI core not found
CCCCCCCCCCCC(CCCCCCCCCCC)N1C(=O)C2=C3C(=CC=C4C3=C(C=C2)C(=O)N(C4=O)C5=CC(=C(C=C5C)N6C(=O)C7=C8C(=C(C=C7)N9CCN(CC9)C2=CC=C(C=C2)C#CC2=NC3=C(N2CCCCCCCC)NC(=N)N=C3O)C=CC=C8C6=O)C)C1=O,PDI core not found
C1=CC=C(C=C1)C2=C3C=CC(=CC4=NC(=C(C5=CC=C(N5)C(=C6C=CC2=N6)C7=CC=C(C=C7)N8C(=O)C9=C1C(=CC=C2C1=C(C=C9)C(=O)N(C2=O)CCOCCOCCOCCO)C8=O)C1=CC=CC=C1)C=C4)N3,PDI core not found
C1=CC=C(C(=C1)C=NCCCCN2C(=O)C3=C4C(=CC=C5C4=C(C=C3)C(=O)N(C5=O)CCCCN=CC6=CC=CC=C6O)C2=O)O,PDI core not found
C1=CC=C(C(=C1)C=NCCCN2C(=O)C3=C4C(=CC=C5C4=C(C=C3)C(=O)N(C5=O)CCCN=CC6=CC=CC=C6O)C2=O)O,PDI core not found
C1=CC=C(C(=C1)C=NCCCCCN2C(=O)C3=C4C(=CC=C5C4=C(C=C3)C(=O)N(C5=O)CCCCCN=CC6=CC=CC=C6O)C2=O)O,PDI core not found
C1=CC=C(C(=C1)C=NCCCCCCN2C(=O)C3=C4C(=CC=C5C4=C(C=C3)C(=O)N(C5=O)CCCCCCN=CC6=CC=CC=C6O)C2=O)O,PDI core not found
CCCCCCCCN1C(=O)C2=C3C(=CC=C4C3=C(C=C2)C(=O)N(C4=O)CCN=CC5=C(C=CC(=C5)[N+](=O)O)O)C1=O,PDI core not found
C1=CC(=C(C=C1N2C(=O)C3=C4C(=CC=C5C4=C(C=C3)C(=O)N(C5=O)C6=CC(=C(C=C6)O)C(=O)O)C2=O)C(=O)O)O,PDI core not found
CC(C)C1=CC(=C(C=C1)C(C)C)N2C(=O)C3=C4C5=CC=CC=C5SC4=C6C7=C3C(=C8C(=C7C(=O)N(C6=O)C9=C(C=CC=C9C(C)C)C(C)C)C1=CC=CC=C1S8)C2=O,PDI core not found
C1=CC=NC(=C1)C=NC2=CC=C(C=C2)N3C(=O)C4=C5C(=CC=C6C5=C(C=C4)C(=O)N(C6=O)C7=CC=C(C=C7)N=CC8=CC=CC=N8)C3=O,PDI core not found
C1=CC=C(C=C1)N2C(=O)C3=C4C(=CC=C5C4=C(C=C3)C(=O)N(C5=O)CCOCCOCCN6C(=O)C7=C8C(=CC=C9C8=C(C=C7)C(=O)N(C9=O)C1=CC=CC=C1)C6=O)C2=O,PDI core not found
CN(C)C1=CC=CC2=C1C=CC=C2S(=O)(=O)N(CCN3C(=O)C4=C5C(=CC=C6C5=C(C=C4)C(=O)N(C6=O)CCN(CC7=CC=CC=C7)S(=O)(=O)C8=CC=CC9=C8C=CC=C9N(C)C)C3=O)CC1=CC=CC=C1,PDI core not found
C1CCC2C(C1)N3C(=O)C4=C5C(=CC=C6C5=C(C=C4)C(=O)N(C6=O)C7CCCCC7N8C(=O)C9=CC1=C(C=C9C8=O)C(=O)N(C1=O)C1CCCCC1N1C(=O)C4=C5C(=CC=C6C5=C(C=C4)C(=O)N2C6=O)C1=O)C3=O,PDI core not found
C1=CC=NC(=C1)C2=NNC(=C2)C(=NN3C(=O)C4=C5C(=CC=C6C5=C(C=C4)C(=O)N(C6=O)N=C(C7=CC(=NN7)C8=CC=CC=N8)O)C3=O)O,PDI core not found
C1=CC2=C3C(=CC=C4C3=C1C(=O)[N+](=C5C=CNC=C5)C4=O)C(=O)[N+](=C6C=CNC=C6)C2=O,PDI core not found
CCN1C=CC(=[N+]2C(=O)C3=C4C(=CC=C5C4=C(C=C3)C(=O)[N+](=C6C=CN(C=C6)CC)C5=O)C2=O)C=C1,PDI core not found
C1=CC2=C3C(=CC=C4C3=C1C(=O)N(C4=O)CCC[N+]5=CNC=C5)C(=O)N(C2=O)CCC[N+]6=CNC=C6,PDI core not found
CCCCC(CC)CN1C(=O)C2=CC(=C3C4=C2C(=C(C=C4C(=O)N(C3=O)CC(CC)CCCC)N(CCSC(=S)N(CC)CC)CCSC(=S)N(CC)CC)C1=O)N(CCSC(=S)N(CC)CC)CCSC(=S)N(CC)CC,PDI core not found
CCCCC(CC)CN1C(=O)C2=CC(=C3C4=C2C(=C(C=C4C(=O)N(C3=O)CC(CC)CCCC)[N+]5=CC=CC=C5)C1=O)[N+]6=CC=CC=C6,PDI core not found
CCCCC(CC)CN1C(=O)C2=CC(=C3C4=C2C(=C(C=C4C(=O)N(C3=O)CC(CC)CCCC)[N+]5=CC=CC=C5)C1=O)[N+]6=CC=CC=C6,PDI core not found
C1=CC2=C3C(=CC=C4C3=C1C(=O)N(C4=O)CC[N+]#CS)C(=O)N(C2=O)CC[N+]#CS,PDI core not found
C1=CC2=C3C(=CC=C4C3=C1C(=O)N(C4=O)C5=CC(=O)NC(=O)N5)C(=O)N(C2=O)C6=CC(=O)NC(=O)N6,PDI core not found
CCCCCCCCN1C(=O)C2=C3C(=CC=C4C3=C(C=C2)C(=O)N(C4=O)C5=CC=C(C=C5)N6C7=CC=CC=C7SC8=CC=CC=C86)C1=O,PDI core not found
CC(C)(C)C1=CC(=CC(=C1)C[N+]2=NN(C(=C2)COC3=CC=C(C=C3)CNCCCN4C(=O)C5=C6C(=CC=C7C6=C(C=C5)C(=O)N(C7=O)CCCNCC8=CC=C(C=C8)OCC9=C[N+](=NN9C)CC1=CC(=CC(=C1)C(C)(C)C)C(C)(C)C)C4=O)C)C(C)(C)C,PDI core not found
C1=CC=C(C=C1)C2N=C3C=CC=CC3=[N+]2C4=CC(=CC(=C4)N5C(=O)C6=C7C(=CC=C8C7=C(C=C6)C(=O)N(C8=O)C9=CC=C(C=C9)O)C5=O)[N+]1=C2C=CC=CC2=NC1C1=CC=CC=C1,PDI core not found
CCCCC(CC)CN1C(=O)C2=CC(=C3C4=C(C=C(C(=C24)C1=O)C5=CC=C(S5)C)C(=O)N(C3=O)CC(CC)CCCC)C6=CC=C(S6)C7=CC8=C(C=C7)C9=C(C8(CCC[N+](C)(C)C)CCC[N+](C)(C)C)C=C(C=C9)C,PDI core not found
CCCCC(CC)CN1C(=O)C2=CC(=C3C4=C(C=C(C(=C24)C1=O)C5=CC=C(S5)C)C(=O)N(C3=O)CC(CC)CCCC)C6=CC=C(S6)C7=CC8=C(C=C7)C9=C(C8(CCCCCC[N+](C)(CC)CC)CCCCCC[N+](C)(CC)CC)C=C(C=C9)C,PDI core not found
CC=C(C=CNC)C1=CC=[N+](C=C1)N2C(=O)C3=C4C(=CC=C5C4=C(C=C3)C(=O)N(C5=O)NC=CC(=CC)C6=CC=[N+](C=C6)C)C2=O,PDI core not found
CC1(C=CC=C(C=C1)OC2=CC=C(C=C2)C3=CC=C(C=C3)OC4=CC=CC=C4)N5C(=O)C6=C7C(=CC=C8C7=C(C=C6)C(=O)N(C8=O)C(C)(C)C)C5=O,PDI core not found
CC1=CC=C(C=C1)NC2=C3C4=C5C(=C2)C(=O)N(C(=O)C5=C(C=C4C(=O)N(C3=O)C6=C(C=CC=C6C(C)C)C(C)C)NC7=CC=CC=C7)C8=C(C=CC=C8C(C)C)C,PDI core not found
CCCCC1=CC=C(C=C1)NC2=C3C4=C5C(=C2)C(=O)N(C(=O)C5=C(C=C4C(=O)N(C3=O)C6=C(C=CC=C6C(C)C)C(C)C)NC7=CC=CC=C7)C8=C(C=CC=C8C(C)C)C,PDI core not found
CC(C)(CCOC(C)(C)CC1COC2=CSC=C2O1)N3C(=O)C4=C5C(=CC=C6C5=C(C=C4)C(=O)N(C6=O)CCCN7C=CN=C7)C3=O,PDI core not found
CC(C)(C)C1=CC=C(S1)C2=CC3=C4C5=C2C(=O)N(C(=O)C5=CC(=C4C(=O)N(C3=O)C)C6=CC=C(S6)C(C)(C)C)C,PDI core not found
CCCCCCN1C(=O)C2=C3C(=CC(=C4C3=C(C=C2)C(=O)NC4=O)C)C1=O,PDI core not found
CC1=CC=C(S1)C2=CC3=C4C5=C2C(=O)NC(=O)C5=CC(=C4C(=O)NC3=O)C6=CC=C(S6)C(C)C,PDI core not found
CC(C)C1=CC(=C(C=C1)C2=C(C=C(C=C2)N3C(=O)C4=C5C(=CC=C6C5=C(C=C4)C(=O)NC6=O)C3=O)S(=O)(=O)O)S(=O)(=O)O,PDI core not found
CC1=C2C3=C(C=CC4=C3C(=C1)C(=O)NC4=O)C(=O)NC2=O,PDI core not found
CCCN1C(=O)C2=C3C(=C(C=C4C3=C(C(=C2)C)C(=O)N(C4=O)CC(C)C)C)C1=O,PDI core not found
CCCCC(CC)CN1C(=O)C2=CC(=C3C4=C2C(=C(C=C4C(=O)N(C3=O)CC(CC)CCCC)N(CCOC(=O)C)CCOC(=O)C)C1=O)N(CCOC(=O)C)CCOC(=O)C,PDI core not found
CCCCC(CC)CN1C(=O)C2=CC(=C3C4=C2C(=C(C=C4C(=O)N(C3=O)CC(CC)CCCC)N(CCOC(=O)C5=CC=CC=C5)CCOC(=O)C6=CC=CC=C6)C1=O)N(CCOC(=O)C7=CC=CC=C7)CCOC(=O)C8=CC=CC=C8,PDI core not found
CCCCC(CC)CN1C(=O)C2=CC(=C3C4=C2C(=C(C=C4C(=O)N(C3=O)CC(CC)CCCC)N(CCSCC)CCSCC)C1=O)N(CCSCC)CCSCC,PDI core not found
CC1=CC=C(C=C1)N(C2=CC=C(C=C2)C)C3=CC=C(C=C3)CC(C(=O)OC4=CC=C(C=C4)N5C(=O)C6=C7C(=CC=C8C7=C(C=C6)C(=O)N(C8=O)C9=CC=C(C=C9)C(C)(C)C)C5=O)C(=O)OC1=CC=C(C=C1)N1C(=O)C2=C3C(=CC=C4C3=C(C=C2)C(=O)N(C4=O)C2=CC=C(C=C2)C(C)(C)C)C1=O,PDI core not found
CC1=CC=C(C=C1)N(C2=CC=C(C=C2)C)C3=CC=C(C=C3)CC(C(=O)OC4=CC=C(C=C4)N5C(=O)C6=C7C(=CC=C8C7=C(C=C6)C(=O)N(C8=O)C9=CC=C(C=C9)C(C)(C)C)C5=O)C(=O)OC1=CC=C(C=C1)N1C(=O)C2=C3C(=CC=C4C3=C(C=C2)C(=O)N(C4=O)C2=CC3=CC4=CC=CC=C4C=C3C=C2)C1=O,PDI core not found
CC(C(=O)O)N1C(=O)C2=C3C(=CC=C4C3=C(C=C2)C(=O)N(C4=O)C(C)C(=O)O)C1=O,PDI core not found
CC1=CC=C(C=C1)N(C2=CC=C(C=C2)C)C3=CC=C(C=C3)CC(C(=O)OC4=CC=C(C=C4)N5C(=O)C6=C7C(=CC=C8C7=C(C=C6)C(=O)N(C8=O)C9=CC1=CC2=CC=CC=C2C=C1C=C9)C5=O)C(=O)OC1=CC=C(C=C1)N1C(=O)C2=C3C(=CC=C4C3=C(C=C2)C(=O)N(C4=O)C2=CC3=CC4=CC=CC=C4C=C3C=C2)C1=O,PDI core not found
CC1=CC(=CC=C1)N2C(=O)C3=C4C(=CC=C5C4=C(C=C3)C(=O)N(C5=O)C6=CC(=CC=C6)O)C2=O,PDI core not found
CCN1C(=O)C2=CC(=C3C4=C(C(=CC(=C24)C1=O)C#N)C(=O)N(C3=O)CC)[N+]#[C-],PDI core not found
CCN1C(=O)C2=CC(=C3C4=C(C=C(C(=C24)C1=O)C#N)C(=O)N(C3=O)CC)[N+]#[C-],PDI core not found
CCN1C(=O)C2=C3C4=C(C(=C2C#N)C#N)C(=O)N(C(=O)C4=C(C(=C3C1=O)[N+]#[C-])[N+]#[C-])CC,PDI core not found
CC1=C(C=C(C=C1)N2C(=O)C3=C4C(=CC=C5C4=C(C=C3)C(=O)N(C5=O)C)C2=O)S(=O)(=O)OC,PDI core not found
CC1=CC(=C(C=C1S(=O)(=O)OC)N2C(=O)C3=C4C(=CC=C5C4=C(C=C3)C(=O)N(C5=O)C)C2=O)CS(=O)(=O)O,PDI core not found
CC(C(=O)OC)N1C(=O)C2=C3C(=CC=C4C3=C(C=C2)C(=O)N(C4=O)C(C)C(=O)OC#CC#CC#C)C1=O,PDI core not found
CC1=CC=C(C=C1)N(C2=CC=C(C=C2)C)C3=CC=C(C=C3)CC(C(=O)OC4=CC=C(C=C4)N5C(=O)C6=C7C(=CC=C8C7=C(C=C6)C(=O)N(C8=O)C9=CC=C(C=C9)CO)C5=O)C(=O)OC1=CC=C(C=C1)N1C(=O)C2=C3C(=CC=C4C3=C(C=C2)C(=O)N(C4=O)C2=CC=C(C=C2)OC)C1=O,PDI core not found
CC1=CC=C(C=C1)N(C2=CC=C(C=C2)C)C3=CC=C(C=C3)CC(C(=O)OC4=CC=C(C=C4)N5C(=O)C6=C7C(=CC=C8C7=C(C=C6)C(=O)N(C8=O)C9=CC=C(C=C9)CO)C5=O)C(=O)OC1=CC=C(C=C1)N1C(=O)C2=C3C(=CC=C4C3=C(C=C2)C(=O)N(C4=O)C2=CC=C(C=C2)C(C)(C)C)C1=O,PDI core not found
CN(C)CCN1C(=O)C2=C3C(=CC=C4C3=C(C=C2)C(=O)N(C4=O)CCCCCC(=O)CCCOCCOCCOCCOCCC(=O)CCCCOC5=CC(=CC(=C5)C(=O)NCCCCCC(=O)ON6C(=O)CCC6=O)OCCCCC(=O)CCOCCOCCOCCOCCNC(=O)CCCCCN7C(=O)C8=C9C(=CC=C2C9=C(C=C8)C(=O)N(C2=O)CCN(C)C)C7=O)C1=O,PDI core not found
[C-]#[N+]C1=C2C3=C(C=C(C4=C3C(=C1)C(=O)N(C4=O)C5=CC=CC=C5)C6=CC=C(C=C6)N(C7=CC=CC=C7)C8=CC=CC=C8)C(=O)N(C2=O)C9=CC=CC=C9,PDI core not found
CCCCCCN1C(=O)C2=CC(=C3C4=C(C=C(C(=C24)C1=O)C#N)C(=O)N(C3=O)CCCCCC)C5=CC6=C7C8=C5C(=O)N(C(=O)C8=CC(=C7C(=O)N(C6=O)CCCCCC)[N+]#[C-])CCCCCC,PDI core not found
CCCCCCN1C2=C(C3=C1C=C(S3)C4=C5C6=C(C=C(C7=C6C(=C4)C(=O)N(C7=O)CCCCCC)C#N)C(=O)N(C5=O)CCCCCC)SC(=C2)C8=CC9=C1C2=C8C(=O)N(C(=O)C2=CC(=C1C(=O)N(C9=O)CCCCCC)[N+]#[C-])CCCCCC,PDI core not found
CCCN1C(=O)C2=C3C(=CC=C4C3=C(C=C2)C(=C)N(C4=O)CCCCC(CC(=O)C(C(C)C)NC(=O)C(CCC(=O)O)CC(=O)C(C(C)C)NC(=O)CCC(=O)CNC(=O)C5=CC=C(S5)C6=CC=C(S6)C7=CC=C(S7)C8=CC=C(S8)C(=O)CCC(=O)NCC(=O)CC(C(C)C)C(=O)NC(CCC(=O)O)C(=O)CC(C(C)C)C(=O)NC(CCCCN9C(=O)C2=C3C(=CC=C4C3=C(C=C2)C(=O)N(C4=O)CCC)C9=O)C(=O)O)C(=O)O)C1=O,PDI core not found
CCCN1C(=O)C2=C3C(=CC=C4C3=C(C=C2)C(=O)N(C4=O)CCCCC(CC(=O)CNC(=O)CCC(=O)C5=CC=C(S5)C6=CC=C(S6)C7=CC=C(S7)C8=CC=C(S8)C(=O)NCC(=O)CCC(=O)NC(CCCCN9C(=O)C2=C3C(=CC=C4C3=C(C=C2)C(=O)N(C4=O)CCC)C9=O)C(=O)CC(C(C)C)C(=O)NC(CCC(=O)O)C(=O)CC(C(C)C)C(=O)C)C(=O)NC(C(C)C)C(=O)CC(CCC(=O)O)C(=O)NC(C(C)C)C(=O)O)C1=O,PDI core not found
CCCCCCC(CCCCCC)N1C(=O)C2=C3CC(=NC3=C4C5=C2C(=C6C(=C5C(=O)N(C4=O)C(CCCCCC)CCCCCC)NC(=N6)C7=CC=CC=C7N(C)C)C1=O)C8=CC=CC=C8N(C)C,PDI core not found
C1CCC2C(C1)N3C(=O)C4=C5C(=CC=C6C5=C(C=C4)C(=O)N(C6=O)C7CCCCC7N8C(=O)C9=C1C(=CC=C4C1=C(C=C9)C(=O)N(C4=O)C1CCCCC1N1C(=O)C4=C5C(=CC=C6C5=C(C=C4)C(=O)N2C6=O)C1=O)C8=O)C3=O,PDI core not found
CN(C)CCN1C(=O)C2=C3C(=CC=C4C3=C(C=C2)C(=O)N(C4=O)CCCCCC(=O)CCCOCCOCCOCCOCCC(=O)CCCCOC5=CC(=CC(=C5)C(=O)NCCCCCC(=O)ON6C(=C)CCC6=O)OCCCCC(=O)CCOCCOCCOCCOCCNC(=O)CCCCCN7C(=O)C8=C9C(=CC=C2C9=C(C=C8)C(=O)N(C2=O)CCN(C)C)C7=O)C1=O,PDI core not found
CCCN1C(=O)C2=C3C(=CC=C4C3=C(C=C2)C(=O)N(C4=O)CCCCC(CC(=O)CNC(=O)CCC(=O)C5=CC=C(S5)C6=CC=C(S6)C7=CC=C(S7)C8=CC=C(S8)C(=O)NCC(=O)CCC(=O)NC(CCCCN9C(=O)C2=C3C(=CC=C4C3=C(C=C2)C(=O)N(C4=O)CCC)C9=O)C(=O)CC(CC(=O)O)C(=O)NC(C)C(=O)CC(CC)C(=O)O)C(=O)NC(COC=O)C(=O)CC(C)C(=O)NC(COC=O)C(=O)O)C1=O,PDI core not found
CCCN1C(=O)C2=C3C(=CC=C4C3=C(C=C2)C(=O)N(C4=O)CCCCC(CC(=O)CNC(=O)C5=CC=C(S5)C6=CC=C(S6)C7=CC=C(S7)C8=CC=C(S8)C(=O)CCC(=O)NC(CCCCN9C(=O)C2=C3C(=CC=C4C3=C(C=C2)C(=O)N(C4=O)CCC)C9=O)C(=O)CCC(=O)NC(C(C)C)C(=O)CC(CCC(=O)O)C(=O)NC(C(C)C)C(=O)O)C(=O)NCC(=O)CC(C(C)C)C(=O)NC(CCC(=O)O)C(=O)CC(C(C)C)C(=O)C)C1=O,PDI core not found
CC(C)(C)OC(=O)NC1CCCCC1N2C(=O)C3=C4C(=CC=C5C4=C(C=C3)C(=O)N(C5=O)C6CCCCC6N7C(=O)C8=C9C(=CC=C1C9=C(C=C8)C(=O)N(C1=O)C1CCCCC1NC(=O)OC(C)(C)C)C7=O)C2=O,PDI core not found
CC(C)C(CC(=O)C(CC(=O)O)NC(=O)C(CC1=CC=CC=C1)CC(=O)C(C)NC(=O)CN2C(=O)C3=C4C(=CC=C5C4=C(C=C3)C(=O)N(C5=O)CC(=O)CC(C)C(=O)NC(CC6=CC=CC=C6)C(=O)CC(CC(=O)O)C(=O)NC(C(C)C)C(=O)C)C2=O)C(=O)O,PDI core not found
CCCCCCC(CCCCCC)N1C(=O)C2=C3CC(=NC3=C4C5=C2C(=C6C(=C5C(=O)N(C4=O)C(CCCCCC)CCCCCC)NC(=N6)C7=CC=CC=C7)C1=O)C8=CC=CC=C8,PDI core not found
CCCCCCC(CCCCCC)N1C(=O)C2=C3CC(=NC3=C4C5=C2C(=C6C(=C5C(=O)N(C4=O)C(CCCCCC)CCCCCC)NC(=N6)C7=CC8=CC=CC=C8C=C7)C1=O)C9=CC1=CC=CC=C1C=C9,PDI core not found
CC1=CC=C(C=C1)N(C2=CC=C(C=C2)C)C3=CC=C(C=C3)CC(C(=O)OC4=CC=C(C=C4)N5C(=O)C6=C7C(=CC=C8C7=C(C=C6)C(=O)N(C8=O)C9=CC=C(C=C9)CO)C5=O)C(=O)OC1=CC=C(C=C1)N1C(=O)C2=C3C(=CC=C4C3=C(C=C2)C(=O)N(C4=O)C2=CC3=CC4=CC=CC=C4C=C3C=C2)C1=O,PDI core not found
CC(C)C(CC(=O)C(CC(=O)O)NC(=O)C(CC1=CC=CC=C1)CC(=O)C(C)NC(=O)CN2C(=O)C3=C4C(=CC=C5C4=C(C=C3)C(=O)N(C5=O)CC(=O)CC(C)C(=O)NC(CC6=CC=CC=C6)C(=O)CC(CC(=O)O)C(=O)NC(C(C)C)C(=O)C)C2=O)C(=O)O,PDI core not found
CCC(=O)CN1C(=O)C2=C3C(=CC=C4C3=C(C=C2)C(=O)N(C4=O)CC(=O)NC(C)C)C1=O,PDI core not found
C1=CC2=C3C(=CC=C4C3=C1C(=O)NC4=O)C(=O)N(C2=O)CC5=CC=NC=C5,PDI core not found
CC(=O)C(CC1=CC=CC=C1)NC(=O)CN2C(=O)C3=C4C(=CC=C5C4=C(C=C3)C(=O)N(C5=O)CC(=O)CC(CC6=CC=CC=C6)C(=O)O)C2=O,PDI core not found
CC(=O)C(CC1=CC=CC=C1)NC(=O)CN2C(=O)C3=C4C(=CC=C5C4=C(C=C3)C(=O)N(C5=O)CC(=O)CC(CC6=CC=CC=C6)C(=O)O)C2=O,PDI core not found
CC(=C)N1C(=O)C2=C3C(=CC=C4C3=C(C=C2)C(=O)N(C4=O)C)C1=O,PDI core not found
C#CC1=C(C=C(C=C1)N2C(=O)C3=C4C(=CC=C5C4=C(C=C3)C(=O)N(C5=O)C6=CC(=C(C=C6)C#N)C#N)C2=O)C#C,PDI core not found
CC1=CC=C(S1)C2=CC3=C4C5=C2C(=O)N(C(=O)C5=CC(=C4C(=O)N(C3=O)C)C6=CC=C(S6)C)C,PDI core not found
CCCCN1C(=O)C2=C3C(=CC=C4C3=C(C=C2)C(=O)N(C4=O)CCCCC(CC(=O)C(CCCCN)NC(=O)C)C(=O)N)C1=O,PDI core not found
CCCCN1C(=O)C2=C3C(=CC=C4C3=C(C=C2)C(=O)N(C4=O)CCCCC(CC(=O)C(CCCCN)NC(=O)OCC5C6=CC=CC=C6C7=CC=CC=C57)C(=O)N)C1=O,PDI core not found
CC(=O)CN1C(=O)C2=C3C(=CC=C4C3=C(C=C2)C(=O)N(C4=O)CC(=O)C)C1=O,PDI core not found
CCOC(=O)CN1C(=O)C2=C3C(=CC=C4C3=C(C=C2)C(=O)N(C4=O)CC(=O)C)C1=O,PDI core not found
C1CCN(C1)CCCC2=C3C4=C(C=CC5=C4C(=C2)C(=O)N(C5=O)CCCN6CCOCC6)C(=O)N(C3=O)CCCN7CCOCC7,PDI core not found
CCCCC(CC)CN1C(=O)C2=CC(=C3C4=C(C=C(C(=C24)C1=O)C5=CC=C(S5)C6=CC=C(S6)C7=CC8=C9C1=C7C(=O)N(C(=O)C1=CC(=C9C(=O)N(C8=O)CC(CC)CCCC)OCCCC)CC(CC)CCCC)C(=O)N(C3=O)CC(CC)CCCC)OCCCC,PDI core not found
CCCCC(CC)CN1C(=O)C2=CC(=C3C4=C(C=C(C(=C24)C1=O)C5=CC=C(S5)C6=CC=C(S6)C7=CC8=C9C1=C7C(=O)N(C(=O)C1=CC(=C9C(=O)N(C8=O)CC(CC)CCCC)NCCCC)CC(CC)CCCC)C(=O)N(C3=O)CC(CC)CCCC)NCCCC,PDI core not found
CCCCC(CC)CN1C(=O)C2=CC(=C3C4=C(C=C(C(=C24)C1=O)C5=CC=C(C=C5)OC)C(=O)N(C3=O)CC(CC)CCCC)C6=CC=C(C=C6)OC,PDI core not found
CCCCC(CC)CN1C(=O)C2=CC(=C3C4=C(C=C(C(=C24)C1=O)C5=CC=CC=C5)C(=O)N(C3=O)CC(CC)CCCC)C6=CC=CC=C6,PDI core not found
CCCCC(CC)CN1C(=O)C2=CC(=C3C4=C(C=C(C(=C24)C1=O)C5=CC=C(C=C5)C)C(=O)N(C3=O)CC(CC)CCCC)C6=CC=C(C=C6)C,PDI core not found
CCCCC(CC)CN1C(=O)C2=CC(=C3C4=C(C=C(C(=C24)C1=O)C5=CC=CC=C5C)C(=O)N(C3=O)CC(CC)CCCC)C6=CC=CC=C6C,PDI core not found
CCCCC(CC)CN1C(=O)C2=CC(=C3C4=C(C=C(C(=C24)C1=O)C5=C(C=CC=C5C)C)C(=O)N(C3=O)CC(CC)CCCC)C6=C(C=CC=C6C)C,PDI core not found
CCCCC(CC)CN1C(=O)C2=CC(=C3C4=C(C=C(C(=C24)C1=O)C5=CC=CC6=CC=CC=C65)C(=O)N(C3=O)CC(CC)CCCC)C7=CC=CC8=CC=CC=C87,PDI core not found
CCCCC(CC)CN1C(=O)C2=CC(=C3C4=C(C=C(C(=C24)C1=O)C5=CC(=CS5)C)C(=O)N(C3=O)CC(CC)CCCC)C6=CC(=CS6)C,PDI core not found
CCCCC(CC)CN1C(=O)C2=CC(=C3C4=C(C=C(C(=C24)C1=O)C5=CC=C(C=C5)[N+](=O)[O-])C(=O)N(C3=O)CC(CC)CCCC)C6=CC=C(C=C6)[N+](=O)[O-],PDI core not found
CCCCC(CC)CN1C(=O)C2=CC(=C3C4=C(C=C(C(=C24)C1=O)C#CC5=CC=CC=C5)C(=O)N(C3=O)CC(CC)CCCC)C#CC6=CC=CC=C6,PDI core not found
CCCCC(CC)CN1C(=O)C2=CC(=C3C4=C(C=C(C(=C24)C1=O)C#CC5=CC=C(C=C5)OC)C(=O)N(C3=O)CC(CC)CCCC)C#CC6=CC=C(C=C6)OC,PDI core not found
CCCCC(CC)CN1C(=O)C2=CC(=C3C4=C(C=C(C(=C24)C1=O)C#CC5=CC=C(C=C5)N(C)C)C(=O)N(C3=O)CC(CC)CCCC)C#CC6=CC=C(C=C6)N(C)C,PDI core not found
CCCCC(CC)CN1C(=O)C2=CC(=C3C4=C(C=C(C(=C24)C1=O)C#CC5=CC=C(C=C5)C(=O)C)C(=O)N(C3=O)CC(CC)CCCC)C#CC6=CC=C(C=C6)C(=O)C,PDI core not found
CCCCC(CC)CN1C(=O)C2=CC(=C3C4=C(C=C(C(=C24)C1=O)C#CC5=CC=CS5)C(=O)N(C3=O)CC(CC)CCCC)C#CC6=CC=CS6,PDI core not found
CCCCC(CC)CN1C(=O)C2=CC(=C3C4=C2C(=C(C=C4C(=O)N(C3=O)CC(CC)CCCC)N(C5=CC=CC=C5)C6=CC=CC=C6)C1=O)N(C7=CC=CC=C7)C8=CC=CC=C8,PDI core not found
CCCCC(CC)CN1C(=O)C2=CC(=C3C4=C2C(=C(C=C4C(=O)N(C3=O)CC(CC)CCCC)N5C6=CC=CC=C6C7=CC=CC=C75)C1=O)N8C9=CC=CC=C9C1=CC=CC=C18,PDI core not found
CCCCC(CC)CN1C(=O)C2=CC(=C3C4=C2C(=C(C=C4C(=O)N(C3=O)CC(CC)CCCC)N(C5=CC=C(C=C5)OC)C6=CC=C(C=C6)OC)C1=O)N(C7=CC=C(C=C7)OC)C8=CC=C(C=C8)OC,PDI core not found
CCCCC(CC)CN1C(=O)C2=CC(=C3C4=C2C(=C(C=C4C(=O)N(C3=O)CC(CC)CCCC)N(CC)C5=CC=CC=C5)C1=O)N(CC)C6=CC=CC=C6,PDI core not found
C1=CC=NC(=C1)CCN2C(=O)C3=C4C(=CC=C5C4=C(C=C3)C(=O)N(C5=O)CCC6=CC=CC=N6)C2=O,PDI core not found
CCCCC(CC)CN1C(=O)C2=C3C(=CC=C4C3=C(C=C2)C(=O)NC4=O)C1=O,PDI core not found
CCCCN1C(=O)C2=C3C(=CC=C4C3=C(C=C2)C(=O)N(C4=O)C5=CC6=CC(=C5)OCCOCCOCCOC7=CC8=CC=CC=C8C=C7OCCOCCOCCO6)C1=O,PDI core not found
CCCCN1C(=O)C2=C3C(=CC=C4C3=C(C=C2)C(=O)N(C4=O)CCN5CCOCCOCCOC6=CC7=CC=CC=C7C=C6OCCOCCOCC5)C1=O,PDI core not found
C1COCCOCCOCCOCC#CC#CCOCCOCCOCCOCCN2C(=O)C3=C4C(=CC=C5C4=C(C=C3)C(=O)N1C5=O)C2=O,PDI core not found
C1=CC=C(C=C1)CC(C(=O)O)N2C(=O)C3=C4C(=CC=C5C4=C(C=C3)C(=O)N(C5=O)C(CC6=CC=CC=C6)C(=O)O)C2=O,PDI core not found
C1=CC=C(C=C1)CC2=CC=CC=C2N3C(=O)C4=C5C(=CC=C6C5=C(C=C4)C(=O)N(C6=O)C7=CC=CC=C7CC8=CC=CC=C8)C3=O,PDI core not found
CC#CC1=C2C3=C(C=C(C4=C3C(=C1)C(=O)N(C4=O)CC(C)C)C)C(=O)N(C2=O)CC(C)C,PDI core not found
CCCCCCCCCCC(CCCCCCCC)CN1C(=O)C2=CC(=C3C4=C(C=C(C(=C24)C1=O)C5=CC=C(S5)C)C(=O)N(C3=O)CC(CCCCCCCC)CCCCCCCCCC)C6=CC=C(S6)C,PDI core not found
CC=CC1=C2C3=C(C=C(C4=C3C(=C1)C(=O)N(C4=O)CC(C)C)C)C(=O)N(C2=O)CC(C)C,PDI core not found
CCCCN1C(=O)C2=CC(=C3C4=C(C=C(C(=C24)C1=O)C5=CC(=C(C(=C5)C(C)(C)C)O)C(C)(C)C)C(=O)N(C3=O)CCCC)C6=CC(=C(C(=C6)C(C)(C)C)O)C(C)(C)C,PDI core not found
CCCCN1C(=O)C2=C3C(=CC(=C4C3=C(C=C2)C(=O)N(C4=O)CCCC)C5=CC(=C(C(=C5)C(C)(C)C)O)C(C)(C)C)C1=O,PDI core not found
CCN1C(=O)C2=CC(=C3C4=C2C(=C(C=C4C(=O)N(C3=O)CC)OCC)C1=O)OCC,PDI core not found
CCCCCCCCCCC(CCCCCCCC)CON1C(=O)C2=C3C(=CC(=C4C3=C(C=C2)C(=O)N(C4=O)OCC(CCCCCCCC)CCCCCCCCCC)C5=CC=C(S5)C6=CC=CS6)C1=O,PDI core not found
CCC(=O)C1=C2C(=CC=C3C2=C(C=C1)C(=O)N(C3=O)C4=CC=C(C=C4)C(C)(C)N5C(=O)C6=C7C(=CC=C8C7=C(C=C6)C(=O)N(C8=O)C)C5=O)C(=O)N,PDI core not found
CCC(CC)C1=CC=C(C=C1)C2=NC(=NC(=N2)C3=CC=C(C=C3)C)C(C)(C)C4=CC=C(C=C4)N5C(=O)C6=C7C(=CC=C8C7=C(C=C6)C(=O)N(C8=O)C9=CC=C(C=C9)C1=NC(=NC(=N1)C1=CC=C(C=C1)C(C)C)C1=CC=C(C=C1)C)C5=O,PDI core not found
C1=CC2=C3C(=CC=C4C3=C1C(=O)N(C4=O)C5=CNN=C5)C(=O)N(C2=O)C6=CNN=C6,PDI core not found
CCC[N+](C)(C)CCCN1C(=O)C2=C3C(=CC=C4C3=C(C=C2)C(=O)N(C4=O)CCC[N+](C)(C)CCC)C1=O,PDI core not found
C1CCC(C(C1)N)N2C(=O)C3=C4C(=CC=C5C4=C(C=C3)C(=O)N(C5=O)C6CCCCC6N)C2=O,PDI core not found
C[N+]1(CCOCC1)CCCN2C(=O)C3=C4C(=CC=C5C4=C(C=C3)C(=O)N(C5=O)CCC[N+]6(CCOCC6)C)C2=O,PDI core not found
CCCCCCN1C(=O)C2=C3C(=CC=C4C3=C(C=C2)C(=O)N(C4=O)CCC(=O)NC(CC5=CC=CC=C5)C(=O)NC(CC6=CC=CC=C6)C(=O)NC(CCCNC(=N)N)C(=O)NC(CCCNC(=N)N)C(=O)NC(CCCNC(=N)N)C(=O)NC(CCCNC(=N)N)C(=O)NC(CCCCN)C(=O)O)C1=O,PDI core not found
C1=CC2=C3C(=CC=C4C3=C1C(=O)N(C4=O)C(=O)O)C(=O)N(C2=O)C(=O)O,PDI core not found
CCCCCCCCN1C(=O)C2=C3C4=C(C5=C2C6=CC7=CC=CC=CC7=C6C8=C9C=CC=CC=C9C=C85)C(=O)N(C(=O)C4=C2C4=CC5=CC=CC=CC5=C4C4=C5C=CC=CC=C5C=C4C2=C3C1=O)CCCCCCCC,PDI core not found
