SMILES,Sidechain,Source,MW,Sidechain_RB,Sidechain_HA,Sidechain_Bonds,SidechainComplexity,MolFormula
Cc1cc(C)cc(N2C(=O)c3ccc4c5ccc6c7c(ccc(c8ccc(c3c48)C2=O)c75)C(=O)N(c2cc(C)cc(C)c2)C6=O)c1,Cc1cccc(C)c1,Pubchem,598.6580000000002,0,8,8,1.5,C40H26N2O4
O=C1c2ccc3c4ccc5c6c(ccc(c7ccc(c2c37)C(=O)N1c1ccc(N=Nc2ccccc2)cc1)c64)C(=O)N(c1ccc(N=Nc2ccccc2)cc1)C5=O,c1ccc(N=Nc2ccccc2)cc1,Pubchem,750.7740000000001,2,14,15,3.0,C48H26N6O4
O=C1NC(=O)c2ccc3c4ccc5c6c(ccc(c7ccc1c2c73)c64)C(=O)NC5=O,H,Pubchem,390.3540000000001,0,0,0,0.0,C24H10N2O4
CN1C(=O)c2ccc3c4ccc5c6c(ccc(c7ccc(c2c37)C1=O)c64)C(=O)N(C)C5=O,C,Pubchem,418.4080000000002,0,1,0,0.0,C26H14N2O4
COc1ccc(N2C(=O)c3ccc4c5ccc6c7c(ccc(c8ccc(c3c48)C2=O)c75)C(=O)N(c2ccc(OC)cc2)C6=O)cc1,COc1ccccc1,Pubchem,602.6020000000002,1,8,8,1.5,C38H22N2O6
CCOc1ccc(N2C(=O)c3ccc4c5ccc6c7c(ccc(c8ccc(c3c48)C2=O)c75)C(=O)N(c2ccc(OCC)cc2)C6=O)cc1,CCOc1ccccc1,Pubchem,630.6560000000002,2,9,9,1.5,C40H26N2O6
Nc1ccc(N2C(=O)c3ccc4c5ccc6c7c(ccc(c8ccc(c3c48)C2=O)c75)C(=O)N(c2ccc(N)cc2)C6=O)cc1,Nc1ccccc1,Pubchem,572.5800000000003,0,7,7,1.5,C36H20N4O4
O=C1c2ccc3c4ccc5c6c(ccc(c7ccc(c2c37)C(=O)N1CCN1CCCCC1)c64)C(=O)N(CCN1CCCCC1)C5=O,CCN1CCCCC1,Pubchem,612.7299999999999,1,8,8,1.0,C38H36N4O4
CN(C)CCN1C(=O)c2ccc3c4ccc5c6c(ccc(c7ccc(c2c37)C1=O)c64)C(=O)N(CCN(C)C)C5=O,CCN(C)C,Pubchem,532.6000000000004,1,5,4,0.0,C32H28N4O4
C[N+](C)(C)CCN1C(=O)c2ccc3c4ccc5c6c(ccc(c7ccc(c2c37)C1=O)c64)C(=O)N(CC[N+](C)(C)C)C5=O,CC[N+](C)(C)C,Pubchem,562.6700000000003,1,6,5,0.0,C34H34N4O4+2
O=C1c2ccc3c4ccc5c6c(cc(N7CCCCC7)c(c7ccc(c2c37)C(=O)N1CCOCCN1CCCCC1)c64)C(=O)N(CCOCCN1CCCCC1)C5=O,CCOCCN1CCCCC1,Pubchem,783.9699999999992,4,11,11,1.0,C47H53N5O6
O=C1c2ccc3c4ccc5c6c(ccc(c7ccc(c2c37)C(=O)N1c1ccccc1)c64)C(=O)N(c1ccccc1)C5=O,c1ccccc1,Pubchem,542.5500000000003,0,6,6,1.5,C36H18N2O4
CCCCCCCCN1C(=O)c2ccc3c4ccc5c6c(ccc(c7ccc(c2c37)C1=O)c64)C(=O)N(CCCCCCCC)C5=O,CCCCCCCC,Pubchem,614.786,5,8,7,0.0,C40H42N2O4
CCCCCCN1C(=O)c2ccc3c4ccc5c6c(ccc(c7ccc(c2c37)C1=O)c64)C(=O)N(CCCCCC)C5=O,CCCCCC,Pubchem,558.6780000000003,3,6,5,0.0,C36H34N2O4
CC(C)c1cccc(C(C)C)c1N1C(=O)c2ccc3c4ccc5c6c(ccc(c7ccc(c2c37)C1=O)c64)C(=O)N(c1c(C(C)C)cccc1C(C)C)C5=O,CC(C)c1cccc(C(C)C)c1,Pubchem,710.874,2,12,12,1.5,C48H42N2O4
O=C1c2ccc3c4ccc5c6c(ccc(c7ccc(c2c37)C(=O)N1CCc1ccccc1)c64)C(=O)N(CCc1ccccc1)C5=O,CCc1ccccc1,Pubchem,598.6580000000004,1,8,8,1.5,C40H26N2O4
CC(C)(C)c1ccc(C(C)(C)C)c(N2C(=O)c3ccc4c5ccc6c7c(ccc(c8ccc(c3c48)C2=O)c75)C(=O)N(c2cc(C(C)(C)C)ccc2C(C)(C)C)C6=O)c1,CC(C)(C)c1ccc(C(C)(C)C)cc1,Pubchem,766.9819999999999,0,14,14,1.5,C52H50N2O4
O=C1c2ccc3c4ccc5c6c(ccc(c7ccc(c2c37)C(=O)N1CCNCCO)c64)C(=O)N(CCNCCO)C5=O,CCNCCO,Pubchem,564.5980000000003,3,6,5,0.0,C32H28N4O6
CN(C)CCCN1C(=O)c2ccc3c4ccc5c6c(ccc(c7ccc(c2c37)C1=O)c64)C(=O)N(CCCN(C)C)C5=O,CCCN(C)C,Pubchem,560.6540000000003,2,6,5,0.0,C34H32N4O4
NCCN1C(=O)c2ccc3c4ccc5c6c(ccc(c7ccc(c2c37)C1=O)c64)C(=O)N(CCN)C5=O,CCN,Pubchem,476.49200000000036,0,3,2,0.0,C28H20N4O4
O=C1c2ccc3c4ccc5c6c(ccc(c7ccc(c2c37)C(=O)N1Cc1ccccc1)c64)C(=O)N(Cc1ccccc1)C5=O,Cc1ccccc1,Pubchem,570.6040000000004,0,7,7,1.5,C38H22N2O4
CCCCCN1C(=O)c2ccc3c4ccc5c6c(ccc(c7ccc(c2c37)C1=O)c64)C(=O)N(CCCCC)C5=O,CCCCC,Pubchem,530.6240000000005,2,5,4,0.0,C34H30N2O4
CCCCCCCN1C(=O)c2ccc3c4ccc5c6c(ccc(c7ccc(c2c37)C1=O)c64)C(=O)N(CCCCCCC)C5=O,CCCCCCC,Pubchem,586.7320000000002,4,7,6,0.0,C38H38N2O4
N#CSc1cccc(N2C(=O)c3ccc4c5ccc6c7c(ccc(c8ccc(c3c48)C2=O)c75)C(=O)N(c2cccc(SC#N)c2)C6=O)c1,N#CSc1ccccc1,Pubchem,656.7040000000003,1,9,9,1.5,C38H16N4O4S2
O=C1c2ccc3c4c(N5CCCCC5)cc5c6c(ccc(c7c(N8CCCCC8)cc(c2c37)C(=O)N1CCN1CCCCC1)c64)C(=O)N(CCN1CCCCC1)C5=O,CCN1CCCCC1,Pubchem,778.9979999999991,1,8,8,1.0,C48H54N6O4
NCCNCCNCN1C(=O)c2ccc3c4ccc5c6c(ccc(c7ccc(c2c37)C1=O)c64)C(=O)N(CNCCNCCN)C5=O,CNCCNCCN,Pubchem,620.7139999999999,5,8,7,0.0,C34H36N8O4
CC(=O)NCCNCCNCN1C(=O)c2ccc3c4ccc5c6c(ccc(c7ccc(c2c37)C1=O)c64)C(=O)N(CNCCNCCNC(C)=O)C5=O,CNCCNCCNC(C)=O,Pubchem,704.7879999999999,6,11,10,0.0,C38H40N8O6
NCCCNCCN1C(=O)c2ccc3c4ccc5c6c(ccc(c7ccc(c2c37)C1=O)c64)C(=O)N(CCNCCCN)C5=O,CCNCCCN,Pubchem,590.6840000000001,4,7,6,0.0,C34H34N6O4
CC(=O)NCCCNCCCCNCCN1C(=O)c2ccc3c4ccc5c6c(ccc(c7ccc(c2c37)C1=O)c64)C(=O)N(CCNCCCCNCCCNC(C)=O)C5=O,CCNCCCCNCCCNC(C)=O,Pubchem,817.0039999999996,10,15,14,0.0,C46H56N8O6
CC(C)NCCNCN1C(=O)c2ccc3c4ccc5c6c(ccc(c7ccc(c2c37)C1=O)c64)C(=O)N(CNCCNC(C)C)C5=O,CNCCNC(C)C,Pubchem,618.738,4,8,7,0.0,C36H38N6O4
CN(C)CCCNCCN1C(=O)c2ccc3c4ccc5c6c(ccc(c7ccc(c2c37)C1=O)c64)C(=O)N(CCNCCCN(C)C)C5=O,CCNCCCN(C)C,Pubchem,646.7919999999999,5,9,8,0.0,C38H42N6O4
CC(=O)NCCCNCCN1C(=O)c2ccc3c4ccc5c6c(ccc(c7ccc(c2c37)C1=O)c64)C(=O)N(CCNCCCNC(C)=O)C5=O,CCNCCCNC(C)=O,Pubchem,674.7579999999999,5,10,9,0.0,C38H38N6O6
CN1CCN(c2cc3c4c(ccc5c6c(N7CCN(C)CC7)cc7c8c(ccc(c2c45)c86)C(=O)N(CCN2CCCCC2)C7=O)C(=O)N(CCN2CCCCC2)C3=O)CC1,CCN1CCCCC1,Pubchem,809.0279999999998,1,8,8,1.0,C48H56N8O4
CN(C)CCCN1CCN(c2cc3c4c(ccc5c6ccc7c8c(ccc(c2c45)c86)C(=O)N(CCN2CCCCC2)C7=O)C(=O)N(CCN2CCCCC2)C3=O)CC1,CCN1CCCCC1,Pubchem,782.0019999999993,1,8,8,1.0,C47H55N7O4
NCCCNCCCCNCCCN1C(=O)c2ccc3c4ccc5c6c(ccc(c7ccc(c2c37)C1=O)c64)C(=O)N(CCCNCCCCNCCCN)C5=O,CCCNCCCCNCCCN,Pubchem,760.9839999999996,10,13,12,0.0,C44H56N8O4
O=C1c2ccc3c4ccc5c6c(ccc(c7ccc(c2c37)C(=O)N1CCCN1CCOCC1)c64)C(=O)N(CCCN1CCOCC1)C5=O,CCCN1CCOCC1,Pubchem,644.728,2,9,9,1.0,C38H36N4O6
CCCCCCCCCCCCCN1C(=O)c2ccc3c4ccc5c6c(ccc(c7ccc(c2c37)C1=O)c64)C(=O)N(CCCCCCCCCCCCC)C5=O,CCCCCCCCCCCCC,Pubchem,755.0559999999994,10,13,12,0.0,C50H62N2O4
CCC(CC)N1C(=O)c2ccc3c4ccc5c6c(ccc(c7ccc(c2c37)C1=O)c64)C(=O)N(C(CC)CC)C5=O,CCCCC,Pubchem,530.6240000000004,2,5,4,0.0,C34H30N2O4
CCCN1C(=O)c2ccc3c4ccc5c6c(ccc(c7ccc(c2c37)C1=O)c64)C(=O)N(CCC)C5=O,CCC,Pubchem,474.5160000000003,0,3,2,0.0,C30H22N2O4
COc1ccc(CN2C(=O)c3ccc4c5ccc6c7c(ccc(c8ccc(c3c48)C2=O)c75)C(=O)N(Cc2ccc(OC)cc2)C6=O)cc1,COc1ccc(C)cc1,Pubchem,630.6560000000003,1,9,9,1.5,C40H26N2O6
O=C1c2ccc3c4ccc5c6c(ccc(c7ccc(c2c37)C(=O)N1CCc1ccccn1)c64)C(=O)N(CCc1ccccn1)C5=O,CCc1ccccn1,Pubchem,600.6340000000004,1,8,8,1.5,C38H24N4O4
O=C1c2ccc3c4ccc5c6c(ccc(c7ccc(c2c37)C(=O)N1CCN1CCOCC1)c64)C(=O)N(CCN1CCOCC1)C5=O,CCN1CCOCC1,Pubchem,616.6740000000001,1,8,8,1.0,C36H32N4O6
CN1CCCC1CCN1C(=O)c2ccc3c4ccc5c6c(ccc(c7ccc(c2c37)C1=O)c64)C(=O)N(CCC1CCCN1C)C5=O,CCC1CCCN1C,Pubchem,612.73,1,8,8,1.0,C38H36N4O4
NCCCNCCCCNCCN1C(=O)c2ccc3c4ccc5c6c(ccc(c7ccc(c2c37)C1=O)c64)C(=O)N(CCNCCCCNCCCN)C5=O,CCNCCCCNCCCN,Pubchem,732.9299999999996,9,12,11,0.0,C42H52N8O4
O=C1c2ccc3c4c(N5CCCCC5)cc5c6c(cc(N7CCCCC7)c(c7ccc(c2c37)C(=O)N1CCOCCN1CCCCC1)c64)C(=O)N(CCOCCN1CCCCC1)C5=O,CCOCCN1CCCCC1,Pubchem,867.1039999999988,4,11,11,1.0,C52H62N6O6
CN1CCN(CCOCCN2C(=O)c3ccc4c5c(N6CCCCC6)cc6c7c(ccc(c8c(N9CCCCC9)cc(c3c48)C2=O)c75)C(=O)N(CCOCCN2CCN(C)CC2)C6=O)CC1,CCOCCN1CCN(C)CC1,Pubchem,897.1339999999989,4,12,12,1.0,C52H64N8O6
CN(C)CCOCCN1C(=O)c2ccc3c4c(N5CCCCC5)cc5c6c(ccc(c7c(N8CCCCC8)cc(c2c37)C1=O)c64)C(=O)N(CCOCCN(C)C)C5=O,CCOCCN(C)C,Pubchem,786.9739999999993,4,8,7,0.0,C46H54N6O6
CNCCOCCN1C(=O)c2ccc3c4c(N5CCCCC5)cc5c6c(ccc(c7c(N8CCCCC8)cc(c2c37)C1=O)c64)C(=O)N(CCOCCNC)C5=O,CCOCCNC,Pubchem,758.9199999999994,4,7,6,0.0,C44H50N6O6
O=C1c2ccc3c4c(N5CCCCC5)cc5c6c(ccc(c7c(N8CCCCC8)cc(c2c37)C(=O)N1CCOCCN1CCCCC1)c64)C(=O)N(CCOCCN1CCCCC1)C5=O,CCOCCN1CCCCC1,Pubchem,867.1039999999988,4,11,11,1.0,C52H62N6O6
NCCCN1C(=O)c2ccc3c4ccc5c6c(ccc(c7ccc(c2c37)C1=O)c64)C(=O)N(CCCN)C5=O,CCCN,Pubchem,504.54600000000045,1,4,3,0.0,C30H24N4O4
Cc1cccc(C)c1N1C(=O)c2ccc3c4ccc5c6c(ccc(c7ccc(c2c37)C1=O)c64)C(=O)N(c1c(C)cccc1C)C5=O,Cc1cccc(C)c1,Pubchem,598.6580000000002,0,8,8,1.5,C40H26N2O4
CCCCCCC(CCCCCC)N1C(=O)c2ccc3c4ccc5c6c(ccc(c7ccc(c2c37)C1=O)c64)C(=O)N(C(CCCCCC)CCCCCC)C5=O,CCCCCCCCCCCCC,Pubchem,755.0559999999995,10,13,12,0.0,C50H62N2O4
CCCCCCCCCCCCN1C(=O)c2ccc3c4ccc5c6c(ccc(c7ccc(c2c37)C1=O)c64)C(=O)N(CCCCCCCCCCCC)C5=O,CCCCCCCCCCCC,Pubchem,727.0019999999995,9,12,11,0.0,C48H58N2O4
CCCCN1C(=O)c2ccc3c4ccc5c6c(ccc(c7ccc(c2c37)C1=O)c64)C(=O)N(CCCC)C5=O,CCCC,Pubchem,502.5700000000004,1,4,3,0.0,C32H26N2O4
Nc1cccc(N2C(=O)c3ccc4c5ccc6c7c(ccc(c8ccc(c3c48)C2=O)c75)C(=O)N(c2cccc(N)c2)C6=O)c1,Nc1ccccc1,Pubchem,572.5800000000002,0,7,7,1.5,C36H20N4O4
Cc1ccc(N2C(=O)c3ccc4c5ccc6c7c(ccc(c8ccc(c3c48)C2=O)c75)C(=O)N(c2ccc(C)cc2)C6=O)cc1,Cc1ccccc1,Pubchem,570.6040000000003,0,7,7,1.5,C38H22N2O4
CCCCCCCCN1C(=O)c2cc(Oc3ccc(C(C)(C)C)cc3)c3c4c(Oc5ccc(C(C)(C)C)cc5)cc5c6c(cc(Oc7ccc(C(C)(C)C)cc7)c(c7c(Oc8ccc(C(C)(C)C)cc8)cc(c2c37)C1=O)c64)C(=O)N(CCCCCCCC)C5=O,CCCCCCCC,Pubchem,1207.605999999999,5,8,7,0.0,C80H90N2O8
CC(C)C(C(C)C)N1C(=O)c2ccc3c4ccc5c6c(ccc(c7ccc(c2c37)C1=O)c64)C(=O)N(C(C(C)C)C(C)C)C5=O,CC(C)CC(C)C,Pubchem,586.7320000000002,2,7,6,0.0,C38H38N2O4
O=C1c2ccc3c4ccc5c6c(ccc(c7ccc(c2c37)C(=O)N1CCc1ccncc1)c64)C(=O)N(CCc1ccncc1)C5=O,CCc1ccncc1,Pubchem,600.6340000000002,1,8,8,1.5,C38H24N4O4
O=C1c2ccc3c4ccc5c6c(ccc(c7ccc(c2c37)C(=O)N1c1ccncc1)c64)C(=O)N(c1ccncc1)C5=O,c1ccncc1,Pubchem,544.5260000000002,0,6,6,1.5,C34H16N4O4
CC(C)c1cccc(C(C)C)c1N1C(=O)c2ccc3c4c(N5CCCC5)cc5c6c(ccc(c7c(N8CCCC8)cc(c2c37)C1=O)c64)C(=O)N(c1c(C(C)C)cccc1C(C)C)C5=O,CC(C)c1cccc(C(C)C)c1,Pubchem,849.0879999999994,2,12,12,1.5,C56H56N4O4
CCCCCCCCN1C(=O)c2ccc3c4c(C#N)cc5c6c(cc(C#N)c(c7ccc(c2c37)C1=O)c64)C(=O)N(CCCCCCCC)C5=O,CCCCCCCC,Pubchem,664.8059999999998,5,8,7,0.0,C42H40N4O4
CCCCCCCCN1C(=O)c2ccc3c4c(C#N)cc5c6c(ccc(c7c(C#N)cc(c2c37)C1=O)c64)C(=O)N(CCCCCCCC)C5=O,CCCCCCCC,Pubchem,664.8059999999999,5,8,7,0.0,C42H40N4O4
CCN(CC)CCc1c2c3c(ccc4c5ccc6c7c(ccc(c(c1CCN(CC)CC)c34)c75)C(=O)NC6=O)C(=O)NC2=O,H,Pubchem,588.7080000000004,0,0,0,0.0,C36H36N4O4
O=C1c2ccc3c4ccc5c6c(ccc(c7ccc(c2c37)C(=O)N1c1ccccn1)c64)C(=O)N(c1ccccn1)C5=O,c1ccncc1,Pubchem,544.5260000000003,0,6,6,1.5,C34H16N4O4
CCCOCCN1C(=O)c2ccc3c4ccc5c6c(ccc(c7ccc(c2c37)C1=O)c64)C(=O)N(CCOCCC)C5=O,CCCOCC,Pubchem,562.6220000000003,3,6,5,0.0,C34H30N2O6
O=C1c2ccc3c4ccc5c6c(ccc(c7ccc(c2c37)C(=O)N1CCCc1ccccc1)c64)C(=O)N(CCCc1ccccc1)C5=O,CCCc1ccccc1,Pubchem,626.7120000000003,2,9,9,1.5,C42H30N2O4
CC(C)c1cccc(C(C)C)c1N1C(=O)c2ccc3c4c(Oc5ccc(C(C)(C)C)cc5)cc5c6c(ccc(c7c(Oc8ccc(C(C)(C)C)cc8)cc(c2c37)C1=O)c64)C(=O)N(c1c(C(C)C)cccc1C(C)C)C5=O,CC(C)c1cccc(C(C)C)c1,Pubchem,1007.2839999999998,2,12,12,1.5,C68H66N2O6
CN(C)CCCNCCCN1C(=O)c2ccc3c4ccc5c6c(ccc(c7ccc(c2c37)C1=O)c64)C(=O)N(CCCNCCCN(C)C)C5=O,CCCNCCCN(C)C,Pubchem,674.8459999999998,6,10,9,0.0,C40H46N6O4
CCCCCCCCN1C(=O)c2c(-c3ccccc3)cc3c4cc(-c5ccccc5)c5c6c(c(-c7ccccc7)cc(c7cc(-c8ccccc8)c(c2c37)C1=O)c64)C(=O)N(CCCCCCCC)C5=O,CCCCCCCC,Pubchem,919.1780000000003,5,8,7,0.0,C64H58N2O4
COCCCN1C(=O)c2ccc3c4ccc5c6c(ccc(c7ccc(c2c37)C1=O)c64)C(=O)N(CCCOC)C5=O,CCCOC,Pubchem,534.5680000000004,2,5,4,0.0,C32H26N2O6
Cc1cc(C)c(N2C(=O)c3ccc4c5ccc6c7c(ccc(c8ccc(c3c48)C2=O)c75)C(=O)N(c2c(C)cc(C)cc2C)C6=O)c(C)c1,Cc1cc(C)cc(C)c1,Pubchem,626.7120000000001,0,9,9,1.5,C42H30N2O4
O=C1c2ccc3c4ccc5c6c(ccc(c7ccc(c2c37)C(=O)N1c1ccc(Nc2ccccc2)cc1)c64)C(=O)N(c1ccc(Nc2ccccc2)cc1)C5=O,c1ccc(Nc2ccccc2)cc1,Pubchem,724.7760000000002,2,13,14,3.0,C48H28N4O4
O=C1c2ccc3c4ccc5c6c(ccc(c7ccc(c2c37)C(=O)N1CCO)c64)C(=O)N(CCO)C5=O,CCO,Pubchem,478.4600000000003,0,3,2,0.0,C28H18N2O6
O=C1c2ccc3c4ccc5c6c(ccc(c7ccc(c2c37)C(=O)N1C1CCCCC1)c64)C(=O)N(C1CCCCC1)C5=O,C1CCCCC1,Pubchem,554.6460000000003,0,6,6,1.0,C36H30N2O4
CC(C)(C)c1ccc(C(C)(C)C)c(N2C(=O)c3ccc4c5ccc6c7c(cc([N+](=O)[O-])c(c8ccc(c3c48)C2=O)c75)C(=O)N(c2cc(C(C)(C)C)ccc2C(C)(C)C)C6=O)c1,CC(C)(C)c1ccc(C(C)(C)C)cc1,Pubchem,811.9789999999999,0,14,14,1.5,C52H49N3O6
CCCCC(CCCC)N1C(=O)c2ccc3c4ccc5c6c(cc([N+](=O)[O-])c(c7ccc(c2c37)C1=O)c64)C(=O)N(C(CCCC)CCCC)C5=O,CCCCCCCCC,Pubchem,687.8369999999999,6,9,8,0.0,C42H45N3O6
CCCCCCC(CCCCCC)N1C(=O)c2ccc3c4ccc5c6c(cc([N+](=O)[O-])c(c7ccc(c2c37)C1=O)c64)C(=O)N(C(CCCCCC)CCCCCC)C5=O,CCCCCCCCCCCCC,Pubchem,800.0529999999994,10,13,12,0.0,C50H61N3O6
CCCCCCC(CCCCCC)N1C(=O)c2ccc3c4ccc5c6c(cc(N(C)C)c(c7ccc(c2c37)C1=O)c64)C(=O)N(C(CCCCCC)CCCCCC)C5=O,CCCCCCCCCCCCC,Pubchem,798.1249999999993,10,13,12,0.0,C52H67N3O4
C=CCN1C(=O)c2ccc3c4ccc5c6c(ccc(c7ccc(c2c37)C1=O)c64)C(=O)N(CC=C)C5=O,C=CC,Pubchem,470.4840000000003,0,3,2,0.0,C30H18N2O4
O=C1c2ccc3c4ccc5c6c(ccc(c7ccc(c2c37)C(=O)N1C1CCCC1)c64)C(=O)N(C1CCCC1)C5=O,C1CCCC1,Pubchem,526.5920000000004,0,5,5,1.0,C34H26N2O4
O=C1c2ccc3c4ccc5c6c(ccc(c7ccc(c2c37)C(=O)N1C1CCCCCCCCCCC1)c64)C(=O)N(C1CCCCCCCCCCC1)C5=O,C1CCCCCCCCCCC1,Pubchem,722.9699999999995,0,12,12,1.0,C48H54N2O4
CCCC(CCC)N1C(=O)c2ccc3c4ccc5c6c(ccc(c7ccc(c2c37)C1=O)c64)C(=O)N(C(CCC)CCC)C5=O,CCCCCCC,Pubchem,586.7320000000002,4,7,6,0.0,C38H38N2O4
CCCCC(CCCC)N1C(=O)c2ccc3c4ccc5c6c(ccc(c7ccc(c2c37)C1=O)c64)C(=O)N(C(CCCC)CCCC)C5=O,CCCCCCCCC,Pubchem,642.8399999999998,6,9,8,0.0,C42H46N2O4
CCCCCC(CCCCC)N1C(=O)c2ccc3c4ccc5c6c(ccc(c7ccc(c2c37)C1=O)c64)C(=O)N(C(CCCCC)CCCCC)C5=O,CCCCCCCCCCC,Pubchem,698.9479999999996,8,11,10,0.0,C46H54N2O4
CCCCCCC(CCCCCC)N1C(=O)c2ccc3c4ccc5c6c(cc(OC)c(c7ccc(c2c37)C1=O)c64)C(=O)N(C(CCCCCC)CCCCCC)C5=O,CCCCCCCCCCCCC,Pubchem,785.0819999999994,10,13,12,0.0,C51H64N2O5
CCCCCCC(CCCCCC)N1C(=O)c2ccc3c4cc(N5CCCC5)c5c6c(c7[nH]c(-c8ccccc8)nc7c(c7ccc(c2c37)C1=O)c64)C(=O)N(C(CCCCCC)CCCCCC)C5=O,CCCCCCCCCCCCC,Pubchem,940.2859999999991,10,13,12,0.0,C61H73N5O4
CCCCCCC(CCCCCC)N1C(=O)c2ccc3c4c2c(c(N2CCCC2)cc4c2ccc4c5c(c6[nH]c(-c7ccccc7)nc6c3c52)C(=O)N(C(CCCCCC)CCCCCC)C4=O)C1=O,CCCCCCCCCCCCC,Pubchem,940.285999999999,10,13,12,0.0,C61H73N5O4
CCCCN1C(=O)c2cc(Oc3ccccc3)c3c4c(Oc5ccccc5)cc5c6c(cc(Oc7ccccc7)c(c7c(Oc8ccccc8)cc(c2c37)C1=O)c64)C(=O)N(CCCC)C5=O,CCCC,Pubchem,870.9580000000003,1,4,3,0.0,C56H42N2O8
CC(C)c1cccc(C(C)C)c1N1C(=O)c2ccc3c4ccc5c6c(cc(O)c(c7ccc(c2c37)C1=O)c64)C(=O)N(c1c(C(C)C)cccc1C(C)C)C5=O,CC(C)c1cccc(C(C)C)c1,Pubchem,726.8730000000002,2,12,12,1.5,C48H42N2O5
CC(C)c1cccc(C(C)C)c1N1C(=O)c2ccc3c4ccc5c6c(cc(-c7ccccc7)c(c7ccc(c2c37)C1=O)c64)C(=O)N(c1c(C(C)C)cccc1C(C)C)C5=O,CC(C)c1cccc(C(C)C)c1,Pubchem,786.9720000000001,2,12,12,1.5,C54H46N2O4
CCCCN1C(=O)c2ccc3c4c(N5CCOCC5)cc5c6c(cc(N7CCOCC7)c(c7ccc(c2c37)C1=O)c64)C(=O)N(CCCC)C5=O,CCCC,Pubchem,672.7819999999999,1,4,3,0.0,C40H40N4O6
C#Cc1ccc(N2C(=O)c3ccc4c5c(Oc6ccc(C(C)(C)CC(C)(C)C)cc6)cc6c7c(ccc(c8c(Oc9ccc(C(C)(C)CC(C)(C)C)cc9)cc(c3c48)C2=O)c75)C(=O)N(c2ccc(C#C)cc2)C6=O)cc1,C#Cc1ccccc1,Pubchem,999.2199999999997,0,8,8,1.5,C68H58N2O6
CC(C)(C)c1cc(Oc2cc3c4c(ccc5c6c(Oc7cc(C(C)(C)C)cc(C(C)(C)C)c7)cc7c8c(ccc(c2c45)c86)C(=O)NC7=O)C(=O)NC3=O)cc(C(C)(C)C)c1,H,Pubchem,798.9799999999998,0,0,0,0.0,C52H50N2O6
CC(CN1C(=O)c2ccc3c4ccc5c6c(ccc(c7ccc(c2c37)C1=O)c64)C(=O)N(CC(C)N(C)C)C5=O)N(C)C,CC(C)N(C)C,Pubchem,560.6540000000002,1,6,5,0.0,C34H32N4O4
CCCCCCc1cc2c3cc(CCCCCC)c4c5c(c(CCCCCC)cc(c6cc(CCCCCC)c7c(c1C(=O)N(C(CC)CC)C7=O)c26)c53)C(=O)N(C(CC)CC)C4=O,CCCCC,Pubchem,867.2719999999994,2,5,4,0.0,C58H78N2O4
CCC(CC)N1C(=O)c2c(CCC3CCCCC3)cc3c4cc(CCC5CCCCC5)c5c6c(c(CCC7CCCCC7)cc(c7cc(CCC8CCCCC8)c(c2c37)C1=O)c64)C(=O)N(C(CC)CC)C5=O,CCCCC,Pubchem,971.4239999999991,2,5,4,0.0,C66H86N2O4
O=C1c2ccc3c4c5cc6c7c(ccc(c8c(cc(c2c38)C(=O)N1C1CCCCC1)Oc1cccc(c1)OCCOCCOc1cccc(c1)O5)c74)C(=O)N(C1CCCCC1)C6=O,C1CCCCC1,Pubchem,840.9290000000002,0,6,6,1.0,C52H44N2O9
CC(C)(C)c1ccc(Oc2cc3c4c(ccc5c6c(Oc7ccc(C(C)(C)C)cc7)cc7c8c(ccc(c2c45)c86)C(=O)N(CCO)C7=O)C(=O)N(CCO)C3=O)cc1,CCO,Pubchem,774.8699999999999,0,3,2,0.0,C48H42N2O8
CCCCN1C(=O)c2ccc3c4c(N5CCCCC5)cc5c6c(ccc(c7c(N8CCCCC8)cc(c2c37)C1=O)c64)C(=O)N(CCCC)C5=O,CCCC,Pubchem,668.8379999999997,1,4,3,0.0,C42H44N4O4
CC(C)C(C(C)C)N1C(=O)c2ccc3c4ccc5c6c(cc(C#Cc7ccccc7)c(c7ccc(c2c37)C1=O)c64)C(=O)N(C(C(C)C)C(C)C)C5=O,CC(C)CC(C)C,Pubchem,686.8520000000002,2,7,6,0.0,C46H42N2O4
CC(C)c1cccc(C(C)C)c1Oc1cc2c3c(ccc4c5c(Oc6c(C(C)C)cccc6C(C)C)cc6c7c(ccc(c1c34)c75)C(=O)N(C1CCCCC1)C6=O)C(=O)N(C1CCCCC1)C2=O,C1CCCCC1,Pubchem,907.1639999999996,0,6,6,1.0,C60H62N2O6
CC(C)c1cccc(C(C)C)c1N1C(=O)c2ccc3c4ccc5c6c(cc(O)c(c7c(O)cc(c2c37)C1=O)c64)C(=O)N(c1c(C(C)C)cccc1C(C)C)C5=O,CC(C)c1cccc(C(C)C)c1,Pubchem,742.8720000000002,2,12,12,1.5,C48H42N2O6
CC(C)c1cccc(C(C)C)c1N1C(=O)c2ccc3c4c(-n5cnc6ccccc65)cc5c6c(cc(O)c(c7c(O)cc(c2c37)C1=O)c64)C(=O)N(c1c(C(C)C)cccc1C(C)C)C5=O,CC(C)c1cccc(C(C)C)c1,Pubchem,858.9950000000001,2,12,12,1.5,C55H46N4O6
O=C1c2ccc3c4ccc5c6c(ccc(c7ccc(c2c37)C(=O)N1c1cccnc1)c64)C(=O)N(c1cccnc1)C5=O,c1ccncc1,Pubchem,544.5260000000003,0,6,6,1.5,C34H16N4O4
O=C1c2ccc3c4ccc5c6c(cc([N+](=O)[O-])c(c7ccc(c2c37)C(=O)N1C1CCCCC1)c64)C(=O)N(C1CCCCC1)C5=O,C1CCCCC1,Pubchem,599.6430000000004,0,6,6,1.0,C36H29N3O6
CCCCN1C(=O)c2ccc3c4c(Oc5ccccc5)cc5c6c(ccc(c7c(Oc8ccccc8)cc(c2c37)C1=O)c64)C(=O)N(CCCC)C5=O,CCCC,Pubchem,686.7640000000005,1,4,3,0.0,C44H34N2O6
CCC(CC)N1C(=O)c2ccc3c4c([N+](=O)[O-])cc5c6c(ccc(c7c(-c8ccc(C=O)cc8)cc(c2c37)C1=O)c64)C(=O)N(C(CC)CC)C5=O,CCCCC,Pubchem,679.7290000000004,2,5,4,0.0,C41H33N3O7
CCC(CC)N1C(=O)c2ccc3c4ccc5c6c(cc(-c7ccc(C=O)cc7)c(c7ccc(c2c37)C1=O)c64)C(=O)N(C(CC)CC)C5=O,CCCCC,Pubchem,634.7320000000004,2,5,4,0.0,C41H34N2O5
CC(C)c1cccc(C(C)C)c1N1C(=O)c2ccc3c4ccc5c6c(cc(-c7ccc(C=O)cc7)c(c7ccc(c2c37)C1=O)c64)C(=O)N(c1c(C(C)C)cccc1C(C)C)C5=O,CC(C)c1cccc(C(C)C)c1,Pubchem,814.9820000000001,2,12,12,1.5,C55H46N2O5
CCCCCCC(CCCCCC)N1C(=O)c2ccc3c4ccc5c6c(cc(-c7cc8cc(C(C)(C)C)cc9ccc%10cc(C(C)(C)C)cc7c%10c98)c(c7ccc(c2c37)C1=O)c64)C(=O)N(C(CCCCCC)CCCCCC)C5=O,CCCCCCCCCCCCC,Pubchem,1067.5119999999988,10,13,12,0.0,C74H86N2O4
CC(C)c1cccc(C(C)C)c1Oc1cc2c3c(ccc4c5ccc6c7c(ccc(c1c34)c75)C(=O)N(C1CCCCC1)C6=O)C(=O)N(C1CCCCC1)C2=O,C1CCCCC1,Pubchem,730.9049999999995,0,6,6,1.0,C48H46N2O5
CC(C)(C)c1cc(-c2ccc(N3C(=O)c4ccc5c6ccc7c8c(ccc(c9ccc(c4c59)C3=O)c86)C(=O)N(c3ccc(-c4cc(C(C)(C)C)cc(C(C)(C)C)c4)cc3)C7=O)cc2)cc(C(C)(C)C)c1,CC(C)(C)c1cc(-c2ccccc2)cc(C(C)(C)C)c1,Pubchem,919.1779999999998,1,20,21,3.0,C64H58N2O4
CCOCCCN1C(=O)c2ccc3c4ccc5c6c(ccc(c7ccc(c2c37)C1=O)c64)C(=O)N(CCCOCC)C5=O,CCCOCC,Pubchem,562.6220000000003,3,6,5,0.0,C34H30N2O6
Nc1ccc(N2C(=O)c3ccc4c5ccc6c7c(ccc(c8ccc(c3c48)C2=O)c75)C(=O)N(c2ccc(N)c(S(=O)(=O)O)c2)C6=O)cc1S(=O)(=O)O,Nc1ccccc1S(=O)(=O)O,Pubchem,732.7080000000004,1,11,11,1.5,C36H20N4O10S2
CCOC(CC)N1C(=O)c2ccc3c4ccc5c6c(ccc(c7ccc(c2c37)C1=O)c64)C(=O)N(C(CC)OCC)C5=O,CCCOCC,Pubchem,562.6220000000003,3,6,5,0.0,C34H30N2O6
O=C1c2ccc3c4ccc5c6c(ccc(c7ccc(c2c37)C(=O)N1c1cccc(S)c1)c64)C(=O)N(c1cccc(S)c1)C5=O,Sc1ccccc1,Pubchem,606.6840000000004,0,7,7,1.5,C36H18N2O4S2
NCC(CN)CCC(=O)NCCCN1C(=O)c2ccc3c4ccc5c6c(ccc(c7ccc(c2c37)C1=O)c64)C(=O)N(CCCNC(=O)CCC(CN)CN)C5=O,CCCNC(=O)CCC(CN)CN,Pubchem,760.8959999999997,7,13,12,0.0,C42H48N8O6
Cc1cccc(N2C(=O)c3ccc4c5ccc6c7c(ccc(c8ccc(c3c48)C2=O)c75)C(=O)N(c2cccc(C)c2C)C6=O)c1C,Cc1ccccc1C,Pubchem,598.6580000000001,0,8,8,1.5,C40H26N2O4
O=C(O)c1cc(N2C(=O)c3ccc4c5ccc6c7c(ccc(c8ccc(c3c48)C2=O)c75)C(=O)N(c2ccc(O)c(C(=O)O)c2)C6=O)ccc1O,O=C(O)c1ccccc1O,Pubchem,662.5660000000005,1,10,10,1.5,C38H18N2O10
Cc1ccc(N2C(=O)c3ccc4c5ccc6c7c(ccc(c8ccc(c3c48)C2=O)c75)C(=O)N(c2ccc(C)c(C)c2)C6=O)cc1C,Cc1ccccc1C,Pubchem,598.6580000000002,0,8,8,1.5,C40H26N2O4
CCCCC(CCCC)N1C(=O)c2ccc3c4ccc5c6c(cc(N(C)C)c(c7ccc(c2c37)C1=O)c64)C(=O)N(C(CCCC)CCCC)C5=O,CCCCCCCCC,Pubchem,685.9089999999998,6,9,8,0.0,C44H51N3O4
CCCCCCC(CO)(CCCCCC)CN1C(=O)c2ccc3c4ccc5c6c(ccc(c7ccc(c2c37)C1=O)c64)C(=O)N(CC(CO)(CCCCCC)CCCCCC)C5=O,CCCCCCC(C)(CO)CCCCCC,Pubchem,843.1619999999994,11,16,15,0.0,C54H70N2O6
COCCC(CO)(CCOC)CN1C(=O)c2ccc3c4ccc5c6c(ccc(c7ccc(c2c37)C1=O)c64)C(=O)N(CC(CO)(CCOC)CCOC)C5=O,COCCC(C)(CO)CCOC,Pubchem,738.834,7,12,11,0.0,C42H46N2O10
N#Cc1cc2c3c(ccc4c5c(N6CCCC6)cc6c7c(ccc(c1c34)c75)C(=O)N(C1CCCCC1)C6=O)C(=O)N(C1CCCCC1)C2=O,C1CCCCC1,Pubchem,648.763,0,6,6,1.0,C41H36N4O4
O=C1c2ccc3c4c(N5CCCC5)cc5c6c(ccc(c7c(N8CCCC8)cc(c2c37)C(=O)N1C1CCCCC1)c64)C(=O)N(C1CCCCC1)C5=O,C1CCCCC1,Pubchem,692.8599999999998,0,6,6,1.0,C44H44N4O4
CCCC(CCC)C(CN1C(=O)c2ccc3c4ccc5c6c(ccc(c7ccc(c2c37)C1=O)c64)C(=O)N(CC(C(CCC)CCC)C(CCC)CCC)C5=O)C(CCC)CCC,CCCC(CCC)C(C)C(CCC)CCC,Pubchem,839.2179999999993,10,16,15,0.0,C56H74N2O4
O=C1NC(=O)c2c3ccccc3c3c4c2c1ccc4c1ccc2c4c(c5ccccc5c3c41)C(=O)NC2=O,H,Pubchem,490.4740000000003,0,0,0,0.0,C32H14N2O4
CCCCC(CCCC)C(CO)CN1C(=O)c2ccc3c4ccc5c6c(ccc(c7ccc(c2c37)C1=O)c64)C(=O)N(CC(CO)C(CCCC)CCCC)C5=O,CCCCC(CCCC)C(C)CO,Pubchem,758.9999999999998,8,13,12,0.0,C48H58N2O6
CCCCC(CCCC)C(CO)CN1C(=O)c2ccc3c4ccc5c6c(cc(OC)c(c7ccc(c2c37)C1=O)c64)C(=O)N(CC(CO)C(CCCC)CCCC)C5=O,CCCCC(CCCC)C(C)CO,Pubchem,789.0259999999997,8,13,12,0.0,C49H60N2O7
CCCCc1ccc(N2C(=O)c3ccc4c5ccc6c7c(ccc(c8ccc(c3c48)C2=O)c75)C(=O)N(c2ccc(CCCC)cc2)C6=O)cc1,CCCCc1ccccc1,Pubchem,654.7660000000001,3,10,10,1.5,C44H34N2O4
O=C1c2ccc3c4ccc5c6c(ccc(c7ccc(c2c37)C(=O)N1CCS(=O)(=O)O)c64)C(=O)N(CCS(=O)(=O)O)C5=O,CCS(=O)(=O)O,Pubchem,606.5900000000004,1,6,5,0.0,C28H18N2O10S2
O=C1c2ccc3c4ccc5c6c(ccc(c7ccc(c2c37)C(=O)N1CCN1CCCC1)c64)C(=O)N(CCN1CCCC1)C5=O,CCN1CCCC1,Pubchem,584.676,1,7,7,1.0,C36H32N4O4
CCOC(=O)CN1C(=O)c2ccc3c4ccc5c6c(ccc(c7ccc(c2c37)C1=O)c64)C(=O)N(CC(=O)OCC)C5=O,CCOC(C)=O,Pubchem,562.5340000000003,1,6,5,0.0,C32H22N2O8
CCCCN1C(=O)c2cc(Oc3ccc(C(C)(C)C)cc3)c3c4c(Oc5ccc(C(C)(C)C)cc5)cc5c6c(cc(Oc7ccc(C(C)(C)C)cc7)c(c7c(Oc8ccc(C(C)(C)C)cc8)cc(c2c37)C1=O)c64)C(=O)N(CCCC)C5=O,CCCC,Pubchem,1095.3899999999994,1,4,3,0.0,C72H74N2O8
O=C1c2ccc3c4c(Oc5ccccc5)cc5c6c(ccc(c7c(Oc8ccccc8)cc(c2c37)C(=O)N1C1CCCCC1)c64)C(=O)N(C1CCCCC1)C5=O,C1CCCCC1,Pubchem,738.8400000000005,0,6,6,1.0,C48H38N2O6
O=C1c2ccc3c4ccc5c6c(ccc(c7ccc(c2c37)C(=O)N1CO)c64)C(=O)N(CO)C5=O,CO,Pubchem,450.40600000000023,0,2,1,0.0,C26H14N2O6
CC(C)c1cccc(C(C)C)c1N1C(=O)c2ccc3c4c(-c5ccc(C=O)cc5)cc5c6c(ccc(c7c(-c8ccc(C=O)cc8)cc(c2c37)C1=O)c64)C(=O)N(c1c(C(C)C)cccc1C(C)C)C5=O,CC(C)c1cccc(C(C)C)c1,Pubchem,919.09,2,12,12,1.5,C62H50N2O6
COc1ccc(-c2cc3c4c(ccc5c6c(-c7ccc(OC)cc7)cc7c8c(ccc(c2c45)c86)C(=O)N(c2c(C(C)C)cccc2C(C)C)C7=O)C(=O)N(c2c(C(C)C)cccc2C(C)C)C3=O)cc1,CC(C)c1cccc(C(C)C)c1,Pubchem,923.122,2,12,12,1.5,C62H54N2O6
CC(C)(CO)CN1C(=O)c2ccc3c4ccc5c6c(ccc(c7ccc(c2c37)C1=O)c64)C(=O)N(CC(C)(C)CO)C5=O,CC(C)(C)CO,Pubchem,562.6220000000004,0,6,5,0.0,C34H30N2O6
CC(C)c1cccc(C(C)C)c1N1C(=O)c2ccc3c4c(-c5ccccc5)cc5c6c(ccc(c7c(-c8ccccc8)cc(c2c37)C1=O)c64)C(=O)N(c1c(C(C)C)cccc1C(C)C)C5=O,CC(C)c1cccc(C(C)C)c1,Pubchem,863.07,2,12,12,1.5,C60H50N2O4
CC(C)c1cccc(C(C)C)c1N1C(=O)c2ccc3c4c(Oc5ccc(CCN)cc5)cc5c6c(ccc(c7c(Oc8ccc(CCN)cc8)cc(c2c37)C1=O)c64)C(=O)N(c1c(C(C)C)cccc1C(C)C)C5=O,CC(C)c1cccc(C(C)C)c1,Pubchem,981.2059999999996,2,12,12,1.5,C64H60N4O6
O=C(O)c1ccc(N2C(=O)c3ccc4c5ccc6c7c(ccc(c8ccc(c3c48)C2=O)c75)C(=O)N(c2ccc(C(=O)O)cc2)C6=O)cc1,O=C(O)c1ccccc1,Pubchem,630.5680000000003,1,9,9,1.5,C38H18N2O8
Cc1cccc(N2C(=O)c3ccc4c5ccc6c7c(ccc(c8ccc(c3c48)C2=O)c75)C(=O)N(c2cccc(C)c2)C6=O)c1,Cc1ccccc1,Pubchem,570.6040000000003,0,7,7,1.5,C38H22N2O4
CC(C)CN1C(=O)c2ccc3c4ccc5c6c(ccc(c7ccc(c2c37)C1=O)c64)C(=O)N(CC(C)C)C5=O,CC(C)C,Pubchem,502.57000000000033,0,4,3,0.0,C32H26N2O4
O=C1c2ccc3c4ccc5c6c(ccc(c7ccc(c2c37)C(=O)N1c1cc(S(=O)(=O)O)cc(S(=O)(=O)O)c1)c64)C(=O)N(c1cc(S(=O)(=O)O)cc(S(=O)(=O)O)c1)C5=O,O=S(=O)(O)c1cccc(S(=O)(=O)O)c1,Pubchem,862.8060000000004,2,14,14,1.5,C36H18N2O16S4
NCCCCN1C(=O)c2ccc3c4ccc5c6c(ccc(c7ccc(c2c37)C1=O)c64)C(=O)N(CCCCN)C5=O,CCCCN,Pubchem,532.6000000000004,2,5,4,0.0,C32H28N4O4
NCCOCCOCCN1C(=O)c2ccc3c4ccc5c6c(ccc(c7ccc(c2c37)C1=O)c64)C(=O)N(CCOCCOCCN)C5=O,CCOCCOCCN,Pubchem,652.704,6,9,8,0.0,C36H36N4O8
O=C1c2ccc3c4ccc5c6c(ccc(c7ccc(c2c37)C(=O)N1CCCCCCO)c64)C(=O)N(CCCCCCO)C5=O,CCCCCCO,Pubchem,590.6760000000002,4,7,6,0.0,C36H34N2O6
Cc1cccc(CCN2C(=O)c3ccc4c5ccc6c7c(ccc(c8ccc(c3c48)C2=O)c75)C(=O)N(CCc2cccc(C)c2)C6=O)c1,CCc1cccc(C)c1,Pubchem,626.7120000000003,1,9,9,1.5,C42H30N2O4
CCN(CC)CCCN1C(=O)c2ccc3c4ccc5c6c(ccc(c7ccc(c2c37)C1=O)c64)C(=O)N(CCCN(CC)CC)C5=O,CCCN(CC)CC,Pubchem,616.7620000000001,4,8,7,0.0,C38H40N4O4
O=C1c2ccc3c4ccc5c6c(ccc(c7ccc(c2c37)C(=O)N1c1ccc(S(=O)(=O)O)cc1)c64)C(=O)N(c1ccc(S(=O)(=O)O)cc1)C5=O,O=S(=O)(O)c1ccccc1,Pubchem,702.6780000000006,1,10,10,1.5,C36H18N2O10S2
CCCCCCCCCCN1C(=O)c2ccc3c4ccc5c6c(ccc(c7ccc(c2c37)C1=O)c64)C(=O)N(CCCCCCCCCC)C5=O,CCCCCCCCCC,Pubchem,670.8939999999997,7,10,9,0.0,C44H50N2O4
CCN(CC)CCN1C(=O)c2ccc3c4ccc5c6c(ccc(c7ccc(c2c37)C1=O)c64)C(=O)N(CCN(CC)CC)C5=O,CCN(CC)CC,Pubchem,588.7080000000002,3,7,6,0.0,C36H36N4O4
CC[N+](C)(CC)CCN1C(=O)c2ccc3c4ccc5c6c(ccc(c7ccc(c2c37)C1=O)c64)C(=O)N(CC[N+](C)(CC)CC)C5=O,CC[N+](C)(CC)CC,Pubchem,618.778,3,8,7,0.0,C38H42N4O4+2
C[N+](C)(C)CCCN1C(=O)c2ccc3c4ccc5c6c(ccc(c7ccc(c2c37)C1=O)c64)C(=O)N(CCC[N+](C)(C)C)C5=O,CCC[N+](C)(C)C,Pubchem,590.7240000000003,2,7,6,0.0,C36H38N4O4+2
O=C1c2ccc3c4ccc5c6c(ccc(c7ccc(c2c37)C(=O)N1c1ccc(O)cc1)c64)C(=O)N(c1ccc(O)cc1)C5=O,Oc1ccccc1,Pubchem,574.5480000000005,0,7,7,1.5,C36H18N2O6
CCN1C(=O)c2ccc3c4ccc5c6c(ccc(c7ccc(c2c37)C1=O)c64)C(=O)N(CC)C5=O,CC,Pubchem,446.4620000000003,0,2,1,0.0,C28H18N2O4
O=C1c2ccc3c4c(N5CCCCC5)cc5c6c(ccc(c7c(N8CCCCC8)cc(c2c37)C(=O)N1C1CCCCC1)c64)C(=O)N(C1CCCCC1)C5=O,C1CCCCC1,Pubchem,720.9139999999996,0,6,6,1.0,C46H48N4O4
NCCCNCCCN1C(=O)c2ccc3c4ccc5c6c(ccc(c7ccc(c2c37)C1=O)c64)C(=O)N(CCCNCCCN)C5=O,CCCNCCCN,Pubchem,618.7379999999999,5,8,7,0.0,C36H38N6O4
O=C1c2ccc3c4ccc5c6c(ccc(c7ccc(c2c37)C(=O)N1CCCO)c64)C(=O)N(CCCO)C5=O,CCCO,Pubchem,506.5140000000004,1,4,3,0.0,C30H22N2O6
CC(O)CN1C(=O)c2ccc3c4ccc5c6c(ccc(c7ccc(c2c37)C1=O)c64)C(=O)N(CC(C)O)C5=O,CC(C)O,Pubchem,506.5140000000003,0,4,3,0.0,C30H22N2O6
O=C1c2ccc3c4ccc5c6c(ccc(c7ccc(c2c37)C(=O)N1CCOCCO)c64)C(=O)N(CCOCCO)C5=O,CCOCCO,Pubchem,566.5660000000004,3,6,5,0.0,C32H26N2O8
CC(c1ccccc1)N1C(=O)c2ccc3c4ccc5c6c(ccc(c7ccc(c2c37)C1=O)c64)C(=O)N(CCc1ccccc1)C5=O,CCc1ccccc1,Pubchem,598.6580000000004,1,8,8,1.5,C40H26N2O4
CCCCCCC#Cc1cc2c3c(ccc4c5c(C#CCCCCCC)cc6c7c(ccc(c1c34)c75)C(=O)N(C1CCCCC1)C6=O)C(=O)N(C1CCCCC1)C2=O,C1CCCCC1,Pubchem,771.014,0,6,6,1.0,C52H54N2O4
CNCCCN1C(=O)c2ccc3c4ccc5c6c(ccc(c7ccc(c2c37)C1=O)c64)C(=O)N(CCCNC)C5=O,CCCNC,Pubchem,532.6000000000004,2,5,4,0.0,C32H28N4O4
CC(C)c1cccc(C(C)C)c1N1C(=O)c2ccc3c4c(Oc5ccc(CCNC(=O)OC(C)(C)C)cc5)cc5c6c(ccc(c7c(Oc8ccc(CCNC(=O)OC(C)(C)C)cc8)cc(c2c37)C1=O)c64)C(=O)N(c1c(C(C)C)cccc1C(C)C)C5=O,CC(C)c1cccc(C(C)C)c1,Pubchem,1181.4399999999994,2,12,12,1.5,C74H76N4O10
CC(C)C(C(C)C)N1C(=O)c2ccc3c4ccc5c6c(cc(N7CCCCC7)c(c7ccc(c2c37)C1=O)c64)C(=O)N(C(C(C)C)C(C)C)C5=O,CC(C)CC(C)C,Pubchem,669.8659999999999,2,7,6,0.0,C43H47N3O4
CCC(CC)N1C(=O)c2ccc3c4ccc5c6c(cc(N7CCCCC7)c(c7ccc(c2c37)C1=O)c64)C(=O)N(C(CC)CC)C5=O,CCCCC,Pubchem,613.758,2,5,4,0.0,C39H39N3O4
Cc1ccc(C(C)(C)C)c(N2C(=O)c3ccc4c5ccc6c7c(ccc(c8ccc(c3c48)C2=O)c75)C(=O)N(c2cc(C(C)(C)C)ccc2C)C6=O)c1,Cc1ccc(C(C)(C)C)cc1,Pubchem,682.82,0,11,11,1.5,C46H38N2O4
O=C1c2ccc3c4ccc5c6c(ccc(c7ccc(c2c37)C(=O)N1COCO)c64)C(=O)N(COCO)C5=O,COCO,Pubchem,510.45800000000037,1,4,3,0.0,C28H18N2O8
O=C1c2ccc3c4ccc5c6c(ccc(c7ccc(c2c37)C(=O)N1Cc1ccncc1)c64)C(=O)N(Cc1ccncc1)C5=O,Cc1ccncc1,Pubchem,572.5800000000003,0,7,7,1.5,C36H20N4O4
O=C1c2ccc3c4ccc5c6c(ccc(c7ccc(c2c37)C(=O)N1CCCCO)c64)C(=O)N(CCCCO)C5=O,CCCCO,Pubchem,534.5680000000004,2,5,4,0.0,C32H26N2O6
O=C1c2ccc3c4ccc5c6c(cc7c(c8c(cc(c2c38)C(=O)N1CCc1ccccc1)S7(=O)=O)c64)C(=O)N(CCc1ccccc1)C5=O,CCc1ccccc1,Pubchem,660.7070000000001,1,8,8,1.5,C40H24N2O6S
Cc1ccc(CCN2C(=O)c3ccc4c5ccc6c7c(ccc(c8ccc(c3c48)C2=O)c75)C(=O)N(CCc2ccc(C)cc2)C6=O)cc1,CCc1ccc(C)cc1,Pubchem,626.7120000000003,1,9,9,1.5,C42H30N2O4
Cc1ccccc1CCN1C(=O)c2ccc3c4ccc5c6c(ccc(c7ccc(c2c37)C1=O)c64)C(=O)N(CCc1ccccc1C)C5=O,CCc1ccccc1C,Pubchem,626.7120000000003,1,9,9,1.5,C42H30N2O4
Cc1ccc(CN2C(=O)c3ccc4c5ccc6c7c(ccc(c8ccc(c3c48)C2=O)c75)C(=O)N(Cc2ccc(C)cc2)C6=O)cc1,Cc1ccc(C)cc1,Pubchem,598.6580000000002,0,8,8,1.5,C40H26N2O4
Cc1cccc(CN2C(=O)c3ccc4c5ccc6c7c(ccc(c8ccc(c3c48)C2=O)c75)C(=O)N(Cc2cccc(C)c2)C6=O)c1,Cc1cccc(C)c1,Pubchem,598.6580000000002,0,8,8,1.5,C40H26N2O4
C[n+]1ccc(CCN2C(=O)c3ccc4c5ccc6c7c(ccc(c8ccc(c3c48)C2=O)c75)C(=O)N(CCc2cc[n+](C)cc2)C6=O)cc1,CCc1cc[n+](C)cc1,Pubchem,630.7040000000003,1,9,9,1.5,C40H30N4O4+2
C[n+]1ccc(CN2C(=O)c3ccc4c5ccc6c7c(ccc(c8ccc(c3c48)C2=O)c75)C(=O)N(Cc2cc[n+](C)cc2)C6=O)cc1,Cc1cc[n+](C)cc1,Pubchem,602.6500000000003,0,8,8,1.5,C38H26N4O4+2
COc1cccc(CCN2C(=O)c3ccc4c5ccc6c7c(ccc(c8ccc(c3c48)C2=O)c75)C(=O)N(CCc2cccc(OC)c2)C6=O)c1,CCc1cccc(OC)c1,Pubchem,658.7100000000003,2,10,10,1.5,C42H30N2O6
COc1ccccc1CCN1C(=O)c2ccc3c4ccc5c6c(ccc(c7ccc(c2c37)C1=O)c64)C(=O)N(CCc1ccccc1OC)C5=O,CCc1ccccc1OC,Pubchem,658.7100000000003,2,10,10,1.5,C42H30N2O6
COc1cccc(CN2C(=O)c3ccc4c5ccc6c7c(ccc(c8ccc(c3c48)C2=O)c75)C(=O)N(Cc2cccc(OC)c2)C6=O)c1,COc1cccc(C)c1,Pubchem,630.6560000000003,1,9,9,1.5,C40H26N2O6
COc1ccccc1CN1C(=O)c2ccc3c4ccc5c6c(ccc(c7ccc(c2c37)C1=O)c64)C(=O)N(Cc1ccccc1OC)C5=O,COc1ccccc1C,Pubchem,630.6560000000003,1,9,9,1.5,C40H26N2O6
COCCOCC(C)(C)OC(=O)N1C(=O)c2ccc3c4ccc5c6c(ccc(c7ccc(c2c37)C1=O)c64)C(=O)N(C(=O)OC(C)(C)COCCOC)C5=O,COCCOCC(C)(C)OC=O,Pubchem,738.746,7,12,11,0.0,C40H38N2O12
C=CC(=O)OCCCCCCN1C(=O)c2ccc3c4ccc5c6c(ccc(c7ccc(c2c37)C1=O)c64)C(=O)N(CCCCCCOC(=O)C=C)C5=O,C=CC(=O)OCCCCCC,Pubchem,698.7719999999998,6,11,10,0.0,C42H38N2O8
C=CC(=O)OCCCN1C(=O)c2ccc3c4ccc5c6c(ccc(c7ccc(c2c37)C1=O)c64)C(=O)N(CCCOC(=O)C=C)C5=O,C=CC(=O)OCCC,Pubchem,614.6100000000002,3,8,7,0.0,C36H26N2O8
C=CC(=O)OCCN1C(=O)c2ccc3c4ccc5c6c(ccc(c7ccc(c2c37)C1=O)c64)C(=O)N(CCOC(=O)C=C)C5=O,C=CC(=O)OCC,Pubchem,586.5560000000003,2,7,6,0.0,C34H22N2O8
C=CC(=O)OCN1C(=O)c2ccc3c4ccc5c6c(ccc(c7ccc(c2c37)C1=O)c64)C(=O)N(COC(=O)C=C)C5=O,C=CC(=O)OC,Pubchem,558.5020000000003,1,6,5,0.0,C32H18N2O8
C=C(C)C(=O)OCCCCCN1C(=O)c2ccc3c4c(Oc5ccccc5)cc5c6c(ccc(c7c(Oc8ccccc8)cc(c2c37)C1=O)c64)C(=O)N(CCCCCOC(=O)C(=C)C)C5=O,C=C(C)C(=O)OCCCCC,Pubchem,882.9659999999999,5,11,10,0.0,C54H46N2O10
Cc1cc2c3c(cc(C)c4c5c(C)cc6c7c(cc(C)c(c1c34)c75)C(=O)N(c1ccccc1)C6=O)C(=O)N(c1ccccc1)C2=O,c1ccccc1,Pubchem,598.6580000000002,0,6,6,1.5,C40H26N2O4
CC(C)c1ccc(C(C)C)c(N2C(=O)c3ccc4c5ccc6c7c(ccc(c8ccc(c3c48)C2=O)c75)C(=O)N(c2cc(C(C)C)ccc2C(C)C)C6=O)c1,CC(C)c1ccc(C(C)C)cc1,Pubchem,710.874,2,12,12,1.5,C48H42N2O4
CC(C)c1cccc(C(C)C)c1N1C(=O)c2ccc3c4c(Oc5ccc(CCO)cc5)cc5c6c(ccc(c7c(Oc8ccc(CCO)cc8)cc(c2c37)C1=O)c64)C(=O)N(c1c(C(C)C)cccc1C(C)C)C5=O,CC(C)c1cccc(C(C)C)c1,Pubchem,983.1739999999999,2,12,12,1.5,C64H58N2O8
O=C1c2ccc3c4ccc5c6c(ccc(c7ccc(c2c37)C(=O)N1c1ccc([N+](=O)[O-])cc1)c64)C(=O)N(c1ccc([N+](=O)[O-])cc1)C5=O,O=[N+]([O-])c1ccccc1,Pubchem,632.5440000000003,1,9,9,1.5,C36H16N4O8
Cc1cc2c3c(cc(C)c4c5c(C)cc6c7c(cc(C)c(c1c34)c75)C(=O)N(c1c(C(C)C)cccc1C(C)C)C6=O)C(=O)N(c1c(C(C)C)cccc1C(C)C)C2=O,CC(C)c1cccc(C(C)C)c1,Pubchem,766.982,2,12,12,1.5,C52H50N2O4
Cc1cc2c3c(cc(C)c4c5c(C)cc6c7c(cc(C)c(c1c34)c75)C(=O)N(C)C6=O)C(=O)N(C)C2=O,C,Pubchem,474.5160000000003,0,1,0,0.0,C30H22N2O4
CCc1ccc(CC)c(N2C(=O)c3ccc4c5ccc6c7c(ccc(c8ccc(c3c48)C2=O)c75)C(=O)N(c2cc(CC)ccc2CC)C6=O)c1,CCc1ccc(CC)cc1,Pubchem,654.7660000000001,2,10,10,1.5,C44H34N2O4
NCN1C(=O)c2ccc3c4ccc5c6c(ccc(c7ccc(c2c37)C1=O)c64)C(=O)N(CN)C5=O,CN,Pubchem,448.4380000000003,0,2,1,0.0,C26H16N4O4
Cc1ccc(C)c(N2C(=O)c3ccc4c5ccc6c7c(ccc(c8ccc(c3c48)C2=O)c75)C(=O)N(c2cc(C)ccc2C)C6=O)c1,Cc1ccc(C)cc1,Pubchem,598.6580000000002,0,8,8,1.5,C40H26N2O4
Cc1cc(C)c(N2C(=O)c3ccc4c5ccc6c7c(ccc(c8ccc(c3c48)C2=O)c75)C(=O)N(c2cc(C)c(C)cc2C)C6=O)cc1C,Cc1ccc(C)c(C)c1,Pubchem,626.7120000000001,0,9,9,1.5,C42H30N2O4
CC(C)c1cccc(C(C)C)c1Oc1cc2c3c(ccc4c5c(Oc6c(C(C)C)cccc6C(C)C)cc6c7c(ccc(c1c34)c75)C(=O)N(c1c(C(C)C)cccc1C(C)C)C6=O)C(=O)N(c1c(C(C)C)cccc1C(C)C)C2=O,CC(C)c1cccc(C(C)C)c1,Pubchem,1063.3919999999996,2,12,12,1.5,C72H74N2O6
CCCCC(C)N1C(=O)c2ccc3c4c(C#N)cc5c6c(ccc(c7c(C#N)cc(c2c37)C1=O)c64)C(=O)N(C(C)CCCC)C5=O,CCCCCC,Pubchem,608.6980000000002,3,6,5,0.0,C38H32N4O4
CCCCC=Cc1cc2c3c(ccc4c5c(C=CCCCC)cc6c7c(ccc(c1c34)c75)C(=O)N(C1CCCCC1)C6=O)C(=O)N(C1CCCCC1)C2=O,C1CCCCC1,Pubchem,718.9380000000001,0,6,6,1.0,C48H50N2O4
CCCCCCc1cc2c3c(ccc4c5c(CCCCCC)cc6c7c(ccc(c1c34)c75)C(=O)N(C1CCCCC1)C6=O)C(=O)N(C1CCCCC1)C2=O,C1CCCCC1,Pubchem,722.9700000000001,0,6,6,1.0,C48H54N2O4
CCCCCCCCC(=S)NN1C(=O)c2ccc3c4ccc5c6c(ccc(c7ccc(c2c37)C1=O)c64)C(=O)N(NC(=S)CCCCCCCC)C5=O,CCCCCCCCC(N)=S,Pubchem,732.9719999999998,7,11,10,0.0,C42H44N4O4S2
Cc1c2c3c(c(C)c(C)c4c5c(C)c(C)c6c7c(c(C)c(C)c(c(c1C)c34)c75)C(=O)N(C)C6=O)C(=O)N(C)C2=O,C,Pubchem,530.6240000000003,0,1,0,0.0,C34H30N2O4
CC(C)(C)c1cccc(C(C)(C)C)c1N1C(=O)c2ccc3c4ccc5c6c(ccc(c7ccc(c2c37)C1=O)c64)C(=O)N(c1c(C(C)(C)C)cccc1C(C)(C)C)C5=O,CC(C)(C)c1cccc(C(C)(C)C)c1,Pubchem,766.9819999999999,0,14,14,1.5,C52H50N2O4
NN1C(=O)c2ccc3c4ccc5c6c(ccc(c7ccc(c2c37)C1=O)c64)C(=O)N(N)C5=O,N,Pubchem,420.3840000000002,0,1,0,0.0,C24H12N4O4
Cc1cc2c3c(ccc4c5c(C)cc6c7c(ccc(c1c34)c75)C(=O)N(C)C6=O)C(=O)N(C)C2=O,C,Pubchem,446.4620000000002,0,1,0,0.0,C28H18N2O4
O=C(Oc1cc2c3c(ccc4c5ccc6c7c(ccc(c1c34)c75)C(=O)NC6=O)C(=O)NC2=O)C(=O)C(O)CO,H,Pubchem,522.4250000000003,0,0,0,0.0,C28H14N2O9
Cc1cc(C)cc(-c2c3c4c(ccc5c6ccc7c8c(ccc(c(c2-c2cc(C)cc(C)c2)c45)c86)C(=O)NC7=O)C(=O)NC3=O)c1,H,Pubchem,598.6580000000002,0,0,0,0.0,C40H26N2O4
CCCCC#Cc1cc2c3c(ccc4c5c(C#CCCCC#N)cc6c7c(ccc(c1c34)c75)C(=O)N(C1CCCCC1)C6=O)C(=O)N(C1CCCCC1)C2=O,C1CCCCC1,Pubchem,725.8890000000001,0,6,6,1.0,C48H43N3O4
Cc1cc(N2C(=O)c3ccc4c5ccc6c7c(ccc(c8ccc(c3c48)C2=O)c75)C(=O)N(c2cc(C)c(C)c(C)c2C)C6=O)c(C)c(C)c1C,Cc1ccc(C)c(C)c1C,Pubchem,654.7660000000001,0,10,10,1.5,C44H34N2O4
O=C1NC(=O)c2ccc3c4c(-c5ccccc5)c(-c5ccccc5)c5c6c(ccc(c7ccc1c2c73)c64)C(=O)NC5=O,H,Pubchem,542.5500000000002,0,0,0,0.0,C36H18N2O4
CCCCC=Cc1cc2c3c(ccc4c5c(C=CCCCC)cc6c7c(ccc(c1c34)c75)C(=O)N(c1cc(C)cc(C)c1)C6=O)C(=O)N(c1cc(C)cc(C)c1)C2=O,Cc1cccc(C)c1,Pubchem,762.95,0,8,8,1.5,C52H46N2O4
Nc1ccccc1N1C(=O)c2ccc3c4ccc5c6c(ccc(c7ccc(c2c37)C1=O)c64)C(=O)N(c1ccccc1N)C5=O,Nc1ccccc1,Pubchem,572.5800000000002,0,7,7,1.5,C36H20N4O4
CCc1cc2c3c(ccc4c5c(CC)cc6c7c(ccc(c1c34)c75)C(=O)N(C)C6=O)C(=O)N(C)C2=O,C,Pubchem,474.5160000000003,0,1,0,0.0,C30H22N2O4
CCc1cccc(CC)c1N1C(=O)c2ccc3c4ccc5c6c(ccc(c7ccc(c2c37)C1=O)c64)C(=O)N(c1c(CC)cccc1CC)C5=O,CCc1cccc(CC)c1,Pubchem,654.7660000000001,2,10,10,1.5,C44H34N2O4
CCCCC(CCCC)(CN1C(=O)c2ccc3c4ccc5c6c(ccc(c7ccc(c2c37)C1=O)c64)C(=O)N(CC(CCCC)(CCCC)c1ccccc1)C5=O)c1ccccc1,CCCCC(C)(CCCC)c1ccccc1,Pubchem,823.0899999999997,7,16,16,1.5,C56H58N2O4
CCC(C)N1C(=O)c2ccc3c4ccc5c6c(ccc(c7ccc(c2c37)C1=O)c64)C(=O)N(C(C)CC)C5=O,CCCC,Pubchem,502.57000000000033,1,4,3,0.0,C32H26N2O4
CCCCCCCNN1C(=O)c2ccc3c4ccc5c6c(ccc(c7ccc(c2c37)C1=O)c64)C(=O)N(NCCCCCCC)C5=O,CCCCCCCN,Pubchem,616.762,5,8,7,0.0,C38H40N4O4
CCCCCCCCOc1cc2c3c(ccc4c5c(OCCCCCCCC)cc6c7c(ccc(c1c34)c75)C(=O)N(CCCCC)C6=O)C(=O)N(CCCCC)C2=O,CCCCC,Pubchem,787.0539999999999,2,5,4,0.0,C50H62N2O6
[C-]#[N+]c1cc2c3c(cc(C#N)c4c5ccc6c7c(ccc(c1c34)c75)C(=O)N(C)C6=O)C(=O)N(C)C2=O,C,Pubchem,468.4280000000003,0,1,0,0.0,C28H12N4O4
[C-]#[N+]c1cc2c3c(ccc4c5c(C#N)cc6c7c(ccc(c1c34)c75)C(=O)N(C)C6=O)C(=O)N(C)C2=O,C,Pubchem,468.4280000000002,0,1,0,0.0,C28H12N4O4
CN1C(=O)c2ccc3c4ccc5c6c(c7ccccc7c(c64)c4c6ccccc6c(c2c34)C1=O)C(=O)N(C)C5=O,C,Pubchem,518.5280000000004,0,1,0,0.0,C34H18N2O4
CN1C(=O)c2ccc3c4c2c(c2ccccc2c4c2ccc4c5c(c6ccccc6c3c52)C(=O)N(C)C4=O)C1=O,C,Pubchem,518.5280000000004,0,1,0,0.0,C34H18N2O4
CC(C)Cc1ccc(C(C)(C)C)cc1N1C(=O)c2ccc3c4ccc5c6c(ccc(c7ccc(c2c37)C1=O)c64)C(=O)N(c1cc(C(C)(C)C)ccc1CC(C)C)C5=O,CC(C)Cc1ccc(C(C)(C)C)cc1,Pubchem,766.9819999999999,2,14,14,1.5,C52H50N2O4
O=C1c2ccc3c4ccc5c6c(ccc(c7ccc(c2c37)C(=O)N1CCOCCOCCOCCOc1cccnc1)c64)C(=O)N(CCOCCOCCOCCOc1cccnc1)C5=O,CCOCCOCCOCCOc1cccnc1,Pubchem,896.9499999999996,11,18,18,1.5,C50H48N4O12
CS(=O)(=O)OCCOCCOCCOCCN1C(=O)c2ccc3c4ccc5c6c(ccc(c7ccc(c2c37)C1=O)c64)C(=O)N(CCOCCOCCOCCOS(C)(=O)=O)C5=O,CCOCCOCCOCCOS(C)(=O)=O,Pubchem,898.9619999999998,11,16,15,0.0,C42H46N2O16S2
CC(=O)SCCOCCOCCOCCN1C(=O)c2ccc3c4ccc5c6c(ccc(c7ccc(c2c37)C1=O)c64)C(=O)N(CCOCCOCCOCCSC(C)=O)C5=O,CCOCCOCCOCCSC(C)=O,Pubchem,858.9879999999997,10,15,14,0.0,C44H46N2O12S2
O=C1c2ccc3c4ccc5c6c(ccc(c7ccc(c2c37)C(=O)N1CCOCCOCCOCCO)c64)C(=O)N(CCOCCOCCOCCO)C5=O,CCOCCOCCOCCO,Pubchem,742.778,9,12,11,0.0,C40H42N2O12
CC(C)N1C(=O)c2ccc3c4ccc5c6c(ccc(c7ccc(c2c37)C1=O)c64)C(=O)N(C(C)C)C5=O,CCC,Pubchem,474.51600000000025,0,3,2,0.0,C30H22N2O4
CC(C)N1C(=O)c2ccc3c4c(C#N)cc5c6c(cc(C#N)c(c7ccc(c2c37)C1=O)c64)C(=O)N(C(C)C)C5=O,CCC,Pubchem,524.5360000000003,0,3,2,0.0,C32H20N4O4
[C-]#[N+]c1cc2c3c(ccc4c5c(C#N)cc6c7c(ccc(c1c34)c75)C(=O)N(C(C)C)C6=O)C(=O)N(C(C)C)C2=O,CCC,Pubchem,524.5360000000003,0,3,2,0.0,C32H20N4O4
CN(C)c1ccc(N2C(=O)c3ccc4c5ccc6c7c(ccc(c8ccc(c3c48)C2=O)c75)C(=O)N(c2ccc(N(C)C)cc2)C6=O)cc1,CN(C)c1ccccc1,Pubchem,628.6880000000001,1,9,9,1.5,C40H28N4O4
CCCCCCCCN1C(=O)c2c(CCc3ccccc3)cc3c4cc(CCc5ccccc5)c5c6c(c(CCc7ccccc7)cc(c7cc(CCc8ccccc8)c(c2c37)C1=O)c64)C(=O)N(CCCCCCCC)C5=O,CCCCCCCC,Pubchem,1031.3939999999996,5,8,7,0.0,C72H74N2O4
CCC(CC)N1C(=O)c2ccc3c4c(OCCOC)cc5c6c(ccc(c7c(C#Cc8ccc(-c9cc(-c%10ccccn%10)nc(-c%10ccccn%10)c9)cc8)cc(c2c37)C1=O)c64)C(=O)N(C(CC)CC)C5=O,CCCCC,Pubchem,936.0809999999998,2,5,4,0.0,C60H49N5O6
CCCCC(C)N1C(=O)c2ccc3c4c(-c5cc6c(s5)-c5sc(C)cc5C65OCCO5)cc5c6c(ccc(c7c(C)cc(c2c37)C1=O)c64)C(=O)N(C(C)CCCC)C5=O,CCCCCC,Pubchem,821.033,3,6,5,0.0,C49H44N2O6S2
CCCCC(C)N1C(=O)c2ccc3c4c(-c5cc6c(s5)-c5sc(C)cc5C6=O)cc5c6c(ccc(c7c(C)cc(c2c37)C1=O)c64)C(=O)N(C(C)CCCC)C5=O,CCCCCC,Pubchem,776.9800000000001,3,6,5,0.0,C47H40N2O5S2
CC(C)c1cccc(C(C)C)c1N1C(=O)c2ccc3c4ccc5c6c(cc(-c7ccc(-c8cccs8)s7)c(c7ccc(c2c37)C1=O)c64)C(=O)N(c1c(C(C)C)cccc1C(C)C)C5=O,CC(C)c1cccc(C(C)C)c1,Pubchem,875.128,2,12,12,1.5,C56H46N2O4S2
CCCCCCCCCCCCOc1cc(C)cc(C(=O)OCCCCCCNc2cc3c4c(ccc5c6c(-c7cccs7)cc7c8c(ccc(c2c45)c86)C(=O)N(c2c(C(C)C)cccc2C(C)C)C7=O)C(=O)N(c2c(C(C)C)cccc2C(C)C)C3=O)c1,CC(C)c1cccc(C(C)C)c1,Pubchem,1210.634999999999,2,12,12,1.5,C78H87N3O7S
[C-]#[N+]c1cc2c3c(cc(C)c4c5ccc6c7c(ccc(c1c34)c75)C(=O)N(C)C6=O)C(=O)N(C)C2=O,C,Pubchem,457.4450000000002,0,1,0,0.0,C28H15N3O4
[C-]#[N+]c1cc2c3c(ccc4c5c(C)cc6c7c(ccc(c1c34)c75)C(=O)N(C)C6=O)C(=O)N(C)C2=O,C,Pubchem,457.4450000000002,0,1,0,0.0,C28H15N3O4
CCCCC#Cc1cc2c3c(ccc4c5c(C#CCCCC)cc6c7c(ccc(c1c34)c75)C(=O)N(CC(CC)CCCC)C6=O)C(=O)N(CC(CC)CCCC)C2=O,CCCCC(C)CC,Pubchem,775.0459999999999,4,8,7,0.0,C52H58N2O4
CCCCCCCCc1ccc(N2C(=O)c3ccc4c5ccc6c7c(ccc(c8ccc(c3c48)C2=O)c75)C(=O)N(c2ccc(CCCCCCCC)cc2)C6=O)cc1,CCCCCCCCc1ccccc1,Pubchem,766.9819999999997,7,14,14,1.5,C52H50N2O4
CCCCCCC(C)N1C(=O)c2ccc3c4ccc5c6c(ccc(c7ccc(c2c37)C1=O)c64)C(=O)N(C(C)CCCCCC)C5=O,CCCCCCCC,Pubchem,614.786,5,8,7,0.0,C40H42N2O4
CCCCCC(C)N1C(=O)c2ccc3c4ccc5c6c(ccc(c7ccc(c2c37)C1=O)c64)C(=O)N(C(C)CCCCC)C5=O,CCCCCCC,Pubchem,586.7320000000001,4,7,6,0.0,C38H38N2O4
CCCCCCCC(C)N1C(=O)c2ccc3c4ccc5c6c(ccc(c7ccc(c2c37)C1=O)c64)C(=O)N(C(C)CCCCCCC)C5=O,CCCCCCCCC,Pubchem,642.8399999999998,6,9,8,0.0,C42H46N2O4
CCCCC(C)N1C(=O)c2ccc3c4ccc5c6c(ccc(c7ccc(c2c37)C1=O)c64)C(=O)N(C(C)CCCC)C5=O,CCCCCC,Pubchem,558.6780000000002,3,6,5,0.0,C36H34N2O4
CC(C)CC(C)N1C(=O)c2ccc3c4ccc5c6c(ccc(c7ccc(c2c37)C1=O)c64)C(=O)N(C(C)CC(C)C)C5=O,CCCC(C)C,Pubchem,558.6780000000002,2,6,5,0.0,C36H34N2O4
[C-]#[N+]c1cc2c3c(ccc4c5c(C#N)cc6c7c(ccc(c1c34)c75)C(=O)N(C(C)CCCC)C6=O)C(=O)N(C(C)CCCC)C2=O,CCCCCC,Pubchem,608.6980000000002,3,6,5,0.0,C38H32N4O4
CCCc1cccc(C(C)C)c1N1C(=O)c2ccc3c4c(Oc5ccccc5)cc5c6c(ccc(c7c(Oc8ccccc8)cc(c2c37)C1=O)c64)C(=O)N(c1c(CCC)cccc1C(C)C)C5=O,CCCc1cccc(C(C)C)c1,Pubchem,895.068,3,12,12,1.5,C60H50N2O6
CCCc1cccc(C(C)C)c1N1C(=O)c2ccc3c4c(Oc5ccc(C(C)(C)CC(C)(C)C)cc5)cc5c6c(ccc(c7c(Oc8ccccc8)cc(c2c37)C1=O)c64)C(=O)N(c1c(CCC)cccc1C(C)C)C5=O,CCCc1cccc(C(C)C)c1,Pubchem,1007.2839999999997,3,12,12,1.5,C68H66N2O6
CCCc1cccc(C(C)C)c1N1C(=O)c2ccc3c4c(Oc5ccc(OCCO)cc5)cc5c6c(ccc(c7c(Oc8ccc(OCCO)cc8)cc(c2c37)C1=O)c64)C(=O)N(c1c(CCC)cccc1C(C)C)C5=O,CCCc1cccc(C(C)C)c1,Pubchem,1015.1719999999998,3,12,12,1.5,C64H58N2O10
CCCc1cccc(C(C)C)c1N1C(=O)c2ccc3c4c(Oc5ccc(S(=O)(=O)O)cc5)cc5c6c(ccc(c7c(Oc8ccccc8)cc(c2c37)C1=O)c64)C(=O)N(c1c(CCC)cccc1C(C)C)C5=O,CCCc1cccc(C(C)C)c1,Pubchem,975.1320000000001,3,12,12,1.5,C60H50N2O9S
CCCc1cccc(C(C)C)c1N1C(=O)c2ccc3c4c(Oc5c(C(C)C)cccc5C(C)C)cc5c6c(ccc(c7c(Oc8c(C(C)C)cccc8C(C)C)cc(c2c37)C1=O)c64)C(=O)N(c1c(CCC)cccc1C(C)C)C5=O,CCCc1cccc(C(C)C)c1,Pubchem,1063.3919999999996,3,12,12,1.5,C72H74N2O6
CCN1C(=O)c2ccc3c4c(N5CCCCC5)cc5c6c(ccc(c7c(N8CCCCC8)cc(c2c37)C1=O)c64)C(=O)N(CC)C5=O,CC,Pubchem,612.73,0,2,1,0.0,C38H36N4O4
CN1C(=O)c2ccc3c4c(-c5cccc([N+](=O)[O-])c5)cc5c6c(ccc(c7c(-c8cccc([N+](=O)[O-])c8)cc(c2c37)C1=O)c64)C(=O)N(C)C5=O,C,Pubchem,660.5980000000002,0,1,0,0.0,C38H20N4O8
CN1C(=O)c2ccc3c4c(-c5ccccc5)cc5c6c(ccc(c7c(-c8ccccc8)cc(c2c37)C1=O)c64)C(=O)N(C)C5=O,C,Pubchem,570.6040000000003,0,1,0,0.0,C38H22N2O4
Cc1ccc(-c2cc3c4c(ccc5c6c(-c7ccc(C)cc7)cc7c8c(ccc(c2c45)c86)C(=O)N(C)C7=O)C(=O)N(C)C3=O)cc1,C,Pubchem,598.6580000000001,0,1,0,0.0,C40H26N2O4
CC[NH+](CC)CCN1C(=O)c2ccc3c4ccc5c6c(ccc(c7ccc(c2c37)C1=O)c64)C(=O)N(CC[NH+](CC)CC)C5=O,CC[NH+](CC)CC,Pubchem,590.7240000000002,3,7,6,0.0,C36H38N4O4+2
C[n+]1cccc(N2C(=O)c3ccc4c5ccc6c7c(ccc(c8ccc(c3c48)C2=O)c75)C(=O)N(c2ccc[n+](C)c2)C6=O)c1,C[n+]1ccccc1,Pubchem,574.5960000000002,0,7,7,1.5,C36H22N4O4+2
CCc1cccc(CCN2C(=O)c3ccc4c5ccc6c7c(ccc(c8ccc(c3c48)C2=O)c75)C(=O)N(CCc2cccc(CC)c2)C6=O)c1,CCc1cccc(CC)c1,Pubchem,654.7660000000001,2,10,10,1.5,C44H34N2O4
CCc1ccc(CCN2C(=O)c3ccc4c5ccc6c7c(ccc(c8ccc(c3c48)C2=O)c75)C(=O)N(CCc2ccc(CC)cc2)C6=O)cc1,CCc1ccc(CC)cc1,Pubchem,654.7660000000001,2,10,10,1.5,C44H34N2O4
Cc1ccccc1CN1C(=O)c2ccc3c4ccc5c6c(ccc(c7ccc(c2c37)C1=O)c64)C(=O)N(Cc1ccccc1C)C5=O,Cc1ccccc1C,Pubchem,598.6580000000002,0,8,8,1.5,C40H26N2O4
Cc1ccc(CCN2C(=O)c3ccc4c5ccc6c7c(ccc(c8ccc(c3c48)C2=O)c75)C(=O)N(CCc2ccc(C)c(C)c2)C6=O)cc1C,CCc1ccc(C)c(C)c1,Pubchem,654.7660000000002,1,10,10,1.5,C44H34N2O4
CCCCN1C(=O)c2cc(Oc3ccc(O)cc3)c3c4c(Oc5ccc(O)cc5)cc5c6c(cc(Oc7ccc(O)cc7)c(c7c(Oc8ccc(O)cc8)cc(c2c37)C1=O)c64)C(=O)N(CCCC)C5=O,CCCC,Pubchem,934.9540000000003,1,4,3,0.0,C56H42N2O12
CCCCOc1ccc(Oc2cc3c4c(cc(Oc5ccc(OCCCC)cc5)c5c6c(Oc7ccc(OCCCC)cc7)cc7c8c(cc(Oc9ccc(OCCCC)cc9)c(c2c45)c86)C(=O)N(CCCC)C7=O)C(=O)N(CCCC)C3=O)cc1,CCCC,Pubchem,1159.3859999999995,1,4,3,0.0,C72H74N2O12
O=C(O)c1cc(C(=O)O)cc(N2C(=O)c3ccc4c5ccc6c7c(ccc(c8ccc(c3c48)C2=O)c75)C(=O)N(c2cc(C(=O)O)cc(C(=O)O)c2)C6=O)c1,O=C(O)c1cccc(C(=O)O)c1,Pubchem,718.5860000000002,2,12,12,1.5,C40H18N2O12
O=C1NC(=O)c2c(-c3ccccc3)cc3c4cc(-c5ccccc5)c5c6c(c(-c7ccccc7)cc(c7cc(-c8ccccc8)c1c2c73)c64)C(=O)NC5=O,H,Pubchem,694.7460000000002,0,0,0,0.0,C48H26N2O4
O=C1c2ccc3c4ccc5c6c(ccc(c7ccc(c2c37)C(=O)N1C1=CC=CCC1)c64)C(=O)N(C1=CC=CCC1)C5=O,C1=CCCC=C1,Pubchem,546.5820000000002,0,6,6,1.0,C36H22N2O4
O=C1c2ccc3c4ccc5c6c(ccc(c7ccc(c2c37)C(=O)N1c1ccccc1C1CCCC1)c64)C(=O)N(c1ccccc1C1CCCC1)C5=O,c1ccc(C2CCCC2)cc1,Pubchem,678.788,1,11,12,2.5,C46H34N2O4
CC(C)c1cc(C2CCCC2)cc(C(C)C)c1N1C(=O)c2ccc3c4ccc5c6c(ccc(c7ccc(c2c37)C1=O)c64)C(=O)N(c1c(C(C)C)cc(C2CCCC2)cc1C(C)C)C5=O,CC(C)c1cc(C(C)C)cc(C2CCCC2)c1,Pubchem,847.1119999999995,3,17,18,2.5,C58H58N2O4
CCCN(CCC)CCN1C(=O)c2ccc3c4ccc5c6c(ccc(c7ccc(c2c37)C1=O)c64)C(=O)N(CCN(CCC)CCC)C5=O,CCCN(CC)CCC,Pubchem,644.8159999999999,5,9,8,0.0,C40H44N4O4
CC(C)c1cccc(C(C)C)c1N1C(=O)c2ccc3c4c(N5CCCCC5)cc5c6c(ccc(c7c(N8CCCCC8)cc(c2c37)C1=O)c64)C(=O)N(c1c(C(C)C)cccc1C(C)C)C5=O,CC(C)c1cccc(C(C)C)c1,Pubchem,877.1419999999993,2,12,12,1.5,C58H60N4O4
CC(C)c1cccc(C(C)C)c1N1C(=O)c2ccc3c4c(N5CCCC(C)(C)C5)cc5c6c(ccc(c7c(N8CCCC(C)(C)C8)cc(c2c37)C1=O)c64)C(=O)N(c1c(C(C)C)cccc1C(C)C)C5=O,CC(C)c1cccc(C(C)C)c1,Pubchem,933.2499999999992,2,12,12,1.5,C62H68N4O4
CC1CC(C)CN(c2cc3c4c(ccc5c6c(N7CC(C)CC(C)C7)cc7c8c(ccc(c2c45)c86)C(=O)N(c2c(C(C)C)cccc2C(C)C)C7=O)C(=O)N(c2c(C(C)C)cccc2C(C)C)C3=O)C1,CC(C)c1cccc(C(C)C)c1,Pubchem,933.2499999999998,2,12,12,1.5,C62H68N4O4
CCCCC(CC)CN1C(=O)c2cc(Oc3ccccc3)c3c4c(Oc5ccccc5)cc5c6c(cc(Oc7ccccc7)c(c7c(Oc8ccccc8)cc(c2c37)C1=O)c64)C(=O)N(CC(CC)CCCC)C5=O,CCCCC(C)CC,Pubchem,983.1740000000003,4,8,7,0.0,C64H58N2O8
CCCCC(CC)CN1C(=O)c2cc(Oc3ccc(OC)cc3)c3c4c(Oc5ccc(OC)cc5)cc5c6c(cc(Oc7ccc(OC)cc7)c(c7c(Oc8ccc(OC)cc8)cc(c2c37)C1=O)c64)C(=O)N(CC(CC)CCCC)C5=O,CCCCC(C)CC,Pubchem,1103.278,4,8,7,0.0,C68H66N2O12
CCC(C)OCC(C)N1C(=O)c2ccc3c4ccc5c6c(ccc(c7ccc(c2c37)C1=O)c64)C(=O)N(C(C)COC(C)CC)C5=O,CCCOC(C)CC,Pubchem,618.7300000000001,4,8,7,0.0,C38H38N2O6
CCCC(C)N1C(=O)c2ccc3c4ccc5c6c(ccc(c7ccc(c2c37)C1=O)c64)C(=O)N(C(C)CCC)C5=O,CCCCC,Pubchem,530.6240000000004,2,5,4,0.0,C34H30N2O4
CCCCC(C)N1C(=O)c2ccc3c4c(C#N)cc5c6c(ccc(c7c(C)cc(c2c37)C1=O)c64)C(=O)N(C(C)CCCC)C5=O,CCCCCC,Pubchem,597.7150000000003,3,6,5,0.0,C38H35N3O4
CCCC(C)N1C(=O)c2ccc3c4c(C#N)cc5c6c(ccc(c7c(C#N)cc(c2c37)C1=O)c64)C(=O)N(C(C)CCC)C5=O,CCCCC,Pubchem,580.6440000000002,2,5,4,0.0,C36H28N4O4
CCC(CC)N1C(=O)c2ccc3c4c(C#N)cc5c6c(ccc(c7c(C)cc(c2c37)C1=O)c64)C(=O)N(C(CC)CC)C5=O,CCCCC,Pubchem,569.6610000000003,2,5,4,0.0,C36H31N3O4
CCCC(C)N1C(=O)c2ccc3c4c(C#N)cc5c6c(ccc(c7c(C)cc(c2c37)C1=O)c64)C(=O)N(C(C)CCC)C5=O,CCCCC,Pubchem,569.6610000000003,2,5,4,0.0,C36H31N3O4
CCCC(CC)N1C(=O)c2ccc3c4c(C#N)cc5c6c(ccc(c7c(C)cc(c2c37)C1=O)c64)C(=O)N(C(CC)CCC)C5=O,CCCCCC,Pubchem,597.7150000000003,3,6,5,0.0,C38H35N3O4
Cc1cc2c3c(ccc4c5c(C#N)cc6c7c(ccc(c1c34)c75)C(=O)N(C(C)CC(C)C)C6=O)C(=O)N(C(C)CC(C)C)C2=O,CCCC(C)C,Pubchem,597.7150000000003,2,6,5,0.0,C38H35N3O4
CCC(C)N1C(=O)c2ccc3c4c(C#N)cc5c6c(ccc(c7c(C)cc(c2c37)C1=O)c64)C(=O)N(C(C)CC)C5=O,CCCC,Pubchem,541.6070000000003,1,4,3,0.0,C34H27N3O4
Cc1cc2c3c(ccc4c5c(C#N)cc6c7c(ccc(c1c34)c75)C(=O)N(C(C)c1ccccc1)C6=O)C(=O)N(C(C)c1ccccc1)C2=O,CCc1ccccc1,Pubchem,637.6950000000003,1,8,8,1.5,C42H27N3O4
CCCCCCc1c(CCCCCC)c2c(C)csc2c2sc(-c3cc4c5c(ccc6c7c(C)cc8c9c(ccc(c3c56)c97)C(=O)N(c3cc(C)c(C)c(C)c3)C8=O)C(=O)N(c3cc(C)c(C)c(C)c3)C4=O)cc12,Cc1cccc(C)c1C,Pubchem,1011.3659999999996,0,9,9,1.5,C66H62N2O4S2
COc1ccc(-c2cc3c4c(ccc5c6c(-c7ccc(C=O)cc7)cc7c8c(ccc(c2c45)c86)C(=O)N(c2c(C(C)C)cccc2C(C)C)C7=O)C(=O)N(c2c(C(C)C)cccc2C(C)C)C3=O)cc1,CC(C)c1cccc(C(C)C)c1,Pubchem,921.106,2,12,12,1.5,C62H52N2O6
COc1ccc(-c2cc3c4c(ccc5c6c(-c7ccc(CO)cc7)cc7c8c(ccc(c2c45)c86)C(=O)N(c2c(C(C)C)cccc2C(C)C)C7=O)C(=O)N(c2c(C(C)C)cccc2C(C)C)C3=O)cc1,CC(C)c1cccc(C(C)C)c1,Pubchem,923.122,2,12,12,1.5,C62H54N2O6
CC(C)c1cccc(C(C)C)c1-c1c2c3c(cc(Oc4ccccc4)c4c5c(Oc6ccccc6)cc6c7c(cc(Oc8ccccc8)c(c(c1Oc1ccccc1)c34)c75)C(=O)NC6=O)C(=O)NC2=O,H,Pubchem,919.0020000000002,0,0,0,0.0,C60H42N2O8
CC=Cc1cc(OCCCCCCCC)c(C=Cc2ccc(Oc3cc4c5c(ccc6c7c(Oc8ccc(C)cc8)cc8c9c(ccc(c3c56)c97)C(=O)N(CCCCCCCC)C8=O)C(=O)N(CCCCCCCC)C4=O)cc2)cc1OCCCCCCCC,CCCCCCCC,Pubchem,1211.637999999999,5,8,7,0.0,C80H94N2O8
COCCOC(C)COCCCN1C(=O)c2ccc3c4ccc5c6c(ccc(c7ccc(c2c37)C1=O)c64)C(=O)N(CCCOCC(C)OCCOC)C5=O,CCCOCC(C)OCCOC,Pubchem,738.8340000000001,8,12,11,0.0,C42H46N2O10
CCC(CC)N1C(=O)c2ccc3c4ccc5c6c(cc(C#S(C)(C)C)c(c7ccc(c2c37)C1=O)c64)C(=O)N(C(CC)CC)C5=O,CCCCC,Pubchem,618.7990000000003,2,5,4,0.0,C38H38N2O4S
CCCC(CC)N1C(=O)c2ccc3c4c(C#N)cc5c6c(ccc(c7c(C#N)cc(c2c37)C1=O)c64)C(=O)N(C(CC)CCC)C5=O,CCCCCC,Pubchem,608.6980000000002,3,6,5,0.0,C38H32N4O4
CCCCC(C)N1C(=O)c2ccc3c4c(SC#N)cc5c6c(ccc(c7c(N=C=S)cc(c2c37)C1=O)c64)C(=O)N(C(C)CCCC)C5=O,CCCCCC,Pubchem,672.8320000000002,3,6,5,0.0,C38H32N4O4S2
CCCCN(CCCC)CCCN1C(=O)c2ccc3c4ccc5c6c(ccc(c7ccc(c2c37)C1=O)c64)C(=O)N(CCCN(CCCC)CCCC)C5=O,CCCCN(CCC)CCCC,Pubchem,728.9779999999995,8,12,11,0.0,C46H56N4O4
CCCCCCC(CC)CN1C(=O)c2ccc3c4ccc5c6c(ccc(c7ccc(c2c37)C1=O)c64)C(=O)N(CC(CC)CCCCCC)C5=O,CCCCCCC(C)CC,Pubchem,670.8939999999998,6,10,9,0.0,C44H50N2O4
CCC(CC)N1C(=O)c2ccc3c4ccc5c6c(cc(SCCC(=O)NC(CC7=CCc8ccccc87)C(=O)O)c(c7ccc(c2c37)C1=O)c64)C(=O)N(C(CC)CC)C5=O,CCCCC,Pubchem,819.98,2,5,4,0.0,C49H45N3O7S
CCC(CC)N1C(=O)c2ccc3c4c(SCC(NC(C)=O)C(C)=O)cc5c6c(ccc(c7c(OCCOC)cc(c2c37)C1=O)c64)C(=O)N(C(CC)CC)C5=O,CCCCC,Pubchem,763.913,2,5,4,0.0,C43H45N3O8S
CCC(CC)N1C(=O)c2ccc3c4ccc5c6c(cc(SCCC(=O)O)c(c7ccc(c2c37)C1=O)c64)C(=O)N(C(CC)CC)C5=O,CCCCC,Pubchem,634.7540000000002,2,5,4,0.0,C37H34N2O6S
CCC(CC)N1C(=O)c2ccc3c4c(SCC(NC(C)=O)C(=O)NC(Cc5ccccc5)C(=O)O)cc5c6c(ccc(c7c(OCCOC)cc(c2c37)C1=O)c64)C(=O)N(C(CC)CC)C5=O,CCCCC,Pubchem,913.062,2,5,4,0.0,C51H52N4O10S
CCC(CC)N1C(=O)c2ccc3c4ccc5c6c(cc(SCCC(=O)NC(Cc7c[nH]c8ccccc78)C(=O)O)c(c7ccc(c2c37)C1=O)c64)C(=O)N(C(CC)CC)C5=O,CCCCC,Pubchem,820.9680000000001,2,5,4,0.0,C48H44N4O7S
O=C1c2ccc3c4c(Oc5ccc(S(=O)(=O)O)cc5)cc5c6c(ccc(c7c(Oc8ccccc8)cc(c2c37)C(=O)N1CCCO)c64)C(=O)N(CCCO)C5=O,CCCO,Pubchem,770.7719999999999,1,4,3,0.0,C42H30N2O11S
CC(C)c1ccccc1N1C(=O)c2ccc3c4c(Oc5ccc(C(C)(C)CC(C)(C)C)cc5)cc5c6c(ccc(c7c(Oc8ccccc8)cc(c2c37)C1=O)c64)C(=O)N(c1ccccc1C(C)C)C5=O,CC(C)c1ccccc1,Pubchem,923.122,1,9,9,1.5,C62H54N2O6
CC(C)c1ccccc1N1C(=O)c2ccc3c4c(Oc5ccc(S(=O)(=O)O)cc5)cc5c6c(ccc(c7c(Oc8ccccc8)cc(c2c37)C1=O)c64)C(=O)N(c1ccccc1C(C)C)C5=O,CC(C)c1ccccc1,Pubchem,890.9700000000004,1,9,9,1.5,C54H38N2O9S
O=C1c2ccc3c4c(Oc5ccc(S(=O)(=O)O)cc5)cc5c6c(ccc(c7c(Oc8ccc(S(=O)(=O)O)cc8)cc(c2c37)C(=O)N1CCCO)c64)C(=O)N(CCCO)C5=O,CCCO,Pubchem,850.8360000000001,1,4,3,0.0,C42H30N2O14S2
N#Cc1cc2c3c(ccc4c5ccc6c7c(ccc(c1c34)c75)C(=O)NC6=O)C(=O)NC2=O,H,Pubchem,415.36400000000015,0,0,0,0.0,C25H9N3O4
CC(C)c1ccccc1N1C(=O)c2ccc3c4c(Oc5c(C(C)C)cccc5C(C)C)cc5c6c(ccc(c7c(Oc8c(C(C)C)cccc8C(C)C)cc(c2c37)C1=O)c64)C(=O)N(c1ccccc1C(C)C)C5=O,CC(C)c1ccccc1,Pubchem,979.2299999999997,1,9,9,1.5,C66H62N2O6
COc1ccc(CN2C(=O)c3ccc4c5cc(C#N)c6c7c(ccc(c8cc(C#N)c(c3c48)C2=O)c75)C(=O)N(Cc2ccc(OC)cc2)C6=O)cc1,COc1ccc(C)cc1,Pubchem,680.6760000000002,1,9,9,1.5,C42H24N4O6
CCN(CC)c1cc2c3ccc4c5c(c(N(CC)CC)cc(c6ccc7c(c1C(=O)N(Cc1ccc(OC)cc1)C7=O)c62)c53)C(=O)N(Cc1ccc(OC)cc1)C4=O,COc1ccc(C)cc1,Pubchem,772.9019999999999,1,9,9,1.5,C48H44N4O6
CC(C)c1cc(C(C)C)cc(N2C(=O)c3ccc4c5ccc6c7c(ccc(c8ccc(c3c48)C2=O)c75)C(=O)N(c2cc(C(C)C)cc(C(C)C)c2)C6=O)c1,CC(C)c1cccc(C(C)C)c1,Pubchem,710.874,2,12,12,1.5,C48H42N2O4
CCCCC(CC)CCCc1cc2c3c(ccc4c5c(CCCC(CC)CCCC)cc6c7c(ccc(c1c34)c75)C(=O)NC6=O)C(=O)NC2=O,H,Pubchem,670.8940000000002,0,0,0,0.0,C44H50N2O4
CCCCCCCCc1cc2c3ccc4c5c(ccc(c6c(C#N)c(C#N)c7c(c1C(=O)NC7=O)c26)c53)C(=O)NC4=O,H,Pubchem,552.5900000000003,0,0,0,0.0,C34H24N4O4
CC(C)c1cccc(C(C)C)c1N1C(=O)c2ccc3c4c(Oc5ccc(S(=O)[O-])cc5)cc5c6c(ccc(c7c(Oc8ccc(S(=O)[O-])cc8)cc(c2c37)C1=O)c64)C(=O)N(c1c(C(C)C)cccc1C(C)C)C5=O,CC(C)c1cccc(C(C)C)c1,Pubchem,1021.1820000000001,2,12,12,1.5,C60H48N2O10S2-2
CCCCCCCCN1C(=O)c2ccc3c4c(-c5ccc(C=CC6=C(C#N)C(=C(C#N)C#N)OC6(C)C)cc5)cc5c6c(ccc(c7c(-c8ccc(C=CC9=C(C#N)C(=C(C#N)C#N)OC9(C)C)cc8)cc(c2c37)C1=O)c64)C(=O)N(CCCCCCCC)C5=O,CCCCCCCC,Pubchem,1185.3979999999992,5,8,7,0.0,C76H64N8O6
CCc1c(C)c2c3c(c(C)c(C)c4c5c(C)c(C)c6c7c(c(C)c(C)c(c1c34)c75)C(=O)N(C)C6=O)C(=O)N(C)C2=O,C,Pubchem,544.6510000000003,0,1,0,0.0,C35H32N2O4
Cc1cc(C)cc(-c2cc3c4c(ccc5c6ccc7c8c(ccc(c2c45)c86)C(=O)NC7=O)C(=O)NC3=O)c1,H,Pubchem,494.50600000000026,0,0,0,0.0,C32H18N2O4
CCCCCC(C)N1C(=O)c2ccc3c4c(C#N)cc5c6c(ccc(c7c(C#N)cc(c2c37)C1=O)c64)C(=O)N(C(C)CCCCC)C5=O,CCCCCCC,Pubchem,636.752,4,7,6,0.0,C40H36N4O4
CC(C)c1cccc(C(C)C)c1-c1c2c3c(ccc4c5ccc6c7c(ccc(c(c1-c1c(C(C)C)cccc1C(C)C)c34)c75)C(=O)NC6=O)C(=O)NC2=O,H,Pubchem,710.8740000000001,0,0,0,0.0,C48H42N2O4
Cc1cc(C)c(C)c(N2C(=O)c3ccc4c5ccc6c7c(ccc(c8ccc(c3c48)C2=O)c75)C(=O)N(c2c(C)c(C)cc(C)c2C)C6=O)c1C,Cc1cc(C)c(C)cc1C,Pubchem,654.7660000000001,0,10,10,1.5,C44H34N2O4
O=C(O)c1cccc(N2C(=O)c3ccc4c5ccc6c7c(ccc(c8ccc(c3c48)C2=O)c75)C(=O)N(c2cccc(C(=O)O)c2)C6=O)c1,O=C(O)c1ccccc1,Pubchem,630.5680000000004,1,9,9,1.5,C38H18N2O8
O=C1c2ccc3c4ccc5c6c(ccc(c7ccc(c2c37)C(=O)N1C=Cc1ccccc1)c64)C(=O)N(C=Cc1ccccc1)C5=O,C=Cc1ccccc1,Pubchem,594.6260000000003,1,8,8,1.5,C40H22N2O4
O=C1NC(=O)c2cc(N3CCCCC3)c3c4ccc5c6c(cc(N7CCCCC7)c(c7ccc1c2c73)c64)C(=O)NC5=O,H,Pubchem,556.6220000000004,0,0,0,0.0,C34H28N4O4
CC(C)(C)CN1C(=O)c2ccc3c4ccc5c6c(ccc(c7ccc(c2c37)C1=O)c64)C(=O)N(CC(C)(C)C)C5=O,CC(C)(C)C,Pubchem,530.6240000000004,0,5,4,0.0,C34H30N2O4
CCCN1C(=O)c2ccc3c4c(-c5ccccc5)cc5c6c(ccc(c7c(-c8ccccc8)cc(c2c37)C1=O)c64)C(=O)N(CCC)C5=O,CCC,Pubchem,626.7120000000003,0,3,2,0.0,C42H30N2O4
CC(C)(C)c1ccc(N2C(=O)c3ccc4c5ccc6c7c(ccc(c8ccc(c3c48)C2=O)c75)C(=O)N(c2ccc(C(C)(C)C)cc2)C6=O)cc1,CC(C)(C)c1ccccc1,Pubchem,654.7660000000002,0,10,10,1.5,C44H34N2O4
O=C1c2ccc3c4ccc5c6c(ccc(c7ccc(c2c37)C(=O)N1Cc1cccnc1)c64)C(=O)N(Cc1cccnc1)C5=O,Cc1cccnc1,Pubchem,572.5800000000004,0,7,7,1.5,C36H20N4O4
O=C1c2ccc3c4ccc5c6c(cc(N7CCCCC7)c(c7ccc(c2c37)C(=O)N1C1CCCCC1)c64)C(=O)N(C1CCCCC1)C5=O,C1CCCCC1,Pubchem,637.78,0,6,6,1.0,C41H39N3O4
CC(C)c1cccc(C(C)C)c1N1C(=O)c2ccc3c4c(-c5cc(C(C)(C)C)cc(C(C)(C)C)c5)cc5c6c(ccc(c7c(-c8cc(C(C)(C)C)cc(C(C)(C)C)c8)cc(c2c37)C1=O)c64)C(=O)N(c1c(C(C)C)cccc1C(C)C)C5=O,CC(C)c1cccc(C(C)C)c1,Pubchem,1087.501999999999,2,12,12,1.5,C76H82N2O4
Cc1ccccc1N1C(=O)c2ccc3c4ccc5c6c(ccc(c7ccc(c2c37)C1=O)c64)C(=O)N(c1ccccc1C)C5=O,Cc1ccccc1,Pubchem,570.6040000000003,0,7,7,1.5,C38H22N2O4
CC(C)c1cccc(C(C)C)c1N1C(=O)c2ccc3c4c(Oc5ccccc5)cc5c6c(ccc(c7c(Oc8ccccc8)cc(c2c37)C1=O)c64)C(=O)N(c1c(C(C)C)cccc1C(C)C)C5=O,CC(C)c1cccc(C(C)C)c1,Pubchem,895.0680000000001,2,12,12,1.5,C60H50N2O6
CN(C)CC(C)(C)CN1C(=O)c2ccc3c4ccc5c6c(ccc(c7ccc(c2c37)C1=O)c64)C(=O)N(CC(C)(C)CN(C)C)C5=O,CN(C)CC(C)(C)C,Pubchem,616.7620000000002,1,8,7,0.0,C38H40N4O4
O=C1c2ccc3c4ccc5c6c(ccc(c7ccc(c2c37)C(=O)N1c1ccc(S)cc1)c64)C(=O)N(c1ccc(S)cc1)C5=O,Sc1ccccc1,Pubchem,606.6840000000004,0,7,7,1.5,C36H18N2O4S2
CC(C)CC(C(=O)O)N1C(=O)c2ccc3c4ccc5c6c(ccc(c7ccc(c2c37)C1=O)c64)C(=O)N(C(CC(C)C)C(=O)O)C5=O,CC(C)CCC(=O)O,Pubchem,618.6420000000003,3,8,7,0.0,C36H30N2O8
Cc1cc(C(C)(C)C)cc(C)c1N1C(=O)c2ccc3c4ccc5c6c(ccc(c7ccc(c2c37)C1=O)c64)C(=O)N(c1c(C)cc(C(C)(C)C)cc1C)C5=O,Cc1cc(C)cc(C(C)(C)C)c1,Pubchem,710.8739999999999,0,12,12,1.5,C48H42N2O4
C[N+](C)([O-])CCCN1C(=O)c2ccc3c4ccc5c6c(ccc(c7ccc(c2c37)C1=O)c64)C(=O)N(CCC[N+](C)(C)[O-])C5=O,CCC[N+](C)(C)[O-],Pubchem,592.6520000000004,2,7,6,0.0,C34H32N4O6
NCCCCCCN1C(=O)c2ccc3c4ccc5c6c(ccc(c7ccc(c2c37)C1=O)c64)C(=O)N(CCCCCCN)C5=O,CCCCCCN,Pubchem,588.7080000000001,4,7,6,0.0,C36H36N4O4
O=C(O)CCCCN1C(=O)c2ccc3c4ccc5c6c(ccc(c7ccc(c2c37)C1=O)c64)C(=O)N(CCCCC(=O)O)C5=O,CCCCC(=O)O,Pubchem,590.5880000000003,3,7,6,0.0,C34H26N2O8
O=C(O)CCCCCN1C(=O)c2ccc3c4ccc5c6c(ccc(c7ccc(c2c37)C1=O)c64)C(=O)N(CCCCCC(=O)O)C5=O,CCCCCC(=O)O,Pubchem,618.6420000000002,4,8,7,0.0,C36H30N2O8
CCCCCN1C(=O)c2cc(Oc3ccc(C)cc3)c3c4c(Oc5ccc(C)cc5)cc5c6c(cc(Oc7ccc(C)cc7)c(c7c(Oc8ccc(C)cc8)cc(c2c37)C1=O)c64)C(=O)N(CCCCC)C5=O,CCCCC,Pubchem,955.1200000000001,2,5,4,0.0,C62H54N2O8
O=C1c2ccc3c4c(S(=O)(=O)O)cc5c6c(ccc(c7c(S(=O)(=O)O)cc(c2c37)C(=O)N1c1ccc(S(=O)(=O)O)cc1)c64)C(=O)N(c1ccc(S(=O)(=O)O)cc1)C5=O,O=S(=O)(O)c1ccccc1,Pubchem,862.8060000000007,1,10,10,1.5,C36H18N2O16S4
CCCCCCC(CCCCCC)N1C(=O)c2c(OC)cc3c4cc(OC)c5c6c(c(OC)cc(c7cc(OC)c(c2c37)C1=O)c64)C(=O)N(C(CCCCCC)CCCCCC)C5=O,CCCCCCCCCCCCC,Pubchem,875.1599999999995,10,13,12,0.0,C54H70N2O8
C=CC(=O)OCCOCCOCCOCCN1C(=O)c2ccc3c4ccc5c6c(ccc(c7ccc(c2c37)C1=O)c64)C(=O)N(CCOCCOCCOCCOC(=O)C=C)C5=O,C=CC(=O)OCCOCCOCCOCC,Pubchem,850.8739999999997,11,16,15,0.0,C46H46N2O14
CC(C)(C)c1ccc(Oc2cc3c4c(ccc5c6c(Oc7ccc(C(C)(C)C)cc7)cc7c8c(ccc(c2c45)c86)C(=O)N(C2CCCCC2)C7=O)C(=O)N(C2CCCCC2)C3=O)cc1,C1CCCCC1,Pubchem,851.0559999999997,0,6,6,1.0,C56H54N2O6
CCCCC(CC)CN1C(=O)c2ccc3c4c(-c5cccs5)cc5c6c(ccc(c7c(-c8cccs8)cc(c2c37)C1=O)c64)C(=O)N(CC(CC)CCCC)C5=O,CCCCC(C)CC,Pubchem,779.04,4,8,7,0.0,C48H46N2O4S2
CCCCCC(CC)N1C(=O)c2ccc3c4ccc5c6c(ccc(c7ccc(c2c37)C1=O)c64)C(=O)N(C(CC)CCCCC)C5=O,CCCCCCCC,Pubchem,614.786,5,8,7,0.0,C40H42N2O4
O=C(O)CCCN1C(=O)c2ccc3c4ccc5c6c(ccc(c7ccc(c2c37)C1=O)c64)C(=O)N(CCCC(=O)O)C5=O,CCCC(=O)O,Pubchem,562.5340000000004,2,6,5,0.0,C32H22N2O8
CCC(CC)N1C(=O)c2ccc3c4ccc5c6c(cc(C#Cc7ccc(C)cc7)c(c7ccc(c2c37)C1=O)c64)C(=O)N(C(CC)CC)C5=O,CCCCC,Pubchem,644.7710000000003,2,5,4,0.0,C43H36N2O4
Cc1ccc(C#Cc2cc3c4c(ccc5c6ccc7c8c(ccc(c2c45)c86)C(=O)N(C(C(C)C)C(C)C)C7=O)C(=O)N(C(C(C)C)C(C)C)C3=O)cc1,CC(C)CC(C)C,Pubchem,700.8790000000001,2,7,6,0.0,C47H44N2O4
Cc1ccc(Oc2cc3c4c(ccc5c6c(Oc7ccc(C)cc7)cc7c8c(ccc(c2c45)c86)C(=O)N(c2ccc(O)cc2)C7=O)C(=O)N(c2ccc(O)cc2)C3=O)cc1,Oc1ccccc1,Pubchem,786.796,0,7,7,1.5,C50H30N2O8
CC(C)c1ccccc1N1C(=O)c2ccc3c4c(Oc5ccc(S(=O)(=O)O)cc5)cc5c6c(ccc(c7c(Oc8ccc(S(=O)(=O)O)cc8)cc(c2c37)C1=O)c64)C(=O)N(c1ccccc1C(C)C)C5=O,CC(C)c1ccccc1,Pubchem,971.0340000000004,1,9,9,1.5,C54H38N2O12S2
CC(C)c1cccc(C(C)C)c1N1C(=O)c2ccc3c4c(C#CC(C)(C)C)cc5c6c(ccc(c7c(C#CC(C)(C)C)cc(c2c37)C1=O)c64)C(=O)N(c1c(C(C)C)cccc1C(C)C)C5=O,CC(C)c1cccc(C(C)C)c1,Pubchem,871.1339999999997,2,12,12,1.5,C60H58N2O4
O=C1c2ccc3c4ccc5c6c(ccc(c7ccc(c2c37)C(=O)N1c1ccccc1CCO)c64)C(=O)N(c1ccccc1CCO)C5=O,OCCc1ccccc1,Pubchem,630.6560000000002,2,9,9,1.5,C40H26N2O6
O=C1c2ccc3c4ccc5c6c(ccc(c7ccc(c2c37)C(=O)N1c1cccc(O)c1)c64)C(=O)N(c1cccc(O)c1)C5=O,Oc1ccccc1,Pubchem,574.5480000000003,0,7,7,1.5,C36H18N2O6
O=C1c2ccc3c4ccc5c6c(ccc(c7ccc(c2c37)C(=O)N1c1ccc(CO)cc1)c64)C(=O)N(c1ccccc1CO)C5=O,OCc1ccccc1,Pubchem,602.6020000000002,1,8,8,1.5,C38H22N2O6
CCc1cccc(C)c1N1C(=O)c2ccc3c4ccc5c6c(cc(C(=O)O)c(c7ccc(c2c37)C1=O)c64)C(=O)N(c1c(C)cccc1CC)C5=O,CCc1cccc(C)c1,Pubchem,670.7210000000002,1,9,9,1.5,C43H30N2O6
CCC(CO)N1C(=O)c2ccc3c4ccc5c6c(ccc(c7ccc(c2c37)C1=O)c64)C(=O)N(C(CC)CO)C5=O,CCCCO,Pubchem,534.5680000000003,2,5,4,0.0,C32H26N2O6
CCC(C(=O)O)N1C(=O)c2ccc3c4ccc5c6c(ccc(c7ccc(c2c37)C1=O)c64)C(=O)N(C(CC)C(=O)O)C5=O,CCCC(=O)O,Pubchem,562.5340000000003,2,6,5,0.0,C32H22N2O8
O=C1NC(=O)c2c3ccccc3c3c4ccc5c6c(c7ccccc7c(c7ccc1c2c73)c64)C(=O)NC5=O,H,Pubchem,490.4740000000003,0,0,0,0.0,C32H14N2O4
CCCCCCN1C(=O)c2ccc3c4c(Oc5cc(C(C)c6cc(OC)c(OC)cc6C)c(C)cc5OC)cc5c6c(ccc(c7c(OC)cc(c2c37)C1=O)c64)C(=O)N(CCCCCC)C5=O,CCCCCC,Pubchem,903.085,3,6,5,0.0,C56H58N2O9
CCc1c(C)c2c3c(c(C)c(CC)c4c5c(CC)c(C)c6c7c(c(C)c(CC)c(c1c34)c75)C(=O)N(CC)C6=O)C(=O)N(CC)C2=O,CC,Pubchem,614.7860000000003,0,2,1,0.0,C40H42N2O4
CC(=O)c1cccc(C(C)=O)c1N1C(=O)c2ccc3c4ccc5c6c(ccc(c7ccc(c2c37)C1=O)c64)C(=O)N(c1c(C(C)=O)cccc1C(C)=O)C5=O,CC(=O)c1cccc(C(C)=O)c1,Pubchem,710.6980000000001,2,12,12,1.5,C44H26N2O8
CC(C)c1cccc(C(C)C)c1N1C(=O)c2ccc3c4c(-c5cccs5)cc5c6c(ccc(c7c(-c8cccs8)cc(c2c37)C1=O)c64)C(=O)N(c1c(C(C)C)cccc1C(C)C)C5=O,CC(C)c1cccc(C(C)C)c1,Pubchem,875.128,2,12,12,1.5,C56H46N2O4S2
CCCCCCCCOc1cc2c3c(cc(OCCCCCCCC)c4c5ccc6c7c(ccc(c1c34)c75)C(=O)N(CCCCC)C6=O)C(=O)N(CCCCC)C2=O,CCCCC,Pubchem,787.0539999999996,2,5,4,0.0,C50H62N2O6
CCCCCCCCOc1cc2c3c(ccc4c5ccc6c7c(cc(OCCCCCCCC)c(c1c34)c75)C(=O)N(CCCCC)C6=O)C(=O)N(CCCCC)C2=O,CCCCC,Pubchem,787.0539999999996,2,5,4,0.0,C50H62N2O6
CCCCCN1C(=O)c2ccc3c4ccc5c6c(cc(OCC(CC)CCCC)c(c7c(OCC(CC)CCCC)cc(c2c37)C1=O)c64)C(=O)N(CCCCC)C5=O,CCCCC,Pubchem,787.0539999999996,2,5,4,0.0,C50H62N2O6
CCCCCC(C)Oc1cc2c3c(ccc4c5ccc6c7c(cc(OC(C)CCCCC)c(c1c34)c75)C(=O)N(CCCCC)C6=O)C(=O)N(CCCCC)C2=O,CCCCC,Pubchem,758.9999999999998,2,5,4,0.0,C48H58N2O6
CCCCCc1ccc(N2C(=O)c3ccc4c5ccc6c7c(cc(OCC(CC)CCCC)c(c8c(OCC(CC)CCCC)cc(c3c48)C2=O)c75)C(=O)N(c2ccc(CCCCC)cc2)C6=O)cc1,CCCCCc1ccccc1,Pubchem,939.2499999999992,4,11,11,1.5,C62H70N2O6
CCCCCN1C(=O)c2ccc3c4ccc5c6c(cc(OCCC)c(c7c(OCCC)cc(c2c37)C1=O)c64)C(=O)N(CCCCC)C5=O,CCCCC,Pubchem,646.7840000000001,2,5,4,0.0,C40H42N2O6
CCCCCN1C(=O)c2ccc3c4ccc5c6c(cc(OC)c(c7c(OC)cc(c2c37)C1=O)c64)C(=O)N(CCCCC)C5=O,CCCCC,Pubchem,590.6760000000004,2,5,4,0.0,C36H34N2O6
CCCCCCCCOc1cc2c3c(ccc4c5c(C)cc6c7c(ccc(c1c34)c75)C(=O)N(CCCCC)C6=O)C(=O)N(CCCCC)C2=O,CCCCC,Pubchem,672.866,2,5,4,0.0,C43H48N2O5
CCCCCCCCN1C(=O)c2cc(Oc3ccc(C(C)(C)C)cc3)c3c4c(Oc5ccc(C(C)(C)C)cc5)cc5c6c(cc(OC7C=CC(C(C)(C)C)=CC7)c(c7c(Oc8ccc(C(C)(C)C)cc8)cc(c2c37)C1=O)c64)C(=O)N(CCCCCCCC)C5=O,CCCCCCCC,Pubchem,1209.6219999999992,5,8,7,0.0,C80H92N2O8
Cc1cc2c3c(cc(C)c4c5c(C(C)(C)C)cc6c7c(cc(C(C)(C)C)c(c1c34)c75)C(=O)N(C)C6=O)C(=O)N(C)C2=O,C,Pubchem,558.6780000000003,0,1,0,0.0,C36H34N2O4
Cc1cc2c3c(cc(C(C)(C)C)c4c5c(C)cc6c7c(cc(C(C)(C)C)c(c1c34)c75)C(=O)N(C)C6=O)C(=O)N(C)C2=O,C,Pubchem,558.6780000000003,0,1,0,0.0,C36H34N2O4
CN1C(=O)c2ccc3c4c(C(C)(C)C)cc5c6c(cc(C(C)(C)C)c(c7ccc(c2c37)C1=O)c64)C(=O)N(C)C5=O,C,Pubchem,530.6240000000004,0,1,0,0.0,C34H30N2O4
CN1C(=O)c2ccc3c4c(C(C)(C)C)cc5c6c(ccc(c7c(C(C)(C)C)cc(c2c37)C1=O)c64)C(=O)N(C)C5=O,C,Pubchem,530.6240000000004,0,1,0,0.0,C34H30N2O4
Cc1cc2c3c(ccc4c5c(C)cc6c7c(ccc(c1c34)c75)C(=O)NC6=O)C(=O)NC2=O,H,Pubchem,418.4080000000002,0,0,0,0.0,C26H14N2O4
Cc1cc2c3c(cc(C)c4c5ccc6c7c(ccc(c1c34)c75)C(=O)NC6=O)C(=O)NC2=O,H,Pubchem,418.40800000000013,0,0,0,0.0,C26H14N2O4
O=C1c2ccc3c4ccc5c6c(cc(N7CCCCC7)c(c7c(N8CCCCC8)cc(c2c37)C(=O)N1C1CCCCC1)c64)C(=O)N(C1CCCCC1)C5=O,C1CCCCC1,Pubchem,720.9139999999996,0,6,6,1.0,C46H48N4O4
O=C1c2ccc3c4c(N5CCCCC5)cc5c6c(cc(N7CCCCC7)c(c7c(N8CCCCC8)cc(c2c37)C(=O)N1C1CCCCC1)c64)C(=O)N(C1CCCCC1)C5=O,C1CCCCC1,Pubchem,804.0479999999992,0,6,6,1.0,C51H57N5O4
CCCCCCC(CCCCCC)N1C(=O)c2ccc3c4c(N5CCOCC5)cc5c6c(cc(N7CCOCC7)c(c7c(N8CCOCC8)cc(c2c37)C1=O)c64)C(=O)N(C(CCCCCC)CCCCCC)C5=O,CCCCCCCCCCCCC,Pubchem,1010.3739999999985,10,13,12,0.0,C62H83N5O7
CCCCCCC(CCCCCC)N1C(=O)c2ccc3c4c(N5CCCCC5)cc5c6c(cc(N7CCCCC7)c(c7c(N8CCCCC8)cc(c2c37)C1=O)c64)C(=O)N(C(CCCCCC)CCCCCC)C5=O,CCCCCCCCCCCCC,Pubchem,1004.4579999999983,10,13,12,0.0,C65H89N5O4
CCCCCCC(CCCCCC)N1C(=O)c2ccc3c4ccc5c6c(cc(N7CCCCC7)c(c7c(N8CCCCC8)cc(c2c37)C1=O)c64)C(=O)N(C(CCCCCC)CCCCCC)C5=O,CCCCCCCCCCCCC,Pubchem,921.3239999999987,10,13,12,0.0,C60H80N4O4
CCCCCCC(CCCCCC)N1C(=O)c2ccc3c4c(OCC)cc5c6c(cc(OCC)c(c7ccc(c2c37)C1=O)c64)C(=O)N(C(CCCCCC)CCCCCC)C5=O,CCCCCCCCCCCCC,Pubchem,843.1619999999994,10,13,12,0.0,C54H70N2O6
CCCCCCC(CCCCCC)N1C(=O)c2ccc3c4ccc5c6c(cc(OC(C)CC)c(c7ccc(c2c37)C1=O)c64)C(=O)N(C(CCCCCC)CCCCCC)C5=O,CCCCCCCCCCCCC,Pubchem,827.1629999999993,10,13,12,0.0,C54H70N2O5
CCCCCCC(CCCCCC)N1C(=O)c2ccc3c4c(OCCc5ccccc5)cc5c6c(cc(OCCc7ccccc7)c(c7ccc(c2c37)C1=O)c64)C(=O)N(C(CCCCCC)CCCCCC)C5=O,CCCCCCCCCCCCC,Pubchem,995.3579999999993,10,13,12,0.0,C66H78N2O6
CCCCCCC(CCCCCC)N1C(=O)c2ccc3c4c(OCCCCCCCCO)cc5c6c(cc(OCCCCCCCCO)c(c7ccc(c2c37)C1=O)c64)C(=O)N(C(CCCCCC)CCCCCC)C5=O,CCCCCCCCCCCCC,Pubchem,1043.4839999999986,10,13,12,0.0,C66H94N2O8
CCCCCCC(CCCCCC)N1C(=O)c2c(OCCCC)cc3c4cc(OCCCC)c5c6c(c(OCCCC)cc(c7cc(OCCCC)c(c2c37)C1=O)c64)C(=O)N(C(CCCCCC)CCCCCC)C5=O,CCCCCCCCCCCCC,Pubchem,1043.4839999999988,10,13,12,0.0,C66H94N2O8
CCCCCCCCCCOc1cc2c3c(cc(OCCCCCCCCCC)c4c5ccc6c7c(ccc(c1c34)c75)C(=O)N(C(CCCCCC)CCCCCC)C6=O)C(=O)N(C(CCCCCC)CCCCCC)C2=O,CCCCCCCCCCCCC,Pubchem,1067.5939999999987,10,13,12,0.0,C70H102N2O6
CCCCCCC(CCCCCC)N1C(=O)c2ccc3c4ccc5c6c(cc(OCCOCCOCCO)c(c7ccc(c2c37)C1=O)c64)C(=O)N(C(CCCCCC)CCCCCC)C5=O,CCCCCCCCCCCCC,Pubchem,903.2139999999991,10,13,12,0.0,C56H74N2O8
CCCCCCC(CCCCCC)N1C(=O)c2ccc3c4ccc5c6c(cc(OCCO)c(c7ccc(c2c37)C1=O)c64)C(=O)N(C(CCCCCC)CCCCCC)C5=O,CCCCCCCCCCCCC,Pubchem,815.1079999999994,10,13,12,0.0,C52H66N2O6
CCCCCCSc1cc2c3c(cc(SCCCCCC)c4c5ccc6c7c(ccc(c1c34)c75)C(=O)N(c1cc(C(C)(C)C)ccc1C(C)(C)C)C6=O)C(=O)N(c1cc(C(C)(C)C)ccc1C(C)(C)C)C2=O,CC(C)(C)c1ccc(C(C)(C)C)cc1,Pubchem,999.4399999999994,0,14,14,1.5,C64H74N2O4S2
CCCCCCC(CCCCCC)N1C(=O)c2ccc3c4ccc5c6c(cc(N7CCCCC7)c(c7ccc(c2c37)C1=O)c64)C(=O)N(C(CCCCCC)CCCCCC)C5=O,CCCCCCCCCCCCC,Pubchem,838.189999999999,10,13,12,0.0,C55H71N3O4
CCCCCCSc1cc2c3c(ccc4c5ccc6c7c(ccc(c1c34)c75)C(=O)N(C(CCCCCC)CCCCCC)C6=O)C(=O)N(C(CCCCCC)CCCCCC)C2=O,CCCCCCCCCCCCC,Pubchem,871.2849999999991,10,13,12,0.0,C56H74N2O4S
CCCCCCSc1cc2c3c(ccc4c5ccc6c7c(ccc(c1c34)c75)C(=O)N(c1cc(C(C)(C)C)ccc1C(C)(C)C)C6=O)C(=O)N(c1cc(C(C)(C)C)ccc1C(C)(C)C)C2=O,CC(C)(C)c1ccc(C(C)(C)C)cc1,Pubchem,883.2109999999997,0,14,14,1.5,C58H62N2O4S
CCCCCCC(CCCCCC)N1C(=O)c2ccc3c4ccc5c6c(cc(OCCCCCCCCO)c(c7ccc(c2c37)C1=O)c64)C(=O)N(C(CCCCCC)CCCCCC)C5=O,CCCCCCCCCCCCC,Pubchem,899.269999999999,10,13,12,0.0,C58H78N2O6
CCCCCCC(CCCCCC)N1C(=O)c2ccc3c4c(SC(C)CC)cc5c6c(cc(SC(C)CC)c(c7ccc(c2c37)C1=O)c64)C(=O)N(C(CCCCCC)CCCCCC)C5=O,CCCCCCCCCCCCC,Pubchem,931.4059999999993,10,13,12,0.0,C58H78N2O4S2
CCCCCCCCCCOc1cc2c3c(cc(OCCCC)c4c5ccc6c7c(ccc(c1c34)c75)C(=O)N(C(CCCCCC)CCCCCC)C6=O)C(=O)N(C(CCCCCC)CCCCCC)C2=O,CCCCCCCCCCCCC,Pubchem,983.4319999999987,10,13,12,0.0,C64H90N2O6
CCCCCCC(CCCCCC)N1C(=O)c2ccc3c4c(N5CCCCC5)cc5c6c(ccc(c7c(N8CCCCC8)cc(c2c37)C1=O)c64)C(=O)N(C(CCCCCC)CCCCCC)C5=O,CCCCCCCCCCCCC,Pubchem,921.3239999999987,10,13,12,0.0,C60H80N4O4
CCCCCCC(CCCCCC)N1C(=O)c2ccc3c4c(N5CCCCC5)cc5c6c(cc(N7CCCCC7)c(c7ccc(c2c37)C1=O)c64)C(=O)N(C(CCCCCC)CCCCCC)C5=O,CCCCCCCCCCCCC,Pubchem,921.3239999999987,10,13,12,0.0,C60H80N4O4
CCCCCCSc1cc2c3c(cc(SCCCCCC)c4c5ccc6c7c(ccc(c1c34)c75)C(=O)N(C(CCCCCC)CCCCCC)C6=O)C(=O)N(C(CCCCCC)CCCCCC)C2=O,CCCCCCCCCCCCC,Pubchem,987.5139999999988,10,13,12,0.0,C62H86N2O4S2
CCCCCCC(CCCCCC)N1C(=O)c2ccc3c4ccc5c6c(cc(SCc7ccccc7)c(c7ccc(c2c37)C1=O)c64)C(=O)N(C(CCCCCC)CCCCCC)C5=O,CCCCCCCCCCCCC,Pubchem,877.2479999999994,10,13,12,0.0,C57H68N2O4S
CCCCCCC(CCCCCC)N1C(=O)c2ccc3c4ccc5c6c(cc(SC(C)(C)C)c(c7ccc(c2c37)C1=O)c64)C(=O)N(C(CCCCCC)CCCCCC)C5=O,CCCCCCCCCCCCC,Pubchem,843.2309999999993,10,13,12,0.0,C54H70N2O4S
CCCCCCSc1cc2c3c(cc(OCCCC)c4c5ccc6c7c(ccc(c1c34)c75)C(=O)N(C(CCCCCC)CCCCCC)C6=O)C(=O)N(C(CCCCCC)CCCCCC)C2=O,CCCCCCCCCCCCC,Pubchem,943.3919999999989,10,13,12,0.0,C60H82N2O5S
CCCCCCC(CCCCCC)N1C(=O)c2ccc3c4ccc5c6c(cc(OCC)c(c7ccc(c2c37)C1=O)c64)C(=O)N(C(CCCCCC)CCCCCC)C5=O,CCCCCCCCCCCCC,Pubchem,799.1089999999994,10,13,12,0.0,C52H66N2O5
CCCCCCC(CCCCCC)N1C(=O)c2ccc3c4c(OC(C)CC)cc5c6c(cc(OC(C)CC)c(c7ccc(c2c37)C1=O)c64)C(=O)N(C(CCCCCC)CCCCCC)C5=O,CCCCCCCCCCCCC,Pubchem,899.2699999999993,10,13,12,0.0,C58H78N2O6
CCCCCCC(CCCCCC)N1C(=O)c2ccc3c4ccc5c6c(cc(OCCCC)c(c7ccc(c2c37)C1=O)c64)C(=O)N(C(CCCCCC)CCCCCC)C5=O,CCCCCCCCCCCCC,Pubchem,827.1629999999992,10,13,12,0.0,C54H70N2O5
CCCCCCC(CCCCCC)N1C(=O)c2ccc3c4ccc5c6c(cc(OCCc7ccccc7)c(c7ccc(c2c37)C1=O)c64)C(=O)N(C(CCCCCC)CCCCCC)C5=O,CCCCCCCCCCCCC,Pubchem,875.2069999999993,10,13,12,0.0,C58H70N2O5
CCCCCCC(CCCCCC)N1C(=O)c2ccc3c4c(OCCCC)cc5c6c(cc(OCCCC)c(c7ccc(c2c37)C1=O)c64)C(=O)N(C(CCCCCC)CCCCCC)C5=O,CCCCCCCCCCCCC,Pubchem,899.2699999999991,10,13,12,0.0,C58H78N2O6
CCCCCCCCSc1cc2c3c(ccc4c5ccc6c7c(ccc(c1c34)c75)C(=O)N(C(CCCCCC)CCCCCC)C6=O)C(=O)N(C(CCCCCC)CCCCCC)C2=O,CCCCCCCCCCCCC,Pubchem,899.3389999999989,10,13,12,0.0,C58H78N2O4S
CCCCCCC(CCCCCC)N1C(=O)c2ccc3c4ccc5c6c(cc(OCc7ccccc7)c(c7ccc(c2c37)C1=O)c64)C(=O)N(C(CCCCCC)CCCCCC)C5=O,CCCCCCCCCCCCC,Pubchem,861.1799999999994,10,13,12,0.0,C57H68N2O5
CCCCCCC(CCCCCC)N1C(=O)c2ccc3c4c(SC(C)(C)C)cc5c6c(cc(SC(C)(C)C)c(c7ccc(c2c37)C1=O)c64)C(=O)N(C(CCCCCC)CCCCCC)C5=O,CCCCCCCCCCCCC,Pubchem,931.4059999999993,10,13,12,0.0,C58H78N2O4S2
CCCCCCC(CCCCCC)N1C(=O)c2ccc3c4c(OCC(C)C)cc5c6c(cc(OCC(C)C)c(c7ccc(c2c37)C1=O)c64)C(=O)N(C(CCCCCC)CCCCCC)C5=O,CCCCCCCCCCCCC,Pubchem,899.2699999999993,10,13,12,0.0,C58H78N2O6
CCCCCCC(CCCCCC)N1C(=O)c2ccc3c4ccc5c6c(cc(SC(C)CC)c(c7ccc(c2c37)C1=O)c64)C(=O)N(C(CCCCCC)CCCCCC)C5=O,CCCCCCCCCCCCC,Pubchem,843.2309999999993,10,13,12,0.0,C54H70N2O4S
CCCCCCCCSc1cc2c3c(cc(SCCCCCCCC)c4c5ccc6c7c(ccc(c1c34)c75)C(=O)N(C(CCCCCC)CCCCCC)C6=O)C(=O)N(C(CCCCCC)CCCCCC)C2=O,CCCCCCCCCCCCC,Pubchem,1043.621999999999,10,13,12,0.0,C66H94N2O4S2
CCCCCCSc1cc2c3cc(SCCCCCC)c4c5c(c(SCCCCCC)cc(c6cc(SCCCCCC)c7c(c1C(=O)N(C(CCCCCC)CCCCCC)C7=O)c26)c53)C(=O)N(C(CCCCCC)CCCCCC)C4=O,CCCCCCCCCCCCC,Pubchem,1219.971999999999,10,13,12,0.0,C74H110N2O4S4
CCCCCCC(CCCCCC)N1C(=O)c2ccc3c4c(N5CCN(C)CC5)cc5c6c(ccc(c7c(N8CCN(C)CC8)cc(c2c37)C1=O)c64)C(=O)N(C(CCCCCC)CCCCCC)C5=O,CCCCCCCCCCCCC,Pubchem,951.3539999999987,10,13,12,0.0,C60H82N6O4
CCCCCCC(CCCCCC)N1C(=O)c2ccc3c4ccc5c6c(cc(N7CCN(C)CC7)c(c7ccc(c2c37)C1=O)c64)C(=O)N(C(CCCCCC)CCCCCC)C5=O,CCCCCCCCCCCCC,Pubchem,853.204999999999,10,13,12,0.0,C55H72N4O4
CCCCCCC(CCCCCC)N1C(=O)c2ccc3c4ccc5c6c(cc(Nc7ccccc7)c(c7ccc(c2c37)C1=O)c64)C(=O)N(C(CCCCCC)CCCCCC)C5=O,CCCCCCCCCCCCC,Pubchem,846.1689999999994,10,13,12,0.0,C56H67N3O4
CCCCCCCCCCSc1cc2c3c(ccc4c5ccc6c7c(ccc(c1c34)c75)C(=O)N(C(CCCCCC)CCCCCC)C6=O)C(=O)N(C(CCCCCC)CCCCCC)C2=O,CCCCCCCCCCCCC,Pubchem,927.3929999999988,10,13,12,0.0,C60H82N2O4S
CCCCCCC(CCCCCC)N1C(=O)c2ccc3c4c(OC)cc5c6c(cc(OC)c(c7ccc(c2c37)C1=O)c64)C(=O)N(C(CCCCCC)CCCCCC)C5=O,CCCCCCCCCCCCC,Pubchem,815.1079999999995,10,13,12,0.0,C52H66N2O6
CCCCCCC(CCCCCC)N1C(=O)c2ccc3c4ccc5c6c(cc(OCC(C)C)c(c7ccc(c2c37)C1=O)c64)C(=O)N(C(CCCCCC)CCCCCC)C5=O,CCCCCCCCCCCCC,Pubchem,827.1629999999993,10,13,12,0.0,C54H70N2O5
CCCCCCCCCCOc1cc2c3c(ccc4c5ccc6c7c(ccc(c1c34)c75)C(=O)N(C(CCCCCC)CCCCCC)C6=O)C(=O)N(C(CCCCCC)CCCCCC)C2=O,CCCCCCCCCCCCC,Pubchem,911.3249999999988,10,13,12,0.0,C60H82N2O5
CCCCCCC(CCCCCC)N1C(=O)c2ccc3c4c(N5CCOCC5)cc5c6c(cc(N7CCOCC7)c(c7ccc(c2c37)C1=O)c64)C(=O)N(C(CCCCCC)CCCCCC)C5=O,CCCCCCCCCCCCC,Pubchem,925.2679999999989,10,13,12,0.0,C58H76N4O6
CCCCCCC(CCCCCC)N1C(=O)c2ccc3c4c(N5CCOCC5)cc5c6c(ccc(c7c(N8CCOCC8)cc(c2c37)C1=O)c64)C(=O)N(C(CCCCCC)CCCCCC)C5=O,CCCCCCCCCCCCC,Pubchem,925.2679999999989,10,13,12,0.0,C58H76N4O6
CCCCCCSc1cc2c3cc(SCCCCCC)c4c5c(c(SCCCCCC)cc(c6cc(OCCCC)c7c(c1C(=O)N(C(CCCCCC)CCCCCC)C7=O)c62)c53)C(=O)N(C(CCCCCC)CCCCCC)C4=O,CCCCCCCCCCCCC,Pubchem,1175.849999999999,10,13,12,0.0,C72H106N2O5S3
CCCCCCC(CCCCCC)N1C(=O)c2ccc3c4c(N5CCNCC5)cc5c6c(cc(N7CCN(C)CC7)c(c7ccc(c2c37)C1=O)c64)C(=O)N(C(CCCCCC)CCCCCC)C5=O,CCCCCCCCCCCCC,Pubchem,937.3269999999987,10,13,12,0.0,C59H80N6O4
CCCCCCC(CCCCCC)N1C(=O)c2ccc3c4c(SCc5ccccc5)cc5c6c(cc(SCc7ccccc7)c(c7ccc(c2c37)C1=O)c64)C(=O)N(C(CCCCCC)CCCCCC)C5=O,CCCCCCCCCCCCC,Pubchem,999.4399999999994,10,13,12,0.0,C64H74N2O4S2
CCCCCCCCCCSc1cc2c3c(cc(SCCCCCCCCCC)c4c5ccc6c7c(ccc(c1c34)c75)C(=O)N(C(CCCCCC)CCCCCC)C6=O)C(=O)N(C(CCCCCC)CCCCCC)C2=O,CCCCCCCCCCCCC,Pubchem,1099.729999999999,10,13,12,0.0,C70H102N2O4S2
CCCCC(C)N1C(=O)c2ccc3c4c(C#N)cc5c6c(cc(C#N)c(c7ccc(c2c37)C1=O)c64)C(=O)N(C(C)CCCC)C5=O,CCCCCC,Pubchem,608.6980000000001,3,6,5,0.0,C38H32N4O4
CC(C)=CCCC(C)CCOc1ccc(CN2C(=O)c3ccc4c5c(C#N)cc6c7c(ccc(c8c(C#N)cc(c3c48)C2=O)c75)C(=O)N(Cc2ccc(OCCC(C)CCC=C(C)C)cc2)C6=O)cc1,CC(C)=CCCC(C)CCOc1ccc(C)cc1,Pubchem,929.1299999999995,7,18,18,1.5,C60H56N4O6
N#Cc1cc2c3c(ccc4c5c(C#N)cc6c7c(ccc(c1c34)c75)C(=O)N(c1ccc(Cc3ccccc3)cc1)C6=O)C(=O)N(c1ccc(Cc3ccccc3)cc1)C2=O,c1ccc(Cc2ccccc2)cc1,Pubchem,772.82,2,13,14,3.0,C52H28N4O4
CCCCCCCOc1ccc(N2C(=O)c3ccc4c5c(C#N)cc6c7c(cc(C#N)c(c8ccc(c3c48)C2=O)c75)C(=O)N(c2ccc(OCCCCCCC)cc2)C6=O)cc1,CCCCCCCOc1ccccc1,Pubchem,820.9459999999998,7,14,14,1.5,C52H44N4O6
CCCCCCCCCCCCc1ccc(N2C(=O)c3ccc4c5c(C#N)cc6c7c(cc(C#N)c(c8ccc(c3c48)C2=O)c75)C(=O)N(c2ccc(CCCCCCCCCCCC)cc2)C6=O)cc1,CCCCCCCCCCCCc1ccccc1,Pubchem,929.2179999999993,11,18,18,1.5,C62H64N4O4
N#Cc1cc2c3c(ccc4c5c(C#N)cc6c7c(ccc(c1c34)c75)C(=O)N(c1ccc(-c3ccccc3)cc1)C6=O)C(=O)N(c1ccc(-c3ccccc3)cc1)C2=O,c1ccc(-c2ccccc2)cc1,Pubchem,744.7660000000002,1,12,13,3.0,C50H24N4O4
CCCCC(CC)N1C(=O)c2ccc3c4c(C#N)cc5c6c(ccc(c7c(C#N)cc(c2c37)C1=O)c64)C(=O)N(C(CC)CCCC)C5=O,CCCCCCC,Pubchem,636.752,4,7,6,0.0,C40H36N4O4
CCC(CC)N1C(=O)c2ccc3c4c(C#N)cc5c6c(cc(C#N)c(c7ccc(c2c37)C1=O)c64)C(=O)N(C(CC)CC)C5=O,CCCCC,Pubchem,580.6440000000003,2,5,4,0.0,C36H28N4O4
N#Cc1cc2c3c(cc(C#N)c4c5ccc6c7c(ccc(c1c34)c75)C(=O)N(c1ccc(Cc3ccccc3)cc1)C6=O)C(=O)N(c1ccc(Cc3ccccc3)cc1)C2=O,c1ccc(Cc2ccccc2)cc1,Pubchem,772.82,2,13,14,3.0,C52H28N4O4
CCCCC(CC)N1C(=O)c2ccc3c4c(C#N)cc5c6c(cc(C#N)c(c7ccc(c2c37)C1=O)c64)C(=O)N(C(CC)CCCC)C5=O,CCCCCCC,Pubchem,636.7520000000001,4,7,6,0.0,C40H36N4O4
N#Cc1cc2c3c(cc(C#N)c4c5ccc6c7c(ccc(c1c34)c75)C(=O)N(c1ccc(-c3ccccc3)cc1)C6=O)C(=O)N(c1ccc(-c3ccccc3)cc1)C2=O,c1ccc(-c2ccccc2)cc1,Pubchem,744.7660000000002,1,12,13,3.0,C50H24N4O4
CC(C)=CCCC(C)CCc1ccc(N2C(=O)c3ccc4c5c(C#N)cc6c7c(cc(C#N)c(c8ccc(c3c48)C2=O)c75)C(=O)N(c2ccc(CCC(C)CCC=C(C)C)cc2)C6=O)cc1,CC(C)=CCCC(C)CCc1ccccc1,Pubchem,869.0779999999997,6,16,16,1.5,C58H52N4O4
CCCCCCCCCCCCc1ccc(N2C(=O)c3ccc4c5c(C#N)cc6c7c(ccc(c8c(C#N)cc(c3c48)C2=O)c75)C(=O)N(c2ccc(CCCCCCCCCCCC)cc2)C6=O)cc1,CCCCCCCCCCCCc1ccccc1,Pubchem,929.2179999999992,11,18,18,1.5,C62H64N4O4
N#Cc1cc2c3c(ccc4c5c(C#N)cc6c7c(ccc(c1c34)c75)C(=O)N(Cc1ccccc1)C6=O)C(=O)N(Cc1ccccc1)C2=O,Cc1ccccc1,Pubchem,620.6240000000001,0,7,7,1.5,C40H20N4O4
CCCCCC(CC)N1C(=O)c2ccc3c4c(C#N)cc5c6c(cc(C#N)c(c7ccc(c2c37)C1=O)c64)C(=O)N(C(CC)CCCCC)C5=O,CCCCCCCC,Pubchem,664.8059999999998,5,8,7,0.0,C42H40N4O4
N#Cc1cc2c3c(cc(C#N)c4c5ccc6c7c(ccc(c1c34)c75)C(=O)N(Cc1ccccc1)C6=O)C(=O)N(Cc1ccccc1)C2=O,Cc1ccccc1,Pubchem,620.6240000000004,0,7,7,1.5,C40H20N4O4
CCC(C)c1ccc(N2C(=O)c3ccc4c5c(C#N)cc6c7c(ccc(c8c(C#N)cc(c3c48)C2=O)c75)C(=O)N(c2ccc(C(C)CC)cc2)C6=O)cc1,CCC(C)c1ccccc1,Pubchem,704.7860000000001,2,10,10,1.5,C46H32N4O4
CCC(C)c1ccc(N2C(=O)c3ccc4c5c(C#N)cc6c7c(cc(C#N)c(c8ccc(c3c48)C2=O)c75)C(=O)N(c2ccc(C(C)CC)cc2)C6=O)cc1,CCC(C)c1ccccc1,Pubchem,704.7860000000001,2,10,10,1.5,C46H32N4O4
CCCCCCCOc1ccc(N2C(=O)c3ccc4c5c(C#N)cc6c7c(ccc(c8c(C#N)cc(c3c48)C2=O)c75)C(=O)N(c2ccc(OCCCCCCC)cc2)C6=O)cc1,CCCCCCCOc1ccccc1,Pubchem,820.9459999999997,7,14,14,1.5,C52H44N4O6
CCCCCC(CC)N1C(=O)c2ccc3c4c(C#N)cc5c6c(ccc(c7c(C#N)cc(c2c37)C1=O)c64)C(=O)N(C(CC)CCCCC)C5=O,CCCCCCCC,Pubchem,664.8059999999998,5,8,7,0.0,C42H40N4O4
CCCC(CC)N1C(=O)c2ccc3c4c(C#N)cc5c6c(cc(C#N)c(c7ccc(c2c37)C1=O)c64)C(=O)N(C(CC)CCC)C5=O,CCCCCC,Pubchem,608.6980000000002,3,6,5,0.0,C38H32N4O4
CC(C)CC(C)N1C(=O)c2ccc3c4c(C#N)cc5c6c(cc(C#N)c(c7ccc(c2c37)C1=O)c64)C(=O)N(C(C)CC(C)C)C5=O,CCCC(C)C,Pubchem,608.6980000000002,2,6,5,0.0,C38H32N4O4
CC(C)=CCCC(C)CCOc1ccc(CN2C(=O)c3ccc4c5c(C#N)cc6c7c(cc(C#N)c(c8ccc(c3c48)C2=O)c75)C(=O)N(Cc2ccc(OCCC(C)CCC=C(C)C)cc2)C6=O)cc1,CC(C)=CCCC(C)CCOc1ccc(C)cc1,Pubchem,929.1299999999997,7,18,18,1.5,C60H56N4O6
CCCC(C)N1C(=O)c2ccc3c4c(C#N)cc5c6c(cc(C#N)c(c7ccc(c2c37)C1=O)c64)C(=O)N(C(C)CCC)C5=O,CCCCC,Pubchem,580.6440000000003,2,5,4,0.0,C36H28N4O4
CC(C)=CCCC(C)CCc1ccc(N2C(=O)c3ccc4c5c(C#N)cc6c7c(ccc(c8c(C#N)cc(c3c48)C2=O)c75)C(=O)N(c2ccc(CCC(C)CCC=C(C)C)cc2)C6=O)cc1,CC(C)=CCCC(C)CCc1ccccc1,Pubchem,869.0779999999997,6,16,16,1.5,C58H52N4O4
CCCCC(CC)CN1C(=O)c2cc(C#N)c3c4c(C#N)cc5c6c(cc(C#N)c(c7c(C#N)cc(c2c37)C1=O)c64)C(=O)N(CC(CC)CCCC)C5=O,CCCCC(C)CC,Pubchem,714.8259999999998,4,8,7,0.0,C44H38N6O4
CC(C)c1cccc(C(C)C)c1N1C(=O)c2ccc3c4c(C#N)cc5c6c(cc(C#N)c(c7ccc(c2c37)C1=O)c64)C(=O)N(c1c(C(C)C)cccc1C(C)C)C5=O,CC(C)c1cccc(C(C)C)c1,Pubchem,760.894,2,12,12,1.5,C50H40N4O4
CC(C)c1cccc(C(C)C)c1N1C(=O)c2ccc3c4c(C#N)cc5c6c(ccc(c7c(C#N)cc(c2c37)C1=O)c64)C(=O)N(c1c(C(C)C)cccc1C(C)C)C5=O,CC(C)c1cccc(C(C)C)c1,Pubchem,760.8939999999999,2,12,12,1.5,C50H40N4O4
CC(C)c1cccc(C(C)C)c1N1C(=O)c2cc(C#N)c3c4c(C#N)cc5c6c(cc(C#N)c(c7c(C#N)cc(c2c37)C1=O)c64)C(=O)N(c1c(C(C)C)cccc1C(C)C)C5=O,CC(C)c1cccc(C(C)C)c1,Pubchem,810.9139999999999,2,12,12,1.5,C52H38N6O4
CCCCC(CC)N1C(=O)c2cc(N=C=S)c3c4c(N=C=S)cc5c6c(cc(SC#N)c(c7c(SC#N)cc(c2c37)C1=O)c64)C(=O)N(C(CC)CCCC)C5=O,CCCCCCC,Pubchem,815.0399999999998,4,7,6,0.0,C42H34N6O4S4
CCCCC(C)N1C(=O)c2ccc3c4c(N=C=S)cc5c6c(cc(SC#N)c(c7ccc(c2c37)C1=O)c64)C(=O)N(C(C)CCCC)C5=O,CCCCCC,Pubchem,672.8320000000002,3,6,5,0.0,C38H32N4O4S2
CCCCC(C)N1C(=O)c2cc(N=C=S)c3c4c(N=C=S)cc5c6c(cc(SC#N)c(c7c(SC#N)cc(c2c37)C1=O)c64)C(=O)N(C(C)CCCC)C5=O,CCCCCC,Pubchem,786.986,3,6,5,0.0,C40H30N6O4S4
CCCCC(CC)N1C(=O)c2ccc3c4c(SC#N)cc5c6c(ccc(c7c(N=C=S)cc(c2c37)C1=O)c64)C(=O)N(C(CC)CCCC)C5=O,CCCCCCC,Pubchem,700.886,4,7,6,0.0,C40H36N4O4S2
CCCCC(CC)N1C(=O)c2ccc3c4c(N=C=S)cc5c6c(cc(SC#N)c(c7ccc(c2c37)C1=O)c64)C(=O)N(C(CC)CCCC)C5=O,CCCCCCC,Pubchem,700.8860000000001,4,7,6,0.0,C40H36N4O4S2
CCCCC(CC)CN1C(=O)c2ccc3c4c(N=C=S)cc5c6c(cc(SC#N)c(c7ccc(c2c37)C1=O)c64)C(=O)N(CC(CC)CCCC)C5=O,CCCCC(C)CC,Pubchem,728.9399999999999,4,8,7,0.0,C42H40N4O4S2
CCCCC(CC)CN1C(=O)c2ccc3c4c(SC#N)cc5c6c(ccc(c7c(N=C=S)cc(c2c37)C1=O)c64)C(=O)N(CC(CC)CCCC)C5=O,CCCCC(C)CC,Pubchem,728.9399999999998,4,8,7,0.0,C42H40N4O4S2
CCCCC(CC)CN1C(=O)c2cc(N=C=S)c3c4c(N=C=S)cc5c6c(cc(SC#N)c(c7c(SC#N)cc(c2c37)C1=O)c64)C(=O)N(CC(CC)CCCC)C5=O,CCCCC(C)CC,Pubchem,843.0939999999999,4,8,7,0.0,C44H38N6O4S4
CCCCC(C)N1C(=O)c2cc(C#N)c3c4c(C#N)cc5c6c(cc(C#N)c(c7c(C#N)cc(c2c37)C1=O)c64)C(=O)N(C(C)CCCC)C5=O,CCCCCC,Pubchem,658.7179999999998,3,6,5,0.0,C40H30N6O4
COc1ccc(CCN2C(=O)c3ccc4c5ccc6c7c(ccc(c8ccc(c3c48)C2=O)c75)C(=O)N(CCc2ccc(OC)cc2)C6=O)cc1,CCc1ccc(OC)cc1,Pubchem,658.7100000000003,2,10,10,1.5,C42H30N2O6
Cc1ccc2c(c1)C(=O)c1cc(-c3cc4c5c(ccc6c7c(C)cc8c9c(ccc(c3c56)c97)C(=O)N(C)C8=O)C(=O)N(C)C4=O)ccc1-2,C,Pubchem,624.6520000000003,0,1,0,0.0,C41H24N2O5
Cc1cc2sc3cc(-c4cc5c6c(ccc7c8c(C)cc9c%10c(ccc(c4c67)c%108)C(=O)N(C)C9=O)C(=O)N(C)C5=O)sc3c2s1,C,Pubchem,640.7670000000003,0,1,0,0.0,C36H20N2O4S3
Cc1ccc(Sc2cc3c4c(ccc5c6c(Sc7ccc(C)cc7)cc7c8c(ccc(c2c45)c86)C(=O)N(c2c(C(C)C)cccc2C(C)C)C7=O)C(=O)N(c2c(C(C)C)cccc2C(C)C)C3=O)cc1,CC(C)c1cccc(C(C)C)c1,Pubchem,955.2579999999997,2,12,12,1.5,C62H54N2O4S2
Cc1ccc(Sc2cc3c4c(ccc5c6c(Sc7ccc(C8CCCC8)cc7)cc7c8c(ccc(c2c45)c86)C(=O)N(c2c(C(C)C)cccc2C(C)C)C7=O)C(=O)N(c2c(C(C)C)cccc2C(C)C)C3=O)cc1,CC(C)c1cccc(C(C)C)c1,Pubchem,1009.3499999999995,2,12,12,1.5,C66H60N2O4S2
Cc1cc(N2C(=O)c3ccc4c5c(C)cc6c7c(ccc(c8c(C)cc(c3c48)C2=O)c75)C(=O)N(c2cc(C)c(C)c(C)c2)C6=O)cc(C)c1C,Cc1cccc(C)c1C,Pubchem,654.7660000000001,0,9,9,1.5,C44H34N2O4
Cc1cc2c3c(ccc4c5c(C)cc6c7c(ccc(c1c34)c75)C(=O)N(CC(C)C)C6=O)C(=O)N(CC(C)C)C2=O,CC(C)C,Pubchem,530.6240000000003,0,4,3,0.0,C34H30N2O4
Cc1cc2c3c(ccc4c5c(N=C=S)cc6c7c(ccc(c1c34)c75)C(=O)N(CCc1ccccc1)C6=O)C(=O)N(CCc1ccccc1)C2=O,CCc1ccccc1,Pubchem,669.7620000000001,1,8,8,1.5,C42H27N3O4S
CC(=N)c1cc2c3c(ccc4c5c(-c6nc(N(C)C)nc(N(C)C)n6)cc6c7c(ccc(c1c34)c75)C(=O)N(c1c(C(C)C)cccc1C(C)C)C6=O)C(=O)N(c1c(C(C)C)cccc1C(C)C)C2=O,CC(C)c1cccc(C(C)C)c1,Pubchem,917.1269999999995,2,12,12,1.5,C57H56N8O4
CC(C)c1cccc(C(C)C)c1N1C(=O)c2ccc3c4c(-c5cccs5)cc5c6c(ccc(c7c(C8=CC=CSC8)cc(c2c37)C1=O)c64)C(=O)N(c1c(C(C)C)cccc1C(C)C)C5=O,CC(C)c1cccc(C(C)C)c1,Pubchem,889.155,2,12,12,1.5,C57H48N2O4S2
CCC(CC)N1C(=O)c2ccc3c4c(OC(C)(C)CCOC(C)(C)CC)cc5c6c(ccc(c7c(C)cc(c2c37)C1=O)c64)C(=O)N(C(CC)CC)C5=O,CCCCC,Pubchem,716.9189999999999,2,5,4,0.0,C45H52N2O6
CC(C)c1cccc(C(C)C)c1N1C(=O)c2ccc3c4c(Oc5ccc(C(C)(C)C)cc5)cc5c6c(ccc(c7c(O)cc(c2c37)C1=O)c64)C(=O)N(c1c(C(C)C)cccc1C(C)C)C5=O,CC(C)c1cccc(C(C)C)c1,Pubchem,875.078,2,12,12,1.5,C58H54N2O6
CCC(CC)N1C(=O)c2ccc3c4ccc5c6c(cc(SCCC(=O)On7c(O)ccc7O)c(c7ccc(c2c37)C1=O)c64)C(=O)N(C(CC)CC)C5=O,CCCCC,Pubchem,731.8270000000002,2,5,4,0.0,C41H37N3O8S
Cc1cccc(C)c1-c1c2c3c(ccc4c5ccc6c7c(ccc(c(c1-c1c(C)cccc1C)c34)c75)C(=O)NC6=O)C(=O)NC2=O,H,Pubchem,598.6580000000002,0,0,0,0.0,C40H26N2O4
[C-]#[N+]c1cc2c3c(ccc4c5c(C#N)cc6c7c(ccc(c1c34)c75)C(=O)N(C(C)CCCCC)C6=O)C(=O)N(C(C)CCCCC)C2=O,CCCCCCC,Pubchem,636.752,4,7,6,0.0,C40H36N4O4
CC=CC(=CCC)Oc1cc2c3c(cc(Oc4ccccc4)c4c5c(Oc6ccccc6)cc6c7c(cc(Oc8ccccc8)c(c1c34)c75)C(=O)N(c1c(C(C)C)cccc1C(C)C)C6=O)C(=O)N(c1c(C(C)C)cccc1C(C)C)C2=O,CC(C)c1cccc(C(C)C)c1,Pubchem,1097.321,2,12,12,1.5,C73H64N2O8
CCCCC(C)N1C(=O)c2ccc3c4c(N=C=S)cc5c6c(ccc(c7c(C)cc(c2c37)C1=O)c64)C(=O)N(C(C)CCCC)C5=O,CCCCCC,Pubchem,629.7820000000003,3,6,5,0.0,C38H35N3O4S
[C-]#[N+]c1cc2c3c(ccc4c5c(C#N)cc6c7c(ccc(c1c34)c75)C(=O)N(C(CC)CCC)C6=O)C(=O)N(C(CC)CCC)C2=O,CCCCCC,Pubchem,608.6980000000002,3,6,5,0.0,C38H32N4O4
[C-]#[N+]c1cc2c3c(ccc4c5c(C#N)cc6c7c(ccc(c1c34)c75)C(=O)N(C(C)CCC)C6=O)C(=O)N(C(C)CCC)C2=O,CCCCC,Pubchem,580.6440000000002,2,5,4,0.0,C36H28N4O4
C=CC=C(SC)c1cc2c3c(ccc4c5c(-c6cccs6)cc6c7c(ccc(c1c34)c75)C(=O)N(CC(CC)CCCC)C6=O)C(=O)N(CC(CC)CCCC)C2=O,CCCCC(C)CC,Pubchem,795.0829999999999,4,8,7,0.0,C49H50N2O4S2
CCc1cc2c3c(ccc4c5ccc6c7c(ccc(c1c34)c75)C(=O)NC6=O)C(=O)NC2=O,H,Pubchem,418.40800000000013,0,0,0,0.0,C26H14N2O4
Cc1cc2c3c(ccc4c5ccc6c7c(ccc(c1c34)c75)C(=O)NC6=O)C(=O)NC2=O,H,Pubchem,404.3810000000001,0,0,0,0.0,C25H12N2O4
[C-]#[N+]C(C#N)=C1OC(C)(C)C(C=Cc2ccc(-c3cc4c5c(ccc6c7c(-c8ccc(C=CC9=[N+](C)C(=C(C#N)[N+]#[C-])OC9(C)C)cc8)cc8c9c(ccc(c3c56)c97)C(=O)N(CCCCCCCC)C8=O)C(=O)N(CCCCCCCC)C4=O)cc2)=C1C#N,CCCCCCCC,Pubchem,1176.4109999999994,5,8,7,0.0,C75H67N8O6+
NS(=O)(=O)c1ccc(N2C(=O)c3ccc4c5ccc6c7c(ccc(c8ccc(c3c48)C2=O)c75)C(=O)N(c2ccc(S(N)(=O)=O)cc2)C6=O)cc1,NS(=O)(=O)c1ccccc1,Pubchem,700.7100000000003,1,10,10,1.5,C36H20N4O8S2
Nc1ccc(S(=O)(=O)c2ccc(N3C(=O)c4ccc5c6ccc7c8c(ccc(c9ccc(c4c59)C3=O)c86)C(=O)N(c3ccc(S(=O)(=O)c4ccc(N)cc4)cc3)C7=O)cc2)cc1,Nc1ccc(S(=O)(=O)c2ccccc2)cc1,Pubchem,852.9060000000002,2,16,17,3.0,C48H28N4O8S2
CCCCCCCCCCSc1ccc(N2C(=O)c3ccc4c5ccc6c7c(ccc(c8ccc(c3c48)C2=O)c75)C(=O)N(c2ccc(SCCCCCCCCCC)cc2)C6=O)cc1,CCCCCCCCCCSc1ccccc1,Pubchem,887.2239999999996,10,17,17,1.5,C56H58N2O4S2
CN1CCCC(CN2C(=O)c3ccc4c5ccc6c7c(ccc(c8ccc(c3c48)C2=O)c75)C(=O)N(CC2CCCN(C)C2)C6=O)C1,CC1CCCN(C)C1,Pubchem,612.73,0,8,8,1.0,C38H36N4O4
CN1CCC(CN2C(=O)c3ccc4c5ccc6c7c(ccc(c8ccc(c3c48)C2=O)c75)C(=O)N(CC2CCN(C)CC2)C6=O)CC1,CC1CCN(C)CC1,Pubchem,612.73,0,8,8,1.0,C38H36N4O4
O=C1c2ccc3c4ccc5c6c(ccc(c7ccc(c2c37)C(=O)N1Cc1ccc(N2CCCCC2)cc1)c64)C(=O)N(Cc1ccc(N2CCCCC2)cc1)C5=O,Cc1ccc(N2CCCCC2)cc1,Pubchem,736.8719999999997,1,13,14,2.5,C48H40N4O4
CN(C)CCCCN1C(=O)c2ccc3c4ccc5c6c(ccc(c7ccc(c2c37)C1=O)c64)C(=O)N(CCCCN(C)C)C5=O,CCCCN(C)C,Pubchem,588.7080000000002,3,7,6,0.0,C36H36N4O4
CC(C)c1cccc(C(C)C)c1N1C(=O)c2ccc3c4c(-c5nc(N(C)C)nc(N(C)C)n5)cc5c6c(ccc(c7c(-c8nc(N(C)C)nc(N(C)C)n8)cc(c2c37)C1=O)c64)C(=O)N(c1c(C(C)C)cccc1C(C)C)C5=O,CC(C)c1cccc(C(C)C)c1,Pubchem,1041.2739999999992,2,12,12,1.5,C62H64N12O4
CCCCCCC(CCCCCC)N1C(=O)c2c(CO)cc3c4cc(OC)c5c6c(c(OC)cc(c7cc(CO)c(c2c37)C1=O)c64)C(=O)N(C(CCCCCC)CCCCCC)C5=O,CCCCCCCCCCCCC,Pubchem,875.1599999999994,10,13,12,0.0,C54H70N2O8
Cc1cc2c3c(c(C(C)(C)C)cc4c5c(C)cc6c7c(cc(C(C)(C)C)c(c1c34)c75)C(=O)N(C)C6=O)C(=O)N(C)C2=O,C,Pubchem,558.6780000000003,0,1,0,0.0,C36H34N2O4
CCCCCCCCCCCCC(N)N1C(=O)c2ccc3c4c([N+](=O)[O-])cc5c6c(ccc(c7c([N+](=O)[O-])cc(c2c37)C1=O)c64)C(=O)N(C(N)CCCCCCCCCCCC)C5=O,CCCCCCCCCCCCCN,Pubchem,875.0799999999994,11,14,13,0.0,C50H62N6O8
CC(N)N1C(=O)c2ccc3c4c([N+](=O)[O-])cc5c6c(ccc(c7c([N+](=O)[O-])cc(c2c37)C1=O)c64)C(=O)N(C(C)N)C5=O,CCN,Pubchem,566.4860000000003,0,3,2,0.0,C28H18N6O8
CCCCC(C)N1C(=O)c2ccc3c4c(SC#N)cc5c6c(ccc(c7c(SC#N)cc(c2c37)C1=O)c64)C(=O)N(C(C)CCCC)C5=O,CCCCCC,Pubchem,672.8320000000002,3,6,5,0.0,C38H32N4O4S2
CCCCC(C)N1C(=O)c2ccc3c4c(N=C=S)cc5c6c(ccc(c7c(N=C=S)cc(c2c37)C1=O)c64)C(=O)N(C(C)CCCC)C5=O,CCCCCC,Pubchem,672.8320000000002,3,6,5,0.0,C38H32N4O4S2
N#CSc1cc2c3c(ccc4c5c(SC#N)cc6c7c(ccc(c1c34)c75)C(=O)N(CCc1ccccc1)C6=O)C(=O)N(CCc1ccccc1)C2=O,CCc1ccccc1,Pubchem,712.8120000000002,1,8,8,1.5,C42H24N4O4S2
C=C(C(=O)OC(C)(C)C)C1CCC(Nc2ccc(-c3cc4c5c(ccc6c7ccc8c9c(ccc(c3c56)c97)C(=O)N(C3CCCCC3)C8=O)C(=O)N(C3CCCCC3)C4=O)cc2)CC1,C1CCCCC1,Pubchem,854.0599999999995,0,6,6,1.0,C55H55N3O6
CCCCCCC(CCCCCC)N1C(=O)c2ccc3c4ccc5c6c(cc(-c7cnc(N8CCNCC8)nc7)c(c7ccc(c2c37)C1=O)c64)C(=O)N(C(CCCCCC)CCCCCC)C5=O,CCCCCCCCCCCCC,Pubchem,917.2519999999989,10,13,12,0.0,C58H72N6O4
CCCCCCC(CCCCCC)N1C(=O)c2ccc3c4ccc5c6c(cc(-c7ccc(N8CCN(C(=O)OC(C)(C)C)CC8)cc7)c(c7ccc(c2c37)C1=O)c64)C(=O)N(C(CCCCCC)CCCCCC)C5=O,CCCCCCCCCCCCC,Pubchem,1015.3929999999989,10,13,12,0.0,C65H82N4O6
CCCCCCC(CCCCCC)N1C(=O)c2ccc3c4ccc5c6c(cc(-c7ccc(N8CCN(C(=O)OC(C)(C)C)CC8)nc7)c(c7ccc(c2c37)C1=O)c64)C(=O)N(C(CCCCCC)CCCCCC)C5=O,CCCCCCCCCCCCC,Pubchem,1016.3809999999988,10,13,12,0.0,C64H81N5O6
CCCCCCC(CCCCCC)N1C(=O)c2ccc3c4ccc5c6c(cc(-c7ccc(N8CCNCC8)nc7)c(c7ccc(c2c37)C1=O)c64)C(=O)N(C(CCCCCC)CCCCCC)C5=O,CCCCCCCCCCCCC,Pubchem,916.263999999999,10,13,12,0.0,C59H73N5O4
CCCCCCC(CCCCCC)N1C(=O)c2ccc3c4ccc5c6c(cc(-c7cnc(N8CCN(C(=O)OC(C)(C)C)CC8)nc7)c(c7ccc(c2c37)C1=O)c64)C(=O)N(C(CCCCCC)CCCCCC)C5=O,CCCCCCCCCCCCC,Pubchem,1017.3689999999988,10,13,12,0.0,C63H80N6O6
CCCCCCC(CCCCCC)N1C(=O)c2ccc3c4ccc5c6c(cc(-c7ccc(N8CCNCC8)cc7)c(c7ccc(c2c37)C1=O)c64)C(=O)N(C(CCCCCC)CCCCCC)C5=O,CCCCCCCCCCCCC,Pubchem,915.275999999999,10,13,12,0.0,C60H74N4O4
CCCCC(CC)CN1C(=O)c2ccc3c4c(N5CCCC(C)C5)cc5c6c(ccc(c7c(N8CCCC(C)C8)cc(c2c37)C1=O)c64)C(=O)N(CC(CC)CCCC)C5=O,CCCCC(C)CC,Pubchem,809.1079999999993,4,8,7,0.0,C52H64N4O4
CCCC(CCC)N1C(=O)c2ccc3c4ccc5c6c(c(C)cc(c7ccc(c2c37)C1=O)c64)C(=O)N(C(CCC)CCC)C5=O,CCCCCCC,Pubchem,600.7590000000001,4,7,6,0.0,C39H40N2O4
CCOCCOc1cc2c3c(ccc4c5ccc6c7c(ccc(c1c34)c75)C(=O)N(C(CC)CC)C6=O)C(=O)N(C(CC)CC)C2=O,CCCCC,Pubchem,618.7300000000001,2,5,4,0.0,C38H38N2O6
CCC(CC)N1C(=O)c2ccc3c4c(OC(C)(C)CCOC(C)(C)C)cc5c6c(ccc(c7c(C#Cc8ccc(-c9cc(-c%10ccccn%10)nc(-c%10ccccn%10)c9)cc8)cc(c2c37)C1=O)c64)C(=O)N(C(CC)CC)C5=O,CCCCC,Pubchem,1020.2429999999996,2,5,4,0.0,C66H61N5O6
CCOc1cc2c3c(ccc4c5c(C#Cc6ccc(-c7cc(-c8ccccn8)nc(-c8ccccn8)c7)cc6)cc6c7c(ccc(c1c34)c75)C(=O)N(C(CC)CC)C6=O)C(=O)N(C(CC)CC)C2=O,CCCCC,Pubchem,906.0549999999998,2,5,4,0.0,C59H47N5O5
COc1cc2c3c(ccc4c5ccc6c7c(cc(OC)c(c1c34)c75)C(=O)N(C)C6=O)C(=O)N(C)C2=O,C,Pubchem,478.46000000000026,0,1,0,0.0,C28H18N2O6
CCc1cc2c3c(ccc4c5c(C)cc6c7c(ccc(c1c34)c75)C(=O)NC6=O)C(=O)NC2=O,H,Pubchem,432.4350000000002,0,0,0,0.0,C27H16N2O4
O=C(NCCN1C(=O)c2ccc3c4ccc5c6c(ccc(c7ccc(c2c37)C1=O)c64)C(=O)N(CCNC(=O)c1ccccc1)C5=O)c1ccccc1,CCNC(=O)c1ccccc1,Pubchem,684.7080000000001,2,11,11,1.5,C42H28N4O6
CN1C(=O)c2cc(N=C=S)c3c4c(N=C=S)cc5c6c(cc(SC#N)c(c7c(SC#N)cc(c2c37)C1=O)c64)C(=O)N(C)C5=O,C,Pubchem,646.716,0,1,0,0.0,C30H10N6O4S4
CN1C(=O)c2ccc3c4c(SC#N)cc5c6c(ccc(c7c(N=C=S)cc(c2c37)C1=O)c64)C(=O)N(C)C5=O,C,Pubchem,532.5620000000002,0,1,0,0.0,C28H12N4O4S2
CN1C(=O)c2ccc3c4c(N=C=S)cc5c6c(cc(SC#N)c(c7ccc(c2c37)C1=O)c64)C(=O)N(C)C5=O,C,Pubchem,532.5620000000002,0,1,0,0.0,C28H12N4O4S2
CCN1C(=O)c2ccc3c4c(SC#N)cc5c6c(ccc(c7c(N=C=S)cc(c2c37)C1=O)c64)C(=O)N(CC)C5=O,CC,Pubchem,560.6160000000002,0,2,1,0.0,C30H16N4O4S2
CCN1C(=O)c2ccc3c4c(N=C=S)cc5c6c(cc(SC#N)c(c7ccc(c2c37)C1=O)c64)C(=O)N(CC)C5=O,CC,Pubchem,560.6160000000003,0,2,1,0.0,C30H16N4O4S2
CCN1C(=O)c2cc(N=C=S)c3c4c(N=C=S)cc5c6c(cc(SC#N)c(c7c(SC#N)cc(c2c37)C1=O)c64)C(=O)N(CC)C5=O,CC,Pubchem,674.77,0,2,1,0.0,C32H14N6O4S4
C#Cc1cc2c3c(ccc4c5c(C#C)cc6c7c(ccc(c1c34)c75)C(=O)N(C(C)C)C6=O)C(=O)N(C(C)C)C2=O,CCC,Pubchem,522.5600000000003,0,3,2,0.0,C34H22N2O4
CCCCC(C)N1C(=O)c2ccc3c4c(N=C=S)cc5c6c(cc(N=C=S)c(c7ccc(c2c37)C1=O)c64)C(=O)N(C(C)CCCC)C5=O,CCCCCC,Pubchem,672.8320000000002,3,6,5,0.0,C38H32N4O4S2
CCCCC(C)N1C(=O)c2cc(N=C=S)c3c4c(N=C=S)cc5c6c(cc(N=C=S)c(c7c(N=C=S)cc(c2c37)C1=O)c64)C(=O)N(C(C)CCCC)C5=O,CCCCCC,Pubchem,786.986,3,6,5,0.0,C40H30N6O4S4
N#Cc1cc2c3c(cc(C#N)c4c5ccc6c7c(ccc(c1c34)c75)C(=O)N(CN)C6=O)C(=O)N(CN)C2=O,CN,Pubchem,498.4580000000003,0,2,1,0.0,C28H14N6O4
N#Cc1cc2c3c(ccc4c5c(C#N)cc6c7c(ccc(c1c34)c75)C(=O)N(CN)C6=O)C(=O)N(CN)C2=O,CN,Pubchem,498.4580000000003,0,2,1,0.0,C28H14N6O4
CCCCC(CC)CN1C(=O)c2ccc3c4c(N=C=S)cc5c6c(cc(N=C=S)c(c7ccc(c2c37)C1=O)c64)C(=O)N(CC(CC)CCCC)C5=O,CCCCC(C)CC,Pubchem,728.9399999999999,4,8,7,0.0,C42H40N4O4S2
CCCCC(CC)CN1C(=O)c2ccc3c4c(N=C=S)cc5c6c(ccc(c7c(N=C=S)cc(c2c37)C1=O)c64)C(=O)N(CC(CC)CCCC)C5=O,CCCCC(C)CC,Pubchem,728.9399999999998,4,8,7,0.0,C42H40N4O4S2
CCCCC(CC)CN1C(=O)c2cc(N=C=S)c3c4c(N=C=S)cc5c6c(cc(N=C=S)c(c7c(N=C=S)cc(c2c37)C1=O)c64)C(=O)N(CC(CC)CCCC)C5=O,CCCCC(C)CC,Pubchem,843.094,4,8,7,0.0,C44H38N6O4S4
CCCCC(CC)N1C(=O)c2ccc3c4c(N=C=S)cc5c6c(ccc(c7c(N=C=S)cc(c2c37)C1=O)c64)C(=O)N(C(CC)CCCC)C5=O,CCCCCCC,Pubchem,700.886,4,7,6,0.0,C40H36N4O4S2
NCN1C(=O)c2cc(N=C=S)c3c4c(N=C=S)cc5c6c(cc(N=C=S)c(c7c(N=C=S)cc(c2c37)C1=O)c64)C(=O)N(CN)C5=O,CN,Pubchem,676.746,0,2,1,0.0,C30H12N8O4S4
NCN1C(=O)c2ccc3c4c(N=C=S)cc5c6c(cc(N=C=S)c(c7ccc(c2c37)C1=O)c64)C(=O)N(CN)C5=O,CN,Pubchem,562.5920000000001,0,2,1,0.0,C28H14N6O4S2
NCN1C(=O)c2ccc3c4c(N=C=S)cc5c6c(ccc(c7c(N=C=S)cc(c2c37)C1=O)c64)C(=O)N(CN)C5=O,CN,Pubchem,562.5920000000001,0,2,1,0.0,C28H14N6O4S2
CCCCC(CC)N1C(=O)c2cc(N=C=S)c3c4c(N=C=S)cc5c6c(cc(N=C=S)c(c7c(N=C=S)cc(c2c37)C1=O)c64)C(=O)N(C(CC)CCCC)C5=O,CCCCCCC,Pubchem,815.04,4,7,6,0.0,C42H34N6O4S4
CC(C)N1C(=O)c2ccc3c4c(C(=O)O)cc5c6c(ccc(c7c(C(=O)O)cc(c2c37)C1=O)c64)C(=O)N(C(C)C)C5=O,CCC,Pubchem,562.5340000000003,0,3,2,0.0,C32H22N2O8
N#Cc1cc2c3c(cc(C#N)c4c5c(C#N)cc6c7c(cc(C#N)c(c1c34)c75)C(=O)N(CN)C6=O)C(=O)N(CN)C2=O,CN,Pubchem,548.4780000000002,0,2,1,0.0,C30H12N8O4
CCCCN1C(=O)c2ccc3c4c(C#N)cc5c6c(ccc(c7c(C#N)cc(c2c37)C1=O)c64)C(=O)N(CCCC)C5=O,CCCC,Pubchem,552.5900000000004,1,4,3,0.0,C34H24N4O4
CCCNCN1C(=O)c2ccc3c4c(C#N)cc5c6c(ccc(c7c(C#N)cc(c2c37)C1=O)c64)C(=O)N(CNCCC)C5=O,CCCNC,Pubchem,582.6200000000002,2,5,4,0.0,C34H26N6O4
CCCCC(CC)N1C(=O)c2ccc3c4c(N=C=S)cc5c6c(cc(N=C=S)c(c7ccc(c2c37)C1=O)c64)C(=O)N(C(CC)CCCC)C5=O,CCCCCCC,Pubchem,700.8860000000001,4,7,6,0.0,C40H36N4O4S2
CC1=C(N2C(=O)c3ccc4c5ccc6c7c(ccc(c8ccc(c3c48)C2=O)c75)C(=O)N(C2=C(C)C=CCC2C)C6=O)C(C)CC=C1,CC1=CC(C)CC=C1,Pubchem,602.6900000000002,0,8,8,1.0,C40H30N2O4
CC1CCCC(C)C1N1C(=O)c2ccc3c4ccc5c6c(ccc(c7ccc(c2c37)C1=O)c64)C(=O)N(C1C(C)CCCC1C)C5=O,CC1CCCC(C)C1,Pubchem,610.7540000000002,0,8,8,1.0,C40H38N2O4
CCC(CC)N1C(=O)c2ccc3c4ccc5c6c(cc([N+](=O)[O-])c(c7ccc(c2c37)C1=O)c64)C(=O)N(C(CC)CC)C5=O,CCCCC,Pubchem,575.6210000000004,2,5,4,0.0,C34H29N3O6
COc1ccc(Oc2cc3c4c(ccc5c6c(Oc7ccc(OC)cc7)cc7c8c(ccc(c2c45)c86)C(=O)N(c2c(C(C)C)cccc2C(C)C)C7=O)C(=O)N(c2c(C(C)C)cccc2C(C)C)C3=O)cc1,CC(C)c1cccc(C(C)C)c1,Pubchem,955.12,2,12,12,1.5,C62H54N2O8
C#CCOc1cc2c3c(ccc4c5ccc6c7c(ccc(c1c34)c75)C(=O)N(C1CCCCC1)C6=O)C(=O)N(C1CCCCC1)C2=O,C1CCCCC1,Pubchem,608.6940000000001,0,6,6,1.0,C39H32N2O5
Cc1cc(C)c(Oc2cc3c4c(ccc5c6c(Oc7c(C)cc(C)cc7C)cc7c8c(ccc(c2c45)c86)C(=O)N(c2c(C(C)C)cccc2C(C)C)C7=O)C(=O)N(c2c(C(C)C)cccc2C(C)C)C3=O)c(C)c1,CC(C)c1cccc(C(C)C)c1,Pubchem,979.2299999999996,2,12,12,1.5,C66H62N2O6
CC(C)c1cccc(C(C)C)c1N1C(=O)c2ccc3c4c(Oc5ccc(C(C)(C)CC(C)(C)C)cc5)cc5c6c(ccc(c7c(Oc8ccc(C(C)(C)CC(C)(C)C)cc8)cc(c2c37)C1=O)c64)C(=O)N(c1c(C(C)C)cccc1C(C)C)C5=O,CC(C)c1cccc(C(C)C)c1,Pubchem,1119.4999999999993,2,12,12,1.5,C76H82N2O6
C=CCc1ccccc1Oc1cc2c3c(ccc4c5c(Oc6ccccc6CC=C)cc6c7c(ccc(c1c34)c75)C(=O)N(c1c(C(C)C)cccc1C(C)C)C6=O)C(=O)N(c1c(C(C)C)cccc1C(C)C)C2=O,CC(C)c1cccc(C(C)C)c1,Pubchem,975.1979999999998,2,12,12,1.5,C66H58N2O6
CCCCCCC(CCCC)CN1C(=O)c2ccc3c4ccc5c6c(ccc(c7ccc(c2c37)C1=O)c64)C(=O)N(CC(CCCC)CCCCCC)C5=O,CCCCCCC(C)CCCC,Pubchem,727.0019999999996,8,12,11,0.0,C48H58N2O4
CCCCc1cc(C)c(N2C(=O)c3ccc4c5ccc6c7c(ccc(c8ccc(c3c48)C2=O)c75)C(=O)N(c2c(C)cc(CCCC)cc2C)C6=O)c(C)c1,CCCCc1cc(C)cc(C)c1,Pubchem,710.8739999999999,3,12,12,1.5,C48H42N2O4
Cc1cccc(C)c1-c1cc(C)c(N2C(=O)c3ccc4c5ccc6c7c(ccc(c8ccc(c3c48)C2=O)c75)C(=O)N(c2c(C)cc(-c3c(C)cccc3C)cc2C)C6=O)c(C)c1,Cc1cc(C)cc(-c2c(C)cccc2C)c1,Pubchem,806.9619999999999,1,16,17,3.0,C56H42N2O4
CC(=O)CCc1cc(C)c(N2C(=O)c3ccc4c5ccc6c7c(ccc(c8ccc(c3c48)C2=O)c75)C(=O)N(c2c(C)cc(CCC(C)=O)cc2C)C6=O)c(C)c1,CC(=O)CCc1cc(C)cc(C)c1,Pubchem,738.8399999999998,3,13,13,1.5,C48H38N2O6
CC(C)N1C(=O)c2ccc3c4c(C#N)cc5c6c(ccc(c7c(C#N)cc(c2c37)C1=O)c64)C(=O)N(C(C)C)C5=O,CCC,Pubchem,524.5360000000003,0,3,2,0.0,C32H20N4O4
CC(C)NC(=O)c1ccc(Nc2ccc(N3C(=O)c4ccc5c6ccc7c8c(ccc(c9ccc(c4c59)C3=O)c86)C(=O)N(c3ccc(Nc4ccc(C(=O)NC(C)C)cc4)cc3)C7=O)cc2)cc1,CC(C)NC(=O)c1ccc(Nc2ccccc2)cc1,Pubchem,894.988,4,19,20,3.0,C56H42N6O6
CN1C(=O)c2ccc3c4c([N+](=O)[O-])cc5c6c(ccc(c7c([N+](=O)[O-])cc(c2c37)C1=O)c64)C(=O)N(C)C5=O,C,Pubchem,508.40200000000027,0,1,0,0.0,C26H12N4O8
CC(C)N1C(=O)c2ccc3c4c([N+](=O)[O-])cc5c6c(ccc(c7c([N+](=O)[O-])cc(c2c37)C1=O)c64)C(=O)N(C(C)C)C5=O,CCC,Pubchem,564.5100000000003,0,3,2,0.0,C30H20N4O8
CSc1ccc(N2C(=O)c3ccc4c5ccc6c7c(ccc(c8ccc(c3c48)C2=O)c75)C(=O)N(c2ccc(SC)cc2)C6=O)cc1,CSc1ccccc1,Pubchem,634.7380000000003,1,8,8,1.5,C38H22N2O4S2
CC(C)NS(=O)(=O)c1ccc(N2C(=O)c3ccc4c5ccc6c7c(ccc(c8ccc(c3c48)C2=O)c75)C(=O)N(c2ccc(S(=O)(=O)NC(C)C)cc2)C6=O)cc1,CC(C)NS(=O)(=O)c1ccccc1,Pubchem,784.8720000000002,3,13,13,1.5,C42H32N4O8S2
CC#CCC(C)(c1cc2c3c(ccc4c5c(-c6cc7sc8cc(C(C)(CCC)CCC(C)C)sc8c7s6)cc6c7c(ccc(c1c34)c75)C(=O)N(CC(C)C)C6=O)C(=O)N(CC(C)C)C2=O)C(CC)CC,CC(C)C,Pubchem,987.4099999999994,0,4,3,0.0,C61H66N2O4S3
CCC(CC)N1C(=O)c2ccc3c4ccc5c6c(cc(OCCOC)c(c7ccc(c2c37)C1=O)c64)C(=O)N(C(CC)CC)C5=O,CCCCC,Pubchem,604.7030000000002,2,5,4,0.0,C37H36N2O6
CCC(CC)N1C(=O)c2ccc3c4ccc5c6c(cc(OCCCOC)c(c7ccc(c2c37)C1=O)c64)C(=O)N(C(CC)CC)C5=O,CCCCC,Pubchem,618.7300000000001,2,5,4,0.0,C38H38N2O6
CNC(=O)c1ccc(Nc2ccc(N3C(=O)c4ccc5c6ccc7c8c(ccc(c9ccc(c4c59)C3=O)c86)C(=O)N(c3ccc(Nc4ccc(C(=O)NC)cc4)cc3)C7=O)cc2)cc1,CNC(=O)c1ccc(Nc2ccccc2)cc1,Pubchem,838.8800000000001,3,17,18,3.0,C52H34N6O6
CCCCCCC(CCCCCC)N1C(=O)c2ccc3c4ccc5c6c(c7[nH]c(-c8ccc(C=O)cc8)nc7c(c7ccc(c2c37)C1=O)c64)C(=O)N(C(CCCCCC)CCCCCC)C5=O,CCCCCCCCCCCCC,Pubchem,899.1889999999994,10,13,12,0.0,C58H66N4O5
CCC(CC)N1C(=O)c2ccc3c4c(-c5ccc(-c6cc(-c7ccccn7)nc(-c7ccccn7)c6)cc5)cc5c6c(ccc(c7c(O)cc(c2c37)C1=O)c64)C(=O)N(C(CC)CC)C5=O,CCCCC,Pubchem,853.979,2,5,4,0.0,C55H43N5O5
C=CC=CC(=CC=C)Oc1cc2c3c(cc(Oc4ccccc4)c4c5c(OC(C=CC)=CC=C)cc6c7c(cc(Oc8ccccc8)c(c1c34)c75)C(=O)NC6=O)C(=O)NC2=O,H,Pubchem,802.8390000000003,0,0,0,0.0,C51H34N2O8
CC=CC(=CC)Oc1cc2c3c(cc(Oc4ccccc4)c4c5c(OC(C=CC)=CC)cc6c7c(cc(Oc8ccccc8)c(c1c34)c75)C(=O)NC6=O)C(=O)NC2=O,H,Pubchem,766.8060000000003,0,0,0,0.0,C48H34N2O8
C=C(C=CC=CC)Oc1cc2c3c(cc(OC(C=CC)=CC)c4c5c(Oc6ccccc6)cc6c7c(cc(OC(C=CC)=CC)c(c1c34)c75)C(=O)NC6=O)C(=O)NC2=O,H,Pubchem,782.8490000000002,0,0,0,0.0,C49H38N2O8
C=CC=C(C=CC)Oc1cc2c3c(cc(Oc4ccccc4)c4c5c(OC(C=CC)=CC)cc6c7c(cc(Oc8ccccc8)c(c1c34)c75)C(=O)NC6=O)C(=O)NC2=O,H,Pubchem,778.8170000000003,0,0,0,0.0,C49H34N2O8
C=CC=CC(=CC=C)Oc1cc2c3c(cc(Oc4ccccc4)c4c5c(OC(C=CC)=CC=C)cc6c7c(cc(OC(C=CC=CC)=CC)c(c1c34)c75)C(=O)NC6=O)C(=O)NC2=O,H,Pubchem,832.909,0,0,0,0.0,C53H40N2O8
C=CCC(C)(CC)c1ccc(-c2cc3c4c(ccc5c6cc(-c7ccc(-c8cc9sc(C(C)(CC=CC)CCC)cc9s8)s7)c7c8c(ccc(c2c45)c86)C(=O)N(CC(C)C)C7=O)C(=O)N(CC(C)C)C3=O)s1,CC(C)C,Pubchem,1025.4399999999994,0,4,3,0.0,C62H60N2O4S4
CCC(C)C(CO)N1C(=O)c2ccc3c4ccc5c6c(ccc(c7ccc(c2c37)C1=O)c64)C(=O)N(C(CO)C(C)CC)C5=O,CCC(C)CCO,Pubchem,590.6760000000002,3,7,6,0.0,C36H34N2O6
CC(C)CC(CO)N1C(=O)c2ccc3c4ccc5c6c(ccc(c7ccc(c2c37)C1=O)c64)C(=O)N(C(CO)CC(C)C)C5=O,CC(C)CCCO,Pubchem,590.6760000000003,3,7,6,0.0,C36H34N2O6
CCCCN1C(=O)c2ccc3c4c(-c5c(CC)cccc5CC)cc5c6c(ccc(c7c(-c8c(CC)cccc8CC)cc(c2c37)C1=O)c64)C(=O)N(CCCC)C5=O,CCCC,Pubchem,766.9819999999999,1,4,3,0.0,C52H50N2O4
CCCCC(CC)COc1cc2c3c(ccc4c5ccc6c7c(cc(OCC(CC)CCCC)c(c1c34)c75)C(=O)N(C)C6=O)C(=O)N(C)C2=O,C,Pubchem,674.838,0,1,0,0.0,C42H46N2O6
O=C1c2ccc3c4ccc5c6c(ccc(c7ccc(c2c37)C(=O)N1C(CO)Cc1ccccc1)c64)C(=O)N(C(CO)Cc1ccccc1)C5=O,OCCCc1ccccc1,Pubchem,658.7100000000003,3,10,10,1.5,C42H30N2O6
CC(C)(C)C1CCC(C(C)(C)C)C(N2C(=O)c3ccc4c5ccc6c7c(ccc(c8ccc(c3c48)C2=O)c75)C(=O)N(C2CC(C(C)(C)C)CCC2C(C)(C)C)C6=O)C1,CC(C)(C)C1CCC(C(C)(C)C)CC1,Pubchem,779.0779999999997,0,14,14,1.0,C52H62N2O4
CC(C)C1CCC(C(C)C)C(N2C(=O)c3ccc4c5ccc6c7c(ccc(c8ccc(c3c48)C2=O)c75)C(=O)N(C2CC(C(C)C)CCC2C(C)C)C6=O)C1,CC(C)C1CCC(C(C)C)CC1,Pubchem,722.97,2,12,12,1.0,C48H54N2O4
CCCCCCC(CCCC)CCN1C(=O)c2ccc3c4c(C)cc5c6c(ccc(c7c(C)cc(c2c37)C1=O)c64)C(=O)N(CCC(CCCC)CCCCCC)C5=O,CCCCCCC(CC)CCCC,Pubchem,783.1099999999994,9,13,12,0.0,C52H66N2O4
CCCCCCCCN1C(=O)c2ccc3c4c(C)cc5c6c(ccc(c7c(C)cc(c2c37)C1=O)c64)C(=O)N(CCCCCCCC)C5=O,CCCCCCCC,Pubchem,642.84,5,8,7,0.0,C42H46N2O4
[C-]#[N+]c1cc2c3c(ccc4c5c(C#N)cc6c7c(ccc(c1c34)c75)C(=O)N(CC(CC)CCCC)C6=O)C(=O)N(CC(CC)CCCC)C2=O,CCCCC(C)CC,Pubchem,664.8059999999998,4,8,7,0.0,C42H40N4O4
[C-]#[N+]c1cc2c3c(cc(C#N)c4c5ccc6c7c(ccc(c1c34)c75)C(=O)N(CC(CC)CCCC)C6=O)C(=O)N(CC(CC)CCCC)C2=O,CCCCC(C)CC,Pubchem,664.8059999999999,4,8,7,0.0,C42H40N4O4
[C-]#[N+]c1cc2c3c(ccc4c5c(C#N)cc6c7c(ccc(c1c34)c75)C(=O)N(C(CC)CCCC)C6=O)C(=O)N(C(CC)CCCC)C2=O,CCCCCCC,Pubchem,636.752,4,7,6,0.0,C40H36N4O4
[C-]#[N+]c1cc2c3c(cc(C#N)c4c5ccc6c7c(ccc(c1c34)c75)C(=O)N(C(C)CCCC)C6=O)C(=O)N(C(C)CCCC)C2=O,CCCCCC,Pubchem,608.6980000000001,3,6,5,0.0,C38H32N4O4
[C-]#[N+]c1cc2c3c(cc(C#N)c4c5c(C#N)cc6c7c(cc([N+]#[C-])c(c1c34)c75)C(=O)N(C(C)CCCC)C6=O)C(=O)N(C(C)CCCC)C2=O,CCCCCC,Pubchem,658.7179999999998,3,6,5,0.0,C40H30N6O4
[C-]#[N+]c1cc2c3c(ccc4c5c(C#N)cc6c7c(ccc(c1c34)c75)C(=O)N(c1c(C(C)C)cccc1C(C)C)C6=O)C(=O)N(c1c(C(C)C)cccc1C(C)C)C2=O,CC(C)c1cccc(C(C)C)c1,Pubchem,760.8939999999999,2,12,12,1.5,C50H40N4O4
[C-]#[N+]c1cc2c3c(cc(C#N)c4c5ccc6c7c(ccc(c1c34)c75)C(=O)N(c1c(C(C)C)cccc1C(C)C)C6=O)C(=O)N(c1c(C(C)C)cccc1C(C)C)C2=O,CC(C)c1cccc(C(C)C)c1,Pubchem,760.894,2,12,12,1.5,C50H40N4O4
[C-]#[N+]c1cc2c3c(cc(C#N)c4c5ccc6c7c(ccc(c1c34)c75)C(=O)N(C(CC)CCCC)C6=O)C(=O)N(C(CC)CCCC)C2=O,CCCCCCC,Pubchem,636.7520000000001,4,7,6,0.0,C40H36N4O4
[C-]#[N+]c1cc2c3c(cc(C#N)c4c5c(C#N)cc6c7c(cc([N+]#[C-])c(c1c34)c75)C(=O)N(c1c(C(C)C)cccc1C(C)C)C6=O)C(=O)N(c1c(C(C)C)cccc1C(C)C)C2=O,CC(C)c1cccc(C(C)C)c1,Pubchem,810.9139999999999,2,12,12,1.5,C52H38N6O4
[C-]#[N+]c1cc2c3c(cc(C#N)c4c5c(C#N)cc6c7c(cc([N+]#[C-])c(c1c34)c75)C(=O)N(CC(CC)CCCC)C6=O)C(=O)N(CC(CC)CCCC)C2=O,CCCCC(C)CC,Pubchem,714.8259999999998,4,8,7,0.0,C44H38N6O4
CC(C)(C)CC(C)(C)c1ccc(Oc2cc3c4c(ccc5c6c(Oc7ccc(C(C)(C)CC(C)(C)C)cc7)cc7c8c(ccc(c2c45)c86)C(=O)N(C2CCCCC2)C7=O)C(=O)N(C2CCCCC2)C3=O)cc1,C1CCCCC1,Pubchem,963.2719999999995,0,6,6,1.0,C64H70N2O6
CCCCN(CCCC)CCN1C(=O)c2ccc3c4ccc5c6c(ccc(c7ccc(c2c37)C1=O)c64)C(=O)N(CCN(CCCC)CCCC)C5=O,CCCCN(CC)CCCC,Pubchem,700.9239999999995,7,11,10,0.0,C44H52N4O4
CCC(CC)N1C(=O)c2ccc3c4ccc5c6c(cc(OC)c(c7ccc(c2c37)C1=O)c64)C(=O)N(C(CC)CC)C5=O,CCCCC,Pubchem,560.6500000000003,2,5,4,0.0,C35H32N2O5
C=CCN1C(=O)c2ccc3c4c(Oc5ccc(C(C)(C)CC(C)(C)C)cc5)cc5c6c(ccc(c7c(Oc8ccc(C(C)(C)CC(C)(C)C)cc8)cc(c2c37)C1=O)c64)C(=O)N(CC=C)C5=O,C=CC,Pubchem,879.1099999999997,0,3,2,0.0,C58H58N2O6
CCc1cc2c3c(ccc4c5ccc6c7c(cc(CC)c(c1c34)c75)C(=O)NC6=O)C(=O)NC2=O,H,Pubchem,446.4620000000002,0,0,0,0.0,C28H18N2O4
CCC(C)(COC(C)(C)C)N1C(=O)c2ccc3c4ccc5c6c(ccc(c7ccc(c2c37)C1=O)c64)C(=O)N(C(C)(CC)COC(C)(C)C)C5=O,CCC(C)COC(C)(C)C,Pubchem,674.838,3,10,9,0.0,C42H46N2O6
Cc1cc2c3c(ccc4c5c(N)cc6c7c(ccc(c1c34)c75)C(=O)N(c1c(C(C)C)cccc1C(C)C)C6=O)C(=O)N(c1c(C(C)C)cccc1C(C)C)C2=O,CC(C)c1cccc(C(C)C)c1,Pubchem,739.916,2,12,12,1.5,C49H45N3O4
CN1C(=O)c2ccc3c4c(-c5ccc(C=CC6=C(C#N)C(=C(C#N)C#N)OC6(C)C)cc5)cc5c6c(ccc(c7c(-c8ccc(C=CC9=C(C#N)C(=C(C#N)C#N)OC9(C)C)cc8)cc(c2c37)C1=O)c64)C(=O)N(C)C5=O,C,Pubchem,989.0199999999996,0,1,0,0.0,C62H36N8O6
C=CC(=O)CCCCC(CCCC)CN1C(=O)c2ccc3c4ccc5c6c(ccc(c7ccc(c2c37)C1=O)c64)C(=O)N(CC(CCCC)CCCCC(=O)C=C)C5=O,C=CC(=O)CCCCC(C)CCCC,Pubchem,778.9899999999996,9,14,13,0.0,C50H54N2O6
CCCCC(CCCCC[N+](=O)[O-])CN1C(=O)c2ccc3c4ccc5c6c(ccc(c7ccc(c2c37)C1=O)c64)C(=O)N(CC(CCCC)CCCCC[N+](=O)[O-])C5=O,CCCCC(C)CCCCC[N+](=O)[O-],Pubchem,788.9419999999996,9,14,13,0.0,C46H52N4O8
CCCCC(CCCOC(C)=O)CN1C(=O)c2ccc3c4ccc5c6c(ccc(c7ccc(c2c37)C1=O)c64)C(=O)N(CC(CCCC)CCCOC(C)=O)C5=O,CCCCC(C)CCCOC(C)=O,Pubchem,758.9119999999997,7,13,12,0.0,C46H50N2O8
CCCCC(CCCCC(C)=O)CN1C(=O)c2ccc3c4ccc5c6c(ccc(c7ccc(c2c37)C1=O)c64)C(=O)N(CC(CCCC)CCCCC(C)=O)C5=O,CCCCC(C)CCCCC(C)=O,Pubchem,754.9679999999996,8,13,12,0.0,C48H54N2O6
CCCCC(CCCCCC#N)CN1C(=O)c2ccc3c4ccc5c6c(ccc(c7ccc(c2c37)C1=O)c64)C(=O)N(CC(CCCC)CCCCCC#N)C5=O,CCCCC(C)CCCCCC#N,Pubchem,748.9679999999995,8,13,12,0.0,C48H52N4O4
CCCCC(CCC)N1C(=O)c2ccc3c4ccc5c6c(ccc(c7ccc(c2c37)C1=O)c64)C(=O)N(C(CCC)CCCC)C5=O,CCCCCCCC,Pubchem,614.786,5,8,7,0.0,C40H42N2O4
C=CCCCCCC(CCCC)CN1C(=O)c2ccc3c4ccc5c6c(ccc(c7ccc(c2c37)C1=O)c64)C(=O)N(CC(CCCC)CCCCCC=C)C5=O,C=CCCCCCC(C)CCCC,Pubchem,751.0239999999995,9,13,12,0.0,C50H58N2O4
CCCCCC(CCCC)CCN1C(=O)c2ccc3c4ccc5c6c(ccc(c7ccc(c2c37)C1=O)c64)C(=O)N(CCC(CCCC)CCCCC)C5=O,CCCCCC(CC)CCCC,Pubchem,727.0019999999996,8,12,11,0.0,C48H58N2O4
CCC(CC)N1C(=O)c2ccc3c4c(SCC(NC(C)=O)C(=O)NC(Cc5ccccc5)C(=O)NC(Cc5ccccc5)C(=O)O)cc5c6c(ccc(c7c(OC(C)(C)CO)cc(c2c37)C1=O)c64)C(=O)N(C(CC)CC)C5=O,CCCCC,Pubchem,1074.266,2,5,4,0.0,C61H63N5O11S
CCOCC(C)(C)Oc1cc2c3c(ccc4c5c(SCC(NC(C)=O)C(=O)NC(Cc6ccccc6)C(=O)O)cc6c7c(ccc(c1c34)c75)C(=O)N(C(CC)CC)C6=O)C(=O)N(C(CC)CC)C2=O,CCCCC,Pubchem,955.1429999999999,2,5,4,0.0,C54H58N4O10S
CCN1C(=O)c2ccc3c4c(C#N)cc5c6c(ccc(c7c(C#N)cc(c2c37)C1=O)c64)C(=O)N(CC)C5=O,CC,Pubchem,496.4820000000003,0,2,1,0.0,C30H16N4O4
Cc1ccc(N2C(=O)c3ccc4c5ccc6c7c(cc(OCC(C)C)c(c8c(OCC(C)C)cc(c3c48)C2=O)c75)C(=O)N(c2ccc(C)cc2)C6=O)cc1,Cc1ccccc1,Pubchem,714.8180000000001,0,7,7,1.5,C46H38N2O6
CC(C)COc1cc2c3c(ccc4c5ccc6c7c(cc(OCC(C)C)c(c1c34)c75)C(=O)N(C)C6=O)C(=O)N(C)C2=O,C,Pubchem,562.6220000000003,0,1,0,0.0,C34H30N2O6
Cc1cc2c3ccc4c5c(c(C(C)C)cc(c6ccc7c(c1C(=O)NC7=O)c26)c53)C(=O)NC4=O,H,Pubchem,446.46200000000016,0,0,0,0.0,C28H18N2O4
O=C1c2ccc3c4c(N5CCCCC5)cc5c6c(cc(N7CCCCC7)c(c7ccc(c2c37)C(=O)N1C1CCCCC1)c64)C(=O)N(C1CCCCC1)C5=O,C1CCCCC1,Pubchem,720.9139999999996,0,6,6,1.0,C46H48N4O4
CCC(CC)N1C(=O)c2ccc3c4ccc5c6c(cc(OC(C)(C)CCOC(C)(C)C)c(c7ccc(c2c37)C1=O)c64)C(=O)N(C(CC)CC)C5=O,CCCCC,Pubchem,688.865,2,5,4,0.0,C43H48N2O6
CS(=O)(=O)c1ccc(N2C(=O)c3ccc4c5ccc6c7c(ccc(c8ccc(c3c48)C2=O)c75)C(=O)N(c2ccc(S(C)(=O)=O)cc2)C6=O)cc1,CS(=O)(=O)c1ccccc1,Pubchem,698.7340000000003,1,10,10,1.5,C38H22N2O8S2
CC(C)(C)c1ccc(N(c2ccc(-c3cc4c5c(ccc6c7ccc8c9c(ccc(c3c56)c97)C(=O)N(c3ccccc3)C8=O)C(=O)N(c3ccccc3)C4=O)cc2)c2ccc(C(C)(C)C)cc2)cc1,c1ccccc1,Pubchem,898.075,0,6,6,1.5,C62H47N3O4
CC(C)C(C(C)C)N1C(=O)c2ccc3c4ccc5c6c(cc(N7CCN(C(=O)c8cc[n+](C)cc8)CC7)c(c7ccc(c2c37)C1=O)c64)C(=O)N(C(C(C)C)C(C)C)C5=O,CC(C)CC(C)C,Pubchem,790.9849999999998,2,7,6,0.0,C49H52N5O5+
CC=C(C)c1cc2c3c(ccc4c5c(C(C)CC)cc6c7c(ccc(c1c34)c75)C(=O)N(CCOCCC)C6=O)C(=O)N(CCOCCC)C2=O,CCCOCC,Pubchem,672.8220000000001,3,6,5,0.0,C42H44N2O6
Cc1csc(N2C(=O)c3ccc4c5ccc6c7c(ccc(c8ccc(c3c48)C2=O)c75)C(=O)N(c2nc(C)cs2)C6=O)n1,Cc1cscn1,Pubchem,584.6380000000003,0,6,6,1.5,C32H16N4O4S2
COC(=O)c1cnc(N2C(=O)c3ccc4c5ccc6c7c(ccc(c8ccc(c3c48)C2=O)c75)C(=O)N(c2ncc(C(=O)OC)s2)C6=O)s1,COC(=O)c1cncs1,Pubchem,672.6560000000002,1,9,9,1.5,C34H16N4O8S2
CCOC(=O)Cc1csc(N2C(=O)c3ccc4c5ccc6c7c(ccc(c8ccc(c3c48)C2=O)c75)C(=O)N(c2nc(CC(=O)OCC)cs2)C6=O)n1,CCOC(=O)Cc1cscn1,Pubchem,728.764,3,11,11,1.5,C38H24N4O8S2
Cc1nc(N2C(=O)c3ccc4c5ccc6c7c(ccc(c8ccc(c3c48)C2=O)c75)C(=O)N(c2nc(C)c(C)s2)C6=O)sc1C,Cc1ncsc1C,Pubchem,612.6920000000002,0,7,7,1.5,C34H20N4O4S2
Cc1cnc(N2C(=O)c3ccc4c5ccc6c7c(ccc(c8ccc(c3c48)C2=O)c75)C(=O)N(c2ncc(C)s2)C6=O)s1,Cc1cncs1,Pubchem,584.6380000000003,0,6,6,1.5,C32H16N4O4S2
CCOC(=O)c1sc(N2C(=O)c3ccc4c5ccc6c7c(ccc(c8ccc(c3c48)C2=O)c75)C(=O)N(c2nc(-c3ccccc3)c(C(=O)OCC)s2)C6=O)nc1-c1ccccc1,CCOC(=O)c1scnc1-c1ccccc1,Pubchem,852.9060000000001,3,16,17,3.0,C48H28N4O8S2
CCCCCCCCOC(=O)Cc1csc(N2C(=O)c3ccc4c5ccc6c7c(ccc(c8ccc(c3c48)C2=O)c75)C(=O)N(c2nc(CC(=O)OCCCCCCCC)cs2)C6=O)n1,CCCCCCCCOC(=O)Cc1cscn1,Pubchem,897.0879999999996,9,17,17,1.5,C50H48N4O8S2
CCCCC(CC)COC(=O)Cc1csc(N2C(=O)c3ccc4c5ccc6c7c(ccc(c8ccc(c3c48)C2=O)c75)C(=O)N(c2nc(CC(=O)OCC(CC)CCCC)cs2)C6=O)n1,CCCCC(CC)COC(=O)Cc1cscn1,Pubchem,897.0879999999996,8,17,17,1.5,C50H48N4O8S2
Cc1nc(N2C(=O)c3ccc4c5ccc6c7c(ccc(c8ccc(c3c48)C2=O)c75)C(=O)N(c2nc(C)c(C)o2)C6=O)oc1C,Cc1ncoc1C,Pubchem,580.5560000000003,0,7,7,1.5,C34H20N4O6
CCCCCCN1C(=O)c2ccc3c4c(N5CCCC5)cc5c6c(ccc(c7c(N8CCCC8)cc(c2c37)C1=O)c64)C(=O)N(CCCCCC)C5=O,CCCCCC,Pubchem,696.8919999999997,3,6,5,0.0,C44H48N4O4
O=C1c2ccc3c4ccc5c6c(ccc(c7ccc(c2c37)C(=O)N1c1ccc(-c2ccncc2)cc1)c64)C(=O)N(c1ccc(-c2ccncc2)cc1)C5=O,c1ccc(-c2ccncc2)cc1,Pubchem,696.7220000000002,1,12,13,3.0,C46H24N4O4
CCCCCC(C)Oc1cc2c3c(ccc4c5ccc6c7c(cc(OC(C)C)c(c1c34)c75)C(=O)N(C)C6=O)C(=O)N(C)C2=O,C,Pubchem,590.6760000000003,0,1,0,0.0,C36H34N2O6
CC=CC(=CC(C)C)Oc1cc2c3c(cc(Oc4ccccc4)c4c5c(Oc6ccccc6)cc6c7c(cc(Oc8ccccc8)c(c1c34)c75)C(=O)N(c1c(C(C)C)cccc1C(C)C)C6=O)C(=O)N(c1c(C(C)C)cccc1C(C)C)C2=O,CC(C)c1cccc(C(C)C)c1,Pubchem,1111.3479999999997,2,12,12,1.5,C74H66N2O8
Cc1cc(C(=O)O)cc(C)c1N1C(=O)c2ccc3c4ccc5c6c(ccc(c7ccc(c2c37)C1=O)c64)C(=O)N(c1c(C)cc(C(=O)O)cc1C)C5=O,Cc1cc(C)cc(C(=O)O)c1,Pubchem,686.6760000000003,1,11,11,1.5,C42H26N2O8
CCC(C)N1C(=O)c2ccc3c4c(C#N)cc5c6c(cc(C#N)c(c7ccc(c2c37)C1=O)c64)C(=O)N(C(C)CC)C5=O,CCCC,Pubchem,552.5900000000004,1,4,3,0.0,C34H24N4O4
CCN(CC)c1cccc(N2C(=O)c3ccc4c5ccc6c7c(ccc(c8ccc(c3c48)C2=O)c75)C(=O)N(c2cccc(N(CC)CC)c2)C6=O)c1,CCN(CC)c1ccccc1,Pubchem,684.796,3,11,11,1.5,C44H36N4O4
CCOc1ccccc1N1C(=O)c2ccc3c4ccc5c6c(ccc(c7ccc(c2c37)C1=O)c64)C(=O)N(c1ccccc1OCC)C5=O,CCOc1ccccc1,Pubchem,630.6560000000002,2,9,9,1.5,C40H26N2O6
CC(C)Cc1ccccc1N1C(=O)c2ccc3c4ccc5c6c(ccc(c7ccc(c2c37)C1=O)c64)C(=O)N(c1ccccc1CC(C)C)C5=O,CC(C)Cc1ccccc1,Pubchem,654.7660000000002,2,10,10,1.5,C44H34N2O4
CC(=O)c1ccc(N2C(=O)c3ccc4c5ccc6c7c(ccc(c8ccc(c3c48)C2=O)c75)C(=O)N(c2ccc(C(C)=O)cc2)C6=O)cc1,CC(=O)c1ccccc1,Pubchem,626.6240000000003,1,9,9,1.5,C40H22N2O6
CC(C)(C)c1cccc(N2C(=O)c3ccc4c5ccc6c7c(ccc(c8ccc(c3c48)C2=O)c75)C(=O)N(c2cccc(C(C)(C)C)c2)C6=O)c1,CC(C)(C)c1ccccc1,Pubchem,654.7660000000002,0,10,10,1.5,C44H34N2O4
CC(C)Cc1cccc(CC(C)C)c1N1C(=O)c2ccc3c4ccc5c6c(ccc(c7ccc(c2c37)C1=O)c64)C(=O)N(c1c(CC(C)C)cccc1CC(C)C)C5=O,CC(C)Cc1cccc(CC(C)C)c1,Pubchem,766.9819999999999,4,14,14,1.5,C52H50N2O4
C[n+]1ccc(-c2cc[n+](CCCN3C(=O)c4ccc5c6ccc7c8c(ccc(c9ccc(c4c59)C3=O)c86)C(=O)N(CCC[n+]3ccc(-c4cc[n+](C)cc4)cc3)C7=O)cc2)cc1,CCC[n+]1ccc(-c2cc[n+](C)cc2)cc1,Pubchem,814.9459999999999,3,16,17,3.0,C52H42N6O4+4
CC(C)c1ccc(N2C(=O)c3ccc4c5ccc6c7c(ccc(c8ccc(c3c48)C2=O)c75)C(=O)N(c2ccc(C(C)C)cc2)C6=O)cc1,CC(C)c1ccccc1,Pubchem,626.7120000000002,1,9,9,1.5,C42H30N2O4
O=C1c2ccc3c4ccc5c6c(ccc(c7ccc(c2c37)C(=O)N1c1ccccc1O)c64)C(=O)N(c1ccccc1O)C5=O,Oc1ccccc1,Pubchem,574.5480000000003,0,7,7,1.5,C36H18N2O6
CCN(CC)c1ccccc1N1C(=O)c2ccc3c4ccc5c6c(ccc(c7ccc(c2c37)C1=O)c64)C(=O)N(c1ccccc1N(CC)CC)C5=O,CCN(CC)c1ccccc1,Pubchem,684.796,3,11,11,1.5,C44H36N4O4
CC(C)CCN1C(=O)c2ccc3c4ccc5c6c(ccc(c7ccc(c2c37)C1=O)c64)C(=O)N(CCC(C)C)C5=O,CCC(C)C,Pubchem,530.6240000000004,1,5,4,0.0,C34H30N2O4
CC(C)N(c1ccc(N2C(=O)c3ccc4c5ccc6c7c(ccc(c8ccc(c3c48)C2=O)c75)C(=O)N(c2ccc(N(C(C)C)C(C)C)cc2)C6=O)cc1)C(C)C,CC(C)N(c1ccccc1)C(C)C,Pubchem,740.9040000000001,3,13,13,1.5,C48H44N4O4
O=C1c2ccc3c4ccc5c6c(ccc(c7ccc(c2c37)C(=O)N1c1c(O)cccc1O)c64)C(=O)N(c1c(O)cccc1O)C5=O,Oc1cccc(O)c1,Pubchem,606.5460000000005,0,8,8,1.5,C36H18N2O8
CCC(C)c1cccc(N2C(=O)c3ccc4c5ccc6c7c(ccc(c8ccc(c3c48)C2=O)c75)C(=O)N(c2cccc(C(C)CC)c2)C6=O)c1,CCC(C)c1ccccc1,Pubchem,654.7660000000002,2,10,10,1.5,C44H34N2O4
O=C1c2ccc3c4ccc5c6c(ccc(c7ccc(c2c37)C(=O)N1c1ccccc1[N+](=O)[O-])c64)C(=O)N(c1ccccc1[N+](=O)[O-])C5=O,O=[N+]([O-])c1ccccc1,Pubchem,632.5440000000002,1,9,9,1.5,C36H16N4O8
CCCCc1cccc(N2C(=O)c3ccc4c5ccc6c7c(ccc(c8ccc(c3c48)C2=O)c75)C(=O)N(c2cccc(CCCC)c2)C6=O)c1,CCCCc1ccccc1,Pubchem,654.7660000000001,3,10,10,1.5,C44H34N2O4
CCc1ccccc1N1C(=O)c2ccc3c4ccc5c6c(ccc(c7ccc(c2c37)C1=O)c64)C(=O)N(c1ccccc1CC)C5=O,CCc1ccccc1,Pubchem,598.6580000000001,1,8,8,1.5,C40H26N2O4
O=C1c2ccc3c4ccc5c6c(ccc(c7ccc(c2c37)C(=O)N1c1c([N+](=O)[O-])cccc1[N+](=O)[O-])c64)C(=O)N(c1c([N+](=O)[O-])cccc1[N+](=O)[O-])C5=O,O=[N+]([O-])c1cccc([N+](=O)[O-])c1,Pubchem,722.5380000000002,2,12,12,1.5,C36H14N6O12
CCCN(CCC)c1ccc(N2C(=O)c3ccc4c5ccc6c7c(ccc(c8ccc(c3c48)C2=O)c75)C(=O)N(c2ccc(N(CCC)CCC)cc2)C6=O)cc1,CCCN(CCC)c1ccccc1,Pubchem,740.9039999999999,5,13,13,1.5,C48H44N4O4
COc1ccccc1N1C(=O)c2ccc3c4ccc5c6c(ccc(c7ccc(c2c37)C1=O)c64)C(=O)N(c1ccccc1OC)C5=O,COc1ccccc1,Pubchem,602.6020000000002,1,8,8,1.5,C38H22N2O6
CCCCc1cccc(CCCC)c1N1C(=O)c2ccc3c4ccc5c6c(ccc(c7ccc(c2c37)C1=O)c64)C(=O)N(c1c(CCCC)cccc1CCCC)C5=O,CCCCc1cccc(CCCC)c1,Pubchem,766.9819999999996,6,14,14,1.5,C52H50N2O4
CCCc1ccccc1N1C(=O)c2ccc3c4ccc5c6c(ccc(c7ccc(c2c37)C1=O)c64)C(=O)N(c1ccccc1CCC)C5=O,CCCc1ccccc1,Pubchem,626.7120000000001,2,9,9,1.5,C42H30N2O4
CCOc1cccc(N2C(=O)c3ccc4c5ccc6c7c(ccc(c8ccc(c3c48)C2=O)c75)C(=O)N(c2cccc(OCC)c2)C6=O)c1,CCOc1ccccc1,Pubchem,630.6560000000002,2,9,9,1.5,C40H26N2O6
CCCc1cccc(N2C(=O)c3ccc4c5ccc6c7c(ccc(c8ccc(c3c48)C2=O)c75)C(=O)N(c2cccc(CCC)c2)C6=O)c1,CCCc1ccccc1,Pubchem,626.7120000000001,2,9,9,1.5,C42H30N2O4
CCCc1cccc(CCC)c1N1C(=O)c2ccc3c4ccc5c6c(ccc(c7ccc(c2c37)C1=O)c64)C(=O)N(c1c(CCC)cccc1CCC)C5=O,CCCc1cccc(CCC)c1,Pubchem,710.8739999999998,4,12,12,1.5,C48H42N2O4
O=C1c2ccc3c4ccc5c6c(ccc(c7ccc(c2c37)C(=O)N1c1cccc([N+](=O)[O-])c1)c64)C(=O)N(c1cccc([N+](=O)[O-])c1)C5=O,O=[N+]([O-])c1ccccc1,Pubchem,632.5440000000003,1,9,9,1.5,C36H16N4O8
CCc1cccc(N2C(=O)c3ccc4c5ccc6c7c(ccc(c8ccc(c3c48)C2=O)c75)C(=O)N(c2cccc(CC)c2)C6=O)c1,CCc1ccccc1,Pubchem,598.6580000000001,1,8,8,1.5,C40H26N2O4
CCCc1ccc(N2C(=O)c3ccc4c5ccc6c7c(ccc(c8ccc(c3c48)C2=O)c75)C(=O)N(c2ccc(CCC)cc2)C6=O)cc1,CCCc1ccccc1,Pubchem,626.7120000000001,2,9,9,1.5,C42H30N2O4
CCN(CC)c1ccc(N2C(=O)c3ccc4c5ccc6c7c(ccc(c8ccc(c3c48)C2=O)c75)C(=O)N(c2ccc(N(CC)CC)cc2)C6=O)cc1,CCN(CC)c1ccccc1,Pubchem,684.796,3,11,11,1.5,C44H36N4O4
COc1cccc(N2C(=O)c3ccc4c5ccc6c7c(ccc(c8ccc(c3c48)C2=O)c75)C(=O)N(c2cccc(OC)c2)C6=O)c1,COc1ccccc1,Pubchem,602.6020000000003,1,8,8,1.5,C38H22N2O6
CCc1ccc(N2C(=O)c3ccc4c5ccc6c7c(ccc(c8ccc(c3c48)C2=O)c75)C(=O)N(c2ccc(CC)cc2)C6=O)cc1,CCc1ccccc1,Pubchem,598.6580000000001,1,8,8,1.5,C40H26N2O4
COc1cccc(OC)c1N1C(=O)c2ccc3c4ccc5c6c(ccc(c7ccc(c2c37)C1=O)c64)C(=O)N(c1c(OC)cccc1OC)C5=O,COc1cccc(OC)c1,Pubchem,662.6540000000002,2,10,10,1.5,C40H26N2O8
CC(C)Cc1cccc(N2C(=O)c3ccc4c5ccc6c7c(ccc(c8ccc(c3c48)C2=O)c75)C(=O)N(c2cccc(CC(C)C)c2)C6=O)c1,CC(C)Cc1ccccc1,Pubchem,654.7660000000002,2,10,10,1.5,C44H34N2O4
CCCCc1ccccc1N1C(=O)c2ccc3c4ccc5c6c(ccc(c7ccc(c2c37)C1=O)c64)C(=O)N(c1ccccc1CCCC)C5=O,CCCCc1ccccc1,Pubchem,654.7660000000001,3,10,10,1.5,C44H34N2O4
CN(C)c1cccc(N2C(=O)c3ccc4c5ccc6c7c(ccc(c8ccc(c3c48)C2=O)c75)C(=O)N(c2cccc(N(C)C)c2)C6=O)c1,CN(C)c1ccccc1,Pubchem,628.6880000000001,1,9,9,1.5,C40H28N4O4
CC(C)Cc1ccc(N2C(=O)c3ccc4c5ccc6c7c(ccc(c8ccc(c3c48)C2=O)c75)C(=O)N(c2ccc(CC(C)C)cc2)C6=O)cc1,CC(C)Cc1ccccc1,Pubchem,654.7660000000002,2,10,10,1.5,C44H34N2O4
CCC(C)c1ccc(N2C(=O)c3ccc4c5ccc6c7c(ccc(c8ccc(c3c48)C2=O)c75)C(=O)N(c2ccc(C(C)CC)cc2)C6=O)cc1,CCC(C)c1ccccc1,Pubchem,654.7660000000002,2,10,10,1.5,C44H34N2O4
CC(C)c1cccc(N2C(=O)c3ccc4c5ccc6c7c(ccc(c8ccc(c3c48)C2=O)c75)C(=O)N(c2cccc(C(C)C)c2)C6=O)c1,CC(C)c1ccccc1,Pubchem,626.7120000000002,1,9,9,1.5,C42H30N2O4
CC(=O)Oc1ccc(N2C(=O)c3ccc4c5ccc6c7c(ccc(c8ccc(c3c48)C2=O)c75)C(=O)N(c2ccc(OC(C)=O)cc2)C6=O)cc1,CC(=O)Oc1ccccc1,Pubchem,658.6220000000003,1,10,10,1.5,C40H22N2O8
O=C1c2ccc3c4ccc5c6c(ccc(c7ccc(c2c37)C(=O)N1c1ncc([N+](=O)[O-])s1)c64)C(=O)N(c1ncc([N+](=O)[O-])s1)C5=O,O=[N+]([O-])c1cncs1,Pubchem,646.5780000000001,1,8,8,1.5,C30H10N6O8S2
[C-]#[N+]c1cc2c3c(ccc4c5c(C#N)cc6c7c(ccc(c1c34)c75)C(=O)N(CCCC)C6=O)C(=O)N(CCCC)C2=O,CCCC,Pubchem,552.5900000000004,1,4,3,0.0,C34H24N4O4
CCC(CC)N1C(=O)c2ccc3c4c([N+](=O)[O-])cc5c6c(cc([N+](=O)[O-])c(c7ccc(c2c37)C1=O)c64)C(=O)N(C(CC)CC)C5=O,CCCCC,Pubchem,620.6180000000004,2,5,4,0.0,C34H28N4O8
CC(C)c1cccc(C(C)C)c1N1C(=O)c2ccc3c4c(Oc5ccc(C(C)(C)CC(C)(C)C)cc5)cc5c6c(ccc(c7c(Cc8ccc(C(C)(C)CC(C)(C)C)cc8)cc(c2c37)C1=O)c64)C(=O)N(c1c(C(C)C)cccc1C(C)C)C5=O,CC(C)c1cccc(C(C)C)c1,Pubchem,1117.527999999999,2,12,12,1.5,C77H84N2O5
O=C1c2ccc3c4ccc5c6c(ccc(c7ccc(c2c37)C(=O)N1CCCSCCSCCS)c64)C(=O)N(CCCSCCSCCS)C5=O,CCCSCCSCCS,Pubchem,779.1339999999999,7,10,9,0.0,C38H38N2O4S6
O=C1c2ccc3c4ccc5c6c(ccc(c7ccc(c2c37)C(=O)N1N=Nc1ccc(N(CCO)CCO)cc1)c64)C(=O)N(N=Nc1ccc(N(CCO)CCO)cc1)C5=O,N=Nc1ccc(N(CCO)CCO)cc1,Pubchem,804.8199999999998,6,15,15,1.5,C44H36N8O8
C=CC=CC(=CC)Oc1cc2c3c(cc(Oc4ccccc4)c4c5c(OC(C=CC=C)=CC)cc6c7c(cc(Oc8ccccc8)c(c1c34)c75)C(=O)NC6=O)C(=O)NC2=O,H,Pubchem,790.8280000000003,0,0,0,0.0,C50H34N2O8
C=CC=CC(=CC)Oc1cc2c3c(cc(Oc4ccccc4)c4c5c(OC(C=CC)=CC=C)cc6c7c(cc(OC(C=C)=CC=CC)c(c1c34)c75)C(=O)NC6=O)C(=O)NC2=O,H,Pubchem,806.8710000000001,0,0,0,0.0,C51H38N2O8
C#Cc1cccc(N2C(=O)c3ccc4c5ccc6c7c(ccc(c8ccc(c3c48)C2=O)c75)C(=O)N(c2cccc(C#C)c2)C6=O)c1,C#Cc1ccccc1,Pubchem,590.5940000000003,0,8,8,1.5,C40H18N2O4
CCCCCC(C)N1C(=O)c2ccc3c4c(-c5cc6c(s5)-c5sc(C)cc5C6=O)cc5c6c(ccc(c7c(C)cc(c2c37)C1=O)c64)C(=O)N(C(C)CCCCC)C5=O,CCCCCCC,Pubchem,805.0339999999999,4,7,6,0.0,C49H44N2O5S2
CCCCCC(C)N1C(=O)c2ccc3c4c(-c5cc6c(s5)-c5sc(C)cc5C65OCCO5)cc5c6c(ccc(c7c(C)cc(c2c37)C1=O)c64)C(=O)N(C(C)CCCCC)C5=O,CCCCCCC,Pubchem,849.0869999999998,4,7,6,0.0,C51H48N2O6S2
CCCCCC(C)N1C(=O)c2ccc3c4c(-c5cc6sc(C)cc6s5)cc5c6c(ccc(c7c(C)cc(c2c37)C1=O)c64)C(=O)N(C(C)CCCCC)C5=O,CCCCCCC,Pubchem,753.002,4,7,6,0.0,C46H44N2O4S2
CCCCC(CC)COc1cc2c3c(ccc4c5ccc6c7c(cc(OCC(C)C)c(c1c34)c75)C(=O)N(C)C6=O)C(=O)N(C)C2=O,C,Pubchem,618.7300000000002,0,1,0,0.0,C38H38N2O6
CC(C)Oc1cc2c3c(ccc4c5ccc6c7c(cc(OC(C)C)c(c1c34)c75)C(=O)N(C)C6=O)C(=O)N(C)C2=O,C,Pubchem,534.5680000000003,0,1,0,0.0,C32H26N2O6
CC(=O)COc1cc(C)c(N2C(=O)c3ccc4c5ccc6c7c(ccc(c8ccc(c3c48)C2=O)c75)C(=O)N(c2c(C)cc(OCC(C)=O)cc2C)C6=O)c(C)c1,CC(=O)COc1cc(C)cc(C)c1,Pubchem,742.784,3,13,13,1.5,C46H34N2O8
Cc1cc(C(C)C)cc(C)c1N1C(=O)c2ccc3c4ccc5c6c(ccc(c7ccc(c2c37)C1=O)c64)C(=O)N(c1c(C)cc(C(C)C)cc1C)C5=O,Cc1cc(C)cc(C(C)C)c1,Pubchem,682.82,1,11,11,1.5,C46H38N2O4
O=C(O)c1c(S)cc(N2C(=O)c3ccc4c5ccc6c7c(ccc(c8ccc(c3c48)C2=O)c75)C(=O)N(c2cc(S)c(C(=O)O)c(S)c2)C6=O)cc1S,O=C(O)c1c(S)cccc1S,Pubchem,758.8360000000001,1,11,11,1.5,C38H18N2O8S4
CCNCCN1C(=O)c2ccc3c4ccc5c6c(ccc(c7ccc(c2c37)C1=O)c64)C(=O)N(CCNCC)C5=O,CCNCC,Pubchem,532.6000000000004,2,5,4,0.0,C32H28N4O4
[C-]#[N+]c1cc2c3c(ccc4c5c(C#N)cc6c7c(ccc(c1c34)c75)C(=O)N(CCC(C)C)C6=O)C(=O)N(CCC(C)C)C2=O,CCC(C)C,Pubchem,580.6440000000002,1,5,4,0.0,C36H28N4O4
C#CC#CC#CC#CCOc1cc2c3c(cc(OCC)c4c5c(OCC)cc6c7c(cc(OCC#CC#CC#CC#C)c(c1c34)c75)C(=O)N(C)C6=O)C(=O)N(C)C2=O,C,Pubchem,758.742,0,1,0,0.0,C48H26N2O8
[C-]#[N+]c1cc2c3c(ccc4c5c(C)cc6c7c(ccc(c1c34)c75)C(=O)N(C(C)CCCC)C6=O)C(=O)N(C(C)CCCC)C2=O,CCCCCC,Pubchem,597.7150000000003,3,6,5,0.0,C38H35N3O4
[C-]#[N+]c1cc2c3c(ccc4c5c(C)cc6c7c(ccc(c1c34)c75)C(=O)N(CC(CC)CCCC)C6=O)C(=O)N(CC(CC)CCCC)C2=O,CCCCC(C)CC,Pubchem,653.8229999999999,4,8,7,0.0,C42H43N3O4
C#CC#CC#CC#CCOc1cc2c3c(cc(OCC#CC#CC#CC#C)c4c5c(OCC)cc6c7c(cc(OCC)c(c1c34)c75)C(=O)N(c1ccc(C)cc1)C6=O)C(=O)N(c1ccc(C)cc1)C2=O,Cc1ccccc1,Pubchem,910.9379999999998,0,7,7,1.5,C60H34N2O8
Cc1cc2c3c(C)c(C)c4c5c(c(C)c(C)c(c6c(C)c(C)c7c(c1C(=O)N(C)C7=O)c26)c53)C(=O)N(C)C4=O,C,Pubchem,516.5970000000004,0,1,0,0.0,C33H28N2O4
CC#CN1C(=O)c2ccc3c4ccc5c6c(ccc(c7ccc(c2c37)C1=O)c64)C(=O)N(C#CC)C5=O,C#CC,Pubchem,466.4520000000003,0,3,2,0.0,C30H14N2O4
Cc1ccsc1-c1cc2c3c(ccc4c5c(-c6sccc6C)cc6c7c(ccc(c1c34)c75)C(=O)N(c1c(C(C)C)cccc1C(C)C)C6=O)C(=O)N(c1c(C(C)C)cccc1C(C)C)C2=O,CC(C)c1cccc(C(C)C)c1,Pubchem,903.1819999999999,2,12,12,1.5,C58H50N2O4S2
CC(C)c1ccccc1-c1cc2c3c(ccc4c5c(-c6ccccc6C(C)C)cc6c7c(ccc(c1c34)c75)C(=O)N(c1c(C(C)C)cccc1C(C)C)C6=O)C(=O)N(c1c(C(C)C)cccc1C(C)C)C2=O,CC(C)c1cccc(C(C)C)c1,Pubchem,947.2319999999999,2,12,12,1.5,C66H62N2O4
CCC(CC)N1C(=O)c2cc(Oc3ccccc3C)c3c4c(Oc5ccccc5C)cc5c6c(cc(Oc7ccccc7C)c(c7c(Oc8ccccc8C)cc(c2c37)C1=O)c64)C(=O)N(C(CC)CC)C5=O,CCCCC,Pubchem,955.12,2,5,4,0.0,C62H54N2O8
O=C1NC(=O)c2ccc3c4ccc5c6c(ccc(c7ccc1c2c73)c64)C(=O)[NH2+]C5=O,H,Pubchem,391.36200000000014,0,0,0,0.0,C24H11N2O4+
O=C1NC(=O)c2ccc3c4c(N5CCCCC5)cc5c6c(ccc(c7ccc1c2c73)c64)C(=O)NC5=O,H,Pubchem,473.4880000000002,0,0,0,0.0,C29H19N3O4
CCC(CC)C(C(CC)CC)N1C(=O)c2ccc3c4ccc5c6c(ccc(c7ccc(c2c37)C1=O)c64)C(=O)N(C(C(CC)CC)C(CC)CC)C5=O,CCC(CC)CC(CC)CC,Pubchem,698.9479999999999,6,11,10,0.0,C46H54N2O4
CC(C)c1cccc(C(C)C)c1N1C(=O)c2ccc3c4ccc5c6c(cc(Sc7ccc(C(C)(C)C)cc7)c(c7ccc(c2c37)C1=O)c64)C(=O)N(c1c(C(C)C)cccc1C(C)C)C5=O,CC(C)c1cccc(C(C)C)c1,Pubchem,875.1469999999999,2,12,12,1.5,C58H54N2O4S
CN1C(=O)c2cc(C#N)c3c4c(C#N)cc5c6c(cc(C#N)c(c7c(C#N)cc(c2c37)C1=O)c64)C(=O)N(C)C5=O,C,Pubchem,518.4480000000003,0,1,0,0.0,C30H10N6O4
COc1ccc(Oc2cc3c4c(ccc5c6ccc7c8c(ccc(c2c45)c86)C(=O)N(c2c(C(C)C)cccc2C(C)C)C7=O)C(=O)N(c2c(C(C)C)cccc2C(C)C)C3=O)c(C(C)(C)C)c1,CC(C)c1cccc(C(C)C)c1,Pubchem,889.1049999999999,2,12,12,1.5,C59H56N2O6
CCCC(CCC)C(C(CCC)CCC)N1C(=O)c2ccc3c4ccc5c6c(ccc(c7ccc(c2c37)C1=O)c64)C(=O)N(C(C(CCC)CCC)C(CCC)CCC)C5=O,CCCC(CCC)CC(CCC)CCC,Pubchem,811.1639999999995,10,15,14,0.0,C54H70N2O4
O=C1c2ccc3c4ccc5c6c(ccc(c7ccc(c2c37)C(=O)N1CCNCCCN1CCOCC1)c64)C(=O)N(CCNCCCN1CCOCC1)C5=O,CCNCCCN1CCOCC1,Pubchem,730.8659999999996,5,12,12,1.0,C42H46N6O6
Cc1ccc(Oc2cc3c4c(cc(Oc5ccc(C)cc5C)c5c6c(Oc7ccc(C)cc7C)cc7c8c(cc(Oc9ccc(C)cc9C)c(c2c45)c86)C(=O)N(C(CC(C)C)C(=O)O)C7=O)C(=O)N(C(CC(C)C)C(=O)O)C3=O)c(C)c1,CC(C)CCC(=O)O,Pubchem,1099.2459999999994,3,8,7,0.0,C68H62N2O12
COc1cc(C)ccc1Oc1cc2c3c(ccc4c5ccc6c7c(ccc(c1c34)c75)C(=O)N(c1c(C(C)C)cccc1C(C)C)C6=O)C(=O)N(c1c(C(C)C)cccc1C(C)C)C2=O,CC(C)c1cccc(C(C)C)c1,Pubchem,847.0239999999999,2,12,12,1.5,C56H50N2O6
COc1ccc(Oc2cc3c4c(ccc5c6ccc7c8c(ccc(c2c45)c86)C(=O)N(c2c(C(C)C)cccc2C(C)C)C7=O)C(=O)N(c2c(C(C)C)cccc2C(C)C)C3=O)cc1,CC(C)c1cccc(C(C)C)c1,Pubchem,832.9970000000001,2,12,12,1.5,C55H48N2O6
COc1cc(C)ccc1Oc1cc2c3c(ccc4c5c(O)cc6c7c(ccc(c1c34)c75)C(=O)N(c1c(C(C)C)cccc1C(C)C)C6=O)C(=O)N(c1c(C(C)C)cccc1C(C)C)C2=O,CC(C)c1cccc(C(C)C)c1,Pubchem,863.0229999999999,2,12,12,1.5,C56H50N2O7
CCCCC(CC)CN1C(=O)c2ccc3c4ccc5c6c(cc([N+](=O)[O-])c(c7ccc(c2c37)C1=O)c64)C(=O)N(CC(CC)CCCC)C5=O,CCCCC(C)CC,Pubchem,659.783,4,8,7,0.0,C40H41N3O6
CCOCCNC(=O)CN1C(=O)c2cc(Oc3ccc(CCN)cc3)c3c4c(Oc5ccc(CCN)cc5)cc5c6c(cc(Oc7ccc(CCN)cc7)c(c7c(Oc8ccc(CCN)cc8)cc(c2c37)C1=O)c64)C(=O)N(CC(=O)NCCOCC)C5=O,CCOCCNC(C)=O,Pubchem,1189.336,4,9,8,0.0,C68H68N8O12
C#CCN1C(=O)c2cc(Oc3ccc(C)cc3)c3c4c(Oc5ccc(C)cc5)cc5c6c(cc(Oc7ccc(C)cc7)c(c7c(Oc8ccc(C)cc8)cc(c2c37)C1=O)c64)C(=O)N(CC#C)C5=O,C#CC,Pubchem,890.948,0,3,2,0.0,C58H38N2O8
CCN(CC)C(=O)CN1C(=O)c2cc(Oc3ccc(CCN)cc3)c3c4c(Oc5ccc(CCN)cc5)cc5c6c(cc(Oc7ccc(CCN)cc7)c(c7c(Oc8ccc(CCN)cc8)cc(c2c37)C1=O)c64)C(=O)N(CC(=O)N(CC)CC)C5=O,CCN(CC)C(C)=O,Pubchem,1157.3379999999995,2,8,7,0.0,C68H68N8O10
C#CCOc1ccc(Oc2cc3c4c(cc(Oc5ccc(OCC#C)cc5)c5c6c(Oc7ccc(OCC#C)cc7)cc7c8c(cc(Oc9ccc(OCC#C)cc9)c(c2c45)c86)C(=O)N(CC(=O)OC(C)(C)C)C7=O)C(=O)N(CC(=O)OC(C)(C)C)C3=O)cc1,CC(=O)OC(C)(C)C,Pubchem,1203.2220000000002,0,8,7,0.0,C72H54N2O16
CC(C)CC(C(=O)O)N1C(=O)c2cc(Oc3ccc(CCO)cc3)c3c4c(Oc5ccc(CCO)cc5)cc5c6c(cc(Oc7ccc(CCO)cc7)c(c7c(Oc8ccc(CCO)cc8)cc(c2c37)C1=O)c64)C(=O)N(C(CC(C)C)C(=O)O)C5=O,CC(C)CCC(=O)O,Pubchem,1163.242,3,8,7,0.0,C68H62N2O16
C=C(C)C(=O)OCCCCOC(=O)CN1C(=O)c2cc(Oc3ccc(C)cc3)c3c4c(Oc5ccc(C)cc5)cc5c6c(cc(Oc7ccc(C)cc7)c(c7c(Oc8ccc(C)cc8)cc(c2c37)C1=O)c64)C(=O)N(CC(=O)OCCCCOC(=O)C(=C)C)C5=O,C=C(C)C(=O)OCCCCOC(C)=O,Pubchem,1211.2859999999994,6,14,13,0.0,C72H62N2O16
Cc1cc(C(C)(C)C)ccc1Oc1cc2c3c(cc(Oc4ccc(C(C)(C)C)cc4C)c4c5c(Oc6ccc(C(C)(C)C)cc6C)cc6c7c(cc(Oc8ccc(C(C)(C)C)cc8C)c(c1c34)c75)C(=O)N(CC(=O)O)C6=O)C(=O)N(CC(=O)O)C2=O,CC(=O)O,Pubchem,1155.3539999999991,0,4,3,0.0,C72H70N2O12
CC(C)(C)c1ccc(Oc2cc3c4c(cc(Oc5ccc(C(C)(C)C)cc5)c5c6c(Oc7ccc(C(C)(C)C)cc7)cc7c8c(cc(Oc9ccc(C(C)(C)C)cc9)c(c2c45)c86)C(=O)N(CC(=O)O)C7=O)C(=O)N(CC(=O)O)C3=O)cc1,CC(=O)O,Pubchem,1099.2459999999994,0,4,3,0.0,C68H62N2O12
C=C(C)C(=O)OCCOCCNC(=O)CN1C(=O)c2cc(Oc3ccccc3)c3c4c(Oc5ccccc5)cc5c6c(cc(Oc7ccccc7)c(c7c(Oc8ccccc8)cc(c2c37)C1=O)c64)C(=O)N(CC(=O)NCCOCCOC(=O)C(=C)C)C5=O,C=C(C)C(=O)OCCOCCNC(C)=O,Pubchem,1185.208,7,15,14,0.0,C68H56N4O16
C=C(C)C(=O)OCCCCNC(=O)CN1C(=O)c2cc(Oc3ccc(C)cc3)c3c4c(Oc5ccc(C)cc5)cc5c6c(cc(Oc7ccc(C)cc7)c(c7c(Oc8ccc(C)cc8)cc(c2c37)C1=O)c64)C(=O)N(CC(=O)NCCCCOC(=O)C(=C)C)C5=O,C=C(C)C(=O)OCCCCNC(C)=O,Pubchem,1209.3179999999993,6,14,13,0.0,C72H64N4O14
Cc1ccc(Oc2cc3c4c(cc(Oc5ccc(C)cc5)c5c6c(Oc7ccc(C)cc7)cc7c8c(cc(Oc9ccc(C)cc9)c(c2c45)c86)C(=O)N(C(CC(C)C)C(=O)O)C7=O)C(=O)N(C(CC(C)C)C(=O)O)C3=O)cc1,CC(C)CCC(=O)O,Pubchem,1043.138,3,8,7,0.0,C64H54N2O12
C=C(C)C(=O)OCCOCCNC(=O)CN1C(=O)c2cc(Oc3ccccc3)c3c4c(Oc5ccccc5)cc5c6c(cc(Oc7ccc(C)cc7)c(c7c(Oc8ccc(C)cc8)cc(c2c37)C1=O)c64)C(=O)N(CC(=O)NCCOCCOC(=O)C(=C)C)C5=O,C=C(C)C(=O)OCCOCCNC(C)=O,Pubchem,1213.2619999999995,7,15,14,0.0,C70H60N4O16
CCCC(C(=O)O)N1C(=O)c2cc(Oc3cccc(CC)c3)c3c4c(Oc5cccc(CC)c5)cc5c6c(cc(Oc7cccc(CC)c7)c(c7c(Oc8cccc(CC)c8)cc(c2c37)C1=O)c64)C(=O)N(C(CCC)C(=O)O)C5=O,CCCCC(=O)O,Pubchem,1071.1919999999998,3,7,6,0.0,C66H58N2O12
C=C(C)C(=O)OCCOCCOC(=O)CN1C(=O)c2cc(Oc3ccccc3)c3c4c(Oc5ccccc5)cc5c6c(cc(Oc7ccccc7)c(c7c(Oc8ccccc8)cc(c2c37)C1=O)c64)C(=O)N(CC(=O)OCCOCCOC(=O)C(=C)C)C5=O,C=C(C)C(=O)OCCOCCOC(C)=O,Pubchem,1187.176,7,15,14,0.0,C68H54N2O18
CCOCCC(C(=O)O)N1C(=O)c2cc(Oc3cccc(OC)c3)c3c4c(Oc5cccc(OC)c5)cc5c6c(cc(Oc7cccc(OC)c7)c(c7c(Oc8cccc(OC)c8)cc(c2c37)C1=O)c64)C(=O)N(C(CCOCC)C(=O)O)C5=O,CCOCCCC(=O)O,Pubchem,1139.132,5,9,8,0.0,C64H54N2O18
CC=Cc1cc2c3c(ccc4c5c(C)cc6c7c(ccc(c1c34)c75)C(=O)N(C)C6=O)C(=O)N(C)C2=O,C,Pubchem,472.5000000000003,0,1,0,0.0,C30H20N2O4
CC#Cc1cc2c3c(ccc4c5c(C)cc6c7c(ccc(c1c34)c75)C(=O)N(C)C6=O)C(=O)N(C)C2=O,C,Pubchem,470.48400000000026,0,1,0,0.0,C30H18N2O4
CC(C)c1ccccc1Nc1cc2c3c(ccc4c5c(Nc6ccccc6C(C)C)cc6c7c(ccc(c1c34)c75)C(=O)N(c1c(C(C)C)cccc1C(C)C)C6=O)C(=O)N(c1c(C(C)C)cccc1C(C)C)C2=O,CC(C)c1cccc(C(C)C)c1,Pubchem,977.2619999999998,2,12,12,1.5,C66H64N4O4
CC(C)c1cccc(C(C)C)c1N1C(=O)c2cc(O)c3c4c(Oc5ccccc5)cc5c6c(cc(Oc7ccccc7)c(c7c(Oc8ccccc8)cc(c2c37)C1=O)c64)C(=O)N(c1c(C(C)C)cccc1C(C)C)C5=O,CC(C)c1cccc(C(C)C)c1,Pubchem,1003.1640000000001,2,12,12,1.5,C66H54N2O8
CCCCCCCCn1c(=O)c2c(nc(-c3cc4c5c(ccc6c7c(-c8nc9c(c(=O)n(C)c(=O)n9C)n8C)cc8c9c(ccc(c3c56)c97)C(=O)N(CC(CC)CCCC)C8=O)C(=O)N(CC(CC)CCCC)C4=O)n2C)n(C)c1=O,CCCCC(C)CC,Pubchem,1097.330999999999,4,8,7,0.0,C63H72N10O8
O=C1c2ccc3c4ccc5c6c(ccc(c7ccc(c2c37)C(=O)N1CCc1cccc(S(=O)(=O)O)c1)c64)C(=O)N(CCc1cccc(S(=O)(=O)O)c1)C5=O,CCc1cccc(S(=O)(=O)O)c1,Pubchem,758.7860000000002,2,12,12,1.5,C40H26N2O10S2
COc1ccc(CN2C(=O)c3ccc4c5ccc6c7c(ccc(c8ccc(c3c48)C2=O)c75)C(=O)N(Cc2ccc(OC)c(S(=O)(=O)O)c2)C6=O)cc1S(=O)(=O)O,COc1ccc(C)cc1S(=O)(=O)O,Pubchem,790.7840000000004,2,13,13,1.5,C40H26N2O12S2
O=C(O)c1cccc(CN2C(=O)c3ccc4c5ccc6c7c(ccc(c8ccc(c3c48)C2=O)c75)C(=O)N(Cc2cccc(C(=O)O)c2)C6=O)c1,Cc1cccc(C(=O)O)c1,Pubchem,658.6220000000003,1,10,10,1.5,C40H22N2O8
CCC(C)C(C(=O)NC(C)(C)C)N1C(=O)c2cc(Oc3cc(C)cc(C)c3)c3c4c(Oc5cc(C)cc(C)c5)cc5c6c(cc(Oc7cc(C)cc(C)c7)c(c7c(Oc8cc(C)cc(C)c8)cc(c2c37)C1=O)c64)C(=O)N(C(C(=O)NC(C)(C)C)C(C)CC)C5=O,CCC(C)CC(=O)NC(C)(C)C,Pubchem,1209.4939999999992,3,12,11,0.0,C76H80N4O10
CCCN(CC)C(=O)C(CO)N1C(=O)c2cc(Oc3ccccc3)c3c4c(Oc5ccccc5)cc5c6c(cc(Oc7ccccc7)c(c7c(Oc8ccccc8)cc(c2c37)C1=O)c64)C(=O)N(C(CO)C(=O)N(CC)CCC)C5=O,CCCN(CC)C(=O)CCO,Pubchem,1073.168,5,11,10,0.0,C64H56N4O12
Cc1ccc(Oc2cc3c4c(cc(Oc5ccc(C)cc5C)c5c6c(Oc7ccc(C)cc7C)cc7c8c(cc(Oc9ccc(C)cc9C)c(c2c45)c86)C(=O)N(CC(=O)N(C)C)C7=O)C(=O)N(CC(=O)N(C)C)C3=O)c(C)c1,CC(=O)N(C)C,Pubchem,1041.1699999999994,0,6,5,0.0,C64H56N4O10
COc1cccc(Oc2cc3c4c(cc(Oc5cccc(OC)c5)c5c6c(Oc7cccc(OC)c7)cc7c8c(cc(Oc9cccc(OC)c9)c(c2c45)c86)C(=O)N(C(C)C(=O)N(CCO)CCO)C7=O)C(=O)N(C(C)C(=O)N(CCO)CCO)C3=O)c1,CCC(=O)N(CCO)CCO,Pubchem,1197.2159999999997,5,11,10,0.0,C66H60N4O18
CCOCCNC(=O)C(CO)N1C(=O)c2cc(Oc3ccccc3)c3c4c(Oc5ccccc5)cc5c6c(cc(Oc7ccccc7)c(c7c(Oc8ccccc8)cc(c2c37)C1=O)c64)C(=O)N(C(CO)C(=O)NCCOCC)C5=O,CCOCCNC(=O)CCO,Pubchem,1077.112,6,11,10,0.0,C62H52N4O14
CCCNC(=O)C(C(C)C)N1C(=O)c2cc(Oc3cc(C)cc(C)c3)c3c4c(Oc5cc(C)cc(C)c5)cc5c6c(cc(Oc7cc(C)cc(C)c7)c(c7c(Oc8cc(C)cc(C)c8)cc(c2c37)C1=O)c64)C(=O)N(C(C(=O)NCCC)C(C)C)C5=O,CCCNC(=O)CC(C)C,Pubchem,1153.3859999999993,4,10,9,0.0,C72H72N4O10
CCCN(C)C(=O)CN1C(=O)c2cc(Oc3cccc(C)c3)c3c4c(Oc5cccc(C)c5)cc5c6c(cc(Oc7cccc(C)c7)c(c7c(Oc8cccc(C)c8)cc(c2c37)C1=O)c64)C(=O)N(CC(=O)N(C)CCC)C5=O,CCCN(C)C(C)=O,Pubchem,1041.1699999999998,2,8,7,0.0,C64H56N4O10
CCCNC(=O)C(CC)N1C(=O)c2cc(Oc3cccc(C)c3)c3c4c(Oc5cccc(C)c5)cc5c6c(cc(Oc7cccc(C)c7)c(c7c(Oc8cccc(C)c8)cc(c2c37)C1=O)c64)C(=O)N(C(CC)C(=O)NCCC)C5=O,CCCNC(=O)CCC,Pubchem,1069.224,4,9,8,0.0,C66H60N4O10
COc1cccc(Oc2cc3c4c(cc(Oc5cccc(OC)c5)c5c6c(Oc7cccc(OC)c7)cc7c8c(cc(Oc9cccc(OC)c9)c(c2c45)c86)C(=O)N(C(CO)C(=O)NC(C)(C)C)C7=O)C(=O)N(C(CO)C(=O)NC(C)(C)C)C3=O)c1,CC(C)(C)NC(=O)CCO,Pubchem,1165.2179999999996,2,10,9,0.0,C66H60N4O16
Cc1ccc(Oc2cc3c4c(cc(Oc5ccc(C)cc5)c5c6c(Oc7ccc(C)cc7)cc7c8c(cc(Oc9ccc(C)cc9)c(c2c45)c86)C(=O)N(C(C)C(=O)O)C7=O)C(=O)N(C(C)C(=O)O)C3=O)cc1,CCC(=O)O,Pubchem,958.976,1,5,4,0.0,C58H42N2O12
CCCN(CCC)C(=O)C(CS)N1C(=O)c2cc(Oc3ccccc3C)c3c4c(Oc5ccccc5C)cc5c6c(cc(Oc7ccccc7C)c(c7c(Oc8ccccc8C)cc(c2c37)C1=O)c64)C(=O)N(C(CS)C(=O)N(CCC)CCC)C5=O,CCCN(CCC)C(=O)CCS,Pubchem,1189.4659999999994,6,12,11,0.0,C70H68N4O10S2
CCCNC(=O)C(CC(C)C)N1C(=O)c2cc(Oc3cc(C)cc(C)c3)c3c4c(Oc5cc(C)cc(C)c5)cc5c6c(cc(Oc7cc(C)cc(C)c7)c(c7c(Oc8cc(C)cc(C)c8)cc(c2c37)C1=O)c64)C(=O)N(C(CC(C)C)C(=O)NCCC)C5=O,CCCNC(=O)CCC(C)C,Pubchem,1181.4399999999991,5,11,10,0.0,C74H76N4O10
O=C(O)C(CO)N1C(=O)c2cc(Oc3ccccc3)c3c4c(Oc5ccccc5)cc5c6c(cc(Oc7ccccc7)c(c7c(Oc8ccccc8)cc(c2c37)C1=O)c64)C(=O)N(C(CO)C(=O)O)C5=O,O=C(O)CCO,Pubchem,934.8660000000001,2,6,5,0.0,C54H34N2O14
CCc1ccc(Oc2cc3c4c(cc(Oc5ccc(CC)cc5)c5c6c(Oc7ccc(CC)cc7)cc7c8c(cc(Oc9ccc(CC)cc9)c(c2c45)c86)C(=O)N(C(CS)C(=O)N(CCO)CCO)C7=O)C(=O)N(C(CS)C(=O)N(CCO)CCO)C3=O)cc1,O=C(CCS)N(CCO)CCO,Pubchem,1253.4619999999995,6,12,11,0.0,C70H68N4O14S2
O=C(O)CN1C(=O)c2cc(Oc3ccccc3)c3c4c(Oc5ccccc5)cc5c6c(cc(Oc7ccccc7)c(c7c(Oc8ccccc8)cc(c2c37)C1=O)c64)C(=O)N(CC(=O)O)C5=O,CC(=O)O,Pubchem,874.8140000000002,0,4,3,0.0,C52H30N2O12
CSCCC(C(=O)N(CCO)CCO)N1C(=O)c2cc(Oc3ccc(C)cc3)c3c4c(Oc5ccc(C)cc5)cc5c6c(cc(Oc7ccc(C)cc7)c(c7c(Oc8ccc(C)cc8)cc(c2c37)C1=O)c64)C(=O)N(C(CCSC)C(=O)N(CCO)CCO)C5=O,CSCCCC(=O)N(CCO)CCO,Pubchem,1253.4619999999993,8,14,13,0.0,C70H68N4O14S2
CCOCCNC(=O)C(C(C)C)N1C(=O)c2cc(Oc3ccc(C)cc3)c3c4c(Oc5ccc(C)cc5)cc5c6c(cc(Oc7ccc(C)cc7)c(c7c(Oc8ccc(C)cc8)cc(c2c37)C1=O)c64)C(=O)N(C(C(=O)NCCOCC)C(C)C)C5=O,CCOCCNC(=O)CC(C)C,Pubchem,1157.3299999999997,6,12,11,0.0,C70H68N4O12
CC(C)c1ccc(Oc2cc3c4c(cc(Oc5ccc(C(C)C)cc5)c5c6c(Oc7ccc(C(C)C)cc7)cc7c8c(cc(Oc9ccc(C(C)C)cc9)c(c2c45)c86)C(=O)N(CC(=O)N(CCO)CCO)C7=O)C(=O)N(CC(=O)N(CCO)CCO)C3=O)cc1,CC(=O)N(CCO)CCO,Pubchem,1217.3819999999992,4,10,9,0.0,C72H72N4O14
CCCNC(=O)C(CO)N1C(=O)c2cc(Oc3cccc(OC)c3)c3c4c(Oc5cccc(OC)c5)cc5c6c(cc(Oc7cccc(OC)c7)c(c7c(Oc8cccc(OC)c8)cc(c2c37)C1=O)c64)C(=O)N(C(CO)C(=O)NCCC)C5=O,CCCNC(=O)CCO,Pubchem,1137.1639999999998,4,9,8,0.0,C64H56N4O16
CCCC(C(=O)O)N1C(=O)c2cc(Oc3ccc(C(C)(C)C)cc3)c3c4c(Oc5ccc(C(C)(C)C)cc5)cc5c6c(cc(Oc7ccc(C(C)(C)C)cc7)c(c7c(Oc8ccc(C(C)(C)C)cc8)cc(c2c37)C1=O)c64)C(=O)N(C(CCC)C(=O)O)C5=O,CCCCC(=O)O,Pubchem,1183.4079999999992,3,7,6,0.0,C74H74N2O12
CCOC(=O)CN1C(=O)c2cc(Oc3ccc(C)cc3)c3c4c(Oc5ccc(C)cc5)cc5c6c(cc(Oc7ccc(C)cc7)c(c7c(Oc8ccc(C)cc8)cc(c2c37)C1=O)c64)C(=O)N(CC(=O)OCC)C5=O,CCOC(C)=O,Pubchem,987.0300000000001,1,6,5,0.0,C60H46N2O12
CCc1cccc(Oc2cc3c4c(cc(Oc5cccc(CC)c5)c5c6c(Oc7cccc(CC)c7)cc7c8c(cc(Oc9cccc(CC)c9)c(c2c45)c86)C(=O)N(CC(=O)NC(C)(C)C)C7=O)C(=O)N(CC(=O)NC(C)(C)C)C3=O)c1,CC(=O)NC(C)(C)C,Pubchem,1097.2779999999996,0,8,7,0.0,C68H64N4O10
CCN(CC)C(=O)C(C)N1C(=O)c2cc(Oc3cccc(C(C)C)c3)c3c4c(Oc5cccc(C(C)C)c5)cc5c6c(cc(Oc7cccc(C(C)C)c7)c(c7c(Oc8cccc(C(C)C)c8)cc(c2c37)C1=O)c64)C(=O)N(C(C)C(=O)N(CC)CC)C5=O,CCC(=O)N(CC)CC,Pubchem,1181.4399999999994,3,9,8,0.0,C74H76N4O10
CC(C)CNC(=O)CN1C(=O)c2cc(Oc3ccc(C(C)(C)C)cc3)c3c4c(Oc5ccc(C(C)(C)C)cc5)cc5c6c(cc(Oc7ccc(C(C)(C)C)cc7)c(c7c(Oc8ccc(C(C)(C)C)cc8)cc(c2c37)C1=O)c64)C(=O)N(CC(=O)NCC(C)C)C5=O,CC(=O)NCC(C)C,Pubchem,1209.493999999999,2,8,7,0.0,C76H80N4O10
CCCC(C(=O)NC(C)(C)C)N1C(=O)c2cc(Oc3cc(C)cc(C)c3)c3c4c(Oc5cc(C)cc(C)c5)cc5c6c(cc(Oc7ccc(C)c(C)c7)c(c7c(Oc8cc(C)cc(C)c8)cc(c2c37)C1=O)c64)C(=O)N(C(CCC)C(=O)NC(C)(C)C)C5=O,CCCCC(=O)NC(C)(C)C,Pubchem,1181.4399999999991,3,11,10,0.0,C74H76N4O10
CCCC(C(=O)NC(C)(C)C)N1C(=O)c2cc(Oc3cc(C)cc(C)c3)c3c4c(Oc5cc(C)cc(C)c5)cc5c6c(cc(Oc7cc(C)cc(C)c7)c(c7c(Oc8cc(C)cc(C)c8)cc(c2c37)C1=O)c64)C(=O)N(C(CCC)C(=O)NC(C)(C)C)C5=O,CCCCC(=O)NC(C)(C)C,Pubchem,1181.4399999999991,3,11,10,0.0,C74H76N4O10
CCCN(C)C(=O)C(C(C)C)N1C(=O)c2cc(Oc3cc(C)cc(C)c3)c3c4c(Oc5cc(C)cc(C)c5)cc5c6c(cc(Oc7cc(C)cc(C)c7)c(c7c(Oc8cc(C)cc(C)c8)cc(c2c37)C1=O)c64)C(=O)N(C(C(=O)N(C)CCC)C(C)C)C5=O,CCCN(C)C(=O)CC(C)C,Pubchem,1181.439999999999,4,11,10,0.0,C74H76N4O10
CCCC(C(=O)NCCOCC)N1C(=O)c2cc(Oc3ccc(C)cc3C)c3c4c(Oc5ccc(C)cc5C)cc5c6c(cc(Oc7ccc(C)cc7C)c(c7c(Oc8ccc(C)cc8C)cc(c2c37)C1=O)c64)C(=O)N(C(CCC)C(=O)NCCOCC)C5=O,CCCCC(=O)NCCOCC,Pubchem,1213.437999999999,7,12,11,0.0,C74H76N4O12
CC(C)C(C(=O)O)N1C(=O)c2cc(Oc3ccc(C(C)(C)C)cc3)c3c4c(Oc5ccc(C(C)(C)C)cc5)cc5c6c(cc(Oc7ccc(C(C)(C)C)cc7)c(c7c(Oc8ccc(C(C)(C)C)cc8)cc(c2c37)C1=O)c64)C(=O)N(C(C(=O)O)C(C)C)C5=O,CC(C)CC(=O)O,Pubchem,1183.4079999999992,2,7,6,0.0,C74H74N2O12
CCCN(C)C(=O)C(C)N1C(=O)c2cc(Oc3ccc(C)cc3C)c3c4c(Oc5ccc(C)cc5C)cc5c6c(cc(Oc7ccc(C)cc7C)c(c7c(Oc8ccc(C)cc8C)cc(c2c37)C1=O)c64)C(=O)N(C(C)C(=O)N(C)CCC)C5=O,CCCN(C)C(=O)CC,Pubchem,1125.3319999999994,3,9,8,0.0,C70H68N4O10
Cc1ccc(Oc2cc3c4c(cc(Oc5ccc(C)cc5)c5c6c(Oc7ccc(C)cc7)cc7c8c(cc(Oc9ccc(C)cc9)c(c2c45)c86)C(=O)N(CC(=O)O)C7=O)C(=O)N(CC(=O)O)C3=O)cc1,CC(=O)O,Pubchem,930.922,0,4,3,0.0,C56H38N2O12
CC(C)CC(C(=O)O)N1C(=O)c2cc(Oc3ccc(C(C)C)cc3)c3c4c(Oc5ccc(C(C)C)cc5)cc5c6c(cc(Oc7ccc(C(C)C)cc7)c(c7c(Oc8ccc(C(C)C)cc8)cc(c2c37)C1=O)c64)C(=O)N(C(CC(C)C)C(=O)O)C5=O,CC(C)CCC(=O)O,Pubchem,1155.3539999999996,3,8,7,0.0,C72H70N2O12
O=C1c2ccc3c4ccc5c6c(ccc(c7ccc(c2c37)C(=O)N1CC(O)CO)c64)C(=O)N(CC(O)CO)C5=O,CC(O)CO,Pubchem,538.5120000000004,1,5,4,0.0,C30H22N2O8
CCN1C(=O)c2ccc3c4c(-c5ccccc5)cc5c6c(ccc(c7c(-c8ccccc8)cc(c2c37)C1=O)c64)C(=O)N(CC)C5=O,CC,Pubchem,598.6580000000004,0,2,1,0.0,C40H26N2O4
CCCCN1C(=O)c2ccc3c4c(-c5ccccc5)cc5c6c(ccc(c7c(-c8ccccc8)cc(c2c37)C1=O)c64)C(=O)N(CCCC)C5=O,CCCC,Pubchem,654.7660000000004,1,4,3,0.0,C44H34N2O4
CC(C)CN1C(=O)c2ccc3c4c(-c5ccccc5)cc5c6c(ccc(c7c(-c8ccccc8)cc(c2c37)C1=O)c64)C(=O)N(CC(C)C)C5=O,CC(C)C,Pubchem,654.7660000000003,0,4,3,0.0,C44H34N2O4
CCC(C)N1C(=O)c2ccc3c4c(-c5ccccc5)cc5c6c(ccc(c7c(-c8ccccc8)cc(c2c37)C1=O)c64)C(=O)N(C(C)CC)C5=O,CCCC,Pubchem,654.7660000000004,1,4,3,0.0,C44H34N2O4
CCC(CC)N1C(=O)c2ccc3c4c(-c5ccccc5)cc5c6c(ccc(c7c(-c8ccccc8)cc(c2c37)C1=O)c64)C(=O)N(C(CC)CC)C5=O,CCCCC,Pubchem,682.8200000000004,2,5,4,0.0,C46H38N2O4
CCCC(CCC)N1C(=O)c2ccc3c4c(-c5ccccc5)cc5c6c(ccc(c7c(-c8ccccc8)cc(c2c37)C1=O)c64)C(=O)N(C(CCC)CCC)C5=O,CCCCCCC,Pubchem,738.9280000000001,4,7,6,0.0,C50H46N2O4
CCCCC(CCCC)N1C(=O)c2ccc3c4c(-c5ccccc5)cc5c6c(ccc(c7c(-c8ccccc8)cc(c2c37)C1=O)c64)C(=O)N(C(CCCC)CCCC)C5=O,CCCCCCCCC,Pubchem,795.0359999999998,6,9,8,0.0,C54H54N2O4
C=CC(=O)NCCOC(=O)C(CC(C)C)N1C(=O)c2ccc3c4ccc5c6c(ccc(c7ccc(c2c37)C1=O)c64)C(=O)N(C(CC(C)C)C(=O)OCCNC(=O)C=C)C5=O,C=CC(=O)NCCOC(=O)CCC(C)C,Pubchem,812.8759999999999,7,15,14,0.0,C46H44N4O10
C=C(C)C(=O)NCCOC(=O)C(CC(C)C)N1C(=O)c2ccc3c4ccc5c6c(ccc(c7ccc(c2c37)C1=O)c64)C(=O)N(C(CC(C)C)C(=O)OCCNC(=O)C(=C)C)C5=O,C=C(C)C(=O)NCCOC(=O)CCC(C)C,Pubchem,840.9299999999998,7,16,15,0.0,C48H48N4O10
C=CC(=O)NCCOC(=O)CCC(=O)OCC(CC(C)C)N1C(=O)c2ccc3c4ccc5c6c(ccc(c7ccc(c2c37)C1=O)c64)C(=O)N(C(COC(=O)CCC(=O)OCCNC(=O)C=C)CC(C)C)C5=O,C=CC(=O)NCCOC(=O)CCC(=O)OCCCC(C)C,Pubchem,985.0559999999996,11,21,20,0.0,C54H56N4O14
O=C1c2ccc3c4ccc5c6c(ccc(c7ccc(c2c37)C(=O)N1c1ccc(N=Nc2cccc(S(=O)(=O)O)c2)cc1)c64)C(=O)N(c1ccc(N=Nc2cccc(S(=O)(=O)O)c2)cc1)C5=O,O=S(=O)(O)c1cccc(N=Nc2ccccc2)c1,Pubchem,910.9020000000002,3,18,19,3.0,C48H26N6O10S2
CC(=O)NCCCCCC(=O)OCC(CC(C)C)N1C(=O)c2ccc3c4ccc5c6c(ccc(c7ccc(c2c37)C1=O)c64)C(=O)N(C(COC(=O)CCCCCNC(C)=O)CC(C)C)C5=O,CC(=O)NCCCCCC(=O)OCCCC(C)C,Pubchem,901.0699999999996,10,18,17,0.0,C52H60N4O10
O=C1c2ccc3c4ccc5c6c(ccc(c7ccc(c2c37)C(=O)N1c1cccs1)c64)C(=O)N(c1cccs1)C5=O,c1ccsc1,Pubchem,554.6080000000003,0,5,5,1.5,C32H14N2O4S2
CCCCCCC(CCCCCC)N1C(=O)c2ccc3c4ccc5c6c(cc(C#N)c(c7ccc(c2c37)C1=O)c64)C(=O)N(C(CCCCCC)CCCCCC)C5=O,CCCCCCCCCCCCC,Pubchem,780.0659999999993,10,13,12,0.0,C51H61N3O4
CCCCCCC(CCCCCC)N1C(=O)c2ccc3c4c(C#N)cc5c6c(ccc(c7c(C#N)cc(c2c37)C1=O)c64)C(=O)N(C(CCCCCC)CCCCCC)C5=O,CCCCCCCCCCCCC,Pubchem,805.0759999999993,10,13,12,0.0,C52H60N4O4
CC(C)c1cccc(C(C)C)c1N1C(=O)c2ccc3c4c(Oc5ccc(OCCO)cc5)cc5c6c(ccc(c7c(Oc8ccc(OCCO)cc8)cc(c2c37)C1=O)c64)C(=O)N(c1c(C(C)C)cccc1C(C)C)C5=O,CC(C)c1cccc(C(C)C)c1,Pubchem,1015.1719999999999,2,12,12,1.5,C64H58N2O10
Cc1cc(C)c(-c2cc3c4c(ccc5c6c(-c7c(C)cc(C)cc7C)cc7c8c(ccc(c2c45)c86)C(=O)N(C)C7=O)C(=O)N(C)C3=O)c(C)c1,C,Pubchem,654.7660000000002,0,1,0,0.0,C44H34N2O4
CCCSc1cc2c3c(ccc4c5c(SCCC)cc6c7c(ccc(c1c34)c75)C(=O)N(C)C6=O)C(=O)N(C)C2=O,C,Pubchem,566.7040000000003,0,1,0,0.0,C32H26N2O4S2
CN1C(=O)c2ccc3c4c(N5CCCC5)cc5c6c(ccc(c7c(N8CCCC8)cc(c2c37)C1=O)c64)C(=O)N(C)C5=O,C,Pubchem,556.6220000000003,0,1,0,0.0,C34H28N4O4
CCCCCC(CC)CCCc1cc2c3c(ccc4c5c(CCCC(CC)CCCCC)cc6c7c(ccc(c1c34)c75)C(=O)N(C)C6=O)C(=O)N(C)C2=O,C,Pubchem,727.0020000000001,0,1,0,0.0,C48H58N2O4
CCCN(CCC)c1cc2c3c(ccc4c5c(N(CCC)CCC)cc6c7c(ccc(c1c34)c75)C(=O)N(C)C6=O)C(=O)N(C)C2=O,C,Pubchem,616.7620000000003,0,1,0,0.0,C38H40N4O4
Cc1cc(C)c(Oc2cc3c4c(ccc5c6c(Oc7c(C)cc(C)cc7C)cc7c8c(ccc(c2c45)c86)C(=O)N(C)C7=O)C(=O)N(C)C3=O)c(C)c1,C,Pubchem,686.7640000000001,0,1,0,0.0,C44H34N2O6
C#Cc1cc2c3c(ccc4c5c(C#C)cc6c7c(ccc(c1c34)c75)C(=O)N(C)C6=O)C(=O)N(C)C2=O,C,Pubchem,466.4520000000002,0,1,0,0.0,C30H14N2O4
CN1C(=O)c2ccc3c4c(Nc5ccccc5)cc5c6c(ccc(c7c(Nc8ccccc8)cc(c2c37)C1=O)c64)C(=O)N(C)C5=O,C,Pubchem,600.6340000000002,0,1,0,0.0,C38H24N4O4
Cc1cccc(C)c1Oc1cc2c3c(ccc4c5c(Oc6c(C)cccc6C)cc6c7c(ccc(c1c34)c75)C(=O)N(C)C6=O)C(=O)N(C)C2=O,C,Pubchem,658.7100000000002,0,1,0,0.0,C42H30N2O6
CCCCC(C#Cc1cc2c3c(ccc4c5c(C#CC(CCCC)CCCC)cc6c7c(ccc(c1c34)c75)C(=O)N(C)C6=O)C(=O)N(C)C2=O)CCCC,C,Pubchem,718.9380000000001,0,1,0,0.0,C48H50N2O4
CN1C(=O)c2ccc3c4c(Oc5ccccc5)cc5c6c(ccc(c7c(Oc8ccccc8)cc(c2c37)C1=O)c64)C(=O)N(C)C5=O,C,Pubchem,602.6020000000003,0,1,0,0.0,C38H22N2O6
CN1C(=O)c2ccc3c4c(N(C)C)cc5c6c(ccc(c7c(N(C)C)cc(c2c37)C1=O)c64)C(=O)N(C)C5=O,C,Pubchem,504.5460000000003,0,1,0,0.0,C30H24N4O4
CCCCOc1ccccc1-c1cc2c3c(ccc4c5c(-c6ccccc6OCCCC)cc6c7c(ccc(c1c34)c75)C(=O)N(C)C6=O)C(=O)N(C)C2=O,C,Pubchem,714.818,0,1,0,0.0,C46H38N2O6
CCOc1cc2c3c(ccc4c5c(OCC)cc6c7c(ccc(c1c34)c75)C(=O)N(C)C6=O)C(=O)N(C)C2=O,C,Pubchem,506.51400000000035,0,1,0,0.0,C30H22N2O6
CCCCCCc1cc2c3c(ccc4c5c(CCCCCC)cc6c7c(ccc(c1c34)c75)C(=O)N(C)C6=O)C(=O)N(C)C2=O,C,Pubchem,586.7320000000004,0,1,0,0.0,C38H38N2O4
CSc1cc2c3c(ccc4c5c(SC)cc6c7c(ccc(c1c34)c75)C(=O)N(C)C6=O)C(=O)N(C)C2=O,C,Pubchem,510.59600000000023,0,1,0,0.0,C28H18N2O4S2
CN1C(=O)c2ccc3c4c(Sc5ccccc5)cc5c6c(ccc(c7c(Sc8ccccc8)cc(c2c37)C1=O)c64)C(=O)N(C)C5=O,C,Pubchem,634.7380000000002,0,1,0,0.0,C38H22N2O4S2
CC(C)c1cccc(C(C)C)c1Oc1cc2c3c(ccc4c5c(Oc6c(C(C)C)cccc6C(C)C)cc6c7c(ccc(c1c34)c75)C(=O)N(C)C6=O)C(=O)N(C)C2=O,C,Pubchem,770.9259999999999,0,1,0,0.0,C50H46N2O6
CN1C(=O)c2ccc3c4c(N(CCO)CCO)cc5c6c(ccc(c7c(N(CCO)CCO)cc(c2c37)C1=O)c64)C(=O)N(C)C5=O,C,Pubchem,624.6500000000002,0,1,0,0.0,C34H32N4O8
C=CCc1ccc(Oc2cc3c4c(ccc5c6c(Oc7ccc(CC=C)cc7OC)cc7c8c(ccc(c2c45)c86)C(=O)N(C(CCCCC)CCCCC)C7=O)C(=O)N(C(CCCCC)CCCCC)C3=O)c(OC)c1,CCCCCCCCCCC,Pubchem,1023.3239999999993,8,11,10,0.0,C66H74N2O8
C=CCc1ccc(Oc2cc3c4c(ccc5c6c(Oc7ccc(CC=C)cc7OC)cc7c8c(ccc(c2c45)c86)C(=O)N(c2c(C(C)C)cccc2C(C)C)C7=O)C(=O)N(c2c(C(C)C)cccc2C(C)C)C3=O)c(OC)c1,CC(C)c1cccc(C(C)C)c1,Pubchem,1035.2499999999995,2,12,12,1.5,C68H62N2O8
COc1ccccc1Oc1cc2c3c(ccc4c5c(Oc6ccccc6OC)cc6c7c(ccc(c1c34)c75)C(=O)N(c1c(C(C)C)cccc1C(C)C)C6=O)C(=O)N(c1c(C(C)C)cccc1C(C)C)C2=O,CC(C)c1cccc(C(C)C)c1,Pubchem,955.12,2,12,12,1.5,C62H54N2O8
CCCCCC(CCCCC)N1C(=O)c2ccc3c4c(Oc5ccccc5OC)cc5c6c(ccc(c7c(Oc8ccccc8OC)cc(c2c37)C1=O)c64)C(=O)N(C(CCCCC)CCCCC)C5=O,CCCCCCCCCCC,Pubchem,943.1939999999996,8,11,10,0.0,C60H66N2O8
CCCC(C)N1C(=O)c2ccc3c4c(N5CCCC5)cc5c6c(ccc(c7c(N8CCCC8)cc(c2c37)C1=O)c64)C(=O)N(C(C)CCC)C5=O,CCCCC,Pubchem,668.8379999999997,2,5,4,0.0,C42H44N4O4
CCCCCC(CCCCC)N1C(=O)c2ccc3c4c(Oc5ccc(C(C)(C)C)cc5)cc5c6c(ccc(c7c(Oc8ccc(C(C)(C)C)cc8)cc(c2c37)C1=O)c64)C(=O)N(C(CCCCC)CCCCC)C5=O,CCCCCCCCCCC,Pubchem,995.3579999999994,8,11,10,0.0,C66H78N2O6
CCCC(C)N1C(=O)c2ccc3c4c(N(c5ccccc5)c5ccccc5)cc5c6c(ccc(c7c(N(c8ccccc8)c8ccccc8)cc(c2c37)C1=O)c64)C(=O)N(C(C)CCC)C5=O,CCCCC,Pubchem,865.0460000000003,2,5,4,0.0,C58H48N4O4
COc1ccc(Oc2cc3c4c(ccc5c6c(Oc7ccc(CO)cc7)cc7c8c(ccc(c2c45)c86)C(=O)N(c2c(C(C)C)cccc2C(C)C)C7=O)C(=O)N(c2c(C(C)C)cccc2C(C)C)C3=O)cc1,CC(C)c1cccc(C(C)C)c1,Pubchem,955.12,2,12,12,1.5,C62H54N2O8
CCCCCC(CCCCC)N1C(=O)c2ccc3c4c(N5CCCCC5)cc5c6c(ccc(c7c(N(C)CC)cc(c2c37)C1=O)c64)C(=O)N(C(CCCCC)CCCCC)C5=O,CCCCCCCCCCC,Pubchem,839.1779999999991,8,11,10,0.0,C54H70N4O4
CCCC(C)N1C(=O)c2ccc3c4c(Oc5ccc(C(C)(C)C)cc5)cc5c6c(ccc(c7c(Oc8ccc(C(C)(C)C)cc8)cc(c2c37)C1=O)c64)C(=O)N(C(C)CCC)C5=O,CCCCC,Pubchem,827.034,2,5,4,0.0,C54H54N2O6
CCCCCCC(CCCCC)N1C(=O)c2ccc3c4ccc5c6c(ccc(c7ccc(c2c37)C1=O)c64)C(=O)N(C(CCCCC)CCCCCC)C5=O,CCCCCCCCCCCC,Pubchem,727.0019999999996,9,12,11,0.0,C48H58N2O4
C=CC(=O)OCCOC(=O)CCC(=O)OCC(CC(C)C)N1C(=O)c2ccc3c4ccc5c6c(ccc(c7ccc(c2c37)C1=O)c64)C(=O)N(C(COC(=O)CCC(=O)OCCOC(=O)C=C)CC(C)C)C5=O,C=CC(=O)OCCOC(=O)CCC(=O)OCCCC(C)C,Pubchem,987.0239999999997,11,21,20,0.0,C54H54N2O16
O=C1c2ccc3c4ccc5c6c(ccc(c7ccc(c2c37)C(=O)N1C(CO)CO)c64)C(=O)N(C(CO)CO)C5=O,OCCCO,Pubchem,538.5120000000003,2,5,4,0.0,C30H22N2O8
CN(C)N1C(=O)c2ccc3c4ccc5c6c(ccc(c7ccc(c2c37)C1=O)c64)C(=O)N(N(C)C)C5=O,CNC,Pubchem,476.49200000000025,0,3,2,0.0,C28H20N4O4
O=C1c2ccc3c4ccc5c6c(ccc(c7ccc(c2c37)C(=O)N1CCS(=O)(=O)[O-])c64)C(=O)N(CCS(=O)(=O)[O-])C5=O,CCS(=O)(=O)[O-],Pubchem,604.5740000000004,1,6,5,0.0,C28H16N2O10S2-2
CC(C)(C)c1cc(N2C(=O)c3ccc4c5ccc6c7c(ccc(c8ccc(c3c48)C2=O)c75)C(=O)N(c2cc(C(C)(C)C)cc(C(C)(C)C)c2)C6=O)cc(C(C)(C)C)c1,CC(C)(C)c1cccc(C(C)(C)C)c1,Pubchem,766.9819999999999,0,14,14,1.5,C52H50N2O4
C[N+]1(CCCN2C(=O)c3ccc4c5ccc6c7c(ccc(c8ccc(c3c48)C2=O)c75)C(=O)N(CCC[N+]2(C)CCOCC2)C6=O)CCOCC1,CCC[N+]1(C)CCOCC1,Pubchem,674.7979999999998,2,10,10,1.0,C40H42N4O6+2
O=C(O)CN(CCN(CC(=O)O)C(=O)O)CC(=O)NCCN1C(=O)c2ccc3c4ccc5c6c(ccc(c7ccc(c2c37)C1=O)c64)C(=O)N(CCNC(=O)CN(CCN(CC(=O)O)C(=O)O)CC(=O)O)C5=O,CCNC(=O)CN(CCN(CC(=O)O)C(=O)O)CC(=O)O,Pubchem,996.896,10,21,20,0.0,C46H44N8O18
CN(C)c1cc2c3c(ccc4c5ccc6c7c(ccc(c1c34)c75)C(=O)N(c1cc(C(C)(C)C)ccc1C(C)(C)C)C6=O)C(=O)N(c1cc(C(C)(C)C)ccc1C(C)(C)C)C2=O,CC(C)(C)c1ccc(C(C)(C)C)cc1,Pubchem,810.0509999999998,0,14,14,1.5,C54H55N3O4
O=C1c2ccc3c4ccc5c6c(ccc(c7ccc(c2c37)C(=O)N1CC1COCCOCCOCCOCCOCCO1)c64)C(=O)N(CC1COCCOCCOCCOCCOCCO1)C5=O,CC1COCCOCCOCCOCCOCCO1,Pubchem,943.0119999999995,0,19,19,1.0,C50H58N2O16
O=C(O)CN1C(=O)c2ccc3c4c(N5CCOCC5)cc5c6c(ccc(c7c(N8CCOCC8)cc(c2c37)C1=O)c64)C(=O)N(CC(=O)O)C5=O,CC(=O)O,Pubchem,676.6380000000004,0,4,3,0.0,C36H28N4O10
COc1ccc(-c2cc3c4c(ccc5c6c(-c7ccc(OC)cc7OC)cc7c8c(ccc(c2c45)c86)C(=O)N(c2c(C(C)C)cccc2C(C)C)C7=O)C(=O)N(c2c(C(C)C)cccc2C(C)C)C3=O)c(OC)c1,CC(C)c1cccc(C(C)C)c1,Pubchem,983.1739999999999,2,12,12,1.5,C64H58N2O8
O=C1c2ccc3c4c(N5CCOCC5)cc5c6c(cc(N7CCOCC7)c(c7ccc(c2c37)C(=O)N1CCN1CCCCC1)c64)C(=O)N(CCN1CCCCC1)C5=O,CCN1CCCCC1,Pubchem,782.9419999999993,1,8,8,1.0,C46H50N6O6
COc1ccc(OC)c(-c2cc3c4c(ccc5c6c(-c7cc(OC)ccc7OC)cc7c8c(ccc(c2c45)c86)C(=O)N(c2c(C(C)C)cccc2C(C)C)C7=O)C(=O)N(c2c(C(C)C)cccc2C(C)C)C3=O)c1,CC(C)c1cccc(C(C)C)c1,Pubchem,983.1739999999999,2,12,12,1.5,C64H58N2O8
CCCCCCCCCCCCc1ccc(N2C(=O)c3ccc4c5c(N6CCCC6)cc6c7c(ccc(c8c(N9CCCC9)cc(c3c48)C2=O)c75)C(=O)N(c2ccc(CCCCCCCCCCCC)cc2)C6=O)cc1,CCCCCCCCCCCCc1ccccc1,Pubchem,1017.4119999999987,11,18,18,1.5,C68H80N4O4
O=C(O)CC(C(=O)O)N1C(=O)c2ccc3c4c(N5CCOCC5)cc5c6c(ccc(c7c(N8CCOCC8)cc(c2c37)C1=O)c64)C(=O)N(C(CC(=O)O)C(=O)O)C5=O,O=C(O)CCC(=O)O,Pubchem,792.7100000000003,3,8,7,0.0,C40H32N4O14
CC(C)(C)c1ccc(Oc2cc3c4c(cc(Oc5ccc(C(C)(C)C)cc5)c5c6c(Oc7ccc(C(C)(C)C)cc7)cc7c8c(cc(Oc9ccc(C(C)(C)C)cc9)c(c2c45)c86)C(=O)NC7=O)C(=O)NC3=O)cc1,H,Pubchem,983.1739999999998,0,0,0,0.0,C64H58N2O8
Cc1cc(C)c(-c2cc3c4c(ccc5c6c(-c7c(C)cc(C)cc7C)cc7c8c(ccc(c2c45)c86)C(=O)N(c2c(C(C)C)cccc2C(C)C)C7=O)C(=O)N(c2c(C(C)C)cccc2C(C)C)C3=O)c(C)c1,CC(C)c1cccc(C(C)C)c1,Pubchem,947.2319999999997,2,12,12,1.5,C66H62N2O4
O=C(O)CN1C(=O)c2ccc3c4c(N5CCN(CCO)CC5)cc5c6c(ccc(c7c(N8CCN(CCO)CC8)cc(c2c37)C1=O)c64)C(=O)N(CC(=O)O)C5=O,CC(=O)O,Pubchem,762.7760000000002,0,4,3,0.0,C40H38N6O10
CCCCC(CC)CN1C(=O)c2ccc3c4c(-c5ccccc5)cc5c6c(cc(-c7ccccc7)c(c7c(-c8ccccc8)cc(c2c37)C1=O)c64)C(=O)N(CC(CC)CCCC)C5=O,CCCCC(C)CC,Pubchem,843.0799999999998,4,8,7,0.0,C58H54N2O4
CCCCC(CC)CN1C(=O)c2cc(-c3ccccc3)c3c4c(-c5ccccc5)cc5c6c(cc(-c7ccccc7)c(c7c(-c8ccccc8)cc(c2c37)C1=O)c64)C(=O)N(CC(CC)CCCC)C5=O,CCCCC(C)CC,Pubchem,919.1779999999999,4,8,7,0.0,C64H58N2O4
CC(C)(C)c1ccc(Oc2cc3c4c(cc(Oc5ccc(C(C)(C)C)cc5)c5c6c(Oc7ccc(C(C)(C)C)cc7)cc7c8c(cc(Oc9ccc(C(C)(C)C)cc9)c(c2c45)c86)C(=O)N(CCN)C7=O)C(=O)N(CCN)C3=O)cc1,CCN,Pubchem,1069.3119999999992,0,3,2,0.0,C68H68N4O8
CCCCC(CO)(CCCC)CN1C(=O)c2ccc3c4ccc5c6c(ccc(c7ccc(c2c37)C1=O)c64)C(=O)N(CC(CO)(CCCC)CCCC)C5=O,CCCCC(C)(CO)CCCC,Pubchem,730.9459999999997,7,12,11,0.0,C46H54N2O6
O=C1c2ccc3c4c(N5CCCCC5)cc5c6c(cc(N7CCCCC7)c(c7ccc(c2c37)C(=O)N1CCN1CCCCC1)c64)C(=O)N(CCN1CCCCC1)C5=O,CCN1CCCCC1,Pubchem,778.9979999999991,1,8,8,1.0,C48H54N6O4
N#Cc1ccc(N2C(=O)c3ccc4c5ccc6c7c(ccc(c8ccc(c3c48)C2=O)c75)C(=O)N(c2ccc(C#N)cc2)C6=O)cc1,N#Cc1ccccc1,Pubchem,592.5700000000002,0,8,8,1.5,C38H16N4O4
O=C1c2ccc3c4ccc5c6c(ccc(c7ccc(c2c37)C(=O)N1c1ccccc1S(=O)(=O)O)c64)C(=O)N(c1ccccc1S(=O)(=O)O)C5=O,O=S(=O)(O)c1ccccc1,Pubchem,702.6780000000005,1,10,10,1.5,C36H18N2O10S2
O=C1c2ccc3c4ccc5c6c(ccc(c7ccc(c2c37)C(=O)N1c1cccc(S(=O)(=O)O)c1)c64)C(=O)N(c1cccc(S(=O)(=O)O)c1)C5=O,O=S(=O)(O)c1ccccc1,Pubchem,702.6780000000003,1,10,10,1.5,C36H18N2O10S2
CC[N+](CC)(CC)CCN1C(=O)c2ccc3c4ccc5c6c(ccc(c7ccc(c2c37)C1=O)c64)C(=O)N(CC[N+](CC)(CC)CC)C5=O,CC[N+](CC)(CC)CC,Pubchem,646.8319999999999,4,9,8,0.0,C40H46N4O4+2
CC[N+](C)(C)CCCN1C(=O)c2ccc3c4ccc5c6c(ccc(c7ccc(c2c37)C1=O)c64)C(=O)N(CCC[N+](C)(C)CC)C5=O,CCC[N+](C)(C)CC,Pubchem,618.778,3,8,7,0.0,C38H42N4O4+2
CCCCCCCCCCCCCCN1C(=O)c2ccc3c4ccc5c6c(ccc(c7ccc(c2c37)C1=O)c64)C(=O)N(CCCCCCCCCCCCCC)C5=O,CCCCCCCCCCCCCC,Pubchem,783.1099999999992,11,14,13,0.0,C52H66N2O4
Cc1ccc(N2C(=O)c3ccc4c5ccc6c7c(ccc(c8ccc(c3c48)C2=O)c75)C(=O)N(c2ccc(C)c(S(=O)(=O)O)c2)C6=O)cc1S(=O)(=O)O,Cc1ccccc1S(=O)(=O)O,Pubchem,730.7320000000005,1,11,11,1.5,C38H22N2O10S2
O=C(O)c1ccc(N2C(=O)c3ccc4c5ccc6c7c(ccc(c8ccc(c3c48)C2=O)c75)C(=O)N(c2ccc(C(=O)O)cc2O)C6=O)c(O)c1,O=C(O)c1cccc(O)c1,Pubchem,662.5660000000004,1,10,10,1.5,C38H18N2O10
O=C1c2ccc3c4c(N5CCOCC5)cc5c6c(ccc(c7c(N8CCOCC8)cc(c2c37)C(=O)N1C1CCCCC1)c64)C(=O)N(C1CCCCC1)C5=O,C1CCCCC1,Pubchem,724.8579999999998,0,6,6,1.0,C44H44N4O6
O=C1c2ccc3c4ccc5c6c(cc(N7CCCC7)c(c7ccc(c2c37)C(=O)N1C1CCCCC1)c64)C(=O)N(C1CCCCC1)C5=O,C1CCCCC1,Pubchem,623.753,0,6,6,1.0,C40H37N3O4
CCCCCCCCCCC#Cc1cc2c3c(ccc4c5c(C#CCCCCCCCCCC)cc6c7c(ccc(c1c34)c75)C(=O)N(CCCCCCCC)C6=O)C(=O)N(CCCCCCCC)C2=O,CCCCCCCC,Pubchem,943.3699999999991,5,8,7,0.0,C64H82N2O4
CC(C)(C)c1ccc(C(C)(C)C)c(N2C(=O)c3ccc4c5ccc6c7c(cc(N)c(c8ccc(c3c48)C2=O)c75)C(=O)N(c2cc(C(C)(C)C)ccc2C(C)(C)C)C6=O)c1,CC(C)(C)c1ccc(C(C)(C)C)cc1,Pubchem,781.9969999999998,0,14,14,1.5,C52H51N3O4
CCCCCCC(C(CCCCC)n1ccnc1)N1C(=O)c2ccc3c4ccc5c6c(ccc(c7ccc(c2c37)C1=O)c64)C(=O)N(C(CCCCCC)C(CCCCC)n1ccnc1)C5=O,CCCCCCCC(CCCCC)n1ccnc1,Pubchem,887.1819999999994,11,18,18,1.5,C56H66N6O4
CCCCCCCCCCCCOc1cc2c3c(ccc4c5c(N6CCOCC6)cc6c7c(ccc(c1c34)c75)C(=O)N(C1CCCCC1)C6=O)C(=O)N(C1CCCCC1)C2=O,C1CCCCC1,Pubchem,824.0749999999996,0,6,6,1.0,C52H61N3O6
CCCCCCCCCCCCOc1cc2c3c(ccc4c5c(OCCCCCCCCCCCC)cc6c7c(ccc(c1c34)c75)C(=O)N(C1CCCCC1)C6=O)C(=O)N(C1CCCCC1)C2=O,C1CCCCC1,Pubchem,923.291999999999,0,6,6,1.0,C60H78N2O6
O=C1c2ccc3c4c(Sc5ccccc5)cc5c6c(ccc(c7c(Sc8ccccc8)cc(c2c37)C(=O)N1C1CCCCC1)c64)C(=O)N(C1CCCCC1)C5=O,C1CCCCC1,Pubchem,770.9760000000005,0,6,6,1.0,C48H38N2O4S2
CCCCCCCCCCCCOc1cc2c3c(ccc4c5c(Oc6ccc(C(C)(C)C)cc6)cc6c7c(ccc(c1c34)c75)C(=O)N(C1CCCCC1)C6=O)C(=O)N(C1CCCCC1)C2=O,C1CCCCC1,Pubchem,887.1739999999996,0,6,6,1.0,C58H66N2O6
CCCCCCCCCCCCSc1cc2c3c(ccc4c5c(SCCCCCCCCCCCC)cc6c7c(ccc(c1c34)c75)C(=O)N(C1CCCCC1)C6=O)C(=O)N(C1CCCCC1)C2=O,C1CCCCC1,Pubchem,955.427999999999,0,6,6,1.0,C60H78N2O4S2
CCCCCCCCCCCCOc1cc2c3c(ccc4c5c(SCCCCCCCCCCCC)cc6c7c(ccc(c1c34)c75)C(=O)N(C1CCCCC1)C6=O)C(=O)N(C1CCCCC1)C2=O,C1CCCCC1,Pubchem,939.359999999999,0,6,6,1.0,C60H78N2O5S
CC(C)c1cccc(C(C)C)c1N1C(=O)c2ccc3c4c(-c5ccccc5)cc5c6c(ccc(c7c(Oc8ccc(CCNC(=O)OC(C)(C)C)cc8)cc(c2c37)C1=O)c64)C(=O)N(c1c(C(C)C)cccc1C(C)C)C5=O,CC(C)c1cccc(C(C)C)c1,Pubchem,1022.2549999999998,2,12,12,1.5,C67H63N3O7
CC(C)c1cccc(C(C)C)c1N1C(=O)c2ccc3c4c(Oc5ccc(CCNC(=O)OC(C)(C)C)cc5)cc5c6c(ccc(c7c(O)cc(c2c37)C1=O)c64)C(=O)N(c1c(C(C)C)cccc1C(C)C)C5=O,CC(C)c1cccc(C(C)C)c1,Pubchem,962.1559999999998,2,12,12,1.5,C61H59N3O8
CCCCCCC(C)N1C(=O)c2cc(Oc3cccc(O)c3)c3c4c(Oc5cccc(O)c5)cc5c6c(cc(Oc7cccc(O)c7)c(c7c(Oc8cccc(O)c8)cc(c2c37)C1=O)c64)C(=O)N(C(C)CCCCCC)C5=O,CCCCCCCC,Pubchem,1047.1700000000005,5,8,7,0.0,C64H58N2O12
CCCCN1C(=O)c2cc(Oc3cccc(OC)c3)c3c4c(Oc5cccc(OC)c5)cc5c6c(cc(Oc7cccc(OC)c7)c(c7c(Oc8cccc(OC)c8)cc(c2c37)C1=O)c64)C(=O)N(CCCC)C5=O,CCCC,Pubchem,991.0620000000001,1,4,3,0.0,C60H50N2O12
CCCCCCC(C)N1C(=O)c2cc(Oc3cccc(OC)c3)c3c4c(Oc5cccc(OC)c5)cc5c6c(cc(Oc7cccc(OC)c7)c(c7c(Oc8cccc(OC)c8)cc(c2c37)C1=O)c64)C(=O)N(C(C)CCCCCC)C5=O,CCCCCCCC,Pubchem,1103.278,5,8,7,0.0,C68H66N2O12
CCCCCC[N+](C)(C)CCCN1C(=O)c2ccc3c4ccc5c6c(ccc(c7ccc(c2c37)C1=O)c64)C(=O)N(CCC[N+](C)(C)CCCCCC)C5=O,CCCCCC[N+](C)(C)CCC,Pubchem,730.9939999999996,7,12,11,0.0,C46H58N4O4+2
CC[N+](C)(CC)CCCN1C(=O)c2ccc3c4ccc5c6c(ccc(c7ccc(c2c37)C1=O)c64)C(=O)N(CCC[N+](C)(CC)CC)C5=O,CCC[N+](C)(CC)CC,Pubchem,646.8319999999999,4,9,8,0.0,C40H46N4O4+2
CC(C1CCCCC1)N1C(=O)c2ccc3c4ccc5c6c(ccc(c7ccc(c2c37)C1=O)c64)C(=O)N(C(C)C1CCCCC1)C5=O,CCC1CCCCC1,Pubchem,610.754,1,8,8,1.0,C40H38N2O4
CCCCN1C(=O)c2ccc3c4c(N5CCOCC5)cc5c6c(ccc(c7c(N8CCOCC8)cc(c2c37)C1=O)c64)C(=O)N(CCCC)C5=O,CCCC,Pubchem,672.7819999999999,1,4,3,0.0,C40H40N4O6
O=C1c2ccc3c4ccc5c6c(ccc(c7ccc(c2c37)C(=O)N1CC[NH+]1CCCCC1)c64)C(=O)N(CC[NH+]1CCCCC1)C5=O,CC[NH+]1CCCCC1,Pubchem,614.746,1,8,8,1.0,C38H38N4O4+2
CC(C(=O)NC(CCC(=O)O)(CCC(=O)O)CCC(=O)O)N1C(=O)c2ccc3c4ccc5c6c(ccc(c7ccc(c2c37)C1=O)c64)C(=O)N(C(C)C(=O)NC(CCC(=O)O)(CCC(=O)O)CCC(=O)O)C5=O,CCC(=O)NC(CCC(=O)O)(CCC(=O)O)CCC(=O)O,Pubchem,992.9439999999998,11,21,20,0.0,C50H48N4O18
CCCCCCc1cc2c3c(ccc4c5ccc6c7c(ccc(c1c34)c75)C(=O)N(c1c(C(C)C)cccc1C(C)C)C6=O)C(=O)N(c1c(C(C)C)cccc1C(C)C)C2=O,CC(C)c1cccc(C(C)C)c1,Pubchem,795.036,2,12,12,1.5,C54H54N2O4
CC(C)c1cccc(C(C)C)c1N1C(=O)c2ccc3c4c(Oc5ccc(C(C)(C)CC(C)(C)C)cc5)cc5c6c(ccc(c7c(Oc8ccccc8)cc(c2c37)C1=O)c64)C(=O)N(c1c(C(C)C)cccc1C(C)C)C5=O,CC(C)c1cccc(C(C)C)c1,Pubchem,1007.2839999999998,2,12,12,1.5,C68H66N2O6
CC(C)c1cccc(C(C)C)c1N1C(=O)c2ccc3c4c(Oc5ccc(S(=O)(=O)O)cc5)cc5c6c(ccc(c7c(Oc8ccccc8)cc(c2c37)C1=O)c64)C(=O)N(c1c(C(C)C)cccc1C(C)C)C5=O,CC(C)c1cccc(C(C)C)c1,Pubchem,975.1320000000002,2,12,12,1.5,C60H50N2O9S
CC(C)c1cccc(C(C)C)c1N1C(=O)c2ccc3c4c(Oc5ccc(S(=O)(=O)O)cc5)cc5c6c(ccc(c7c(Oc8ccc(S(=O)(=O)O)cc8)cc(c2c37)C1=O)c64)C(=O)N(c1c(C(C)C)cccc1C(C)C)C5=O,CC(C)c1cccc(C(C)C)c1,Pubchem,1055.1960000000001,2,12,12,1.5,C60H50N2O12S2
COc1cc2c3c(ccc4c5c(OC)cc6c7c(ccc(c1c34)c75)C(=O)N(c1c(C(C)C)cccc1C(C)C)C6=O)C(=O)N(c1c(C(C)C)cccc1C(C)C)C2=O,CC(C)c1cccc(C(C)C)c1,Pubchem,770.926,2,12,12,1.5,C50H46N2O6
CCCCCCC(CCCCCC)N1C(=O)c2ccc3c4c(OC)cc5c6c(ccc(c7c(OC)cc(c2c37)C1=O)c64)C(=O)N(C(CCCCCC)CCCCCC)C5=O,CCCCCCCCCCCCC,Pubchem,815.1079999999995,10,13,12,0.0,C52H66N2O6
COc1cc2c3c(ccc4c5c(OC)cc6c7c(ccc(c1c34)c75)C(=O)N(C)C6=O)C(=O)N(C)C2=O,C,Pubchem,478.46000000000026,0,1,0,0.0,C28H18N2O6
CCN1C(=O)c2ccc3c4c(OC)cc5c6c(ccc(c7c(OC)cc(c2c37)C1=O)c64)C(=O)N(CC)C5=O,CC,Pubchem,506.51400000000035,0,2,1,0.0,C30H22N2O6
COc1cc2c3c(cc(OC)c4c5c(OC)cc6c7c(cc(OC)c(c1c34)c75)C(=O)N(c1c(C(C)C)cccc1C(C)C)C6=O)C(=O)N(c1c(C(C)C)cccc1C(C)C)C2=O,CC(C)c1cccc(C(C)C)c1,Pubchem,830.978,2,12,12,1.5,C52H50N2O8
CCCCCCC(CCCCCC)N1C(=O)c2cc(OC)c3c4c(OC)cc5c6c(cc(OC)c(c7c(OC)cc(c2c37)C1=O)c64)C(=O)N(C(CCCCCC)CCCCCC)C5=O,CCCCCCCCCCCCC,Pubchem,875.1599999999996,10,13,12,0.0,C54H70N2O8
COc1cc2c3c(cc(OC)c4c5c(OC)cc6c7c(cc(OC)c(c1c34)c75)C(=O)N(C)C6=O)C(=O)N(C)C2=O,C,Pubchem,538.5120000000003,0,1,0,0.0,C30H22N2O8
CCN1C(=O)c2cc(OC)c3c4c(OC)cc5c6c(cc(OC)c(c7c(OC)cc(c2c37)C1=O)c64)C(=O)N(CC)C5=O,CC,Pubchem,566.5660000000003,0,2,1,0.0,C32H26N2O8
O=C1c2ccc3c4c(N5CCCCC5)cc5c6c(cc(N7CCCCC7)c(c7ccc(c2c37)C(=O)N1CCOCCO)c64)C(=O)N(CCOCCO)C5=O,CCOCCO,Pubchem,732.8339999999997,3,6,5,0.0,C42H44N4O8
O=C1c2ccc3c4c(N5CCCCC5)cc5c6c(ccc(c7c(N8CCCCC8)cc(c2c37)C(=O)N1CCOCCO)c64)C(=O)N(CCOCCO)C5=O,CCOCCO,Pubchem,732.8340000000003,3,6,5,0.0,C42H44N4O8
CS(=O)(=O)OCCOCCN1C(=O)c2ccc3c4c(N5CCCCC5)cc5c6c(ccc(c7c(N8CCCCC8)cc(c2c37)C1=O)c64)C(=O)N(CCOCCOS(C)(=O)=O)C5=O,CCOCCOS(C)(=O)=O,Pubchem,889.0179999999993,5,10,9,0.0,C44H48N4O12S2
CN(C)CCCN1CCN(c2cc3c4c(ccc5c6c(N7CCN(CCCN(C)C)CC7)cc7c8c(ccc(c2c45)c86)C(=O)N(CCN2CCCCC2)C7=O)C(=O)N(CCN2CCCCC2)C3=O)CC1,CCN1CCCCC1,Pubchem,951.273999999999,1,8,8,1.0,C56H74N10O4
CCCCc1ccc(C)c(N2C(=O)c3ccc4c5ccc6c7c(ccc(c8ccc(c3c48)C2=O)c75)C(=O)N(c2cc(C)ccc2CCCC)C6=O)c1,CCCCc1ccc(C)cc1,Pubchem,682.8199999999999,3,11,11,1.5,C46H38N2O4
CCCCCN1C(=O)c2ccc3c4c(Oc5ccc(C(C)(C)C)cc5)cc5c6c(ccc(c7c(Oc8ccc(C(C)(C)C)cc8)cc(c2c37)C1=O)c64)C(=O)N(CCCCC)C5=O,CCCCC,Pubchem,827.0340000000001,2,5,4,0.0,C54H54N2O6
CCCCCCOc1ccc(Oc2cc3c4c(ccc5c6c(Oc7ccc(OCCCCCC)cc7)cc7c8c(ccc(c2c45)c86)C(=O)N(CCCCC)C7=O)C(=O)N(CCCCC)C3=O)cc1,CCCCC,Pubchem,915.1399999999995,2,5,4,0.0,C58H62N2O8
CCCCCN1C(=O)c2ccc3c4c(C#N)cc5c6c(ccc(c7c(C#N)cc(c2c37)C1=O)c64)C(=O)N(CCCCC)C5=O,CCCCC,Pubchem,580.6440000000002,2,5,4,0.0,C36H28N4O4
CCCCCCCCN1C(=O)c2ccc3c4c(-c5ccc([N+](=O)[O-])cc5)cc5c6c(ccc(c7c(-c8ccc([N+](=O)[O-])cc8)cc(c2c37)C1=O)c64)C(=O)N(CCCCCCCC)C5=O,CCCCCCCC,Pubchem,856.976,5,8,7,0.0,C52H48N4O8
CCCCCCCCN1C(=O)c2ccc3c4c(-c5ccccc5)cc5c6c(ccc(c7c(-c8ccccc8)cc(c2c37)C1=O)c64)C(=O)N(CCCCCCCC)C5=O,CCCCCCCC,Pubchem,766.9820000000001,5,8,7,0.0,C52H50N2O4
O=C1c2ccc3c4ccc5c6c(cc(Oc7cccnc7)c(c7ccc(c2c37)C(=O)N1C1CCCCC1)c64)C(=O)N(C1CCCCC1)C5=O,C1CCCCC1,Pubchem,647.7310000000003,0,6,6,1.0,C41H33N3O5
O=C1c2ccc3c4ccc5c6c(cc(Oc7ccc[n+]([O-])c7)c(c7ccc(c2c37)C(=O)N1C1CCCCC1)c64)C(=O)N(C1CCCCC1)C5=O,C1CCCCC1,Pubchem,663.7300000000004,0,6,6,1.0,C41H33N3O6
O=C1c2ccc3c4c(Oc5cccnc5)cc5c6c(ccc(c7c(Oc8cccnc8)cc(c2c37)C(=O)N1C1CCCCC1)c64)C(=O)N(C1CCCCC1)C5=O,C1CCCCC1,Pubchem,740.8160000000004,0,6,6,1.0,C46H36N4O6
O=C1c2ccc3c4c(Oc5ccc[n+]([O-])c5)cc5c6c(ccc(c7c(Oc8ccc[n+]([O-])c8)cc(c2c37)C(=O)N1C1CCCCC1)c64)C(=O)N(C1CCCCC1)C5=O,C1CCCCC1,Pubchem,772.8140000000004,0,6,6,1.0,C46H36N4O8
CCCCCCCCN1C(=O)c2ccc3c4c(-c5ccccc5)cc5c6c(cc(-c7ccccc7)c(c7ccc(c2c37)C1=O)c64)C(=O)N(CCCCCCCC)C5=O,CCCCCCCC,Pubchem,766.9819999999997,5,8,7,0.0,C52H50N2O4
CCCCCCCCN1C(=O)c2ccc3c4c(-c5ccc(N(C)C)cc5)cc5c6c(ccc(c7c(-c8ccc(N(C)C)cc8)cc(c2c37)C1=O)c64)C(=O)N(CCCCCCCC)C5=O,CCCCCCCC,Pubchem,853.1199999999998,5,8,7,0.0,C56H60N4O4
CCCCCCCCN1C(=O)c2ccc3c4c(-c5ccc(N(C)C)cc5)cc5c6c(cc(-c7ccc(N(C)C)cc7)c(c7ccc(c2c37)C1=O)c64)C(=O)N(CCCCCCCC)C5=O,CCCCCCCC,Pubchem,853.1199999999995,5,8,7,0.0,C56H60N4O4
CCCCCCCCN1C(=O)c2ccc3c4c(-c5cc(C(C)(C)C)cc(C(C)(C)C)c5)cc5c6c(ccc(c7c(-c8cc(C(C)(C)C)cc(C(C)(C)C)c8)cc(c2c37)C1=O)c64)C(=O)N(CCCCCCCC)C5=O,CCCCCCCC,Pubchem,991.4139999999994,5,8,7,0.0,C68H82N2O4
CCCCCCCCN1C(=O)c2ccc3c4c(-c5cc(C(C)(C)C)cc(C(C)(C)C)c5)cc5c6c(cc(-c7cc(C(C)(C)C)cc(C(C)(C)C)c7)c(c7ccc(c2c37)C1=O)c64)C(=O)N(CCCCCCCC)C5=O,CCCCCCCC,Pubchem,991.4139999999992,5,8,7,0.0,C68H82N2O4
CCCCCCCCN1C(=O)c2ccc3c4c(-c5ccc([N+](=O)[O-])cc5)cc5c6c(cc(-c7ccc([N+](=O)[O-])cc7)c(c7ccc(c2c37)C1=O)c64)C(=O)N(CCCCCCCC)C5=O,CCCCCCCC,Pubchem,856.9759999999997,5,8,7,0.0,C52H48N4O8
CCCCCCCCN1C(=O)c2ccc3c4c(-c5ccc(C#N)cc5)cc5c6c(ccc(c7c(-c8ccc(C#N)cc8)cc(c2c37)C1=O)c64)C(=O)N(CCCCCCCC)C5=O,CCCCCCCC,Pubchem,817.0019999999998,5,8,7,0.0,C54H48N4O4
CCCCCCCCN1C(=O)c2ccc3c4c(-c5ccc(C#N)cc5)cc5c6c(cc(-c7ccc(C#N)cc7)c(c7ccc(c2c37)C1=O)c64)C(=O)N(CCCCCCCC)C5=O,CCCCCCCC,Pubchem,817.0019999999996,5,8,7,0.0,C54H48N4O4
CCCCC(CC)CN1C(=O)c2ccc3c4c(C#Cc5ccc(C=O)cc5)cc5c6c(ccc(c7c(C#Cc8ccc(C=O)cc8)cc(c2c37)C1=O)c64)C(=O)N(CC(CC)CCCC)C5=O,CCCCC(C)CC,Pubchem,871.0459999999998,4,8,7,0.0,C58H50N2O6
CC(C(=O)O)N1C(=O)c2ccc3c4ccc5c6c(ccc(c7ccc(c2c37)C1=O)c64)C(=O)N(C(C)C(=O)O)C5=O,CCC(=O)O,Pubchem,534.4800000000004,1,5,4,0.0,C30H18N2O8
O=C(O)CCC(C(=O)O)N1C(=O)c2ccc3c4ccc5c6c(ccc(c7ccc(c2c37)C1=O)c64)C(=O)N(C(CCC(=O)O)C(=O)O)C5=O,O=C(O)CCCC(=O)O,Pubchem,650.5520000000002,4,9,8,0.0,C34H22N2O12
C#CCOc1ccc(Oc2cc3c4c(cc(Oc5ccc(OCC#C)cc5)c5c6c(Oc7ccc(OCC#C)cc7)cc7c8c(cc(Oc9ccc(OCC#C)cc9)c(c2c45)c86)C(=O)N(CC#C)C7=O)C(=O)N(CC#C)C3=O)cc1,C#CC,Pubchem,1051.032,0,3,2,0.0,C66H38N2O12
CCCCCCC(CCCCCC)N1C(=O)c2ccc3c4ccc5c6c(c(N7CCCC7)cc(c7ccc(c2c37)C1=O)c64)C(=O)N(C(CCCCCC)CCCCCC)C5=O,CCCCCCCCCCCCC,Pubchem,824.1629999999991,10,13,12,0.0,C54H69N3O4
CC(C)c1cccc(C(C)C)c1N1C(=O)c2ccc3c4ccc5c6c(cc(-c7ccc8c(c7)C(=O)c7ccccc7C8=O)c(c7ccc(c2c37)C1=O)c64)C(=O)N(c1c(C(C)C)cccc1C(C)C)C5=O,CC(C)c1cccc(C(C)C)c1,Pubchem,917.074,2,12,12,1.5,C62H48N2O6
Cc1c(C)c(N2C(=O)c3ccc4c5ccc6c7c(ccc(c8ccc(c3c48)C2=O)c75)C(=O)N(c2c(C)c(C)c(N)c(C)c2C)C6=O)c(C)c(C)c1N,Cc1cc(C)c(C)c(N)c1C,Pubchem,684.7959999999999,0,11,11,1.5,C44H36N4O4
CCCCCCCCN1C(=O)c2ccc3c4c(N5CCCC5CO)cc5c6c(ccc(c7c(-c8ccc(-c9cc(-c%10ccccn%10)nc(-c%10ccccn%10)c9)cc8)cc(c2c37)C1=O)c64)C(=O)N(CCCCCCCC)C5=O,CCCCCCCC,Pubchem,1021.2749999999995,5,8,7,0.0,C66H64N6O5
C=CCC(=O)OCC1CCCN1c1cc2c3c(ccc4c5c(-c6ccc(-c7cc(-c8ccccn8)nc(-c8ccccn8)c7)cc6)cc6c7c(ccc(c1c34)c75)C(=O)N(CCCCCCCC)C6=O)C(=O)N(CCCCCCCC)C2=O,CCCCCCCC,Pubchem,1089.3499999999995,5,8,7,0.0,C70H68N6O6
C=CCC(=O)OCC1CCCN1c1cc2c3c(ccc4c5c(N6CCCC6)cc6c7c(ccc(c1c34)c75)C(=O)N(CCCCCCCC)C6=O)C(=O)N(CCCCCCCC)C2=O,CCCCCCCC,Pubchem,851.1009999999993,5,8,7,0.0,C53H62N4O6
O=C1c2ccc3c4ccc5c6c(ccc(c7ccc(c2c37)C(=O)N1CCCN1CCCCC1)c64)C(=O)N(CCCN1CCCCC1)C5=O,CCCN1CCCCC1,Pubchem,640.7839999999998,2,9,9,1.0,C40H40N4O4
CN(CCCN)CCCN1C(=O)c2ccc3c4ccc5c6c(ccc(c7ccc(c2c37)C1=O)c64)C(=O)N(CCCN(C)CCCN)C5=O,CCCN(C)CCCN,Pubchem,646.7919999999998,5,9,8,0.0,C38H42N6O4
CN(CCCN1C(=O)c2ccc3c4ccc5c6c(ccc(c7ccc(c2c37)C1=O)c64)C(=O)N(CCCN(C)c1ccccc1)C5=O)c1ccccc1,CCCN(C)c1ccccc1,Pubchem,684.7960000000004,3,11,11,1.5,C44H36N4O4
C[N+](C)(C)CC[N+](C)(CCN1C(=O)c2ccc3c4ccc5c6c(ccc(c7ccc(c2c37)C1=O)c64)C(=O)N(CC[N+](C)(CC[N+](C)(C)C)CC[N+](C)(C)C)C5=O)CC[N+](C)(C)C,CC[N+](C)(CC[N+](C)(C)C)CC[N+](C)(C)C,Pubchem,851.1939999999993,7,16,15,0.0,C50H74N8O4+6
CN(C)CCN(CCN(C)C)CCN1C(=O)c2ccc3c4ccc5c6c(ccc(c7ccc(c2c37)C1=O)c64)C(=O)N(CCN(CCN(C)C)CCN(C)C)C5=O,CCN(CCN(C)C)CCN(C)C,Pubchem,760.9839999999996,7,13,12,0.0,C44H56N8O4
CC[N+](CC)(CC)CCCN1C(=O)c2ccc3c4ccc5c6c(ccc(c7ccc(c2c37)C1=O)c64)C(=O)N(CCC[N+](CC)(CC)CC)C5=O,CCC[N+](CC)(CC)CC,Pubchem,674.8859999999997,5,10,9,0.0,C42H50N4O4+2
CC(C)c1cccc(C(C)C)c1N1C(=O)c2ccc3c4c(Oc5ccc(S(=O)O)cc5)cc5c6c(ccc(c7c(Oc8ccc(S(=O)O)cc8)cc(c2c37)C1=O)c64)C(=O)N(c1c(C(C)C)cccc1C(C)C)C5=O,CC(C)c1cccc(C(C)C)c1,Pubchem,1023.1980000000002,2,12,12,1.5,C60H50N2O10S2
O=C1c2ccc3c4ccc5c6c(ccc(c7ccc(c2c37)C(=O)N1C1COCCOCCOCCOCCOCCO1)c64)C(=O)N(C1COCCOCCOCCOCCOCCO1)C5=O,C1COCCOCCOCCOCCOCCO1,Pubchem,914.9579999999995,0,18,18,1.0,C48H54N2O16
[NH3+]CCN1C(=O)c2ccc3c4ccc5c6c(ccc(c7ccc(c2c37)C1=O)c64)C(=O)N(CC[NH3+])C5=O,CC[NH3+],Pubchem,478.5080000000003,0,3,2,0.0,C28H22N4O4+2
COC(=O)CCN(CCC(=O)OC)CCN1C(=O)c2ccc3c4ccc5c6c(ccc(c7ccc(c2c37)C1=O)c64)C(=O)N(CCN(CCC(=O)OC)CCC(=O)OC)C5=O,CCN(CCC(=O)OC)CCC(=O)OC,Pubchem,820.8519999999997,7,15,14,0.0,C44H44N4O12
Cc1cc(Cc2ccc(N3C(=O)c4ccc5c6ccc7c8c(ccc(c9ccc(c4c59)C3=O)c86)C(=O)N(c3ccc(Cc4ccc(N)c(C)c4)cc3C)C7=O)c(C)c2)ccc1N,Cc1cccc(Cc2ccc(N)c(C)c2)c1,Pubchem,808.9379999999998,2,16,17,3.0,C54H40N4O4
CCCN1C(=O)c2cc(Oc3ccccc3)c3c4c(Oc5ccccc5)cc5c6c(cc(Oc7ccccc7)c(c7c(Oc8ccccc8)cc(c2c37)C1=O)c64)C(=O)N(CCC)C5=O,CCC,Pubchem,842.9040000000003,0,3,2,0.0,C54H38N2O8
CCCN1C(=O)c2ccc3c4c(Oc5ccccc5)cc5c6c(ccc(c7c(Oc8ccccc8)cc(c2c37)C1=O)c64)C(=O)N(CCC)C5=O,CCC,Pubchem,658.7100000000004,0,3,2,0.0,C42H30N2O6
CCCN1C(=O)c2ccc3c4c(Oc5ccc(C(C)(C)C)cc5)cc5c6c(ccc(c7c(Oc8ccc(C(C)(C)C)cc8)cc(c2c37)C1=O)c64)C(=O)N(CCC)C5=O,CCC,Pubchem,770.9260000000002,0,3,2,0.0,C50H46N2O6
CC(C)(c1ccc(O)cc1)N1C(=O)c2ccc3c4ccc5c6c(ccc(c7ccc(c2c37)C1=O)c64)C(=O)N(C(C)(C)c1ccc(O)cc1)C5=O,CC(C)c1ccc(O)cc1,Pubchem,658.7100000000003,1,10,10,1.5,C42H30N2O6
CC(C)(C)OC(=O)N1C(=O)c2cc(Oc3ccccc3)c3c4c(Oc5ccccc5)cc5c6c(cc(Oc7ccccc7)c(c7c(Oc8ccccc8)cc(c2c37)C1=O)c64)C(=O)N(C(=O)OC(C)(C)C)C5=O,CC(C)(C)OC=O,Pubchem,958.9760000000002,1,7,6,0.0,C58H42N2O12
CC(C)(C)OC(=O)N1C(=O)c2cc(Oc3ccc(C(C)(C)C)cc3)c3c4c(Oc5ccc(C(C)(C)C)cc5)cc5c6c(cc(Oc7ccc(C(C)(C)C)cc7)c(c7c(Oc8ccc(C(C)(C)C)cc8)cc(c2c37)C1=O)c64)C(=O)N(C(=O)OC(C)(C)C)C5=O,CC(C)(C)OC=O,Pubchem,1183.4079999999992,1,7,6,0.0,C74H74N2O12
CCCCC(CC)CN1C(=O)c2cc(Oc3ccc(C(C)(C)C)cc3)c3c4c(Oc5ccc(C(C)(C)C)cc5)cc5c6c(cc(Oc7ccc(C(C)(C)C)cc7)c(c7c(Oc8ccc(C(C)(C)C)cc8)cc(c2c37)C1=O)c64)C(=O)N(CC(CC)CCCC)C5=O,CCCCC(C)CC,Pubchem,1207.605999999999,4,8,7,0.0,C80H90N2O8
CCCN1C(=O)c2cc(Oc3ccc(C)cc3)c3c4c(Oc5ccc(C)cc5)cc5c6c(cc(Oc7ccc(C)cc7)c(c7c(Oc8ccc(C)cc8)cc(c2c37)C1=O)c64)C(=O)N(CCC)C5=O,CCC,Pubchem,899.0120000000001,0,3,2,0.0,C58H46N2O8
CCCN1C(=O)c2cc(Oc3ccc(OC)cc3)c3c4c(Oc5ccc(OC)cc5)cc5c6c(cc(Oc7ccc(OC)cc7)c(c7c(Oc8ccc(OC)cc8)cc(c2c37)C1=O)c64)C(=O)N(CCC)C5=O,CCC,Pubchem,963.0080000000002,0,3,2,0.0,C58H46N2O12
CCCN1C(=O)c2cc(Oc3ccc(O)cc3)c3c4c(Oc5ccc(O)cc5)cc5c6c(cc(Oc7ccc(O)cc7)c(c7c(Oc8ccc(O)cc8)cc(c2c37)C1=O)c64)C(=O)N(CCC)C5=O,CCC,Pubchem,906.9000000000003,0,3,2,0.0,C54H38N2O12
O=C1c2ccc3c4c(N5CCCCC5)cc5c6c(ccc(c7c(N8CCCCC8)cc(c2c37)C(=O)N1N1CCCCC1)c64)C(=O)N(N1CCCCC1)C5=O,C1CCNCC1,Pubchem,722.8900000000001,0,6,6,1.0,C44H46N6O4
O=C1c2ccc3c4ccc5c6c(ccc(c7ccc(c2c37)C(=O)N1CCN1CCNCC1)c64)C(=O)N(CCN1CCNCC1)C5=O,CCN1CCNCC1,Pubchem,614.706,1,8,8,1.0,C36H34N6O4
CC(C)(C)Oc1cc2c3c(cc(OC(C)(C)C)c4c5c(OC(C)(C)C)cc6c7c(cc(OC(C)(C)C)c(c1c34)c75)C(=O)N(CCCO)C6=O)C(=O)N(CCCO)C2=O,CCCO,Pubchem,794.942,1,4,3,0.0,C46H54N2O10
CCCN1C(=O)c2ccc3c4c(N5CCC(CCO)CC5)cc5c6c(ccc(c7c(N8CCC(CCO)CC8)cc(c2c37)C1=O)c64)C(=O)N(CCC)C5=O,CCC,Pubchem,728.8899999999999,0,3,2,0.0,C44H48N4O6
COC(=O)c1cc(Nc2ccccc2)ccc1N1C(=O)c2ccc3c4ccc5c6c(ccc(c7ccc(c2c37)C1=O)c64)C(=O)N(c1ccc(Nc2ccccc2)cc1C(=O)OC)C5=O,COC(=O)c1cccc(Nc2ccccc2)c1,Pubchem,840.8480000000002,3,17,18,3.0,C52H32N4O8
CCCN1C(=O)c2cc(Oc3ccc(C(C)(C)C)cc3)c3c4c(Oc5ccc(C(C)(C)C)cc5)cc5c6c(cc(Oc7ccc(C(C)(C)C)cc7)c(c7c(Oc8ccc(C(C)(C)C)cc8)cc(c2c37)C1=O)c64)C(=O)N(CCC)C5=O,CCC,Pubchem,1067.3359999999993,0,3,2,0.0,C70H70N2O8
O=Cc1ccc(CN2C(=O)c3ccc4c5ccc6c7c(ccc(c8ccc(c3c48)C2=O)c75)C(=O)N(Cc2ccc(C=O)cc2)C6=O)cc1,Cc1ccc(C=O)cc1,Pubchem,626.6240000000004,1,9,9,1.5,C40H22N2O6
O=C1c2ccc3c4ccc5c6c(ccc(c7ccc(c2c37)C(=O)N1c1cc(O)ccc1O)c64)C(=O)N(c1cc(O)ccc1O)C5=O,Oc1ccc(O)cc1,Pubchem,606.5460000000005,0,8,8,1.5,C36H18N2O8
O=C1c2ccc3c4c(C#CCCN5CCCCC5)cc5c6c(ccc(c7c(C#CCCN8CCCCC8)cc(c2c37)C(=O)N1CCN1CCCCC1)c64)C(=O)N(CCN1CCCCC1)C5=O,CCN1CCCCC1,Pubchem,883.1499999999993,1,8,8,1.0,C56H62N6O4
O=C1c2ccc3c4ccc5c6c(ccc(c7ccc(c2c37)C(=O)N1c1cccc(S(=O)(=O)O)c1)c64)C(=O)N(c1ccccc1S(=O)(=O)O)C5=O,O=S(=O)(O)c1ccccc1,Pubchem,702.6780000000006,1,10,10,1.5,C36H18N2O10S2
O=C1c2ccc3c4ccc5c6c(ccc(c7ccc(c2c37)C(=O)N1c1ccc(S(=O)(=O)O)cc1)c64)C(=O)N(c1ccccc1S(=O)(=O)O)C5=O,O=S(=O)(O)c1ccccc1,Pubchem,702.6780000000006,1,10,10,1.5,C36H18N2O10S2
O=C1c2ccc3c4ccc5c6c(ccc(c7ccc(c2c37)C(=O)N1c1ccc(S(=O)(=O)O)cc1)c64)C(=O)N(c1cccc(S(=O)(=O)O)c1)C5=O,O=S(=O)(O)c1ccccc1,Pubchem,702.6780000000003,1,10,10,1.5,C36H18N2O10S2
Cc1ccc(N2C(=O)c3ccc4c5ccc6c7c(ccc(c8ccc(c3c48)C2=O)c75)C(=O)N(c2ccc(C)cc2S(=O)(=O)O)C6=O)c(S(=O)(=O)O)c1,Cc1cccc(S(=O)(=O)O)c1,Pubchem,730.7320000000005,1,11,11,1.5,C38H22N2O10S2
CC(c1ccccc1)N1C(=O)c2ccc3c4ccc5c6c(ccc(c7ccc(c2c37)C1=O)c64)C(=O)N(C(C)c1ccccc1)C5=O,CCc1ccccc1,Pubchem,598.6580000000004,1,8,8,1.5,C40H26N2O4
CCC(CO)(CCOC)CN1C(=O)c2ccc3c4ccc5c6c(ccc(c7ccc(c2c37)C1=O)c64)C(=O)N(CC(CC)(CO)CCOC)C5=O,CCC(C)(CO)CCOC,Pubchem,678.782,5,10,9,0.0,C40H42N2O8
CC(C)c1cccc(C(C)C)c1N1C(=O)c2ccc3c4c(Oc5ccncc5)cc5c6c(ccc(c7c(Oc8ccncc8)cc(c2c37)C1=O)c64)C(=O)N(c1c(C(C)C)cccc1C(C)C)C5=O,CC(C)c1cccc(C(C)C)c1,Pubchem,897.044,2,12,12,1.5,C58H48N4O6
Cc1ccc(Oc2cc3c4c(cc(Oc5ccc(C)cc5)c5c6c(Oc7ccc(C)cc7)cc7c8c(cc(Oc9ccc(C)cc9)c(c2c45)c86)C(=O)N(CCO)C7=O)C(=O)N(CCO)C3=O)cc1,CCO,Pubchem,902.956,0,3,2,0.0,C56H42N2O10
CCCCC(CC)CN1C(=O)c2ccc3c4c(Oc5cc(C(C)(C)C)cc(C(C)(C)C)c5)cc5c6c(ccc(c7c(Oc8cc(C(C)(C)C)cc(C(C)(C)C)c8)cc(c2c37)C1=O)c64)C(=O)N(CC(CC)CCCC)C5=O,CCCCC(C)CC,Pubchem,1023.4119999999994,4,8,7,0.0,C68H82N2O6
NCC1CCCC(CN2C(=O)c3ccc4c5ccc6c7c(ccc(c8ccc(c3c48)C2=O)c75)C(=O)N(CC2CCCC(CN)C2)C6=O)C1,CC1CCCC(CN)C1,Pubchem,640.784,1,9,9,1.0,C40H40N4O4
O=C(NCCCCCCN1C(=O)c2ccc3c4ccc5c6c(ccc(c7ccc(c2c37)C1=O)c64)C(=O)N(CCCCCCNC(=O)c1ccccc1)C5=O)c1ccccc1,CCCCCCNC(=O)c1ccccc1,Pubchem,796.9239999999998,6,15,15,1.5,C50H44N4O6
O=C(NCC1CCCC(CN2C(=O)c3ccc4c5ccc6c7c(ccc(c8ccc(c3c48)C2=O)c75)C(=O)N(CC2CCCC(CNC(=O)c3ccccc3)C2)C6=O)C1)c1ccccc1,CC1CCCC(CNC(=O)c2ccccc2)C1,Pubchem,849.0000000000001,3,17,18,2.5,C54H48N4O6
O=C(OCCCCCCN1C(=O)c2ccc3c4ccc5c6c(ccc(c7ccc(c2c37)C1=O)c64)C(=O)N(CCCCCCOC(=O)c1ccccc1)C5=O)c1ccccc1,CCCCCCOC(=O)c1ccccc1,Pubchem,798.8919999999997,6,15,15,1.5,C50H42N2O8
O=C(OCCN1C(=O)c2ccc3c4ccc5c6c(ccc(c7ccc(c2c37)C1=O)c64)C(=O)N(CCOC(=O)c1ccccc1)C5=O)c1ccccc1,CCOC(=O)c1ccccc1,Pubchem,686.6760000000002,2,11,11,1.5,C42H26N2O8
O=C1c2ccc3c4c(Oc5ccncc5)cc5c6c(ccc(c7c(Oc8ccncc8)cc(c2c37)C(=O)N1Cc1ccncc1)c64)C(=O)N(Cc1ccncc1)C5=O,Cc1ccncc1,Pubchem,758.7499999999999,0,7,7,1.5,C46H26N6O6
O=C1c2ccc3c4ccc5c6c(ccc(c7ccc(c2c37)C(=O)N1CCS)c64)C(=O)N(CCS)C5=O,CCS,Pubchem,510.5960000000003,0,3,2,0.0,C28H18N2O4S2
O=C1c2ccc3c4ccc5c6c(ccc(c7ccc(c2c37)C(=O)N1CCN(Cc1ccccn1)Cc1ccccn1)c64)C(=O)N(CCN(Cc1ccccn1)Cc1ccccn1)C5=O,CCN(Cc1ccccn1)Cc1ccccn1,Pubchem,840.9439999999998,5,17,18,3.0,C52H40N8O4
CCCCCCCCCCCCN1C(=O)c2ccc3c4c(-c5cccs5)cc5c6c(ccc(c7c(-c8cccs8)cc(c2c37)C1=O)c64)C(=O)N(CCCCCCCCCCCC)C5=O,CCCCCCCCCCCC,Pubchem,891.2559999999995,9,12,11,0.0,C56H62N2O4S2
CCCCCCCCCCCCN1C(=O)c2ccc3c4c(-c5cc(OC)c(OC)c(OC)c5)cc5c6c(ccc(c7c(-c8cc(OC)c(OC)c(OC)c8)cc(c2c37)C1=O)c64)C(=O)N(CCCCCCCCCCCC)C5=O,CCCCCCCCCCCC,Pubchem,1059.3539999999991,9,12,11,0.0,C66H78N2O10
CCCCCCCCCCCCN1C(=O)c2ccc3c4c(-c5ccc6cc(OC)ccc6c5)cc5c6c(ccc(c7c(-c8ccc9cc(OC)ccc9c8)cc(c2c37)C1=O)c64)C(=O)N(CCCCCCCCCCCC)C5=O,CCCCCCCCCCCC,Pubchem,1039.3699999999992,9,12,11,0.0,C70H74N2O6
CCCCCCCCCCCCN1C(=O)c2ccc3c4c(-c5ccc(-c6ccc(CCCCCC)s6)s5)cc5c6c(ccc(c7c(-c8ccc(-c9ccc(CCCCCC)s9)s8)cc(c2c37)C1=O)c64)C(=O)N(CCCCCCCCCCCC)C5=O,CCCCCCCCCCCC,Pubchem,1223.833999999999,9,12,11,0.0,C76H90N2O4S4
CCCCCCCCc1csc(-c2ccc(N3C(=O)c4ccc5c6ccc7c8c(ccc(c9ccc(c4c59)C3=O)c86)C(=O)N(c3ccc(-c4cc(CCCCCCCC)cs4)cc3)C7=O)cc2)c1,CCCCCCCCc1csc(-c2ccccc2)c1,Pubchem,931.2359999999996,8,19,20,3.0,C60H54N2O4S2
CN(C)c1cc2c3c(ccc4c5c(N(C)C)cc6c7c(ccc(c1c34)c75)C(=O)N(C1CCCCC1)C6=O)C(=O)N(C1CCCCC1)C2=O,C1CCCCC1,Pubchem,640.7840000000001,0,6,6,1.0,C40H40N4O4
CCCCCCc1cc2c3cc(CCCCCC)c4c5c(c(CCCCCC)cc(c6cc(CCCCCC)c7c(c1C(=O)N(c1c(C(C)C)cccc1C(C)C)C7=O)c26)c53)C(=O)N(c1c(C(C)C)cccc1C(C)C)C4=O,CC(C)c1cccc(C(C)C)c1,Pubchem,1047.5219999999993,2,12,12,1.5,C72H90N2O4
CCC(CC)N1C(=O)c2c(CCc3ccccc3)cc3c4cc(CCc5ccccc5)c5c6c(c(CCc7ccccc7)cc(c7cc(CCc8ccccc8)c(c2c37)C1=O)c64)C(=O)N(C(CC)CC)C5=O,CCCCC,Pubchem,947.2319999999996,2,5,4,0.0,C66H62N2O4
CCCCCC(CCCC)N1C(=O)c2ccc3c4ccc5c6c(ccc(c7ccc(c2c37)C1=O)c64)C(=O)N(C(CCCC)CCCCC)C5=O,CCCCCCCCCC,Pubchem,670.8939999999998,7,10,9,0.0,C44H50N2O4
CC(C)CC(CC(C)C)N1C(=O)c2ccc3c4ccc5c6c(ccc(c7ccc(c2c37)C1=O)c64)C(=O)N(C(CC(C)C)CC(C)C)C5=O,CC(C)CCCC(C)C,Pubchem,642.84,4,9,8,0.0,C42H46N2O4
CC(C)(C)c1nnc(N2C(=O)c3ccc4c5ccc6c7c(ccc(c8ccc(c3c48)C2=O)c75)C(=O)N(c2nnc(C(C)(C)C)s2)C6=O)s1,CC(C)(C)c1nncs1,Pubchem,670.7760000000001,0,9,9,1.5,C36H26N6O4S2
CCCCCCCCCCCCN1C(=O)c2ccc3c4c(-c5ccc(C#N)cc5)cc5c6c(ccc(c7c(-c8ccc(C#N)cc8)cc(c2c37)C1=O)c64)C(=O)N(CCCCCCCCCCCC)C5=O,CCCCCCCCCCCC,Pubchem,929.2179999999993,9,12,11,0.0,C62H64N4O4
CCCCCCCCCCCCN1C(=O)c2ccc3c4c(-c5ccncc5)cc5c6c(ccc(c7c(-c8ccncc8)cc(c2c37)C1=O)c64)C(=O)N(CCCCCCCCCCCC)C5=O,CCCCCCCCCCCC,Pubchem,881.1739999999994,9,12,11,0.0,C58H64N4O4
CCCCCCCCCCCCN1C(=O)c2ccc3c4c(-c5cccc([N+](=O)[O-])c5)cc5c6c(ccc(c7c(-c8cccc([N+](=O)[O-])c8)cc(c2c37)C1=O)c64)C(=O)N(CCCCCCCCCCCC)C5=O,CCCCCCCCCCCC,Pubchem,969.1919999999994,9,12,11,0.0,C60H64N4O8
N#Cc1cc2c3c(ccc4c5c(C#N)cc6c7c(ccc(c1c34)c75)C(=O)N(c1ccc(C3C=CC=C3)cc1)C6=O)C(=O)N(c1ccc(C3C=CC=C3)cc1)C2=O,C1=CC(c2ccccc2)C=C1,Pubchem,720.7440000000003,1,11,12,2.5,C48H24N4O4
CCCCCCCCN1C(=O)c2ccc3c4c(-c5ccc(C#Cc6ccccc6)cc5)cc5c6c(ccc(c7c(-c8ccc(C#Cc9ccccc9)cc8)cc(c2c37)C1=O)c64)C(=O)N(CCCCCCCC)C5=O,CCCCCCCC,Pubchem,967.2219999999999,5,8,7,0.0,C68H58N2O4
CCCCCCCCN1C(=O)c2ccc3c4c(-c5ccc(C)cc5)cc5c6c(ccc(c7c(-c8ccc(C)cc8)cc(c2c37)C1=O)c64)C(=O)N(CCCCCCCC)C5=O,CCCCCCCC,Pubchem,795.036,5,8,7,0.0,C54H54N2O4
C=CCCCCCCCCCN1C(=O)c2ccc3c4ccc5c6c(ccc(c7ccc(c2c37)C1=O)c64)C(=O)N(CCCCCCCCCC=C)C5=O,C=CCCCCCCCCC,Pubchem,694.9159999999996,8,11,10,0.0,C46H50N2O4
C#Cc1ccc(N2C(=O)c3ccc4c5c(Oc6ccc(C(C)(C)C)cc6)cc6c7c(ccc(c8c(Oc9ccc(C(C)(C)C)cc9)cc(c3c48)C2=O)c75)C(=O)N(c2ccc(C#C)cc2)C6=O)cc1,C#Cc1ccccc1,Pubchem,887.0039999999998,0,8,8,1.5,C60H42N2O6
CCCCC(CC)CN1C(=O)c2ccc3c4c(Oc5ccncc5)cc5c6c(ccc(c7c(Oc8ccncc8)cc(c2c37)C1=O)c64)C(=O)N(CC(CC)CCCC)C5=O,CCCCC(C)CC,Pubchem,800.9559999999999,4,8,7,0.0,C50H48N4O6
O=C1c2ccc3c4c5cc6c7c(ccc(c8c(cc(c2c38)C(=O)N1c1ccccc1)Oc1cccc(c1)OCCOCCOc1cccc(c1)O5)c74)C(=O)N(c1ccccc1)C6=O,c1ccccc1,Pubchem,828.8329999999999,0,6,6,1.5,C52H32N2O9
O=C1c2ccc3c4ccc5c6c(ccc(c7ccc(c2c37)C(=O)N1c1ccc(C2=CC=CC2)cc1)c64)C(=O)N(c1ccc(C2=CC=CC2)cc1)C5=O,C1=CCC(c2ccccc2)=C1,Pubchem,670.7240000000002,1,11,12,2.5,C46H26N2O4
C=CCN1C(=O)c2cc(Oc3ccccc3)c3c4c(Oc5ccccc5)cc5c6c(cc(Oc7ccccc7)c(c7c(Oc8ccccc8)cc(c2c37)C1=O)c64)C(=O)N(CC=C)C5=O,C=CC,Pubchem,838.8720000000003,0,3,2,0.0,C54H34N2O8
CCCCC(CC)CN1C(=O)c2ccc3c4c(Oc5cc[nH+]cc5)cc5c6c(ccc(c7c(Oc8cc[nH+]cc8)cc(c2c37)C1=O)c64)C(=O)N(CC(CC)CCCC)C5=O,CCCCC(C)CC,Pubchem,802.972,4,8,7,0.0,C50H50N4O6+2
CNC(=S)N(C)CCN1C(=O)c2ccc3c4ccc5c6c(ccc(c7ccc(c2c37)C1=O)c64)C(=O)N(CCN(C)C(=S)NC)C5=O,CCN(C)C(=S)NC,Pubchem,650.7860000000002,1,8,7,0.0,C34H30N6O4S2
CCCCCN1C(=O)c2cc(Oc3ccc(C(C)(C)C)cc3)c3c4c(Oc5ccc(C(C)(C)C)cc5)cc5c6c(cc(Oc7ccc(C(C)(C)C)cc7)c(c7c(Oc8ccc(C(C)(C)C)cc8)cc(c2c37)C1=O)c64)C(=O)N(CCCCC)C5=O,CCCCC,Pubchem,1123.4439999999995,2,5,4,0.0,C74H78N2O8
CCN1C(=O)c2ccc3c4c(N5CCC(CCO)CC5)cc5c6c(ccc(c7c(N8CCC(CCO)CC8)cc(c2c37)C1=O)c64)C(=O)N(CC)C5=O,CC,Pubchem,700.836,0,2,1,0.0,C42H44N4O6
CC(C)(C)c1cc(-c2cc3c4c(ccc5c6ccc7c8c(ccc(c2c45)c86)C(=O)N(C2CCCCC2)C7=O)C(=O)N(C2CCCCC2)C3=O)cc(C(C)(C)C)c1O,C1CCCCC1,Pubchem,758.9589999999996,0,6,6,1.0,C50H50N2O5
CC(C)(C)c1cc(-c2cc3c4c(ccc5c6c(-c7cc(C(C)(C)C)c(O)c(C(C)(C)C)c7)cc7c8c(ccc(c2c45)c86)C(=O)N(C2CCCCC2)C7=O)C(=O)N(C2CCCCC2)C3=O)cc(C(C)(C)C)c1O,C1CCCCC1,Pubchem,963.2719999999996,0,6,6,1.0,C64H70N2O6
O=C(O)CCCCCCN1C(=O)c2ccc3c4ccc5c6c(ccc(c7ccc(c2c37)C1=O)c64)C(=O)N(CCCCCCC(=O)O)C5=O,CCCCCCC(=O)O,Pubchem,646.696,5,9,8,0.0,C38H34N2O8
CC(C)(C)OC(=O)CN1C(=O)c2ccc3c4ccc5c6c(ccc(c7ccc(c2c37)C1=O)c64)C(=O)N(CC(=O)OC(C)(C)C)C5=O,CC(=O)OC(C)(C)C,Pubchem,618.6420000000002,0,8,7,0.0,C36H30N2O8
COCCOc1cc2c3c(ccc4c5c(Oc6ccncc6)cc6c7c(ccc(c1c34)c75)C(=O)N(C1CCCCC1)C6=O)C(=O)N(C1CCCCC1)C2=O,C1CCCCC1,Pubchem,721.81,0,6,6,1.0,C44H39N3O7
CCCCC(CC)CN1C(=O)c2ccc3c4c(Oc5ccc(C(C)(C)C)cc5)cc5c6c(ccc(c7c(Oc8ccc(C(C)(C)C)cc8)cc(c2c37)C1=O)c64)C(=O)N(CC(CC)CCCC)C5=O,CCCCC(C)CC,Pubchem,911.1959999999997,4,8,7,0.0,C60H66N2O6
O=C1c2ccc3c4c(Oc5ccncc5)cc5c6c(ccc(c7c(Oc8ccncc8)cc(c2c37)C(=O)N1C1CCCCC1)c64)C(=O)N(C1CCCCC1)C5=O,C1CCCCC1,Pubchem,740.8160000000004,0,6,6,1.0,C46H36N4O6
C#Cc1cc2c3c(ccc4c5c(C#C)cc6c7c(ccc(c1c34)c75)C(=O)N(c1c(C(C)C)cccc1C(C)C)C6=O)C(=O)N(c1c(C(C)C)cccc1C(C)C)C2=O,CC(C)c1cccc(C(C)C)c1,Pubchem,758.918,2,12,12,1.5,C52H42N2O4
C#Cc1cc2c3c(ccc4c5c(C#C)cc6c7c(ccc(c1c34)c75)C(=O)N(CCCCCC)C6=O)C(=O)N(CCCCCC)C2=O,CCCCCC,Pubchem,606.7220000000003,3,6,5,0.0,C40H34N2O4
CC(C)c1cccc(C(C)C)c1N1C(=O)c2ccc3c4c(C#Cc5ccccc5)cc5c6c(ccc(c7c(C#Cc8ccccc8)cc(c2c37)C1=O)c64)C(=O)N(c1c(C(C)C)cccc1C(C)C)C5=O,CC(C)c1cccc(C(C)C)c1,Pubchem,911.1139999999999,2,12,12,1.5,C64H50N2O4
CC(C(=O)OCCCCCCCCCCS)N1C(=O)c2ccc3c4ccc5c6c(ccc(c7ccc(c2c37)C1=O)c64)C(=O)N(C(C)C(=O)OCCCCCCCCCCS)C5=O,CCC(=O)OCCCCCCCCCCS,Pubchem,879.1539999999995,11,16,15,0.0,C50H58N2O8S2
C=C(C)C(=O)OCC(CC(C)C)N1C(=O)c2ccc3c4ccc5c6c(ccc(c7ccc(c2c37)C1=O)c64)C(=O)N(C(COC(=O)C(=C)C)CC(C)C)C5=O,C=C(C)C(=O)OCCCC(C)C,Pubchem,726.8259999999999,5,12,11,0.0,C44H42N2O8
O=C(O)CN1C(=O)c2ccc3c4c(N5CCCC5)cc5c6c(ccc(c7c(N8CCCC8)cc(c2c37)C1=O)c64)C(=O)N(CC(=O)O)C5=O,CC(=O)O,Pubchem,644.6400000000003,0,4,3,0.0,C36H28N4O8
CN1C(=O)c2ccc3c4c(N5CCSCC5)cc5c6c(ccc(c7c(N8CCSCC8)cc(c2c37)C1=O)c64)C(=O)N(C)C5=O,C,Pubchem,620.7560000000001,0,1,0,0.0,C34H28N4O4S2
CON1C(=O)c2ccc3c4ccc5c6c(ccc(c7ccc(c2c37)C1=O)c64)C(=O)N(OC)C5=O,CO,Pubchem,450.40600000000023,0,2,1,0.0,C26H14N2O6
CCC(C)CN1C(=O)c2ccc3c4ccc5c6c(ccc(c7ccc(c2c37)C1=O)c64)C(=O)N(CC(C)CC)C5=O,CCC(C)C,Pubchem,530.6240000000004,1,5,4,0.0,C34H30N2O4
CC(C)(C)c1ccccc1N1C(=O)c2ccc3c4ccc5c6c(ccc(c7ccc(c2c37)C1=O)c64)C(=O)N(c1ccccc1C(C)(C)C)C5=O,CC(C)(C)c1ccccc1,Pubchem,654.7660000000002,0,10,10,1.5,C44H34N2O4
CC1CCCCC1N1C(=O)c2ccc3c4ccc5c6c(ccc(c7ccc(c2c37)C1=O)c64)C(=O)N(C1CCCCC1C)C5=O,CC1CCCCC1,Pubchem,582.7000000000003,0,7,7,1.0,C38H34N2O4
CCOC(CN1C(=O)c2ccc3c4ccc5c6c(ccc(c7ccc(c2c37)C1=O)c64)C(=O)N(CC(OCC)OCC)C5=O)OCC,CCOC(C)OCC,Pubchem,622.6740000000002,4,8,7,0.0,C36H34N2O8
CCCCCSC(CN1C(=O)c2ccc3c4ccc5c6c(ccc(c7ccc(c2c37)C1=O)c64)C(=O)N(CC(SCCCCC)SCCCCC)C5=O)SCCCCC,CCCCCSC(C)SCCCCC,Pubchem,855.2699999999994,10,14,13,0.0,C48H58N2O4S4
O=C(O)c1ccccc1N1C(=O)c2ccc3c4ccc5c6c(ccc(c7ccc(c2c37)C1=O)c64)C(=O)N(c1ccccc1C(=O)O)C5=O,O=C(O)c1ccccc1,Pubchem,630.5680000000003,1,9,9,1.5,C38H18N2O8
C#Cc1ccc(Oc2cc3c4c(ccc5c6c(Oc7ccc(C#C)cc7)cc7c8c(ccc(c2c45)c86)C(=O)N(c2c(C(C)C)cccc2C(C)C)C7=O)C(=O)N(c2c(C(C)C)cccc2C(C)C)C3=O)cc1,CC(C)c1cccc(C(C)C)c1,Pubchem,943.112,2,12,12,1.5,C64H50N2O6
CC(C)CCCC(C)N1C(=O)c2ccc3c4ccc5c6c(ccc(c7ccc(c2c37)C1=O)c64)C(=O)N(C(C)CCCC(C)C)C5=O,CCCCCC(C)C,Pubchem,614.7860000000001,4,8,7,0.0,C40H42N2O4
CCCc1cccc(CCC)c1N1C(=O)c2ccc3c4c(N5CCCCC5)cc5c6c(cc(N7CCCCC7)c(c7ccc(c2c37)C1=O)c64)C(=O)N(c1c(CCC)cccc1CCC)C5=O,CCCc1cccc(CCC)c1,Pubchem,877.141999999999,4,12,12,1.5,C58H60N4O4
CCCCCCN1C(=O)c2ccc3c4c(N5CCCCC5)cc5c6c(ccc(c7c(N8CCCCC8)cc(c2c37)C1=O)c64)C(=O)N(CCCCCC)C5=O,CCCCCC,Pubchem,724.9459999999996,3,6,5,0.0,C46H52N4O4
CCCc1cccc(CCC)c1N1C(=O)c2ccc3c4c(N5CCCCC5)cc5c6c(ccc(c7c(N8CCCCC8)cc(c2c37)C1=O)c64)C(=O)N(c1c(CCC)cccc1CCC)C5=O,CCCc1cccc(CCC)c1,Pubchem,877.141999999999,4,12,12,1.5,C58H60N4O4
CCCCCCN1C(=O)c2ccc3c4c(N5CCCCC5)cc5c6c(cc(N7CCCCC7)c(c7ccc(c2c37)C1=O)c64)C(=O)N(CCCCCC)C5=O,CCCCCC,Pubchem,724.9459999999997,3,6,5,0.0,C46H52N4O4
CCCCN1C(=O)c2ccc3c4c(N5CCCCC5)cc5c6c(cc(N7CCCCC7)c(c7ccc(c2c37)C1=O)c64)C(=O)N(CCCC)C5=O,CCCC,Pubchem,668.8379999999997,1,4,3,0.0,C42H44N4O4
O=C(O)CCCCCCCCCCCN1C(=O)c2ccc3c4ccc5c6c(ccc(c7ccc(c2c37)C1=O)c64)C(=O)N(CCCCCCCCCCCC(=O)O)C5=O,CCCCCCCCCCCC(=O)O,Pubchem,786.9659999999998,10,14,13,0.0,C48H54N2O8
CCCOCN1C(=O)c2ccc3c4ccc5c6c(ccc(c7ccc(c2c37)C1=O)c64)C(=O)N(COCCC)C5=O,CCCOC,Pubchem,534.5680000000004,2,5,4,0.0,C32H26N2O6
CCCCCCCCCCCN1C(=O)c2ccc3c4ccc5c6c(ccc(c7ccc(c2c37)C1=O)c64)C(=O)N(CCCCCCCCCCC)C5=O,CCCCCCCCCCC,Pubchem,698.9479999999995,8,11,10,0.0,C46H54N2O4
CC(C)c1cccc(C(C)C)c1N1C(=O)c2ccc3c4ccc5c6c(cc(Oc7ccccc7)c(c7ccc(c2c37)C1=O)c64)C(=O)N(c1c(C(C)C)cccc1C(C)C)C5=O,CC(C)c1cccc(C(C)C)c1,Pubchem,802.9710000000001,2,12,12,1.5,C54H46N2O5
CC(C)c1cccc(C(C)C)c1N1C(=O)c2ccc3c4ccc5c6c(cc(Oc7ccc(C(C)(C)C)cc7)c(c7ccc(c2c37)C1=O)c64)C(=O)N(c1c(C(C)C)cccc1C(C)C)C5=O,CC(C)c1cccc(C(C)C)c1,Pubchem,859.079,2,12,12,1.5,C58H54N2O5
CC(C)c1cccc(C(C)C)c1N1C(=O)c2ccc3c4ccc5c6c(cc(Oc7ccc(C(C)(C)CC(C)(C)C)cc7)c(c7ccc(c2c37)C1=O)c64)C(=O)N(c1c(C(C)C)cccc1C(C)C)C5=O,CC(C)c1cccc(C(C)C)c1,Pubchem,915.1869999999998,2,12,12,1.5,C62H62N2O5
CCCCCCC(CCCCCC)N1C(=O)c2c(-c3cccs3)cc3c4cc(-c5cccs5)c5c6c(c(-c7cccs7)cc(c7cc(-c8cccs8)c(c2c37)C1=O)c64)C(=O)N(C(CCCCCC)CCCCCC)C5=O,CCCCCCCCCCCCC,Pubchem,1083.5639999999996,10,13,12,0.0,C66H70N2O4S4
CC(C)(C)N1C(=O)c2ccc3c4ccc5c6c(cc(-c7ccc(C=O)cc7)c(c7ccc(c2c37)C1=O)c64)C(=O)N(C(C)(C)C)C5=O,CC(C)C,Pubchem,606.6780000000003,0,4,3,0.0,C39H30N2O5
CC(C)(C)N1C(=O)c2ccc3c4c(-c5ccc(C=O)cc5)cc5c6c(ccc(c7c(-c8ccc(C=O)cc8)cc(c2c37)C1=O)c64)C(=O)N(C(C)(C)C)C5=O,CC(C)C,Pubchem,710.7860000000004,0,4,3,0.0,C46H34N2O6
O=C(O)CC(C(=O)O)N1C(=O)c2ccc3c4ccc5c6c(ccc(c7ccc(c2c37)C1=O)c64)C(=O)N(C(CC(=O)O)C(=O)O)C5=O,O=C(O)CCC(=O)O,Pubchem,622.4980000000004,3,8,7,0.0,C32H18N2O12
C#Cc1cc2c3c(ccc4c5c(C#C)cc6c7c(ccc(c1c34)c75)C(=O)N(C(CCCCC)CCCCC)C6=O)C(=O)N(C(CCCCC)CCCCC)C2=O,CCCCCCCCCCC,Pubchem,746.9919999999996,8,11,10,0.0,C50H54N2O4
CCCCCCCCCCCCN1C(=O)c2ccc3c4c(C#N)cc5c6c(ccc(c7c(C#N)cc(c2c37)C1=O)c64)C(=O)N(CCCCCCCCCCCC)C5=O,CCCCCCCCCCCC,Pubchem,777.0219999999994,9,12,11,0.0,C50H56N4O4
CCC(CC)N1C(=O)c2c(-c3ccc(C#N)cc3)cc3c4cc(-c5ccc(C#N)cc5)c5c6c(c(-c7ccc(C#N)cc7)cc(c7cc(-c8ccc(C#N)cc8)c(c2c37)C1=O)c64)C(=O)N(C(CC)CC)C5=O,CCCCC,Pubchem,935.0559999999997,2,5,4,0.0,C62H42N6O4
CCCCCCOC(=O)CCCN1C(=O)c2ccc3c4ccc5c6c(ccc(c7ccc(c2c37)C1=O)c64)C(=O)N(CCCC(=O)OCCCCCC)C5=O,CCCCCCOC(=O)CCC,Pubchem,730.8579999999997,7,12,11,0.0,C44H46N2O8
CCCCCCCCOC(=O)CCCN1C(=O)c2ccc3c4ccc5c6c(ccc(c7ccc(c2c37)C1=O)c64)C(=O)N(CCCC(=O)OCCCCCCCC)C5=O,CCCCCCCCOC(=O)CCC,Pubchem,786.9659999999994,9,14,13,0.0,C48H54N2O8
CCCCOC(=O)CCCN1C(=O)c2ccc3c4ccc5c6c(ccc(c7ccc(c2c37)C1=O)c64)C(=O)N(CCCC(=O)OCCCC)C5=O,CCCCOC(=O)CCC,Pubchem,674.7499999999999,5,10,9,0.0,C40H38N2O8
CCCCCCCCCCOC(=O)CCCN1C(=O)c2ccc3c4ccc5c6c(ccc(c7ccc(c2c37)C1=O)c64)C(=O)N(CCCC(=O)OCCCCCCCCCC)C5=O,CCCCCCCCCCOC(=O)CCC,Pubchem,843.0739999999994,11,16,15,0.0,C52H62N2O8
CCCCCCCCN1C(=O)c2ccc3c4c(-c5ccc(C#Cc6ccccc6)cc5)cc5c6c(cc(-c7ccc(C#Cc8ccccc8)cc7)c(c7ccc(c2c37)C1=O)c64)C(=O)N(CCCCCCCC)C5=O,CCCCCCCC,Pubchem,967.2219999999996,5,8,7,0.0,C68H58N2O4
O=C1c2ccc3c4c5cc6c7c(ccc(c8c(cc(c2c38)C(=O)N1C1CCCCC1)Oc1cccc(c1)OCCOCCOCCOc1cccc(c1)O5)c74)C(=O)N(C1CCCCC1)C6=O,C1CCCCC1,Pubchem,884.9820000000001,0,6,6,1.0,C54H48N2O10
O=C1c2ccc3c4c5cc6c7c(ccc(c8c(cc(c2c38)C(=O)N1C1CCCCC1)Oc1cccc(c1)OCCOCCOCCOCCOc1cccc(c1)O5)c74)C(=O)N(C1CCCCC1)C6=O,C1CCCCC1,Pubchem,929.035,0,6,6,1.0,C56H52N2O11
[N-]=[N+]=NCCOCCN1C(=O)c2ccc3c4ccc5c6c(ccc(c7ccc(c2c37)C1=O)c64)C(=O)N(CCOCCN=[N+]=[N-])C5=O,CCOCCN=[N+]=[N-],Pubchem,616.5939999999999,4,8,7,0.0,C32H24N8O6
Cc1cc(N2C(=O)c3ccc4c5ccc6c7c(ccc(c8ccc(c3c48)C2=O)c75)C(=O)N(c2cc(C)c(N)cc2C)C6=O)c(C)cc1N,Cc1ccc(C)c(N)c1,Pubchem,628.688,0,9,9,1.5,C40H28N4O4
C[NH+](C)CC(C)(C)CN1C(=O)c2ccc3c4ccc5c6c(ccc(c7ccc(c2c37)C1=O)c64)C(=O)N(CC(C)(C)C[NH+](C)C)C5=O,C[NH+](C)CC(C)(C)C,Pubchem,618.7780000000001,1,8,7,0.0,C38H42N4O4+2
O=C1c2ccc3c4ccc5c6c(ccc(c7ccc(c2c37)C(=O)N1CS)c64)C(=O)N(CS)C5=O,CS,Pubchem,482.5420000000002,0,2,1,0.0,C26H14N2O4S2
C=CCN1C(=O)c2ccc3c4c(-c5ccc(C(C)(C)C)cc5)cc5c6c(ccc(c7c(-c8ccc(C(C)(C)C)cc8)cc(c2c37)C1=O)c64)C(=O)N(CC=C)C5=O,C=CC,Pubchem,734.896,0,3,2,0.0,C50H42N2O4
Cc1cn(C2CC(O)C(CN3C(=O)c4ccc5c6ccc7c8c(ccc(c9ccc(c4c59)C3=O)c86)C(=O)N(CC3OC(n4cc(C)c(=O)[nH]c4=O)CC3O)C7=O)O2)c(=O)[nH]c1=O,Cc1cn(C2CC(O)C(C)O2)c(=O)[nH]c1=O,Pubchem,838.7860000000002,1,16,17,2.5,C44H34N6O12
CC(=O)SCCOCCOCCOCCN1C(=O)c2cc(Oc3ccccc3)c3c4c(Oc5ccccc5)cc5c6c(cc(Oc7ccccc7)c(c7c(Oc8ccccc8)cc(c2c37)C1=O)c64)C(=O)N(CCOCCOCCOCCSC(C)=O)C5=O,CCOCCOCCOCCSC(C)=O,Pubchem,1227.3759999999997,10,15,14,0.0,C68H62N2O16S2
O=C1c2cc(Oc3ccccc3)c3c4c(Oc5ccccc5)cc5c6c(cc(Oc7ccccc7)c(c7c(Oc8ccccc8)cc(c2c37)C(=O)N1CCOCCOCCOCCO)c64)C(=O)N(CCOCCOCCOCCO)C5=O,CCOCCOCCOCCO,Pubchem,1111.1659999999997,9,12,11,0.0,C64H58N2O16
O=C1c2ccc3c4ccc5c6c(ccc(c7ccc(c2c37)C(=O)N1c1ccc([S-])cc1)c64)C(=O)N(c1ccc([S-])cc1)C5=O,[S-]c1ccccc1,Pubchem,604.6680000000003,0,7,7,1.5,C36H16N2O4S2-2
CC[NH+](CC)CCN1C(=O)c2ccc3c4c(N5CCCCC5)cc5c6c(ccc(c7c(N8CCCCC8)cc(c2c37)C1=O)c64)C(=O)N(CC[NH+](CC)CC)C5=O,CC[NH+](CC)CC,Pubchem,756.9919999999994,3,7,6,0.0,C46H56N6O4+2
CCN(CC)CCN1C(=O)c2ccc3c4c(N5CCCCC5)cc5c6c(ccc(c7c(N8CCCCC8)cc(c2c37)C1=O)c64)C(=O)N(CCN(CC)CC)C5=O,CCN(CC)CC,Pubchem,754.9759999999993,3,7,6,0.0,C46H54N6O4
O=C([O-])CN1C(=O)c2ccc3c4ccc5c6c(ccc(c7ccc(c2c37)C1=O)c64)C(=O)N(CC(=O)[O-])C5=O,CC(=O)[O-],Pubchem,504.41000000000037,0,4,3,0.0,C28H12N2O8-2
CC(C)C(C(=O)[O-])N1C(=O)c2ccc3c4ccc5c6c(ccc(c7ccc(c2c37)C1=O)c64)C(=O)N(C(C(=O)[O-])C(C)C)C5=O,CC(C)CC(=O)[O-],Pubchem,588.5720000000002,2,7,6,0.0,C34H24N2O8-2
CC(C)C(C(=O)O)N1C(=O)c2ccc3c4ccc5c6c(ccc(c7ccc(c2c37)C1=O)c64)C(=O)N(C(C(=O)O)C(C)C)C5=O,CC(C)CC(=O)O,Pubchem,590.5880000000003,2,7,6,0.0,C34H26N2O8
CC(C)CC(C(=O)[O-])N1C(=O)c2ccc3c4ccc5c6c(ccc(c7ccc(c2c37)C1=O)c64)C(=O)N(C(CC(C)C)C(=O)[O-])C5=O,CC(C)CCC(=O)[O-],Pubchem,616.6260000000002,3,8,7,0.0,C36H28N2O8-2
CN(C)CCCCCCCCCCCCN1C(=O)c2ccc3c4ccc5c6c(ccc(c7ccc(c2c37)C1=O)c64)C(=O)N(CCCCCCCCCCCCN(C)C)C5=O,CCCCCCCCCCCCN(C)C,Pubchem,813.1399999999992,11,15,14,0.0,C52H68N4O4
Cc1ccc(N2C(=O)c3ccc4c5ccc6c7c(ccc(c8ccc(c3c48)C2=O)c75)C(=O)N(c2ccc(C)cc2C)C6=O)c(C)c1,Cc1cccc(C)c1,Pubchem,598.6580000000002,0,8,8,1.5,C40H26N2O4
CC(C)c1cccc(C(C)C)c1N1C(=O)c2ccc3c4c2c(ccc4c2c4ccccc4c4c5c(c6ccccc6c3c52)C(=O)N(c2c(C(C)C)cccc2C(C)C)C4=O)C1=O,CC(C)c1cccc(C(C)C)c1,Pubchem,810.994,2,12,12,1.5,C56H46N2O4
CC(C)c1cccc(C(C)C)c1N1C(=O)c2ccc3c4ccc5c6c(c7ccccc7c(c64)c4c6ccccc6c(c2c34)C1=O)C(=O)N(c1c(C(C)C)cccc1C(C)C)C5=O,CC(C)c1cccc(C(C)C)c1,Pubchem,810.994,2,12,12,1.5,C56H46N2O4
CCCCCCN1C(=O)c2ccc3c4c2c(ccc4c2c4ccccc4c4c5c(c6ccccc6c3c52)C(=O)N(CCCCCC)C4=O)C1=O,CCCCCC,Pubchem,658.7979999999999,3,6,5,0.0,C44H38N2O4
O=C1c2ccc3c4c2c(ccc4c2c4ccccc4c4c5c(c6ccccc6c3c52)C(=O)N(CCO)C4=O)C(=O)N1CCO,CCO,Pubchem,578.5800000000003,0,3,2,0.0,C36H22N2O6
O=C(O)C(Cc1ccc(O)c(O)c1)N1C(=O)c2ccc3c4ccc5c6c(ccc(c7ccc(c2c37)C1=O)c64)C(=O)N(C(Cc1ccc(O)c(O)c1)C(=O)O)C5=O,O=C(O)CCc1ccc(O)c(O)c1,Pubchem,750.6720000000005,3,13,13,1.5,C42H26N2O12
NCCCN1CCN(CCCN2C(=O)c3ccc4c5ccc6c7c(ccc(c8ccc(c3c48)C2=O)c75)C(=O)N(CCCN2CCN(CCCN)CC2)C6=O)CC1,CCCN1CCN(CCCN)CC1,Pubchem,756.9519999999993,5,13,13,1.0,C44H52N8O4
NCCN(CCN)CCN1C(=O)c2ccc3c4ccc5c6c(ccc(c7ccc(c2c37)C1=O)c64)C(=O)N(CCN(CCN)CCN)C5=O,CCN(CCN)CCN,Pubchem,648.7679999999998,5,9,8,0.0,C36H40N8O4
CCCCN1C(=O)c2ccc3c4c(Oc5ccc(OC)cc5)cc5c6c(ccc(c7c(Oc8ccc(OC)cc8)cc(c2c37)C1=O)c64)C(=O)N(CCCC)C5=O,CCCC,Pubchem,746.8160000000004,1,4,3,0.0,C46H38N2O8
CCCCN1C(=O)c2ccc3c4c(Oc5ccc(C(C)(C)C)cc5C(C)(C)C)cc5c6c(ccc(c7c(Oc8ccc(C(C)(C)C)cc8C(C)(C)C)cc(c2c37)C1=O)c64)C(=O)N(CCCC)C5=O,CCCC,Pubchem,911.1959999999998,1,4,3,0.0,C60H66N2O6
CCCCN1C(=O)c2ccc3c4c(N5CCCC5)cc5c6c(ccc(c7c(N8CCCC8)cc(c2c37)C1=O)c64)C(=O)N(CCCC)C5=O,CCCC,Pubchem,640.7839999999999,1,4,3,0.0,C40H40N4O4
O=C(O)C(Cc1ccccc1)N1C(=O)c2ccc3c4ccc5c6c(ccc(c7ccc(c2c37)C1=O)c64)C(=O)N(C(Cc1ccccc1)C(=O)O)C5=O,O=C(O)CCc1ccccc1,Pubchem,686.6760000000003,3,11,11,1.5,C42H26N2O8
O=C1c2ccc3c4ccc5c6c(ccc(c7ccc(c2c37)C(=O)N1c1ccc(OC2OC(CO)C(O)C(O)C2O)cc1)c64)C(=O)N(c1ccc(OC2OC(CO)C(O)C(O)C2O)cc1)C5=O,OCC1OC(Oc2ccccc2)C(O)C(O)C1O,Pubchem,898.8300000000008,3,18,19,2.5,C48H38N2O16
CC(C)c1cccc(C(C)C)c1N1C(=O)c2ccc3c4c(-c5ccc(C#N)cc5)cc5c6c(ccc(c7c(-c8ccc(C#N)cc8)cc(c2c37)C1=O)c64)C(=O)N(c1c(C(C)C)cccc1C(C)C)C5=O,CC(C)c1cccc(C(C)C)c1,Pubchem,913.0899999999998,2,12,12,1.5,C62H48N4O4
CC(C)c1cccc(C(C)C)c1N1C(=O)c2ccc3c4c(-c5cccc(C#N)c5)cc5c6c(ccc(c7c(-c8cccc(C#N)c8)cc(c2c37)C1=O)c64)C(=O)N(c1c(C(C)C)cccc1C(C)C)C5=O,CC(C)c1cccc(C(C)C)c1,Pubchem,913.0899999999998,2,12,12,1.5,C62H48N4O4
CCCCCCCCN1C(=O)c2cc(-c3ccccc3)c3c4c(-c5ccccc5)cc5c6c(cc(-c7ccccc7)c(c7c(-c8ccccc8)cc(c2c37)C1=O)c64)C(=O)N(CCCCCCCC)C5=O,CCCCCCCC,Pubchem,919.1779999999998,5,8,7,0.0,C64H58N2O4
CCCCCCCCN1C(=O)c2ccc3c4c(-c5cccc(C#N)c5)cc5c6c(ccc(c7c(-c8cccc(C#N)c8)cc(c2c37)C1=O)c64)C(=O)N(CCCCCCCC)C5=O,CCCCCCCC,Pubchem,817.0019999999998,5,8,7,0.0,C54H48N4O4
CCCCCCSc1cc2c3c(ccc4c5c(SCCCCCC)cc6c7c(ccc(c1c34)c75)C(=O)NC6=O)C(=O)NC2=O,H,Pubchem,622.8120000000004,0,0,0,0.0,C36H34N2O4S2
CC(C)CCCC(C)CCN1C(=O)c2ccc3c4c(C#N)cc5c6c(ccc(c7c(C#N)cc(c2c37)C1=O)c64)C(=O)N(CCC(C)CCCC(C)C)C5=O,CCC(C)CCCC(C)C,Pubchem,720.9139999999998,5,10,9,0.0,C46H48N4O4
CN(C)C(Cc1ccccc1)CN1C(=O)c2ccc3c4ccc5c6c(ccc(c7ccc(c2c37)C1=O)c64)C(=O)N(CC(Cc1ccccc1)N(C)C)C5=O,CC(Cc1ccccc1)N(C)C,Pubchem,712.85,3,12,12,1.5,C46H40N4O4
C[N+](C)(C)C(Cc1ccccc1)CN1C(=O)c2ccc3c4ccc5c6c(ccc(c7ccc(c2c37)C1=O)c64)C(=O)N(CC(Cc1ccccc1)[N+](C)(C)C)C5=O,CC(Cc1ccccc1)[N+](C)(C)C,Pubchem,742.92,3,13,13,1.5,C48H46N4O4+2
O=C(O)CCN1C(=O)c2ccc3c4ccc5c6c(ccc(c7ccc(c2c37)C1=O)c64)C(=O)N(CCC(=O)O)C5=O,CCC(=O)O,Pubchem,534.4800000000005,1,5,4,0.0,C30H18N2O8
NCCCCCCCCCCCCN1C(=O)c2ccc3c4ccc5c6c(ccc(c7ccc(c2c37)C1=O)c64)C(=O)N(CCCCCCCCCCCCN)C5=O,CCCCCCCCCCCCN,Pubchem,757.0319999999996,10,13,12,0.0,C48H60N4O4
CN(C)CCCOc1cc2c3c(ccc4c5c(OCCCN(C)C)cc6c7c(ccc(c1c34)c75)C(=O)N(CCCN(C)C)C6=O)C(=O)N(CCCN(C)C)C2=O,CCCN(C)C,Pubchem,762.9519999999998,2,6,5,0.0,C44H54N6O6
NCCNC(=O)CCN(CCC(=O)NCCN)CCN1C(=O)c2ccc3c4ccc5c6c(ccc(c7ccc(c2c37)C1=O)c64)C(=O)N(CCN(CCC(=O)NCCN)CCC(=O)NCCN)C5=O,CCN(CCC(=O)NCCN)CCC(=O)NCCN,Pubchem,933.0839999999992,11,19,18,0.0,C48H60N12O8
CC(C)N1C(=O)c2cc(Oc3ccc(C(C)(C)C)cc3)c3c4c(Oc5ccc(C(C)(C)C)cc5)cc5c6c(cc(Oc7ccc(C(C)(C)C)cc7)c(c7c(Oc8ccc(C(C)(C)C)cc8)cc(c2c37)C1=O)c64)C(=O)N(C(C)C)C5=O,CCC,Pubchem,1067.3359999999993,0,3,2,0.0,C70H70N2O8
CCCCC#Cc1cc2c3c(ccc4c5c(C#CCCCC)cc6c7c(ccc(c1c34)c75)C(=O)N(C(CC)CC)C6=O)C(=O)N(C(CC)CC)C2=O,CCCCC,Pubchem,690.8840000000002,2,5,4,0.0,C46H46N2O4
CCCCCCc1cc2c3c(ccc4c5c(CCCCCC)cc6c7c(ccc(c1c34)c75)C(=O)N(C(CC)CC)C6=O)C(=O)N(C(CC)CC)C2=O,CCCCC,Pubchem,698.9480000000003,2,5,4,0.0,C46H54N2O4
CCCCCCc1cc2c3c(cc(CCCCCC)c4c5ccc6c7c(ccc(c1c34)c75)C(=O)N(C(CC)CC)C6=O)C(=O)N(C(CC)CC)C2=O,CCCCC,Pubchem,698.9479999999999,2,5,4,0.0,C46H54N2O4
CC(C)c1cccc(C(C)C)c1N1C(=O)c2ccc3c4ccc5c6c(cc(-c7ccc8cc9ccccc9cc8c7)c(c7ccc(c2c37)C1=O)c64)C(=O)N(c1c(C(C)C)cccc1C(C)C)C5=O,CC(C)c1cccc(C(C)C)c1,Pubchem,887.092,2,12,12,1.5,C62H50N2O4
CCOCCN1C(=O)c2ccc3c4ccc5c6c(ccc(c7ccc(c2c37)C1=O)c64)C(=O)N(CCOCC)C5=O,CCOCC,Pubchem,534.5680000000004,2,5,4,0.0,C32H26N2O6
CC(CN1C(=O)c2ccc3c4ccc5c6c(ccc(c7ccc(c2c37)C1=O)c64)C(=O)N(CC(C)c1ccccc1)C5=O)c1ccccc1,CC(C)c1ccccc1,Pubchem,626.7120000000003,1,9,9,1.5,C42H30N2O4
CC(C)(C)OC(=O)NCCCCN1C(=O)c2ccc3c4ccc5c6c(ccc(c7ccc(c2c37)C1=O)c64)C(=O)N(CCCCNC(=O)OC(C)(C)C)C5=O,CCCCNC(=O)OC(C)(C)C,Pubchem,732.8339999999998,3,12,11,0.0,C42H44N4O8
COC(=O)CN(CCCCN1C(=O)c2ccc3c4ccc5c6c(ccc(c7ccc(c2c37)C1=O)c64)C(=O)N(CCCCN(CC(=O)OC)CC(=O)OC)C5=O)CC(=O)OC,CCCCN(CC(=O)OC)CC(=O)OC,Pubchem,820.8519999999997,7,15,14,0.0,C44H44N4O12
CC(C)(C)c1ccc(Oc2cc3c4c(cc(Oc5ccc(C(C)(C)C)cc5)c5c6c(Oc7ccc(C(C)(C)C)cc7)cc7c8c(cc(Oc9ccc(C(C)(C)C)cc9)c(c2c45)c86)C(=O)N(CCO)C7=O)C(=O)N(CCO)C3=O)cc1,CCO,Pubchem,1071.2799999999993,0,3,2,0.0,C68H66N2O10
O=C(O)C(C(=O)O)N1C(=O)c2ccc3c4ccc5c6c(ccc(c7ccc(c2c37)C1=O)c64)C(=O)N(C(C(=O)O)C(=O)O)C5=O,O=C(O)CC(=O)O,Pubchem,594.4440000000004,2,7,6,0.0,C30H14N2O12
CCCC#Cc1cc2c3c(ccc4c5c(C#CCCC)cc6c7c(ccc(c1c34)c75)C(=O)N(CCCCCCCC)C6=O)C(=O)N(CCCCCCCC)C2=O,CCCCCCCC,Pubchem,746.9919999999996,5,8,7,0.0,C50H54N2O4
CCCCOc1ccc(Oc2cc3c4c(cc(Oc5ccc(OCCCC)cc5)c5c6c(Oc7ccc(OCCCC)cc7)cc7c8c(cc(Oc9ccc(OCCCC)cc9)c(c2c45)c86)C(=O)N(CCC)C7=O)C(=O)N(CCC)C3=O)cc1,CCC,Pubchem,1131.3319999999997,0,3,2,0.0,C70H70N2O12
O=C1c2ccc3c4c([N+](=O)[O-])cc5c6c(ccc(c7c([N+](=O)[O-])cc(c2c37)C(=O)N1C1CCCCC1)c64)C(=O)N(C1CCCCC1)C5=O,C1CCCCC1,Pubchem,644.6400000000004,0,6,6,1.0,C36H28N4O8
CCCCCCCCN1C(=O)c2ccc3c4c([N+](=O)[O-])cc5c6c(ccc(c7c([N+](=O)[O-])cc(c2c37)C1=O)c64)C(=O)N(CCCCCCCC)C5=O,CCCCCCCC,Pubchem,704.7800000000001,5,8,7,0.0,C40H40N4O8
Nc1ccc(N2C(=O)c3ccc4c5c(-c6ccc([N+](=O)[O-])cc6)cc6c7c(ccc(c8c(-c9ccc([N+](=O)[O-])cc9)cc(c3c48)C2=O)c75)C(=O)N(c2ccc(N)cc2)C6=O)cc1,Nc1ccccc1,Pubchem,814.7699999999999,0,7,7,1.5,C48H26N6O8
CCCCOCCOCCOCCCN1C(=O)c2ccc3c4ccc5c6c(ccc(c7ccc(c2c37)C1=O)c64)C(=O)N(CCCOCCOCCOCCCC)C5=O,CCCCOCCOCCOCCC,Pubchem,794.9419999999996,11,14,13,0.0,C46H54N2O10
COCCOCCOCCOCCCN1C(=O)c2ccc3c4ccc5c6c(ccc(c7ccc(c2c37)C1=O)c64)C(=O)N(CCCOCCOCCOCCOC)C5=O,CCCOCCOCCOCCOC,Pubchem,798.8859999999996,11,14,13,0.0,C44H50N2O12
COCCOCCOCCCN1C(=O)c2ccc3c4ccc5c6c(ccc(c7ccc(c2c37)C1=O)c64)C(=O)N(CCCOCCOCCOC)C5=O,CCCOCCOCCOC,Pubchem,710.7799999999999,8,11,10,0.0,C40H42N2O10
CC(C)c1cc(-c2ccc(C=O)cc2)cc(C(C)C)c1N1C(=O)c2ccc3c4ccc5c6c(ccc(c7ccc(c2c37)C1=O)c64)C(=O)N(c1c(C(C)C)cc(-c2ccc(C=O)cc2)cc1C(C)C)C5=O,CC(C)c1cc(-c2ccc(C=O)cc2)cc(C(C)C)c1,Pubchem,919.09,4,20,21,3.0,C62H50N2O6
CC(C)c1cc(-c2ccncc2)cc(C(C)C)c1N1C(=O)c2ccc3c4ccc5c6c(ccc(c7ccc(c2c37)C1=O)c64)C(=O)N(c1c(C(C)C)cc(-c2ccncc2)cc1C(C)C)C5=O,CC(C)c1cc(-c2ccncc2)cc(C(C)C)c1,Pubchem,865.0459999999999,3,18,19,3.0,C58H48N4O4
CCCCN1C(=O)c2ccc3c4c(Oc5ccc(C(C)(C)C)cc5)cc5c6c(ccc(c7c(Oc8ccc(C(C)(C)C)cc8)cc(c2c37)C1=O)c64)C(=O)N(CCCC)C5=O,CCCC,Pubchem,798.9800000000001,1,4,3,0.0,C52H50N2O6
C=Cc1ccc(COC(=O)C(CC(C)C)N2C(=O)c3ccc4c5ccc6c7c(ccc(c8ccc(c3c48)C2=O)c75)C(=O)N(C(CC(C)C)C(=O)OCc2ccc(C=C)cc2)C6=O)cc1,C=Cc1ccc(COC(=O)CCC(C)C)cc1,Pubchem,850.968,6,17,17,1.5,C54H46N2O8
C#Cc1cc2c3c(ccc4c5c(OCC)cc6c7c(ccc(c1c34)c75)C(=O)N(C(C)C)C6=O)C(=O)N(C(C)C)C2=O,CCC,Pubchem,542.5910000000002,0,3,2,0.0,C34H26N2O5
CCCCC(CC)CN1C(=O)c2ccc3c4c(OCCOC)cc5c6c(ccc(c7c(OCCOC)cc(c2c37)C1=O)c64)C(=O)N(CC(CC)CCCC)C5=O,CCCCC(C)CC,Pubchem,762.9439999999997,4,8,7,0.0,C46H54N2O8
CCCCC(CC)CN1C(=O)c2ccc3c4c(OCCOC)cc5c6c(cc(OCCOC)c(c7ccc(c2c37)C1=O)c64)C(=O)N(CC(CC)CCCC)C5=O,CCCCC(C)CC,Pubchem,762.9439999999998,4,8,7,0.0,C46H54N2O8
CCCCCCCCN1C(=O)c2ccc3c4c(Oc5ccc(C(C)(C)C)cc5)cc5c6c(ccc(c7c(Oc8ccc(C(C)(C)C)cc8)cc(c2c37)C1=O)c64)C(=O)N(CCCCCCCC)C5=O,CCCCCCCC,Pubchem,911.1959999999998,5,8,7,0.0,C60H66N2O6
O=C1c2ccc3c4c([N+](=O)[O-])cc5c6c(cc([N+](=O)[O-])c(c7ccc(c2c37)C(=O)N1C1CCCCC1)c64)C(=O)N(C1CCCCC1)C5=O,C1CCCCC1,Pubchem,644.6400000000004,0,6,6,1.0,C36H28N4O8
CC(C)(CNC(=O)c1ccccc1)CN1C(=O)c2ccc3c4ccc5c6c(ccc(c7ccc(c2c37)C1=O)c64)C(=O)N(CC(C)(C)CNC(=O)c1ccccc1)C5=O,CC(C)(C)CNC(=O)c1ccccc1,Pubchem,768.87,2,14,14,1.5,C48H40N4O6
O=C(O)c1cc(C(=O)O)cc(N2C(=O)c3ccc4c5c(N6CCCC6)cc6c7c(ccc(c8c(N9CCCC9)cc(c3c48)C2=O)c75)C(=O)N(c2cc(C(=O)O)cc(C(=O)O)c2)C6=O)c1,O=C(O)c1cccc(C(=O)O)c1,Pubchem,856.8000000000001,2,12,12,1.5,C48H32N4O12
COc1cc(C#Cc2cc3c4c(ccc5c6ccc7c8c(ccc(c2c45)c86)C(=O)N(C(C(C)C)C(C)C)C7=O)C(=O)N(C(C(C)C)C(C)C)C3=O)cc(OC)c1,CC(C)CC(C)C,Pubchem,746.9040000000001,2,7,6,0.0,C48H46N2O6
CC(C)C(C(C)C)N1C(=O)c2ccc3c4ccc5c6c(cc(C#Cc7ccc(N(C)C)cc7)c(c7ccc(c2c37)C1=O)c64)C(=O)N(C(C(C)C)C(C)C)C5=O,CC(C)CC(C)C,Pubchem,729.921,2,7,6,0.0,C48H47N3O4
C[N+](C)(C)CCCCN1C(=O)c2ccc3c4ccc5c6c(ccc(c7ccc(c2c37)C1=O)c64)C(=O)N(CCCC[N+](C)(C)C)C5=O,CCCC[N+](C)(C)C,Pubchem,618.778,3,8,7,0.0,C38H42N4O4+2
C[N+](C)(C)CCCCCCN1C(=O)c2ccc3c4ccc5c6c(ccc(c7ccc(c2c37)C1=O)c64)C(=O)N(CCCCCC[N+](C)(C)C)C5=O,CCCCCC[N+](C)(C)C,Pubchem,674.8859999999997,5,10,9,0.0,C42H50N4O4+2
NCCCCCCN1C(=O)c2ccc3c4c(OCCCN)cc5c6c(ccc(c7c(OCCCN)cc(c2c37)C1=O)c64)C(=O)N(CCCCCCN)C5=O,CCCCCCN,Pubchem,734.8979999999997,4,7,6,0.0,C42H50N6O6
CC(C)(C)c1cc(Oc2cc3c4c(ccc5c6c(Oc7cc(C(C)(C)C)cc(C(C)(C)C)c7)cc7c8c(ccc(c2c45)c86)C(=O)N(c2ccncc2)C7=O)C(=O)N(c2ccncc2)C3=O)cc(C(C)(C)C)c1,c1ccncc1,Pubchem,953.1519999999996,0,6,6,1.5,C62H56N4O6
CCCCCCCC(CCCCCC)CN1C(=O)c2ccc3c4ccc5c6c(ccc(c7ccc(c2c37)C1=O)c64)C(=O)N(CC(CCCCCC)CCCCCCC)C5=O,CCCCCCCC(C)CCCCCC,Pubchem,811.1639999999993,11,15,14,0.0,C54H70N2O4
CCCCCCCCc1cc2c3c(ccc4c5ccc6c7c(ccc(c1c34)c75)C(=O)N(c1c(C(C)C)cccc1C(C)C)C6=O)C(=O)N(c1c(C(C)C)cccc1C(C)C)C2=O,CC(C)c1cccc(C(C)C)c1,Pubchem,823.09,2,12,12,1.5,C56H58N2O4
CCCCCCCCCCCCc1cc2c3c(ccc4c5ccc6c7c(ccc(c1c34)c75)C(=O)N(c1c(C(C)C)cccc1C(C)C)C6=O)C(=O)N(c1c(C(C)C)cccc1C(C)C)C2=O,CC(C)c1cccc(C(C)C)c1,Pubchem,879.198,2,12,12,1.5,C60H66N2O4
CCCCCCCC(CCCCCC)CN1C(=O)c2ccc3c4ccc5c6c(cc(CCCCCC)c(c7ccc(c2c37)C1=O)c64)C(=O)N(CC(CCCCCC)CCCCCCC)C5=O,CCCCCCCC(C)CCCCCC,Pubchem,895.3259999999989,11,15,14,0.0,C60H82N2O4
CCCCOCCOCCOCCc1cc2c3c(ccc4c5ccc6c7c(ccc(c1c34)c75)C(=O)N(c1c(C(C)C)cccc1C(C)C)C6=O)C(=O)N(c1c(C(C)C)cccc1C(C)C)C2=O,CC(C)c1cccc(C(C)C)c1,Pubchem,899.1409999999998,2,12,12,1.5,C58H62N2O7
CCC(CC)N1C(=O)c2c(-c3ccc(OC)cc3)cc3c4cc(-c5ccc(OC)cc5)c5c6c(c(-c7ccc(OC)cc7)cc(c7cc(-c8ccc(OC)cc8)c(c2c37)C1=O)c64)C(=O)N(C(CC)CC)C5=O,CCCCC,Pubchem,955.12,2,5,4,0.0,C62H54N2O8
CCC(CC)N1C(=O)c2c(-c3ccc(C)cc3)cc3c4cc(-c5ccc(C)cc5)c5c6c(c(-c7ccc(C)cc7)cc(c7cc(-c8ccc(C)cc8)c(c2c37)C1=O)c64)C(=O)N(C(CC)CC)C5=O,CCCCC,Pubchem,891.1239999999999,2,5,4,0.0,C62H54N2O4
CCC(CC)N1C(=O)c2c(-c3ccc(N(C)C)cc3)cc3c4cc(-c5ccc(N(C)C)cc5)c5c6c(c(-c7ccc(N(C)C)cc7)cc(c7cc(-c8ccc(N(C)C)cc8)c(c2c37)C1=O)c64)C(=O)N(C(CC)CC)C5=O,CCCCC,Pubchem,1007.2919999999996,2,5,4,0.0,C66H66N6O4
O=C1c2ccc3c4ccc5c6c(ccc(c7ccc(c2c37)C(=O)N1c1ccc(S(=O)(=O)[O-])cc1)c64)C(=O)N(c1ccc(S(=O)(=O)[O-])cc1)C5=O,O=S(=O)([O-])c1ccccc1,Pubchem,700.6620000000005,1,10,10,1.5,C36H16N2O10S2-2
O=C1c2ccc3c4ccc5c6c(ccc(c7ccc(c2c37)C(=O)N1N1CCCCC1)c64)C(=O)N(N1CCCCC1)C5=O,C1CCNCC1,Pubchem,556.6220000000003,0,6,6,1.0,C34H28N4O4
CCCCCCCCOCCCN1C(=O)c2ccc3c4ccc5c6c(ccc(c7ccc(c2c37)C1=O)c64)C(=O)N(CCCOCCCCCCCC)C5=O,CCCCCCCCOCCC,Pubchem,730.9459999999996,9,12,11,0.0,C46H54N2O6
CC(C)c1cccc(C(C)C)c1N1C(=O)c2ccc3c4c(-c5ccco5)cc5c6c(ccc(c7c(-c8ccco8)cc(c2c37)C1=O)c64)C(=O)N(c1c(C(C)C)cccc1C(C)C)C5=O,CC(C)c1cccc(C(C)C)c1,Pubchem,842.9920000000001,2,12,12,1.5,C56H46N2O6
CC(C)c1cccc(C(C)C)c1N1C(=O)c2ccc3c4ccc5c6c(cc(-c7ccco7)c(c7ccc(c2c37)C1=O)c64)C(=O)N(c1c(C(C)C)cccc1C(C)C)C5=O,CC(C)c1cccc(C(C)C)c1,Pubchem,776.9330000000001,2,12,12,1.5,C52H44N2O5
C[NH+](C)CCCN1C(=O)c2ccc3c4ccc5c6c(ccc(c7ccc(c2c37)C1=O)c64)C(=O)N(CCC[NH+](C)C)C5=O,CCC[NH+](C)C,Pubchem,562.6700000000003,2,6,5,0.0,C34H34N4O4+2
O=C1c2ccc3c4ccc5c6c(ccc(c7ccc(c2c37)C(=O)N1CCCn1ccnc1)c64)C(=O)N(CCCn1ccnc1)C5=O,CCCn1ccnc1,Pubchem,606.6420000000002,2,8,8,1.5,C36H26N6O4
O=C1c2ccc3c4ccc5c6c(ccc(c7ccc(c2c37)C(=O)N1CCc1ccsc1)c64)C(=O)N(CCc1ccsc1)C5=O,CCc1ccsc1,Pubchem,610.7160000000002,1,7,7,1.5,C36H22N2O4S2
CCCCCCCCN1C(=O)c2ccc3c4ccc5c6c(cc(Oc7ccc(C8C=CC=C8)cc7)c(c7ccc(c2c37)C1=O)c64)C(=O)N(CCCCCCCC)C5=O,CCCCCCCC,Pubchem,770.97,5,8,7,0.0,C51H50N2O5
CCCCCCCCN1C(=O)c2ccc3c4c(Oc5ccc(C)cc5)cc5c6c(ccc(c7c(Oc8ccc(C)cc8)cc(c2c37)C1=O)c64)C(=O)N(CCCCCCCC)C5=O,CCCCCCCC,Pubchem,827.034,5,8,7,0.0,C54H54N2O6
CCCCCCCCN1C(=O)c2ccc3c4ccc5c6c(cc(Oc7ccc(C)cc7)c(c7ccc(c2c37)C1=O)c64)C(=O)N(CCCCCCCC)C5=O,CCCCCCCC,Pubchem,720.91,5,8,7,0.0,C47H48N2O5
Cc1c(C)c(N2C(=O)c3ccc4c5ccc6c7c(ccc(c8ccc(c3c48)C2=O)c75)C(=O)N(c2c(C)c(C)c(N=Cc3cccs3)c(C)c2C)C6=O)c(C)c(C)c1N=Cc1cccs1,Cc1cc(C)c(C)c(N=Cc2cccs2)c1C,Pubchem,873.0719999999999,2,17,18,3.0,C54H40N4O4S2
CCCCCCCCN1C(=O)c2ccc3c4c(N5CCCC5)cc5c6c(ccc(c7c(N8CCCC8)cc(c2c37)C1=O)c64)C(=O)N(CCCCCCCC)C5=O,CCCCCCCC,Pubchem,752.9999999999994,5,8,7,0.0,C48H56N4O4
O=C1c2ccc3c4ccc5c6c(ccc(c7ccc(c2c37)C(=O)N1c1ccc(Oc2ccccc2)cc1)c64)C(=O)N(c1ccc(Oc2ccccc2)cc1)C5=O,c1ccc(Oc2ccccc2)cc1,Pubchem,726.7440000000003,2,13,14,3.0,C48H26N2O6
CCCCCCCCN1C(=O)c2ccc3c4c(N5CCCCC5)cc5c6c(ccc(c7c(N8CCCCC8)cc(c2c37)C1=O)c64)C(=O)N(CCCCCCCC)C5=O,CCCCCCCC,Pubchem,781.0539999999993,5,8,7,0.0,C50H60N4O4
Cc1ccccc1Oc1cc2c3c(ccc4c5c(Oc6ccccc6C)cc6c7c(ccc(c1c34)c75)C(=O)N(C1CCCCC1)C6=O)C(=O)N(C1CCCCC1)C2=O,C1CCCCC1,Pubchem,766.8939999999998,0,6,6,1.0,C50H42N2O6
Cc1cccc(C)c1Oc1cc2c3c(ccc4c5c(Oc6c(C)cccc6C)cc6c7c(ccc(c1c34)c75)C(=O)N(C1CCCCC1)C6=O)C(=O)N(C1CCCCC1)C2=O,C1CCCCC1,Pubchem,794.9479999999998,0,6,6,1.0,C52H46N2O6
Cc1cc(-c2ccc(N3C(=O)c4ccc5c6ccc7c8c(ccc(c9ccc(c4c59)C3=O)c86)C(=O)N(c3ccc(-c4ccc(N)c(C)c4)cc3C)C7=O)c(C)c2)ccc1N,Cc1cccc(-c2ccc(N)c(C)c2)c1,Pubchem,780.8839999999998,1,15,16,3.0,C52H36N4O4
CCCCC#Cc1cc2c3c(ccc4c5c(C#CCCCC)cc6c7c(ccc(c1c34)c75)C(=O)N(C1CCCCC1)C6=O)C(=O)N(C1CCCCC1)C2=O,C1CCCCC1,Pubchem,714.9060000000002,0,6,6,1.0,C48H46N2O4
CCCCN1C(=O)c2cc(-c3ccccc3)c3c4c(-c5ccccc5)cc5c6c(cc(-c7ccccc7)c(c7c(-c8ccccc8)cc(c2c37)C1=O)c64)C(=O)N(CCCC)C5=O,CCCC,Pubchem,806.962,1,4,3,0.0,C56H42N2O4
CCCCCCCCN1C(=O)c2ccc3c4ccc5c6c(cc(C#N)c(c7c(C#N)cc(c2c37)C1=O)c64)C(=O)N(CCCCCCCC)C5=O,CCCCCCCC,Pubchem,664.8059999999999,5,8,7,0.0,C42H40N4O4
O=C1c2ccc3c4ccc5c6c(ccc(c7ccc(c2c37)C(=O)N1CC1C=CC=C1)c64)C(=O)N(CC1C=CC=C1)C5=O,CC1C=CC=C1,Pubchem,546.5820000000003,0,6,6,1.0,C36H22N2O4
O=C(Oc1ccc(N2C(=O)c3ccc4c5ccc6c7c(ccc(c8ccc(c3c48)C2=O)c75)C(=O)N(c2ccc(OC(=O)C3C=CC=C3)cc2)C6=O)cc1)C1C=CC=C1,O=C(Oc1ccccc1)C1C=CC=C1,Pubchem,758.7420000000003,2,14,15,2.5,C48H26N2O8
O=C(OCCCCCCN1C(=O)c2ccc3c4ccc5c6c(ccc(c7ccc(c2c37)C1=O)c64)C(=O)N(CCCCCCOC(=O)C1C=CC=C1)C5=O)C1C=CC=C1,CCCCCCOC(=O)C1C=CC=C1,Pubchem,774.8699999999999,6,14,14,1.0,C48H42N2O8
COCN1C(=O)c2ccc3c4ccc5c6c(ccc(c7ccc(c2c37)C1=O)c64)C(=O)N(COC)C5=O,COC,Pubchem,478.4600000000003,0,3,2,0.0,C28H18N2O6
C=CCCCCCCCCCOC(=O)C(C)N1C(=O)c2ccc3c4ccc5c6c(ccc(c7ccc(c2c37)C1=O)c64)C(=O)N(C(C)C(=O)OCCCCCCCCCC=C)C5=O,C=CCCCCCCCCCOC(=O)CC,Pubchem,839.0419999999995,11,16,15,0.0,C52H58N2O8
NCCCn1cc[n+](CCCN2C(=O)c3ccc4c5ccc6c7c(ccc(c8ccc(c3c48)C2=O)c75)C(=O)N(CCC[n+]2ccn(CCCN)c2)C6=O)c1,CCC[n+]1ccn(CCCN)c1,Pubchem,722.8499999999997,5,12,12,1.5,C42H42N8O4+2
CCCCN1C(=O)c2ccc3c4c(C(S)=CS)cc5c6c(ccc(c7c(C(S)=CS)cc(c2c37)C1=O)c64)C(=O)N(CCCC)C5=O,CCCC,Pubchem,682.9140000000004,1,4,3,0.0,C36H30N2O4S4
CCCCN1C(=O)c2ccc3c4c(C#CC5C=CC=C5)cc5c6c(ccc(c7c(C#CC8C=CC=C8)cc(c2c37)C1=O)c64)C(=O)N(CCCC)C5=O,CCCC,Pubchem,678.7880000000004,1,4,3,0.0,C46H34N2O4
CCCCN1C(=O)c2ccc3c4c(C5C=CC=C5)cc5c6c(cc(C7C=CC=C7)c(c7ccc(c2c37)C1=O)c64)C(=O)N(CCCC)C5=O,CCCC,Pubchem,630.7440000000003,1,4,3,0.0,C42H34N2O4
CCCCN1C(=O)c2ccc3c4c(C5C=CC=C5)cc5c6c(ccc(c7c(C8C=CC=C8)cc(c2c37)C1=O)c64)C(=O)N(CCCC)C5=O,CCCC,Pubchem,630.7440000000004,1,4,3,0.0,C42H34N2O4
CCC(CC)N1C(=O)c2ccc3c4ccc5c6c(cc(C#Cc7ccc8c(c7)c7ccccc7n8CC)c(c7ccc(c2c37)C1=O)c64)C(=O)N(C(CC)CC)C5=O,CCCCC,Pubchem,747.8950000000001,2,5,4,0.0,C50H41N3O4
CC(C)(C)c1ccc(Oc2cc3c4c(cc(Oc5ccc(C(C)(C)C)cc5)c5c6c(Oc7ccc(C(C)(C)C)cc7)cc7c8c(cc(Oc9ccc(C(C)(C)C)cc9)c(c2c45)c86)C(=O)N(CCCO)C7=O)C(=O)N(CCCO)C3=O)cc1,CCCO,Pubchem,1099.3339999999992,1,4,3,0.0,C70H70N2O10
CCCCN1C(=O)c2ccc3c4ccc5c6c(cc(-c7ccc(C(=C(c8ccccc8)c8ccccc8)c8ccccc8)cc7)c(c7ccc(c2c37)C1=O)c64)C(=O)N(CCCC)C5=O,CCCC,Pubchem,833.0000000000003,1,4,3,0.0,C58H44N2O4
CCCCCCN1C(=O)c2ccc3c4ccc5c6c(c7nc(-c8ccccc8)[nH]c7c(c7ccc(c2c37)C1=O)c64)C(=O)N(CCCCCC)C5=O,CCCCCC,Pubchem,674.8010000000004,3,6,5,0.0,C43H38N4O4
O=C1c2ccc3c4ccc5c6c(ccc(c7ccc(c2c37)C(=O)N1CCCS(=O)(=O)[O-])c64)C(=O)N(CCCS(=O)(=O)[O-])C5=O,CCCS(=O)(=O)[O-],Pubchem,632.6280000000003,2,7,6,0.0,C30H20N2O10S2-2
O=C(CN1C(=O)c2ccc3c4ccc5c6c(ccc(c7ccc(c2c37)C1=O)c64)C(=O)N(CC(=O)NC(Cc1ccc(O)cc1)C(=O)O)C5=O)NC(Cc1ccc(O)cc1)C(=O)O,CC(=O)NC(Cc1ccc(O)cc1)C(=O)O,Pubchem,832.7780000000002,4,16,16,1.5,C46H32N4O12
O=C(O)CC(NC(=O)CN1C(=O)c2ccc3c4ccc5c6c(ccc(c7ccc(c2c37)C1=O)c64)C(=O)N(CC(=O)NC(CC(=O)O)C(=O)O)C5=O)C(=O)O,CC(=O)NC(CC(=O)O)C(=O)O,Pubchem,736.6020000000002,4,12,11,0.0,C36H24N4O14
CCCC(CC)CN1C(=O)c2ccc3c4c(-c5cc(C(C)(C)C)cc(C(C)(C)C)c5)cc5c6c(ccc(c7c(-c8cc(C(C)(C)C)cc(C(C)(C)C)c8)cc(c2c37)C1=O)c64)C(=O)N(CC(CC)CCC)C5=O,CCCC(C)CC,Pubchem,963.3599999999994,3,7,6,0.0,C66H78N2O4
C[N+](C)(CCO)CCN1C(=O)c2ccc3c4ccc5c6c(ccc(c7ccc(c2c37)C1=O)c64)C(=O)N(CC[N+](C)(C)CCO)C5=O,CC[N+](C)(C)CCO,Pubchem,622.7220000000002,3,8,7,0.0,C36H38N4O6+2
CC(C)(C)OC(=O)CN1C(=O)c2ccc3c4c(-c5cccs5)cc5c6c(ccc(c7c(-c8cccs8)cc(c2c37)C1=O)c64)C(=O)N(CC(=O)OC(C)(C)C)C5=O,CC(=O)OC(C)(C)C,Pubchem,782.8960000000002,0,8,7,0.0,C44H34N2O8S2
CC(C)(C)OC(=O)CN1C(=O)c2ccc3c4c(-c5ccc(-c6cccs6)s5)cc5c6c(ccc(c7c(-c8ccc(-c9cccs9)s8)cc(c2c37)C1=O)c64)C(=O)N(CC(=O)OC(C)(C)C)C5=O,CC(=O)OC(C)(C)C,Pubchem,947.1500000000001,0,8,7,0.0,C52H38N2O8S4
O=C(O)CN1C(=O)c2ccc3c4c(-c5ccc(-c6cccs6)s5)cc5c6c(ccc(c7c(-c8ccc(-c9cccs9)s8)cc(c2c37)C1=O)c64)C(=O)N(CC(=O)O)C5=O,CC(=O)O,Pubchem,834.934,0,4,3,0.0,C44H22N2O8S4
O=C(O)CN1C(=O)c2ccc3c4c(-c5cccs5)cc5c6c(ccc(c7c(-c8cccs8)cc(c2c37)C1=O)c64)C(=O)N(CC(=O)O)C5=O,CC(=O)O,Pubchem,670.6800000000002,0,4,3,0.0,C36H18N2O8S2
O=C(O)C(Cc1cnc[nH]1)N1C(=O)c2ccc3c4ccc5c6c(ccc(c7ccc(c2c37)C1=O)c64)C(=O)N(C(Cc1cnc[nH]1)C(=O)O)C5=O,O=C(O)CCc1cnc[nH]1,Pubchem,666.6060000000001,3,10,10,1.5,C36H22N6O8
CCCCCCc1ccc(N2C(=O)c3ccc4c5ccc6c7c(ccc(c8ccc(c3c48)C2=O)c75)C(=O)N(c2ccc(CCCCCC)cc2)C6=O)cc1,CCCCCCc1ccccc1,Pubchem,710.8739999999999,5,12,12,1.5,C48H42N2O4
CCCCCCCCc1ccc(N2C(=O)c3ccc4c5ccc6c7c(ccc(c8ccc(c3c48)C2=O)c75)C(=O)N(c2ccc(CCCCCCCC)cc2C(C)C)C6=O)c(C(C)C)c1,CCCCCCCCc1cccc(C(C)C)c1,Pubchem,851.1439999999996,8,17,17,1.5,C58H62N2O4
CCCCCCCCc1cc(C(C)C)c(N2C(=O)c3ccc4c5ccc6c7c(ccc(c8ccc(c3c48)C2=O)c75)C(=O)N(c2c(C(C)C)cc(CCCCCCCC)cc2C(C)C)C6=O)c(C(C)C)c1,CCCCCCCCc1cc(C(C)C)cc(C(C)C)c1,Pubchem,935.3059999999995,9,20,20,1.5,C64H74N2O4
CC(C)C(C(C)C)N1C(=O)c2ccc3c4ccc5c6c(c(N7CCCCC7)cc(c7ccc(c2c37)C1=O)c64)C(=O)N(C(C(C)C)C(C)C)C5=O,CC(C)CC(C)C,Pubchem,669.8659999999999,2,7,6,0.0,C43H47N3O4
CCC(CC)N1C(=O)c2ccc3c4ccc5c6c(c(N7CCCCC7)cc(c7ccc(c2c37)C1=O)c64)C(=O)N(C(CC)CC)C5=O,CCCCC,Pubchem,613.758,2,5,4,0.0,C39H39N3O4
CCCCN1C(=O)c2cc(Oc3ccc(OC)cc3)c3c4c(Oc5ccc(OC)cc5)cc5c6c(cc(Oc7ccc(OC)cc7)c(c7c(Oc8ccc(OC)cc8)cc(c2c37)C1=O)c64)C(=O)N(CCCC)C5=O,CCCC,Pubchem,991.0620000000001,1,4,3,0.0,C60H50N2O12
CCCCC(CC)CN1C(=O)c2ccc3c4c(-c5ccc(-c6cccs6)s5)cc5c6c(ccc(c7c(-c8ccc(-c9cccs9)s8)cc(c2c37)C1=O)c64)C(=O)N(CC(CC)CCCC)C5=O,CCCCC(C)CC,Pubchem,943.2939999999999,4,8,7,0.0,C56H50N2O4S4
CCC(C)(C)c1ccc(OCC(=O)O)c(N2C(=O)c3ccc4c5ccc6c7c(ccc(c8ccc(c3c48)C2=O)c75)C(=O)N(c2cc(C(C)(C)CC)ccc2OCC(=O)O)C6=O)c1,CCC(C)(C)c1ccc(OCC(=O)O)cc1,Pubchem,830.89,5,16,16,1.5,C50H42N2O10
CCC(CC)N1C(=O)c2c(-c3ccccc3)cc3c4cc(-c5ccccc5)c5c6c(c(-c7ccccc7)cc(c7cc(-c8ccccc8)c(c2c37)C1=O)c64)C(=O)N(C(CC)CC)C5=O,CCCCC,Pubchem,835.0160000000002,2,5,4,0.0,C58H46N2O4
CCN1C(=O)c2ccc3c4c(N5CCCCC5)cc5c6c(cc(N7CCCCC7)c(c7ccc(c2c37)C1=O)c64)C(=O)N(CC)C5=O,CC,Pubchem,612.7300000000001,0,2,1,0.0,C38H36N4O4
CCN1C(=O)c2cc(-c3ccc(C(C)(C)C)cc3)c3c4c(-c5ccc(C(C)(C)C)cc5)cc5c6c(cc(-c7ccc(C(C)(C)C)cc7)c(c7c(-c8ccc(C(C)(C)C)cc8)cc(c2c37)C1=O)c64)C(=O)N(CC)C5=O,CC,Pubchem,975.2859999999996,0,2,1,0.0,C68H66N2O4
CCN1C(=O)c2ccc3c4c(-c5ccc(C(C)(C)C)cc5)cc5c6c(cc(-c7ccc(C(C)(C)C)cc7)c(c7ccc(c2c37)C1=O)c64)C(=O)N(CC)C5=O,CC,Pubchem,710.874,0,2,1,0.0,C48H42N2O4
C=CCOC(=O)N(CC=C)c1cc2c3c(ccc4c5ccc6c7c(ccc(c1c34)c75)C(=O)N(CC(CC)CCCC)C6=O)C(=O)N(CC(CC)CCCC)C2=O,CCCCC(C)CC,Pubchem,753.9399999999997,4,8,7,0.0,C47H51N3O6
NC(N)=NCCN1C(=O)c2ccc3c4ccc5c6c(ccc(c7ccc(c2c37)C1=O)c64)C(=O)N(CCN=C(N)N)C5=O,CCN=C(N)N,Pubchem,560.5740000000002,1,6,5,0.0,C30H24N8O4
CCCCCCCCCCCCOc1cc2c3c(ccc4c5c(C#Cc6ccccc6)cc6c7c(ccc(c1c34)c75)C(=O)N(C1CCCCC1)C6=O)C(=O)N(C1CCCCC1)C2=O,C1CCCCC1,Pubchem,839.0889999999998,0,6,6,1.0,C56H58N2O5
CCCCCCCCCCCCOc1cc2c3c(ccc4c5c(C#N)cc6c7c(ccc(c1c34)c75)C(=O)N(C1CCCCC1)C6=O)C(=O)N(C1CCCCC1)C2=O,C1CCCCC1,Pubchem,763.9789999999998,0,6,6,1.0,C49H53N3O5
C#Cc1cc2c3c(ccc4c5c(C#N)cc6c7c(ccc(c1c34)c75)C(=O)N(C1CCCCC1)C6=O)C(=O)N(C1CCCCC1)C2=O,C1CCCCC1,Pubchem,603.6780000000001,0,6,6,1.0,C39H29N3O4
C#Cc1cc2c3c(ccc4c5c(OCCCCCCCCCCCC)cc6c7c(ccc(c1c34)c75)C(=O)N(C1CCCCC1)C6=O)C(=O)N(C1CCCCC1)C2=O,C1CCCCC1,Pubchem,762.9909999999999,0,6,6,1.0,C50H54N2O5
N#Cc1cc2c3c(ccc4c5c(C#Cc6ccccc6)cc6c7c(ccc(c1c34)c75)C(=O)N(C1CCCCC1)C6=O)C(=O)N(C1CCCCC1)C2=O,C1CCCCC1,Pubchem,679.7760000000003,0,6,6,1.0,C45H33N3O4
CCCCCCCCOc1cc2c3c(ccc4c5c(OCCCCCCCC)cc6c7c(ccc(c1c34)c75)C(=O)N(CCCCCC)C6=O)C(=O)N(CCCCCC)C2=O,CCCCCC,Pubchem,815.1079999999997,3,6,5,0.0,C52H66N2O6
CCCCC(CC)CN1C(=O)c2ccc3c4ccc5c6c(cc(C#Cc7ccc(-c8ccccn8)nc7)c(c7ccc(c2c37)C1=O)c64)C(=O)N(CC(CC)CCCC)C5=O,CCCCC(C)CC,Pubchem,792.9799999999998,4,8,7,0.0,C52H48N4O4
CC(C)c1cccc(C(C)C)c1N1C(=O)c2ccc3c4c([N+](=O)[O-])cc5c6c(ccc(c7c([N+](=O)[O-])cc(c2c37)C1=O)c64)C(=O)N(c1c(C(C)C)cccc1C(C)C)C5=O,CC(C)c1cccc(C(C)C)c1,Pubchem,800.868,2,12,12,1.5,C48H40N4O8
CC(C)c1cccc(C(C)C)c1N1C(=O)c2ccc3c4ccc5c6c(cc(N)c(c7ccc(c2c37)C1=O)c64)C(=O)N(c1c(C(C)C)cccc1C(C)C)C5=O,CC(C)c1cccc(C(C)C)c1,Pubchem,725.889,2,12,12,1.5,C48H43N3O4
CC(C)c1cccc(C(C)C)c1N1C(=O)c2ccc3c4ccc5c6c(cc([N+](=O)[O-])c(c7ccc(c2c37)C1=O)c64)C(=O)N(c1c(C(C)C)cccc1C(C)C)C5=O,CC(C)c1cccc(C(C)C)c1,Pubchem,755.8710000000001,2,12,12,1.5,C48H41N3O6
CC(C)c1cccc(C(C)C)c1N1C(=O)c2ccc3c4c(N)cc5c6c(ccc(c7c(N)cc(c2c37)C1=O)c64)C(=O)N(c1c(C(C)C)cccc1C(C)C)C5=O,CC(C)c1cccc(C(C)C)c1,Pubchem,740.9039999999999,2,12,12,1.5,C48H44N4O4
CC(C)CCCC(C)CCN1C(=O)c2ccc3c4ccc5c6c(ccc(c7ccc(c2c37)C1=O)c64)C(=O)N(CCC(C)CCCC(C)C)C5=O,CCC(C)CCCC(C)C,Pubchem,670.8939999999999,5,10,9,0.0,C44H50N2O4
CC(C)CCCC(C)CCN1C(=O)c2ccc3c4c(Oc5ccc(C(C)(C)C)cc5)cc5c6c(ccc(c7c(Oc8ccc(C(C)(C)C)cc8)cc(c2c37)C1=O)c64)C(=O)N(CCC(C)CCCC(C)C)C5=O,CCC(C)CCCC(C)C,Pubchem,967.3039999999996,5,10,9,0.0,C64H74N2O6
CCCCn1cc[n+](CCCN2C(=O)c3ccc4c5ccc6c7c(ccc(c8ccc(c3c48)C2=O)c75)C(=O)N(CCC[n+]2ccn(CCCC)c2)C6=O)c1,CCCCn1cc[n+](CCC)c1,Pubchem,720.8739999999997,5,12,12,1.5,C44H44N6O4+2
C#Cc1cc2c3c(ccc4c5ccc6c7c(ccc(c1c34)c75)C(=O)N(CC(CC)CCCC)C6=O)C(=O)N(CC(CC)CCCC)C2=O,CCCCC(C)CC,Pubchem,638.808,4,8,7,0.0,C42H42N2O4
O=C1c2ccc3c4c(N5CCCC5)cc5c6c(ccc(c7c(N8CCCC8)cc(c2c37)C(=O)N1c1ccc(S)cc1)c64)C(=O)N(c1ccc(S)cc1)C5=O,Sc1ccccc1,Pubchem,744.8980000000003,0,7,7,1.5,C44H32N4O4S2
CN(CCCN1C(=O)c2ccc3c4ccc5c6c(ccc(c7ccc(c2c37)C1=O)c64)C(=O)N(CCCN(C)CC1=CC=CC1)C5=O)CC1=CC=CC1,CCCN(C)CC1=CC=CC1,Pubchem,688.8280000000001,4,11,11,1.0,C44H40N4O4
C#Cc1ccc(N2C(=O)c3ccc4c5c(-c6ccc(C(C)(C)CC(C)(C)C)cc6)cc6c7c(ccc(c8c(-c9ccc(C(C)(C)CC(C)(C)C)cc9)cc(c3c48)C2=O)c75)C(=O)N(c2ccc(C#C)cc2)C6=O)cc1,C#Cc1ccccc1,Pubchem,967.2219999999996,0,8,8,1.5,C68H58N2O4
CCC(CC)N1C(=O)c2ccc3c4c(SCCC(=O)O)cc5c6c(ccc(c7c(SCCC(=O)O)cc(c2c37)C1=O)c64)C(=O)N(C(CC)CC)C5=O,CCCCC,Pubchem,738.8840000000001,2,5,4,0.0,C40H38N2O8S2
CCCCN1C(=O)c2ccc3c4c(C#Cc5ccccc5)cc5c6c(ccc(c7c(C#Cc8ccccc8)cc(c2c37)C1=O)c64)C(=O)N(CCCC)C5=O,CCCC,Pubchem,702.8100000000004,1,4,3,0.0,C48H34N2O4
CCCCCCN1C(=O)c2ccc3c4c(Oc5ccc(C(C)(C)C)cc5)cc5c6c(ccc(c7c(Oc8ccc(C(C)(C)C)cc8)cc(c2c37)C1=O)c64)C(=O)N(CCCCCC)C5=O,CCCCCC,Pubchem,855.0880000000001,3,6,5,0.0,C56H58N2O6
CC(C)c1cccc(C(C)C)c1N1C(=O)c2ccc3c4c(C#Cc5ccc(OC(C)(C)C)cc5)cc5c6c(ccc(c7c(C#Cc8ccc(OC(C)(C)C)cc8)cc(c2c37)C1=O)c64)C(=O)N(c1c(C(C)C)cccc1C(C)C)C5=O,CC(C)c1cccc(C(C)C)c1,Pubchem,1055.3279999999995,2,12,12,1.5,C72H66N2O6
CCCCCCCCN1C(=O)c2ccc3c4c(Oc5ccc(C(C)(C)CC(C)(C)C)cc5)cc5c6c(ccc(c7c(Oc8ccc(C(C)(C)CC(C)(C)C)cc8)cc(c2c37)C1=O)c64)C(=O)N(CCCCCCCC)C5=O,CCCCCCCC,Pubchem,1023.4119999999995,5,8,7,0.0,C68H82N2O6
CCCCCCCCN1C(=O)c2ccc3c4c(C#Cc5ccc(C)cc5)cc5c6c(ccc(c7c(C#Cc8ccc(C)cc8)cc(c2c37)C1=O)c64)C(=O)N(CCCCCCCC)C5=O,CCCCCCCC,Pubchem,843.0799999999998,5,8,7,0.0,C58H54N2O4
CCC(CC)N1C(=O)c2ccc3c4ccc5c6c(cc(C#Cc7cc(C(=O)Nc8cccc(NC(=O)CC(C)(C)C)n8)cc(C(=O)Nc8cccc(NC(=O)CC(C)(C)C)n8)c7)c(c7ccc(c2c37)C1=O)c64)C(=O)N(C(CC)CC)C5=O,CCCCC,Pubchem,1097.2859999999994,2,5,4,0.0,C66H64N8O8
COCCOCCOCCOc1ccc(N2C(=O)c3ccc4c5ccc6c7c(ccc(c8ccc(c3c48)C2=O)c75)C(=O)N(c2ccc(OCCOCCOCCOC)cc2)C6=O)cc1,COCCOCCOCCOc1ccccc1,Pubchem,866.92,10,17,17,1.5,C50H46N2O12
CCCSc1cc2c3c(ccc4c5c(SCCC)cc6c7c(ccc(c1c34)c75)C(=O)NC6=O)C(=O)NC2=O,H,Pubchem,538.6500000000002,0,0,0,0.0,C30H22N2O4S2
Cc1cccc(N2C(=O)c3ccc4c5ccc6c7c(ccc(c8ccc(c3c48)C2=O)c75)C(=O)N(c2cccc(C)n2)C6=O)n1,Cc1ccccn1,Pubchem,572.5800000000002,0,7,7,1.5,C36H20N4O4
O=C1c2ccc3c4ccc5c6c(ccc(c7ccc(c2c37)C(=O)N1CCc1cccs1)c64)C(=O)N(CCc1cccs1)C5=O,CCc1cccs1,Pubchem,610.7160000000003,1,7,7,1.5,C36H22N2O4S2
O=C1c2ccc3c4ccc5c6c(ccc(c7ccc(c2c37)C(=O)N1CCN(CCN=Cc1cccs1)CCN=Cc1cccs1)c64)C(=O)N(CCN(CCN=Cc1cccs1)CCN=Cc1cccs1)C5=O,CCN(CCN=Cc1cccs1)CCN=Cc1cccs1,Pubchem,1025.3199999999995,9,21,22,3.0,C56H48N8O4S4
CCCCCCc1ccc(-c2cc3c4c(ccc5c6c(-c7ccc(CCCCCC)s7)cc7c8c(ccc(c2c45)c86)C(=O)N(C(CC)CC)C7=O)C(=O)N(C(CC)CC)C3=O)s1,CCCCC,Pubchem,863.2019999999995,2,5,4,0.0,C54H58N2O4S2
CC(C)Oc1c(-c2cc3c4c(ccc5c6c(-c7c(OC(C)C)c(=O)c7=O)cc7c8c(ccc(c2c45)c86)C(=O)N(c2cc(C(C)(C)C)cc(C(C)(C)C)c2)C7=O)C(=O)N(c2cc(C(C)(C)C)cc(C(C)(C)C)c2)C3=O)c(=O)c1=O,CC(C)(C)c1cccc(C(C)(C)C)c1,Pubchem,1043.2259999999994,0,14,14,1.5,C66H62N2O10
CC(C)(C)c1cc(N2C(=O)c3ccc4c5c(-c6c([O-])c(=O)c6=O)cc6c7c(ccc(c8c(-c9c([O-])c(=O)c9=O)cc(c3c48)C2=O)c75)C(=O)N(c2cc(C(C)(C)C)cc(C(C)(C)C)c2)C6=O)cc(C(C)(C)C)c1,CC(C)(C)c1cccc(C(C)(C)C)c1,Pubchem,957.0479999999998,0,14,14,1.5,C60H48N2O10-2
CC(C)(C)c1cc(N2C(=O)c3ccc4c5c(-c6c(O)c(=O)c6=O)cc6c7c(ccc(c8c(-c9c(O)c(=O)c9=O)cc(c3c48)C2=O)c75)C(=O)N(c2cc(C(C)(C)C)cc(C(C)(C)C)c2)C6=O)cc(C(C)(C)C)c1,CC(C)(C)c1cccc(C(C)(C)C)c1,Pubchem,959.0639999999999,0,14,14,1.5,C60H50N2O10
C[NH+](C)CCN1C(=O)c2ccc3c4ccc5c6c(ccc(c7ccc(c2c37)C1=O)c64)C(=O)N(CC[NH+](C)C)C5=O,CC[NH+](C)C,Pubchem,534.6160000000003,1,5,4,0.0,C32H30N4O4+2
CC(C)c1cccc(C(C)C)c1N1C(=O)c2cc(CC[NH+](C)C)c3c4c(CC[NH+](C)C)cc5c6c(cc(CC[NH+](C)C)c(c7c(CC[NH+](C)C)cc(c2c37)C1=O)c64)C(=O)N(c1c(C(C)C)cccc1C(C)C)C5=O,CC(C)c1cccc(C(C)C)c1,Pubchem,999.3979999999995,2,12,12,1.5,C64H82N6O4+4
CC(C)c1cccc(C(C)C)c1N1C(=O)c2cc(CCN(C)C)c3c4c(CCN(C)C)cc5c6c(cc(CCN(C)C)c(c7c(CCN(C)C)cc(c2c37)C1=O)c64)C(=O)N(c1c(C(C)C)cccc1C(C)C)C5=O,CC(C)c1cccc(C(C)C)c1,Pubchem,995.3659999999993,2,12,12,1.5,C64H78N6O4
C[NH+](C)CC[NH+](CCN1C(=O)c2ccc3c4ccc5c6c(ccc(c7ccc(c2c37)C1=O)c64)C(=O)N(CC[NH+](CC[NH+](C)C)CC[NH+](C)C)C5=O)CC[NH+](C)C,CC[NH+](CC[NH+](C)C)CC[NH+](C)C,Pubchem,767.0319999999997,7,13,12,0.0,C44H62N8O4+6
CCCCC(CC)CN1C(=O)c2ccc3c4ccc5c6c(cc(N7CCCC7CO)c(c7ccc(c2c37)C1=O)c64)C(=O)N(CC(CC)CCCC)C5=O,CCCCC(C)CC,Pubchem,713.9189999999998,4,8,7,0.0,C45H51N3O5
CCCCC(CC)CN1C(=O)c2ccc3c4ccc5c6c(cc(N7CCCC7COC(C)=O)c(c7ccc(c2c37)C1=O)c64)C(=O)N(CC(CC)CCCC)C5=O,CCCCC(C)CC,Pubchem,755.9559999999997,4,8,7,0.0,C47H53N3O6
CCCCCCCCCCCOC(=O)CCN1C(=O)c2ccc3c4ccc5c6c(ccc(c7ccc(c2c37)C1=O)c64)C(=O)N(CCC(=O)OCCCCCCCCCCC)C5=O,CCCCCCCCCCCOC(=O)CC,Pubchem,843.0739999999994,11,16,15,0.0,C52H62N2O8
CCCCCCCCCOC(=O)CCCCN1C(=O)c2ccc3c4ccc5c6c(ccc(c7ccc(c2c37)C1=O)c64)C(=O)N(CCCCC(=O)OCCCCCCCCC)C5=O,CCCCCCCCCOC(=O)CCCC,Pubchem,843.0739999999994,11,16,15,0.0,C52H62N2O8
CCCCCCCCCCCCOC(=O)CN1C(=O)c2ccc3c4ccc5c6c(ccc(c7ccc(c2c37)C1=O)c64)C(=O)N(CC(=O)OCCCCCCCCCCCC)C5=O,CCCCCCCCCCCCOC(C)=O,Pubchem,843.0739999999994,11,16,15,0.0,C52H62N2O8
CCCCCCCCOC(=O)CCCCCN1C(=O)c2ccc3c4ccc5c6c(ccc(c7ccc(c2c37)C1=O)c64)C(=O)N(CCCCCC(=O)OCCCCCCCC)C5=O,CCCCCCCCOC(=O)CCCCC,Pubchem,843.0739999999994,11,16,15,0.0,C52H62N2O8
CCCCCCCOC(=O)CCCCCCN1C(=O)c2ccc3c4ccc5c6c(ccc(c7ccc(c2c37)C1=O)c64)C(=O)N(CCCCCCC(=O)OCCCCCCC)C5=O,CCCCCCCOC(=O)CCCCCC,Pubchem,843.0739999999994,11,16,15,0.0,C52H62N2O8
CCOC(=O)CCCCCCCCCCCN1C(=O)c2ccc3c4ccc5c6c(ccc(c7ccc(c2c37)C1=O)c64)C(=O)N(CCCCCCCCCCCC(=O)OCC)C5=O,CCCCCCCCCCCC(=O)OCC,Pubchem,843.0739999999994,11,16,15,0.0,C52H62N2O8
CCOC(=O)CCCCCN1C(=O)c2ccc3c4ccc5c6c(ccc(c7ccc(c2c37)C1=O)c64)C(=O)N(CCCCCC(=O)OCC)C5=O,CCCCCC(=O)OCC,Pubchem,674.7499999999999,5,10,9,0.0,C40H38N2O8
CC(C)(C)c1ccc(C(C)(C)C)c(N2C(=O)c3ccc4c5ccc6c7c(cc(N8CCCC8)c(c8ccc(c3c48)C2=O)c75)C(=O)N(c2cc(C(C)(C)C)ccc2C(C)(C)C)C6=O)c1,CC(C)(C)c1ccc(C(C)(C)C)cc1,Pubchem,836.0889999999996,0,14,14,1.5,C56H57N3O4
CCCCCCCCN1C(=O)c2ccc3c4ccc5c6c(cc(N7CCCC7)c(c7ccc(c2c37)C1=O)c64)C(=O)N(CCCCCCCC)C5=O,CCCCCCCC,Pubchem,683.8929999999997,5,8,7,0.0,C44H49N3O4
CCCCCCCCCCCCN1C(=O)c2ccc3c4c(C#CC(O)CCCCC)cc5c6c(ccc(c7c(C#CC(O)CCCCC)cc(c2c37)C1=O)c64)C(=O)N(CCCCCCCCCCCC)C5=O,CCCCCCCCCCCC,Pubchem,975.3679999999989,9,12,11,0.0,C64H82N2O6
CCCCCCn1cc[n+](CCCN2C(=O)c3ccc4c5ccc6c7c(ccc(c8ccc(c3c48)C2=O)c75)C(=O)N(CCC[n+]2ccn(CCCCCC)c2)C6=O)c1,CCCCCCn1cc[n+](CCC)c1,Pubchem,776.9819999999995,7,14,14,1.5,C48H52N6O4+2
CCCCCCCCn1cc[n+](CCCN2C(=O)c3ccc4c5ccc6c7c(ccc(c8ccc(c3c48)C2=O)c75)C(=O)N(CCC[n+]2ccn(CCCCCCCC)c2)C6=O)c1,CCCCCCCCn1cc[n+](CCC)c1,Pubchem,833.0899999999995,9,16,16,1.5,C52H60N6O4+2
O=C1c2ccc3c4ccc5c6c(ccc(c7ccc(c2c37)C(=O)N1CCN(CCO)CCO)c64)C(=O)N(CCN(CCO)CCO)C5=O,CCN(CCO)CCO,Pubchem,652.7040000000001,5,9,8,0.0,C36H36N4O8
CSC1=C(SC)SC(=C2SC(C)=C(SCCN3C(=O)c4ccc5c6ccc7c8c(ccc(c9ccc(c4c59)C3=O)c86)C(=O)N(CCSC3=C(C)SC(=C4SC(SC)=C(SC)S4)S3)C7=O)S2)S1,CCSC1=C(C)SC(=C2SC(SC)=C(SC)S2)S1,Pubchem,1127.7259999999994,4,18,19,2.0,C46H34N2O4S14
CC(C)c1cc(-c2ccc(C=O)nc2)cc(C(C)C)c1N1C(=O)c2ccc3c4ccc5c6c(ccc(c7ccc(c2c37)C1=O)c64)C(=O)N(c1c(C(C)C)cc(-c2ccc(C=O)nc2)cc1C(C)C)C5=O,CC(C)c1cc(-c2ccc(C=O)nc2)cc(C(C)C)c1,Pubchem,921.0659999999999,4,20,21,3.0,C60H48N4O6
NCCN1C(=O)c2ccc3c4c(N5CCCC5)cc5c6c(ccc(c7c(N8CCCC8)cc(c2c37)C1=O)c64)C(=O)N(CCN)C5=O,CCN,Pubchem,614.7060000000001,0,3,2,0.0,C36H34N6O4
CCCCCCC(CCCCCC)N1C(=O)c2ccc3c4ccc5c6c(cc(Oc7ccc(NC(=O)c8ccccc8)cc7)c(c7ccc(c2c37)C1=O)c64)C(=O)N(C(CCCCCC)CCCCCC)C5=O,CCCCCCCCCCCCC,Pubchem,966.2759999999994,10,13,12,0.0,C63H71N3O6
O=C1c2ccc3c4c(N5CCCC5)cc5c6c(ccc(c7c(N8CCCC8)cc(c2c37)C(=O)N1c1ccncc1)c64)C(=O)N(c1ccncc1)C5=O,c1ccncc1,Pubchem,682.7400000000002,0,6,6,1.5,C42H30N6O4
CCCCSc1cc2c3c(cc(SCCCC)c4c5c(SCCCC)cc6c7c(cc(SCCCC)c(c1c34)c75)C(=O)N(c1ccncc1)C6=O)C(=O)N(c1ccncc1)C2=O,c1ccncc1,Pubchem,897.2259999999995,0,6,6,1.5,C50H48N4O4S4
CN(C)c1ccc(CN2C(=O)c3ccc4c5ccc6c7c(ccc(c8ccc(c3c48)C2=O)c75)C(=O)N(Cc2ccc(N(C)C)cc2)C6=O)cc1,Cc1ccc(N(C)C)cc1,Pubchem,656.7420000000002,1,10,10,1.5,C42H32N4O4
CCCCC(CC)CN1C(=O)c2ccc3c4c(-c5ccccc5)cc5c6c(ccc(c7c(-c8ccccc8)cc(c2c37)C1=O)c64)C(=O)N(CC(CC)CCCC)C5=O,CCCCC(C)CC,Pubchem,766.982,4,8,7,0.0,C52H50N2O4
CCCCC(CC)CN1C(=O)c2ccc3c4ccc5c6c(cc(-c7ccccc7)c(c7ccc(c2c37)C1=O)c64)C(=O)N(CC(CC)CCCC)C5=O,CCCCC(C)CC,Pubchem,690.884,4,8,7,0.0,C46H46N2O4
C[N+](C)(C)CCN1C(=O)c2ccc3c4c(OCC5COCCOCCOCCOCCO5)cc5c6c(ccc(c7c(OCC8COCCOCCOCCOCCO8)cc(c2c37)C1=O)c64)C(=O)N(CC[N+](C)(C)C)C5=O,CC[N+](C)(C)C,Pubchem,1059.2199999999991,1,6,5,0.0,C56H74N4O16+2
C[N+](C)(C)CCN1C(=O)c2ccc3c4c(OCC5COCCOCCOCCOCCOCCO5)cc5c6c(ccc(c7c(OCC8COCCOCCOCCOCCOCCO8)cc(c2c37)C1=O)c64)C(=O)N(CC[N+](C)(C)C)C5=O,CC[N+](C)(C)C,Pubchem,1147.3259999999993,1,6,5,0.0,C60H82N4O18+2
CCCC(CCC)N1C(=O)c2ccc3c4ccc5c6c(cc(-c7ccc(OC(=O)CC8=CC=CC8)cc7)c(c7ccc(c2c37)C1=O)c64)C(=O)N(C(CCC)CCC)C5=O,CCCCCCC,Pubchem,784.953,4,7,6,0.0,C51H48N2O6
O=C1c2ccc3c4c(C#Cc5ccccc5)cc5c6c(ccc(c7c(C#Cc8ccccc8)cc(c2c37)C(=O)N1C1CCCCC1)c64)C(=O)N(C1CCCCC1)C5=O,C1CCCCC1,Pubchem,754.8860000000003,0,6,6,1.0,C52H38N2O4
O=C1c2ccc3c4c(-c5ccccc5)cc5c6c(ccc(c7c(-c8ccccc8)cc(c2c37)C(=O)N1C1CCCCC1)c64)C(=O)N(C1CCCCC1)C5=O,C1CCCCC1,Pubchem,706.8420000000004,0,6,6,1.0,C48H38N2O4
O=C1c2ccc3c4c(C=Cc5ccccc5)cc5c6c(ccc(c7c(C=Cc8ccccc8)cc(c2c37)C(=O)N1C1CCCCC1)c64)C(=O)N(C1CCCCC1)C5=O,C1CCCCC1,Pubchem,758.9180000000005,0,6,6,1.0,C52H42N2O4
O=C1c2ccc3c4c(-c5c(O)c(=O)c5=O)cc5c6c(ccc(c7c(-c8c(O)c(=O)c8=O)cc(c2c37)C(=O)N1C1CCCCC1)c64)C(=O)N(C1CCCCC1)C5=O,C1CCCCC1,Pubchem,746.7280000000004,0,6,6,1.0,C44H30N2O10
CCCCC(CC)CN1C(=O)c2ccc3c4ccc5c6c(ccc(c7ccc(c2c37)C1=O)c64)C(=O)N(CC(CC)CCCC)C5=O,CCCCC(C)CC,Pubchem,614.786,4,8,7,0.0,C40H42N2O4
CCCCCC(CCCCC)N1C(=O)c2ccc3c4c(-c5ccccc5)cc5c6c(ccc(c7c(-c8ccccc8)cc(c2c37)C1=O)c64)C(=O)N(C(CCCCC)CCCCC)C5=O,CCCCCCCCCCC,Pubchem,851.1439999999997,8,11,10,0.0,C58H62N2O4
Nc1ccc(N2C(=O)c3ccc4c5c(N6CCCC6)cc6c7c(ccc(c8c(N9CCCC9)cc(c3c48)C2=O)c75)C(=O)N(c2ccc(N)cc2)C6=O)cc1,Nc1ccccc1,Pubchem,710.7940000000002,0,7,7,1.5,C44H34N6O4
CCCCC(CC)CN1C(=O)c2ccc3c4ccc5c6c(cc(-c7ccc(C(C)C)cc7)c(c7ccc(c2c37)C1=O)c64)C(=O)N(CC(CC)CCCC)C5=O,CCCCC(C)CC,Pubchem,732.9649999999999,4,8,7,0.0,C49H52N2O4
CCCCC(CC)CN1C(=O)c2ccc3c4ccc5c6c(cc(-c7cccc(C(C)C)c7)c(c7ccc(c2c37)C1=O)c64)C(=O)N(CC(CC)CCCC)C5=O,CCCCC(C)CC,Pubchem,732.9649999999999,4,8,7,0.0,C49H52N2O4
CCCCC(CC)CN1C(=O)c2ccc3c4ccc5c6c(cc(-c7ccccc7C(C)C)c(c7ccc(c2c37)C1=O)c64)C(=O)N(CC(CC)CCCC)C5=O,CCCCC(C)CC,Pubchem,732.9649999999999,4,8,7,0.0,C49H52N2O4
O=C(O)C(Cc1ccc(O)cc1)NC(=O)N1C(=O)c2ccc3c4ccc5c6c(ccc(c7ccc(c2c37)C1=O)c64)C(=O)N(C(=O)NC(Cc1ccc(O)cc1)C(=O)O)C5=O,O=CNC(Cc1ccc(O)cc1)C(=O)O,Pubchem,804.7240000000003,5,15,15,1.5,C44H28N4O12
CCc1ccc(Oc2cc3c4c(ccc5c6c(Oc7ccc(CC)cc7)cc7c8c(ccc(c2c45)c86)C(=O)N(c2c(C(C)C)cccc2C(C)C)C7=O)C(=O)N(c2c(C(C)C)cccc2C(C)C)C3=O)cc1,CC(C)c1cccc(C(C)C)c1,Pubchem,951.1759999999997,2,12,12,1.5,C64H58N2O6
CCc1ccc(Oc2cc3c4c(ccc5c6c(Oc7ccc(CC)cc7)cc7c8c(ccc(c2c45)c86)C(=O)N(c2c(C)cccc2OC)C7=O)C(=O)N(c2c(C)cccc2OC)C3=O)cc1,COc1cccc(C)c1,Pubchem,870.9579999999999,1,9,9,1.5,C56H42N2O8
COc1ccc(Oc2cc3c4c(ccc5c6c(Oc7ccc(OC)cc7)cc7c8c(ccc(c2c45)c86)C(=O)N(c2c(C)cccc2OC)C7=O)C(=O)N(c2c(C)cccc2OC)C3=O)cc1,COc1cccc(C)c1,Pubchem,874.9020000000002,1,9,9,1.5,C54H38N2O10
C#Cc1cc2c3c(ccc4c5c(C#C)cc6c7c(ccc(c1c34)c75)C(=O)N(C(C(C)C)C(C)C)C6=O)C(=O)N(C(C(C)C)C(C)C)C2=O,CC(C)CC(C)C,Pubchem,634.7760000000002,2,7,6,0.0,C42H38N2O4
C#CCOc1cc2c3c(ccc4c5ccc6c7c(ccc(c1c34)c75)C(=O)N(C(CC)CC)C6=O)C(=O)N(C(CC)CC)C2=O,CCCCC,Pubchem,584.6720000000003,2,5,4,0.0,C37H32N2O5
C#CCOc1cc2c3c(ccc4c5c(OCC#C)cc6c7c(ccc(c1c34)c75)C(=O)N(C(CC)CC)C6=O)C(=O)N(C(CC)CC)C2=O,CCCCC,Pubchem,638.7200000000001,2,5,4,0.0,C40H34N2O6
C[NH+](C)CCCCCCN1C(=O)c2ccc3c4ccc5c6c(ccc(c7ccc(c2c37)C1=O)c64)C(=O)N(CCCCCC[NH+](C)C)C5=O,CCCCCC[NH+](C)C,Pubchem,646.832,5,9,8,0.0,C40H46N4O4+2
CN(C)CCCCCCN1C(=O)c2ccc3c4ccc5c6c(ccc(c7ccc(c2c37)C1=O)c64)C(=O)N(CCCCCCN(C)C)C5=O,CCCCCCN(C)C,Pubchem,644.8159999999999,5,9,8,0.0,C40H44N4O4
C=CCCCCN1C(=O)c2ccc3c4ccc5c6c(ccc(c7ccc(c2c37)C1=O)c64)C(=O)N(CCCCC=C)C5=O,C=CCCCC,Pubchem,554.6460000000004,3,6,5,0.0,C36H30N2O4
Cc1cc(C)c(Oc2cc3c4c(ccc5c6ccc7c8c(ccc(c2c45)c86)C(=O)N(c2c(C(C)C)cccc2C(C)C)C7=O)C(=O)N(c2c(C(C)C)cccc2C(C)C)C3=O)c(C)c1,CC(C)c1cccc(C(C)C)c1,Pubchem,845.0519999999999,2,12,12,1.5,C57H52N2O5
C=CCc1ccccc1Oc1cc2c3c(ccc4c5ccc6c7c(ccc(c1c34)c75)C(=O)N(c1c(C(C)C)cccc1C(C)C)C6=O)C(=O)N(c1c(C(C)C)cccc1C(C)C)C2=O,CC(C)c1cccc(C(C)C)c1,Pubchem,843.036,2,12,12,1.5,C57H50N2O5
COc1cc(CN2C(=O)c3ccc4c5ccc6c7c(ccc(c8ccc(c3c48)C2=O)c75)C(=O)N(Cc2cc(OC)cc(OC)c2)C6=O)cc(OC)c1,COc1cc(C)cc(OC)c1,Pubchem,690.7080000000003,2,11,11,1.5,C42H30N2O8
COc1cccc(CN2C(=O)c3ccc4c5ccc6c7c(ccc(c8ccc(c3c48)C2=O)c75)C(=O)N(Cc2cccc(OC)c2OC)C6=O)c1OC,COc1cccc(C)c1OC,Pubchem,690.7080000000002,2,11,11,1.5,C42H30N2O8
COc1ccc(CN2C(=O)c3ccc4c5ccc6c7c(ccc(c8ccc(c3c48)C2=O)c75)C(=O)N(Cc2ccc(OC)c(OC)c2)C6=O)cc1OC,COc1ccc(C)cc1OC,Pubchem,690.7080000000002,2,11,11,1.5,C42H30N2O8
CCCCCCCCCCCCc1cc2c3ccc4c5c(ccc(c6ccc7c(c1C(=O)N(CCCCCCCCCCCC)C7=O)c62)c53)C(=O)N(CCCCCCCCCCCC)C4=O,CCCCCCCCCCCC,Pubchem,895.3259999999988,9,12,11,0.0,C60H82N2O4
CCCCCCN(CCCCCC)c1cc2c3c(ccc4c5ccc6c7c(ccc(c1c34)c75)C(=O)N(C1CCCCC1)C6=O)C(=O)N(C1CCCCC1)C2=O,C1CCCCC1,Pubchem,737.9849999999996,0,6,6,1.0,C48H55N3O4
[NH3+]CCC[NH2+]CCCC[NH2+]CCCN1C(=O)c2ccc3c4c(OCCC[NH3+])cc5c6c(ccc(c7c(OCCC[NH3+])cc(c2c37)C1=O)c64)C(=O)N(CCC[NH2+]CCCC[NH2+]CCC[NH3+])C5=O,CCC[NH2+]CCCC[NH2+]CCC[NH3+],Pubchem,915.237999999999,10,13,12,0.0,C50H78N10O6+8
NCCCNCCCCNCCCN1C(=O)c2ccc3c4c(OCCCN)cc5c6c(ccc(c7c(OCCCN)cc(c2c37)C1=O)c64)C(=O)N(CCCNCCCCNCCCN)C5=O,CCCNCCCCNCCCN,Pubchem,907.173999999999,10,13,12,0.0,C50H70N10O6
CCCCCCCCCCCCN1C(=O)c2ccc3c4c(-c5ccc(C=O)cc5)cc5c6c(ccc(c7c(-c8ccc(C=O)cc8)cc(c2c37)C1=O)c64)C(=O)N(CCCCCCCCCCCC)C5=O,CCCCCCCCCCCC,Pubchem,935.2179999999995,9,12,11,0.0,C62H66N2O6
O=C(O)CN(CCCCN1C(=O)c2ccc3c4ccc5c6c(ccc(c7ccc(c2c37)C1=O)c64)C(=O)N(CCCCN(CC(=O)O)CC(=O)O)C5=O)CC(=O)O,CCCCN(CC(=O)O)CC(=O)O,Pubchem,764.744,7,13,12,0.0,C40H36N4O12
CCCCSc1cc2c3c(ccc4c5c(SCCCC)cc6c7c(ccc(c1c34)c75)C(=O)N(CCCC)C6=O)C(=O)N(CCCC)C2=O,CCCC,Pubchem,678.9199999999998,1,4,3,0.0,C40H42N2O4S2
CC(C)(C)c1cc(CN2C(=O)c3ccc4c5ccc6c7c(ccc(c8ccc(c3c48)C2=O)c75)C(=O)N(Cc2cc(C(C)(C)C)cc(C(C)(C)C)c2)C6=O)cc(C(C)(C)C)c1,Cc1cc(C(C)(C)C)cc(C(C)(C)C)c1,Pubchem,795.0359999999998,0,15,15,1.5,C54H54N2O4
CCCCCCCCCCCCN1C(=O)c2ccc3c4c(Oc5ccc(C=Nc6cccc(OC)c6)cc5)cc5c6c(ccc(c7c(Oc8ccc(C=Nc9cccc(OC)c9)cc8)cc(c2c37)C1=O)c64)C(=O)N(CCCCCCCCCCCC)C5=O,CCCCCCCCCCCC,Pubchem,1177.4959999999994,9,12,11,0.0,C76H80N4O8
CCCCCCC(CCCCCC)N1C(=O)c2c(C=Cc3ccccc3)cc3c4cc(C=Cc5ccccc5)c5c6c(c(C=Cc7ccccc7)cc(c7cc(C=Cc8ccccc8)c(c2c37)C1=O)c64)C(=O)N(C(CCCCCC)CCCCCC)C5=O,CCCCCCCCCCCCC,Pubchem,1163.5999999999995,10,13,12,0.0,C82H86N2O4
CCC(CC)N1C(=O)c2ccc3c4ccc5c6c(cc(Oc7ccc(C(=O)O)cc7)c(c7ccc(c2c37)C1=O)c64)C(=O)N(C(CC)CC)C5=O,CCCCC,Pubchem,666.7300000000004,2,5,4,0.0,C41H34N2O7
COc1ccc(-c2cc3c4c(ccc5c6ccc7c8c(cc(-c9ccc(OC)cc9)c(c2c45)c86)C(=O)N(c2c(C(C)C)cccc2C(C)C)C7=O)C(=O)N(c2c(C(C)C)cccc2C(C)C)C3=O)cc1,CC(C)c1cccc(C(C)C)c1,Pubchem,923.122,2,12,12,1.5,C62H54N2O6
CC(C)c1cccc(C(C)C)c1N1C(=O)c2ccc3c4ccc5c6c(cc(-c7ccc(C#N)cc7)c(c7c(-c8ccc(C#N)cc8)cc(c2c37)C1=O)c64)C(=O)N(c1c(C(C)C)cccc1C(C)C)C5=O,CC(C)c1cccc(C(C)C)c1,Pubchem,913.0899999999998,2,12,12,1.5,C62H48N4O4
CC(C)c1cccc(C(C)C)c1N1C(=O)c2ccc3c4ccc5c6c(cc(-c7cccc(C#N)c7)c(c7c(-c8cccc(C#N)c8)cc(c2c37)C1=O)c64)C(=O)N(c1c(C(C)C)cccc1C(C)C)C5=O,CC(C)c1cccc(C(C)C)c1,Pubchem,913.0899999999998,2,12,12,1.5,C62H48N4O4
O=C([O-])CC(C(=O)[O-])N1C(=O)c2ccc3c4ccc5c6c(ccc(c7ccc(c2c37)C1=O)c64)C(=O)N(C(CC(=O)[O-])C(=O)[O-])C5=O,O=C([O-])CCC(=O)[O-],Pubchem,618.4660000000003,3,8,7,0.0,C32H14N2O12-4
CCCCCCC(CCCCCC)N1C(=O)c2ccc3c4ccc5c6c(cc(-c7ccc(C8=S=CC=C8)s7)c(c7ccc(c2c37)C1=O)c64)C(=O)N(C(CCCCCC)CCCCCC)C5=O,CCCCCCCCCCCCC,Pubchem,919.3099999999994,10,13,12,0.0,C58H66N2O4S2
CC(C)c1cccc(C(C)C)c1N1C(=O)c2ccc3c4ccc5c6c(cc(-c7ccc(O)cc7)c(c7ccc(c2c37)C1=O)c64)C(=O)N(c1c(C(C)C)cccc1C(C)C)C5=O,CC(C)c1cccc(C(C)C)c1,Pubchem,802.9710000000001,2,12,12,1.5,C54H46N2O5
NC(CCCCN1C(=O)c2ccc3c4ccc5c6c(ccc(c7ccc(c2c37)C1=O)c64)C(=O)N(CCCCC(N)C(=O)O)C5=O)C(=O)O,CCCCC(N)C(=O)O,Pubchem,648.672,4,9,8,0.0,C36H32N4O8
CC(C)(C)OC(=O)N1C(=O)c2ccc3c4ccc5c6c(ccc(c7ccc(c2c37)C1=O)c64)C(=O)N(C(=O)OC(C)(C)C)C5=O,CC(C)(C)OC=O,Pubchem,590.5880000000002,1,7,6,0.0,C34H26N2O8
CCCCC(CC)COCC(O)CN1C(=O)c2ccc3c4ccc5c6c(ccc(c7ccc(c2c37)C1=O)c64)C(=O)N(CC(O)COCC(CC)CCCC)C5=O,CCCCC(CC)COCC(C)O,Pubchem,762.9439999999998,8,13,12,0.0,C46H54N2O8
O=C1c2ccc3c4c(N5CCCC5)cc5c6c(ccc(c7c(N8CCCC8)cc(c2c37)C(=O)N1CCCO)c64)C(=O)N(CCCO)C5=O,CCCO,Pubchem,644.7280000000002,1,4,3,0.0,C38H36N4O6
CCOC(=O)CC(=O)OCCCN1C(=O)c2ccc3c4c(N5CCCC5)cc5c6c(ccc(c7c(N8CCCC8)cc(c2c37)C1=O)c64)C(=O)N(CCCOC(=O)CC(=O)OCC)C5=O,CCCOC(=O)CC(=O)OCC,Pubchem,872.9279999999993,5,12,11,0.0,C48H48N4O12
CC(C)c1cccc(C(C)C)c1N1C(=O)c2ccc3c4ccc5c6c(cc(-c7ccc(CO)cc7)c(c7ccc(c2c37)C1=O)c64)C(=O)N(c1c(C(C)C)cccc1C(C)C)C5=O,CC(C)c1cccc(C(C)C)c1,Pubchem,816.998,2,12,12,1.5,C55H48N2O5
CCCCCCc1ccc(-c2cc3c4c(ccc5c6ccc7c8c(ccc(c2c45)c86)C(=O)N(CC(CC)CCCC)C7=O)C(=O)N(CC(CC)CCCC)C3=O)cc1,CCCCC(C)CC,Pubchem,775.0459999999996,4,8,7,0.0,C52H58N2O4
CCCCCCCCCc1ccc(-c2cc3c4c(ccc5c6ccc7c8c(ccc(c2c45)c86)C(=O)N(CC(CC)CCCC)C7=O)C(=O)N(CC(CC)CCCC)C3=O)cc1,CCCCC(C)CC,Pubchem,817.1269999999995,4,8,7,0.0,C55H64N2O4
CCCCC(CC)CN1C(=O)c2ccc3c4ccc5c6c(cc(-c7ccc(CCC)cc7)c(c7ccc(c2c37)C1=O)c64)C(=O)N(CC(CC)CCCC)C5=O,CCCCC(C)CC,Pubchem,732.9649999999998,4,8,7,0.0,C49H52N2O4
CC(C)c1cccc(C(C)C)c1N1C(=O)c2ccc3c4c(Oc5ccc(CCN=C(O)OC(C)(C)C)cc5)cc5c6c(ccc(c7c(O)cc(c2c37)C1=O)c64)C(=O)N(c1c(C(C)C)cccc1C(C)C)C5=O,CC(C)c1cccc(C(C)C)c1,Pubchem,962.1559999999998,2,12,12,1.5,C61H59N3O8
CCC(CC)N1C(=O)c2ccc3c4ccc5c6c(c(-c7cc(C(C)(C)C)ccc7N=C(C)O)cc(c7ccc(c2c37)C1=O)c64)C(=O)N(C(CC)CC)C5=O,CCCCC,Pubchem,719.8820000000002,2,5,4,0.0,C46H45N3O5
CCC(CC)N1C(=O)c2ccc3c4ccc5c6c(c(-c7cc([N+](=O)[O-])ccc7N=C(C)O)cc(c7ccc(c2c37)C1=O)c64)C(=O)N(C(CC)CC)C5=O,CCCCC,Pubchem,708.7710000000003,2,5,4,0.0,C42H36N4O7
CCCCC(CC)CN1C(=O)c2ccc3c4ccc5c6c(cc(N=C(O)c7ccccn7)c(c7ccc(c2c37)C1=O)c64)C(=O)N(CC(CC)CCCC)C5=O,CCCCC(C)CC,Pubchem,734.8969999999999,4,8,7,0.0,C46H46N4O5
CCC(CC)N1C(=O)c2ccc3c4ccc5c6c(cc(Oc7ccc(CC(N=C(C)O)C(=O)O)cc7)c(c7ccc(c2c37)C1=O)c64)C(=O)N(C(CC)CC)C5=O,CCCCC,Pubchem,751.8360000000002,2,5,4,0.0,C45H41N3O8
O=C1c2ccc3c4c([NH+]=C5C=CC(=[N+](O)O)C=C5)cc5c6c(ccc(c7c([NH+]=C8C=CC(=[N+]([O-])[O-])C=C8)cc(c2c37)C(=O)N1c1ccc([N+](=O)[O-])cc1)c64)C(=O)N(c1ccc([N+](=O)[O-])cc1)C5=O,O=[N+]([O-])c1ccccc1,Pubchem,906.78,1,9,9,1.5,C48H26N8O12+2
O=C1c2ccc3c4c(N=C5C=CC(=[N+](O)O)C=C5)cc5c6c(ccc(c7c(N=C8C=CC(=[N+]([O-])O)C=C8)cc(c2c37)C(=O)N1c1ccc([N+](=O)[O-])cc1)c64)C(=O)N(c1ccc([N+](=O)[O-])cc1)C5=O,O=[N+]([O-])c1ccccc1,Pubchem,905.7719999999999,1,9,9,1.5,C48H25N8O12+
CCCCCCCCCCCCN1C(=O)c2ccc3c4c(-c5ccc(N=Cc6ccccc6O)cc5)cc5c6c(ccc(c7c(-c8ccc(N=Cc9ccccc9O)cc8)cc(c2c37)C1=O)c64)C(=O)N(CCCCCCCCCCCC)C5=O,CCCCCCCCCCCC,Pubchem,1117.4439999999995,9,12,11,0.0,C74H76N4O6
CCCCCCCCN1C(=O)c2ccc3c4c([N+](=O)[O-])cc5c6c(cc([N+](=O)[O-])c(c7ccc(c2c37)C1=O)c64)C(=O)N(CCCCCCCC)C5=O,CCCCCCCC,Pubchem,704.7800000000001,5,8,7,0.0,C40H40N4O8
O=C(O)CCN1C(=O)c2cc(Oc3cccnc3)c3c4c(Oc5cccnc5)cc5c6c(cc(Oc7cccnc7)c(c7c(Oc8cccnc8)cc(c2c37)C1=O)c64)C(=O)N(CCC(=O)O)C5=O,CCC(=O)O,Pubchem,906.8199999999999,1,5,4,0.0,C50H30N6O12
CCC(CC)N1C(=O)c2ccc3c4c(OCCOC)cc5c6c(ccc(c7c(C#Cc8ccc(-c9cc(-c%10ccccn%10)nc(-c%10cccc[n+]%10C)c9)cc8)cc(c2c37)C1=O)c64)C(=O)N(C(CC)CC)C5=O,CCCCC,Pubchem,951.1159999999998,2,5,4,0.0,C61H52N5O6+
CCC(CC)N1C(=O)c2ccc3c4c(N=O)cc5c6c(ccc(c7c(C#Cc8ccc(-c9cc(-c%10ccccn%10)nc(-c%10ccccn%10)c9)cc8)cc(c2c37)C1=O)c64)C(=O)N(C(CC)CC)C5=O,CCCCC,Pubchem,891.0,2,5,4,0.0,C57H42N6O5
C=CC=C(C=C)CC(NC(=O)C(Cc1ccccc1)NC(=O)C(CSc1cc2c3c(ccc4c5c(OC(C)(C)CO)cc6c7c(ccc(c1c34)c75)C(=O)N(C(CC)CC)C6=O)C(=O)N(C(CC)CC)C2=O)NC(C)=O)C(=O)O,CCCCC,Pubchem,1076.282,2,5,4,0.0,C61H65N5O11S
CCC(CC)N1C(=O)c2ccc3c4c(SCC(NC)C(=O)NC(CC5=CCCC=C5)C(=O)O)cc5c6c(ccc(c7c(OCCO)cc(c2c37)C1=O)c64)C(=O)N(C(CC)CC)C5=O,CCCCC,Pubchem,873.0409999999999,2,5,4,0.0,C49H52N4O9S
CC(=N)c1cc2c3c(ccc4c5c(-c6nc(C)nc(N(C)C)n6)cc6c7c(ccc(c1c34)c75)C(=O)N(c1c(C(C)C)cccc1C(C)C)C6=O)C(=O)N(c1c(C(C)C)cccc1C(C)C)C2=O,CC(C)c1cccc(C(C)C)c1,Pubchem,888.0849999999998,2,12,12,1.5,C56H53N7O4
CCCCC(CC)N1C(=O)c2ccc3c4c(SC#N)cc5c6c(cc(SC#N)c(c7ccc(c2c37)C1=O)c64)C(=O)N(C(CC)CCCC)C5=O,CCCCCCC,Pubchem,700.8860000000001,4,7,6,0.0,C40H36N4O4S2
Cc1cc2c3c(C)c(C)c4c5c(c(C)cc(c6c(C)c(C)c7c(c1C(=O)N(C)C7=O)c26)c53)C(=O)N(C)C4=O,C,Pubchem,502.5700000000004,0,1,0,0.0,C32H26N2O4
O=C(O)C(c1cnc[nH]1)N1C(=O)c2ccc3c4ccc5c6c(ccc(c7ccc(c2c37)C1=O)c64)C(=O)N(C(C(=O)O)c1cnc[nH]1)C5=O,O=C(O)Cc1cnc[nH]1,Pubchem,638.5520000000001,2,9,9,1.5,C34H18N6O8
CC1C=CC=C(N2C(=O)c3ccc4c5ccc6c7c(ccc(c8ccc(c3c48)C2=O)c75)C(=O)N(C2=CC=CC(C)C=C2)C6=O)C=C1,CC1C=CC=CC=C1,Pubchem,598.6580000000002,0,8,8,1.0,C40H26N2O4
CCCCCCCCN1C(=O)c2ccc3c4c(Oc5ccc(C=O)cc5)cc5c6c(ccc(c7c(Oc8ccc(C=O)cc8)cc(c2c37)C1=O)c64)C(=O)N(CCCCCCCC)C5=O,CCCCCCCC,Pubchem,855.0000000000001,5,8,7,0.0,C54H50N2O8
[C-]#[N+]c1cc2c3c(ccc4c5c(C)cc6c7c(ccc(c1c34)c75)C(=O)N(CCC(C)C)C6=O)C(=O)N(CCC(C)C)C2=O,CCC(C)C,Pubchem,569.6610000000002,1,5,4,0.0,C36H31N3O4
[C-]#[N+]c1cc2c3c(ccc4c5c(C#N)cc6c7c(ccc(c1c34)c75)C(=O)N(CC(C)C)C6=O)C(=O)N(CC(C)C)C2=O,CC(C)C,Pubchem,552.5900000000003,0,4,3,0.0,C34H24N4O4
CCC(CC)N1C(=O)c2ccc3c4ccc5c6c(cc(C)c(c7ccc(c2c37)C1=O)c64)C(=O)N(C(CC)CC)C5=O,CCCCC,Pubchem,544.6510000000004,2,5,4,0.0,C35H32N2O4
CCC(CC)N1C(=O)c2ccc3c4c([N+](=O)[O-])cc5c6c(ccc(c7c(C)cc(c2c37)C1=O)c64)C(=O)N(C(CC)CC)C5=O,CCCCC,Pubchem,589.6480000000004,2,5,4,0.0,C35H31N3O6
[C-]#[N+]c1cc2c3c(ccc4c5c(C#N)cc6c7c(ccc(c1c34)c75)C(=O)N(CC)C6=O)C(=O)N(CC)C2=O,CC,Pubchem,496.4820000000003,0,2,1,0.0,C30H16N4O4
[C-]#[N+]c1cc2c3c(ccc4c5c(C)cc6c7c(ccc(c1c34)c75)C(=O)N(CC(C)C)C6=O)C(=O)N(CC(C)C)C2=O,CC(C)C,Pubchem,541.6070000000003,0,4,3,0.0,C34H27N3O4
[C-]#[N+]c1cc2c3c(ccc4c5c(C)cc6c7c(ccc(c1c34)c75)C(=O)N(C(C)CCCCC)C6=O)C(=O)N(C(C)CCCCC)C2=O,CCCCCCC,Pubchem,625.769,4,7,6,0.0,C40H39N3O4
[C-]#[N+]c1cc2c3c(cc(C#N)c4c5ccc6c7c(ccc(c1c34)c75)C(=O)N(CC)C6=O)C(=O)N(CC)C2=O,CC,Pubchem,496.4820000000003,0,2,1,0.0,C30H16N4O4
[C-]#[N+]c1cc2c3c(cc(C#N)c4c5c(C#N)cc6c7c(cc([N+]#[C-])c(c1c34)c75)C(=O)N(CC)C6=O)C(=O)N(CC)C2=O,CC,Pubchem,546.5020000000002,0,2,1,0.0,C32H14N6O4
[C-]#[N+]c1cc2c3c(cc(C#N)c4c5c(C#N)cc6c7c(cc([N+]#[C-])c(c1c34)c75)C(=O)N(C)C6=O)C(=O)N(C)C2=O,C,Pubchem,518.4480000000003,0,1,0,0.0,C30H10N6O4
CCCCC(C)CCN1C(=O)c2ccc3c4c(C)cc5c6c(ccc(c7c(C)cc(c2c37)C1=O)c64)C(=O)N(CCC(C)CCCC)C5=O,CCCCC(C)CC,Pubchem,642.84,4,8,7,0.0,C42H46N2O4
CCCCCC(CCCCC)N1C(=O)c2ccc3c4ccc5c6c(cc(C)c(c7ccc(c2c37)C1=O)c64)C(=O)N(C(CCCCC)CCCCC)C5=O,CCCCCCCCCCC,Pubchem,712.9749999999997,8,11,10,0.0,C47H56N2O4
[C-]#[N+]c1cc2c3c(ccc4c5c(C)cc6c7c(ccc(c1c34)c75)C(=O)N(C(CC)CCC)C6=O)C(=O)N(C(CC)CCC)C2=O,CCCCCC,Pubchem,597.7150000000003,3,6,5,0.0,C38H35N3O4
[C-]#[N+]c1cc2c3c(ccc4c5c(C)cc6c7c(ccc(c1c34)c75)C(=O)N(C(C)CCC)C6=O)C(=O)N(C(C)CCC)C2=O,CCCCC,Pubchem,569.6610000000003,2,5,4,0.0,C36H31N3O4
CC(C)c1ccccc1Cc1cc2c3c(ccc4c5c(Nc6ccccc6C(C)C)cc6c7c(ccc(c1c34)c75)C(=O)N(c1c(C(C)C)cccc1C(C)C)C6=O)C(=O)N(c1c(C(C)C)cccc1C(C)C)C2=O,CC(C)c1cccc(C(C)C)c1,Pubchem,976.2739999999998,2,12,12,1.5,C67H65N3O4
Cc1cc2c3ccc4c5c(c(C)cc(c6ccc7c(c1C(=O)N(C)C7=O)c62)c53)C(=O)N(C)C4=O,C,Pubchem,446.4620000000002,0,1,0,0.0,C28H18N2O4
O=C1CCCCCN1CCCN1C(=O)c2ccc3c4ccc5c6c(ccc(c7ccc(c2c37)C1=O)c64)C(=O)N(CCCN1CCCCCC1=O)C5=O,CCCN1CCCCCC1=O,Pubchem,696.8039999999996,2,11,11,1.0,C42H40N4O6
CCC(CC)N1C(=O)c2ccc3c4ccc5c6c(c7c(c8c9n7CCCN9CCCC8)c(c7ccc(c2c37)C1=O)c64)C(=O)N(C(CC)CC)C5=O,CCCCC,Pubchem,678.8330000000003,2,5,4,0.0,C43H42N4O4
CCCCCC(CCCCC)N1C(=O)c2c(-c3c(C)cc(C)cc3C)cc3c4cc(-c5c(C)cc(C)cc5C)c5c6c(c(-c7c(C)cc(C)cc7C)cc(c7cc(-c8c(C)cc(C)cc8C)c(c2c37)C1=O)c64)C(=O)N(C(CCCCC)CCCCC)C5=O,CCCCCCCCCCC,Pubchem,1171.6639999999986,8,11,10,0.0,C82H94N2O4
CC=Cc1cc2c3c(ccc4c5c(C)cc6c7c(ccc(c1c34)c75)C(=O)N(CC(C)C)C6=O)C(=O)N(CC(C)C)C2=O,CC(C)C,Pubchem,556.6620000000003,0,4,3,0.0,C36H32N2O4
CC#Cc1cc2c3c(ccc4c5c(C)cc6c7c(ccc(c1c34)c75)C(=O)N(CC(C)C)C6=O)C(=O)N(CC(C)C)C2=O,CC(C)C,Pubchem,554.6460000000003,0,4,3,0.0,C36H30N2O4
CCCC(CCC)N1C(=O)c2c(-c3ccncc3)cc3c4cc(-c5ccncc5)c5c6c(c(-c7ccncc7)cc(c7cc(-c8ccncc8)c(c2c37)C1=O)c64)C(=O)N(C(CCC)CCC)C5=O,CCCCCCC,Pubchem,895.076,4,7,6,0.0,C58H50N6O4
CC(C)(C)c1ccc(Oc2cc3c4c(cc(Oc5ccc(C(C)(C)C)cc5)c5c6ccc7c8c(ccc(c2c45)c86)C(=O)N(C2CCCCC2)C7=O)C(=O)N(C2CCCCC2)C3=O)cc1,C1CCCCC1,Pubchem,851.0559999999998,0,6,6,1.0,C56H54N2O6
CCCCCC(CCCCC)N1C(=O)c2ccc3c4ccc5c6c(cc(-c7cc(C)sc7C)c(c7ccc(c2c37)C1=O)c64)C(=O)N(C(CCCCC)CCCCC)C5=O,CCCCCCCCCCC,Pubchem,809.1289999999996,8,11,10,0.0,C52H60N2O4S
CCCCCC(CCCCC)N1C(=O)c2ccc3c4ccc5c6c(cc(-c7c(C)sc8ccccc78)c(c7ccc(c2c37)C1=O)c64)C(=O)N(C(CCCCC)CCCCC)C5=O,CCCCCCCCCCC,Pubchem,845.1619999999996,8,11,10,0.0,C55H60N2O4S
Cc1cccc(Cc2c(C)cccc2CN2C(=O)c3ccc4c5ccc6c7c(ccc(c8ccc(c3c48)C2=O)c75)C(=O)N(Cc2cccc(C)c2Cc2cccc(C)c2)C6=O)c1,Cc1cccc(C)c1,Generated,806.9619999999999,0,8,8,1.5,C56H42N2O4
O=C1c2ccc3c4ccc5c6c(ccc(c7ccc(c2c37)C(=O)N1c1ccc(N=Nc2ccc(-c3ccc(N=Nc7ccccc7)cc3)cc2)cc1)c64)C(=O)N(c1ccc(N=Nc2ccc(-c3ccc(N=Nc4ccccc4)cc3)cc2)cc1)C5=O,c1ccc(N=Nc2ccccc2)cc1,Generated,1111.1939999999997,2,14,15,3.0,C72H42N10O4
O=C1NC(=O)c2ccc3c4ccc5c6c(ccc(c7ccc1c2c73)c64)C(=O)NC5=O.[H].[H].[H].[H],H,Generated,394.3860000000001,0,0,0,0.0,C24H14N2O4
O=C1c2ccc3c4ccc5c6c(ccc(c7ccc(c2c37)C(=O)N1COc1ccccc1COc1ccccc1)c64)C(=O)N(COc1ccccc1COc1ccccc1)C5=O,COc1ccccc1,Generated,814.85,1,8,8,1.5,C52H34N2O8
O=C1c2ccc3c4ccc5c6c(ccc(c7ccc(c2c37)C(=O)N1CCOc1ccccc1CCOc1ccccc1)c64)C(=O)N(CCOc1ccccc1CCOc1ccccc1)C5=O,CCOc1ccccc1,Generated,870.958,2,9,9,1.5,C56H42N2O8
O=C1c2ccc3c4ccc5c6c(ccc(c7ccc(c2c37)C(=O)N1Nc1ccccc1Nc1ccccc1)c64)C(=O)N(Nc1ccccc1Nc1ccccc1)C5=O,Nc1ccccc1,Generated,754.806,0,7,7,1.5,C48H30N6O4
CCN1CCC(CCN2CCC(N3C(=O)c4ccc5c6ccc7c8c(ccc(c9ccc(c4c59)C3=O)c86)C(=O)N(C3CCN(CCC4CCN(CC)CC4)CC3)C7=O)CC2)CC1,CCN1CCCCC1,Generated,835.1059999999991,1,8,8,1.0,C52H62N6O4
CCN(C)CCCN(C)CN1C(=O)c2ccc3c4ccc5c6c(ccc(c7ccc(c2c37)C1=O)c64)C(=O)N(CN(C)CCCN(C)CC)C5=O,CCN(C)C,Generated,674.8459999999998,1,5,4,0.0,C40H46N6O4
CC[N+](C)(C)CCC[N+](C)(C)CN1C(=O)c2ccc3c4ccc5c6c(ccc(c7ccc(c2c37)C1=O)c64)C(=O)N(C[N+](C)(C)CCC[N+](C)(C)CC)C5=O,CC[N+](C)(C)C,Generated,734.9859999999996,1,6,5,0.0,C44H58N6O4+4
CCOCCN1CCC(CCOCCN2CCC(N3C(=O)c4ccc5c6ccc7c8c(ccc(c9ccc(c4c59)C3=O)c86)C(=O)N(C3CCN(CCOCCC4CCN(CCOCC)CC4)CC3)C7=O)CC2)CC1,CCOCCN1CCCCC1,Generated,1011.3179999999987,4,11,11,1.0,C60H78N6O8
O=C1c2ccc3c4ccc5c6c(ccc(c7ccc(c2c37)C(=O)N1c1ccc(-c2ccccc2)cc1)c64)C(=O)N(c1ccc(-c2ccccc2)cc1)C5=O,c1ccccc1,Generated,694.7460000000001,0,6,6,1.5,C48H26N2O4
CCCCCCCCC(CCC)CCCCN1C(=O)c2ccc3c4ccc5c6c(ccc(c7ccc(c2c37)C1=O)c64)C(=O)N(CCCCC(CCC)CCCCCCCC)C5=O,CCCCCCCC,Generated,839.2179999999992,5,8,7,0.0,C56H74N2O4
CCCCCCC(CC)CCCN1C(=O)c2ccc3c4ccc5c6c(ccc(c7ccc(c2c37)C1=O)c64)C(=O)N(CCCC(CC)CCCCCC)C5=O,CCCCCC,Generated,727.0019999999996,3,6,5,0.0,C48H58N2O4
CC(C)c1cccc(C(C)Cc2c(C(C)C)cccc2C(C)CN2C(=O)c3ccc4c5ccc6c7c(ccc(c8ccc(c3c48)C2=O)c75)C(=O)N(CC(C)c2cccc(C(C)C)c2CC(C)c2cccc(C(C)C)c2)C6=O)c1,CC(C)c1cccc(C(C)C)c1,Generated,1031.3939999999996,2,12,12,1.5,C72H74N2O4
O=C1c2ccc3c4ccc5c6c(ccc(c7ccc(c2c37)C(=O)N1CC(CCc1ccccc1)c1ccccc1)c64)C(=O)N(CC(CCc1ccccc1)c1ccccc1)C5=O,CCc1ccccc1,Generated,806.962,1,8,8,1.5,C56H42N2O4
CC(C)(C)c1ccc(C(C)(C)Cc2cc(C(C)(C)CN3C(=O)c4ccc5c6ccc7c8c(ccc(c9ccc(c4c59)C3=O)c86)C(=O)N(CC(C)(C)c3ccc(C(C)(C)C)c(CC(C)(C)c4ccc(C(C)(C)C)cc4)c3)C7=O)ccc2C(C)(C)C)cc1,CC(C)(C)c1ccc(C(C)(C)C)cc1,Generated,1143.609999999999,0,14,14,1.5,C80H90N2O4
CCNCCOCCNCCON1C(=O)c2ccc3c4ccc5c6c(ccc(c7ccc(c2c37)C1=O)c64)C(=O)N(OCCNCCOCCNCC)C5=O,CCNCCO,Generated,738.8419999999998,3,6,5,0.0,C40H46N6O8
CCCN(C)CCCCN(C)CN1C(=O)c2ccc3c4ccc5c6c(ccc(c7ccc(c2c37)C1=O)c64)C(=O)N(CN(C)CCCCN(C)CCC)C5=O,CCCN(C)C,Generated,730.9539999999996,2,6,5,0.0,C44H54N6O4
NCCC(N)CN1C(=O)c2ccc3c4ccc5c6c(ccc(c7ccc(c2c37)C1=O)c64)C(=O)N(CC(N)CCN)C5=O,CCN,Generated,562.6300000000002,0,3,2,0.0,C32H30N6O4
O=C1c2ccc3c4ccc5c6c(ccc(c7ccc(c2c37)C(=O)N1Cc1ccccc1Cc1ccccc1)c64)C(=O)N(Cc1ccccc1Cc1ccccc1)C5=O,Cc1ccccc1,Generated,750.854,0,7,7,1.5,C52H34N2O4
CCCCCC(C)CCCN1C(=O)c2ccc3c4ccc5c6c(ccc(c7ccc(c2c37)C1=O)c64)C(=O)N(CCCC(C)CCCCC)C5=O,CCCCC,Generated,670.8939999999998,2,5,4,0.0,C44H50N2O4
CNCCNCCNCNCCNCCNN1C(=O)c2ccc3c4ccc5c6c(ccc(c7ccc(c2c37)C1=O)c64)C(=O)N(NCCNCCNCNCCNCCNC)C5=O,CNCCNCCN,Generated,851.0739999999995,5,8,7,0.0,C44H62N14O4
CNCCNCCNC(=O)CCNCCNCCNC(=O)CN1C(=O)c2ccc3c4ccc5c6c(ccc(c7ccc(c2c37)C1=O)c64)C(=O)N(CC(=O)NCCNCCNCCC(=O)NCCNCCNC)C5=O,CNCCNCCNC(C)=O,Generated,1019.2219999999992,6,11,10,0.0,C52H70N14O8
CCNCCCNCCNCCCNN1C(=O)c2ccc3c4ccc5c6c(ccc(c7ccc(c2c37)C1=O)c64)C(=O)N(NCCCNCCNCCCNCC)C5=O,CCNCCCN,Generated,791.0139999999996,4,7,6,0.0,C44H58N10O4
CCNCCCCNCCCNC(=O)CCCNCCCCNCCCNC(=O)CN1C(=O)c2ccc3c4ccc5c6c(ccc(c7ccc(c2c37)C1=O)c64)C(=O)N(CC(=O)NCCCNCCCCNCCCC(=O)NCCCNCCCCNCC)C5=O,CCNCCCCNCCCNC(C)=O,Generated,1243.6539999999998,10,15,14,0.0,C68H102N14O8
CNCCNC(C)CCNCCNC(C)CN1C(=O)c2ccc3c4ccc5c6c(ccc(c7ccc(c2c37)C1=O)c64)C(=O)N(CC(C)NCCNCCC(C)NCCNC)C5=O,CNCCNC(C)C,Generated,847.1219999999996,4,8,7,0.0,C48H66N10O4
CCNCCCN(C)CCCNCCCN(C)CN1C(=O)c2ccc3c4ccc5c6c(ccc(c7ccc(c2c37)C1=O)c64)C(=O)N(CN(C)CCCNCCCN(C)CCCNCC)C5=O,CCNCCCN(C)C,Generated,903.2299999999991,5,9,8,0.0,C52H74N10O4
CCNCCCNC(=O)CCCNCCCNC(=O)CN1C(=O)c2ccc3c4ccc5c6c(ccc(c7ccc(c2c37)C1=O)c64)C(=O)N(CC(=O)NCCCNCCCC(=O)NCCCNCC)C5=O,CCNCCCNC(C)=O,Generated,959.1619999999992,5,10,9,0.0,C52H66N10O8
CCCNCCCCNCCCNCCCNCCCCNCCCNN1C(=O)c2ccc3c4ccc5c6c(ccc(c7ccc(c2c37)C1=O)c64)C(=O)N(NCCCNCCCCNCCCNCCCNCCCCNCCC)C5=O,CCCNCCCCNCCCN,Generated,1131.6139999999991,10,13,12,0.0,C64H102N14O4
CC(CC(CN1CCOCC1)N1C(=O)c2ccc3c4ccc5c6c(ccc(c7ccc(c2c37)C1=O)c64)C(=O)N(C(CC(C)CN1CCOCC1)CN1CCOCC1)C5=O)CN1CCOCC1,CCCN1CCOCC1,Generated,899.1019999999991,2,9,9,1.0,C52H62N6O8
CCCCCCCCCCCCCC(CCCCCC)CCCCCCN1C(=O)c2ccc3c4ccc5c6c(ccc(c7ccc(c2c37)C1=O)c64)C(=O)N(CCCCCCC(CCCCCC)CCCCCCCCCCCCC)C5=O,CCCCCCCCCCCCC,Generated,1119.757999999999,10,13,12,0.0,C76H114N2O4
Cc1ccc(OCCc2ccc(OCN3C(=O)c4ccc5c6ccc7c8c(ccc(c9ccc(c4c59)C3=O)c86)C(=O)N(COc3ccc(CCOc4ccc(C)cc4)cc3)C7=O)cc2)cc1,COc1ccc(C)cc1,Generated,870.9580000000001,1,9,9,1.5,C56H42N2O8
CCc1ccc(CCc2ccc(N3C(=O)c4ccc5c6ccc7c8c(ccc(c9ccc(c4c59)C3=O)c86)C(=O)N(c3ccc(CCc4ccc(CC)nc4)nc3)C7=O)cn2)cn1,CCc1ccccn1,Generated,810.9139999999998,1,8,8,1.5,C52H38N6O4
CCN1CCOC(CCN2CCOC(N3C(=O)c4ccc5c6ccc7c8c(ccc(c9ccc(c4c59)C3=O)c86)C(=O)N(C3CN(CCC4CN(CC)CCO4)CCO3)C7=O)C2)C1,CCN1CCOCC1,Generated,842.9939999999993,1,8,8,1.0,C48H54N6O8
CCC1CCCN1CCCC1CCCN1CN1C(=O)c2ccc3c4ccc5c6c(ccc(c7ccc(c2c37)C1=O)c64)C(=O)N(CN1CCCC1CCCN1CCCC1CC)C5=O,CCC1CCCN1C,Generated,835.1059999999993,1,8,8,1.0,C52H62N6O4
CCNCCCCNCCCNCCNCCCCNCCCNN1C(=O)c2ccc3c4ccc5c6c(ccc(c7ccc(c2c37)C1=O)c64)C(=O)N(NCCCNCCCCNCCNCCCNCCCCNCC)C5=O,CCNCCCCNCCCN,Generated,1075.505999999999,9,12,11,0.0,C60H94N14O4
CCOCCN1CCN(CCCOCCN2CCN(CN3C(=O)c4ccc5c6ccc7c8c(ccc(c9ccc(c4c59)C3=O)c86)C(=O)N(CN3CCN(CCOCCCN4CCN(CCOCC)CC4)CC3)C7=O)CC2)CC1,CCOCCN1CCN(C)CC1,Generated,1071.377999999999,4,12,12,1.0,C60H82N10O8
CCOCCN(C)CCCOCCN(C)CN1C(=O)c2ccc3c4ccc5c6c(ccc(c7ccc(c2c37)C1=O)c64)C(=O)N(CN(C)CCOCCCN(C)CCOCC)C5=O,CCOCCN(C)C,Generated,851.0579999999994,4,8,7,0.0,C48H62N6O8
CCOCCNCCCOCCNCN1C(=O)c2ccc3c4ccc5c6c(ccc(c7ccc(c2c37)C1=O)c64)C(=O)N(CNCCOCCCNCCOCC)C5=O,CCOCCNC,Generated,794.9499999999996,4,7,6,0.0,C44H54N6O8
NCCCC(CN)CN1C(=O)c2ccc3c4ccc5c6c(ccc(c7ccc(c2c37)C1=O)c64)C(=O)N(CC(CN)CCCN)C5=O,CCCN,Generated,618.7379999999999,1,4,3,0.0,C36H38N6O4
CCCN(CCCCN)CCCCN(CCCCN)CN1C(=O)c2ccc3c4ccc5c6c(ccc(c7ccc(c2c37)C1=O)c64)C(=O)N(CN(CCCCN)CCCCN(CCC)CCCCN)C5=O,CCCN(C)CCCCN,Generated,959.3379999999987,6,10,9,0.0,C56H82N10O4
CCCN(CCCN)CCCCN(CCCN)CN1C(=O)c2ccc3c4ccc5c6c(ccc(c7ccc(c2c37)C1=O)c64)C(=O)N(CN(CCCN)CCCCN(CCC)CCCN)C5=O,CCCN(C)CCCN,Generated,903.2299999999989,5,9,8,0.0,C52H74N10O4
CCCCCCCCCCCCC(CCCCC)CCCCCCN1C(=O)c2ccc3c4ccc5c6c(ccc(c7ccc(c2c37)C1=O)c64)C(=O)N(CCCCCCC(CCCCC)CCCCCCCCCCCC)C5=O,CCCCCCCCCCCC,Generated,1063.6499999999985,9,12,11,0.0,C72H106N2O4
CCCCC(C)CCN1C(=O)c2ccc3c4ccc5c6c(ccc(c7ccc(c2c37)C1=O)c64)C(=O)N(CCC(C)CCCC)C5=O,CCCC,Generated,614.7860000000002,1,4,3,0.0,C40H42N2O4
CC(C)CC(C)CC(C(C)C)C(C)CN1C(=O)c2ccc3c4ccc5c6c(ccc(c7ccc(c2c37)C1=O)c64)C(=O)N(CC(C)C(CC(C)CC(C)C)C(C)C)C5=O,CC(C)CC(C)C,Generated,783.1099999999998,2,7,6,0.0,C52H66N2O4
CCc1ccnc(CCc2ccnc(N3C(=O)c4ccc5c6ccc7c8c(ccc(c9ccc(c4c59)C3=O)c86)C(=O)N(c3cc(CCc4cc(CC)ccn4)ccn3)C7=O)c2)c1,CCc1ccncc1,Generated,810.9139999999999,1,8,8,1.5,C52H38N6O4
O=C1c2ccc3c4ccc5c6c(ccc(c7ccc(c2c37)C(=O)N1c1ccc(-c2cccnc2)nc1)c64)C(=O)N(c1ccc(-c2cccnc2)nc1)C5=O,c1ccncc1,Generated,698.698,0,6,6,1.5,C44H22N6O4
CCOCCCCCOCCCN1C(=O)c2ccc3c4ccc5c6c(ccc(c7ccc(c2c37)C1=O)c64)C(=O)N(CCCOCCCCCOCC)C5=O,CCCOCC,Generated,734.8899999999996,3,6,5,0.0,C44H50N2O8
O=C1c2ccc3c4ccc5c6c(ccc(c7ccc(c2c37)C(=O)N1CCCc1ccc(CCCc2ccccc2)cc1)c64)C(=O)N(CCCc1ccc(CCCc2ccccc2)cc1)C5=O,CCCc1ccccc1,Generated,863.0699999999998,2,9,9,1.5,C60H50N2O4
CCCNCCCN(C)CCCCNCCCN(C)CN1C(=O)c2ccc3c4ccc5c6c(ccc(c7ccc(c2c37)C1=O)c64)C(=O)N(CN(C)CCCNCCCCN(C)CCCNCCC)C5=O,CCCNCCCN(C)C,Generated,959.3379999999989,6,10,9,0.0,C56H82N10O4
COCCCCOCCCN1C(=O)c2ccc3c4ccc5c6c(ccc(c7ccc(c2c37)C1=O)c64)C(=O)N(CCCOCCCCOC)C5=O,CCCOC,Generated,678.7819999999998,2,5,4,0.0,C40H42N2O8
Cc1cc(C)cc(Cc2c(C)cc(CN3C(=O)c4ccc5c6ccc7c8c(ccc(c9ccc(c4c59)C3=O)c86)C(=O)N(Cc3cc(C)c(Cc4cc(C)cc(C)c4)c(C)c3)C7=O)cc2C)c1,Cc1cc(C)cc(C)c1,Generated,863.0699999999997,0,9,9,1.5,C60H50N2O4
O=C1c2ccc3c4ccc5c6c(ccc(c7ccc(c2c37)C(=O)N1c1ccc(Nc2ccc(-c3ccc(Nc7ccccc7)cc3)cc2)cc1)c64)C(=O)N(c1ccc(Nc2ccc(-c3ccc(Nc4ccccc4)cc3)cc2)cc1)C5=O,c1ccc(Nc2ccccc2)cc1,Generated,1059.198,2,13,14,3.0,C72H46N6O4
CCOCCON1C(=O)c2ccc3c4ccc5c6c(ccc(c7ccc(c2c37)C1=O)c64)C(=O)N(OCCOCC)C5=O,CCO,Generated,566.5660000000003,0,3,2,0.0,C32H26N2O8
O=C1c2ccc3c4ccc5c6c(ccc(c7ccc(c2c37)C(=O)N1C1CCC(C2CCCCC2)CC1)c64)C(=O)N(C1CCC(C2CCCCC2)CC1)C5=O,C1CCCCC1,Generated,718.9379999999999,0,6,6,1.0,C48H50N2O4
CCCCCCCCCC(C)CCCCCCCN1C(=O)c2ccc3c4ccc5c6c(ccc(c7ccc(c2c37)C1=O)c64)C(=O)N(CCCCCCCC(C)CCCCCCCCC)C5=O,CCCCCCCCC,Generated,895.325999999999,6,9,8,0.0,C60H82N2O4
CC=CCC=CN1C(=O)c2ccc3c4ccc5c6c(ccc(c7ccc(c2c37)C1=O)c64)C(=O)N(C=CCC=CC)C5=O,C=CC,Generated,550.6140000000003,0,3,2,0.0,C36H26N2O4
O=C1c2ccc3c4ccc5c6c(ccc(c7ccc(c2c37)C(=O)N1C1CCC(C2CCCC2)C1)c64)C(=O)N(C1CCC(C2CCCC2)C1)C5=O,C1CCCC1,Generated,662.8299999999999,0,5,5,1.0,C44H42N2O4
O=C1c2ccc3c4ccc5c6c(ccc(c7ccc(c2c37)C(=O)N1C1CCCCCC(C2CCCCCCCCCCC2)CCCCC1)c64)C(=O)N(C1CCCCCC(C2CCCCCCCCCCC2)CCCCC1)C5=O,C1CCCCCCCCCCC1,Generated,1055.5859999999984,0,12,12,1.0,C72H98N2O4
CCCCCCCCCCCC(CCCCC)CCCCCN1C(=O)c2ccc3c4ccc5c6c(ccc(c7ccc(c2c37)C1=O)c64)C(=O)N(CCCCCC(CCCCC)CCCCCCCCCCC)C5=O,CCCCCCCCCCC,Generated,1007.5419999999987,8,11,10,0.0,C68H98N2O4
CC(O)COCC(O)CON1C(=O)c2ccc3c4ccc5c6c(ccc(c7ccc(c2c37)C1=O)c64)C(=O)N(OCC(O)COCC(C)O)C5=O,CC(O)CO,Generated,686.6700000000002,1,5,4,0.0,C36H34N2O12
CCCCCCOC(=O)C(C)=CCCCCCCOC(=O)C(C)=CN1C(=O)c2ccc3c4ccc5c6c(ccc(c7ccc(c2c37)C1=O)c64)C(=O)N(C=C(C)C(=O)OCCCCCCC=C(C)C(=O)OCCCCCC)C5=O,C=C(C)C(=O)OCCCCCC,Generated,1063.297999999999,6,12,11,0.0,C64H74N2O12
O=C1c2ccc3c4ccc5c6c(ccc(c7ccc(c2c37)C(=O)N1C#Cc1ccc(C#Cc2ccccc2)cc1)c64)C(=O)N(C#Cc1ccc(C#Cc2ccccc2)cc1)C5=O,C#Cc1ccccc1,Generated,790.834,0,8,8,1.5,C56H26N2O4
CC(CCC(CN1C(=O)c2ccc3c4ccc5c6c(ccc(c7ccc(c2c37)C1=O)c64)C(=O)N(CC(CCC(C)N(C)C)N(C)C)C5=O)N(C)C)N(C)C,CC(C)N(C)C,Generated,730.954,1,6,5,0.0,C44H54N6O4
O=C1c2ccc3c4ccc5c6c(ccc(c7ccc(c2c37)C(=O)N1Nc1ccc(Nc2ccccc2S(=O)(=O)O)cc1S(=O)(=O)O)c64)C(=O)N(Nc1ccc(Nc2ccccc2S(=O)(=O)O)cc1S(=O)(=O)O)C5=O,Nc1ccccc1S(=O)(=O)O,Generated,1075.0620000000001,1,11,11,1.5,C48H30N6O16S4
O=C1c2ccc3c4ccc5c6c(ccc(c7ccc(c2c37)C(=O)N1Sc1ccc(Sc2ccccc2)cc1)c64)C(=O)N(Sc1ccc(Sc2ccccc2)cc1)C5=O,Sc1ccccc1,Generated,823.014,0,7,7,1.5,C48H26N2O4S4
CCCNC(=O)CCC(CN)CNCCCNC(=O)CCC(CN)CNN1C(=O)c2ccc3c4ccc5c6c(ccc(c7ccc(c2c37)C1=O)c64)C(=O)N(NCC(CN)CCC(=O)NCCCNCC(CN)CCC(=O)NCCC)C5=O,CCCNC(=O)CCC(CN)CN,Generated,1131.437999999999,7,13,12,0.0,C60H86N14O8
Cc1ccccc1CCc1ccccc1CN1C(=O)c2ccc3c4ccc5c6c(ccc(c7ccc(c2c37)C1=O)c64)C(=O)N(Cc1ccccc1CCc1ccccc1C)C5=O,Cc1ccccc1C,Generated,806.9619999999999,0,8,8,1.5,C56H42N2O4
NNN1C(=O)c2ccc3c4ccc5c6c(ccc(c7ccc(c2c37)C1=O)c64)C(=O)N(NN)C5=O,N,Generated,450.4140000000002,0,1,0,0.0,C24H14N6O4
CCCCCCC(C)(CO)CCCCCCCC(CO)(CCCCCC)CCCCCCN1C(=O)c2ccc3c4ccc5c6c(ccc(c7ccc(c2c37)C1=O)c64)C(=O)N(CCCCCCC(CO)(CCCCCC)CCCCCCCC(C)(CO)CCCCCC)C5=O,CCCCCCC(C)(CO)CCCCCC,Generated,1295.9699999999996,11,16,15,0.0,C84H130N2O8
COCCC(C)(CO)CCOCCC(CO)(CCOC)CCOCN1C(=O)c2ccc3c4ccc5c6c(ccc(c7ccc(c2c37)C1=O)c64)C(=O)N(COCCC(CO)(CCOC)CCOCCC(C)(CO)CCOC)C5=O,COCCC(C)(CO)CCOC,Generated,1087.3139999999994,7,12,11,0.0,C60H82N2O16
CCCC(CCC)C(C)C(CCC)CCCCC(C(CCC)CCC)C(CCC)CCCN1C(=O)c2ccc3c4ccc5c6c(ccc(c7ccc(c2c37)C1=O)c64)C(=O)N(CCCC(CCC)C(CCCCC(CCC)C(C)C(CCC)CCC)C(CCC)CCC)C5=O,CCCC(CCC)C(C)C(CCC)CCC,Generated,1288.081999999999,10,16,15,0.0,C88H138N2O4
N=C(N=C(c1ccccc1)N1C(=O)c2ccc3c4ccc5c6c(ccc(c7ccc(c2c37)C1=O)c64)C(=O)N(C(=NC(=N)c1ccccc1)c1ccccc1)C5=O)c1ccccc1,N=Cc1ccccc1,Generated,802.8500000000003,1,8,8,1.5,C52H30N6O4
N=Cc1ccc(OCN=Cc2ccc(OCN3C(=O)c4ccc5c6ccc7c8c(ccc(c9ccc(c4c59)C3=O)c86)C(=O)N(COc3ccc(C=NCOc4ccc(C=N)cc4)cc3)C7=O)cc2)cc1,COc1ccc(C=N)cc1,Generated,922.9540000000001,2,10,10,1.5,C56H38N6O8
N=C(N=C(c1ccco1)N1C(=O)c2ccc3c4ccc5c6c(ccc(c7ccc(c2c37)C1=O)c64)C(=O)N(C(=NC(=N)c1ccco1)c1ccco1)C5=O)c1ccco1,N=Cc1ccco1,Generated,762.6940000000003,1,7,7,1.5,C44H22N6O8
N=C1CCC(N=C2CCC(N3C(=O)c4ccc5c6ccc7c8c(ccc(c9ccc(c4c59)C3=O)c86)C(=O)N(C3CCC(=NC4CCC(=N)CC4)CC3)C7=O)CC2)CC1,N=C1CCCCC1,Generated,770.9339999999994,0,7,7,1.0,C48H46N6O4
N=CCCCCN=CCCCCN1C(=O)c2ccc3c4ccc5c6c(ccc(c7ccc(c2c37)C1=O)c64)C(=O)N(CCCCC=NCCCCC=N)C5=O,CCCCC=N,Generated,722.8899999999996,3,6,5,0.0,C44H46N6O4
N=CCN=CCN1C(=O)c2ccc3c4ccc5c6c(ccc(c7ccc(c2c37)C1=O)c64)C(=O)N(CC=NCC=N)C5=O,CC=N,Generated,554.5660000000004,0,3,2,0.0,C32H22N6O4
CC(=N)C=C(C)CN=C(C)C=C(C)CN1C(=O)c2ccc3c4ccc5c6c(ccc(c7ccc(c2c37)C1=O)c64)C(=O)N(CC(C)=CC(C)=NCC(C)=CC(C)=N)C5=O,CC(=N)C=C(C)C,Generated,770.9339999999999,1,7,6,0.0,C48H46N6O4
CCCCC(CCCCCC(CO)C(CCCC)CCCCN1C(=O)c2ccc3c4ccc5c6c(ccc(c7ccc(c2c37)C1=O)c64)C(=O)N(CCCCC(CCCC)C(CO)CCCCCC(CCCC)C(C)CO)C5=O)C(C)CO,CCCCC(CCCC)C(C)CO,Generated,1127.6459999999988,8,13,12,0.0,C72H106N2O8
O=C1c2ccc3c4ccc5c6c(ccc(c7ccc(c2c37)C(=O)N1CCCCc1cccc(CCCCc2ccccc2)c1)c64)C(=O)N(CCCCc1cccc(CCCCc2ccccc2)c1)C5=O,CCCCc1ccccc1,Generated,919.1779999999998,3,10,10,1.5,C64H58N2O4
CCN1CCC(CCN2CCC(N3C(=O)c4ccc5c6ccc7c8c(ccc(c9ccc(c4c59)C3=O)c86)C(=O)N(C3CCN(CCC4CCN(CC)C4)C3)C7=O)C2)C1,CCN1CCCC1,Generated,778.9979999999994,1,7,7,1.0,C48H54N6O4
CC(=O)OCCCC(=O)OCCN1C(=O)c2ccc3c4ccc5c6c(ccc(c7ccc(c2c37)C1=O)c64)C(=O)N(CCOC(=O)CCCOC(C)=O)C5=O,CCOC(C)=O,Generated,734.7139999999999,1,6,5,0.0,C40H34N2O12
C=C(C=C(c1ccccc1)N1C(=O)c2ccc3c4ccc5c6c(ccc(c7ccc(c2c37)C1=O)c64)C(=O)N(C(=CC(=C)c1ccccc1)c1ccccc1)C5=O)c1ccccc1,C=Cc1ccccc1,Generated,798.8980000000003,1,8,8,1.5,C56H34N2O4
CCCNCCCNCCCNCCCNN1C(=O)c2ccc3c4ccc5c6c(ccc(c7ccc(c2c37)C1=O)c64)C(=O)N(NCCCNCCCNCCCNCCC)C5=O,CCCNCCCN,Generated,847.1219999999994,5,8,7,0.0,C48H66N10O4
CC(C)(CO)CCC(C)(CO)CN1C(=O)c2ccc3c4ccc5c6c(ccc(c7ccc(c2c37)C1=O)c64)C(=O)N(CC(C)(CO)CCC(C)(C)CO)C5=O,CC(C)(C)CO,Generated,734.8899999999999,0,6,5,0.0,C44H50N2O8
CCC(C)CCCC(C)CN1C(=O)c2ccc3c4ccc5c6c(ccc(c7ccc(c2c37)C1=O)c64)C(=O)N(CC(C)CCCC(C)CC)C5=O,CCC(C)C,Generated,670.8939999999999,1,5,4,0.0,C44H50N2O4
CC(C)CCC(C)CN1C(=O)c2ccc3c4ccc5c6c(ccc(c7ccc(c2c37)C1=O)c64)C(=O)N(CC(C)CCC(C)C)C5=O,CC(C)C,Generated,614.7860000000002,0,4,3,0.0,C40H42N2O4
CCCCNCCCCNN1C(=O)c2ccc3c4ccc5c6c(ccc(c7ccc(c2c37)C1=O)c64)C(=O)N(NCCCCNCCCC)C5=O,CCCCN,Generated,674.8459999999998,2,5,4,0.0,C40H46N6O4
CCOCCOCCNCCOCCOCCNN1C(=O)c2ccc3c4ccc5c6c(ccc(c7ccc(c2c37)C1=O)c64)C(=O)N(NCCOCCOCCNCCOCCOCC)C5=O,CCOCCOCCN,Generated,915.0539999999993,6,9,8,0.0,C48H62N6O12
CCCCCCOCCCCCCON1C(=O)c2ccc3c4ccc5c6c(ccc(c7ccc(c2c37)C1=O)c64)C(=O)N(OCCCCCCOCCCCCC)C5=O,CCCCCCO,Generated,790.9979999999994,4,7,6,0.0,C48H58N2O8
Cc1cccc(CCc2c(C)cccc2CCN2C(=O)c3ccc4c5ccc6c7c(ccc(c8ccc(c3c48)C2=O)c75)C(=O)N(CCc2cccc(C)c2CCc2cccc(C)c2)C6=O)c1,CCc1cccc(C)c1,Generated,863.0699999999997,1,9,9,1.5,C60H50N2O4
CCCN(CC)CCCCCN(CC)CCN1C(=O)c2ccc3c4ccc5c6c(ccc(c7ccc(c2c37)C1=O)c64)C(=O)N(CCN(CC)CCCCCN(CC)CCC)C5=O,CCCN(CC)CC,Generated,843.1699999999992,4,8,7,0.0,C52H70N6O4
CCN(CC)CCCCN(CC)CCN1C(=O)c2ccc3c4ccc5c6c(ccc(c7ccc(c2c37)C1=O)c64)C(=O)N(CCN(CC)CCCCN(CC)CC)C5=O,CCN(CC)CC,Generated,787.0619999999993,3,7,6,0.0,C48H62N6O4
CC[N+](C)(CC)CCCC[N+](C)(CC)CCN1C(=O)c2ccc3c4ccc5c6c(ccc(c7ccc(c2c37)C1=O)c64)C(=O)N(CC[N+](C)(CC)CCCC[N+](C)(CC)CC)C5=O,CC[N+](C)(CC)CC,Generated,847.2019999999993,3,8,7,0.0,C52H74N6O4+4
CCC[N+](C)(C)CCCC[N+](C)(C)CN1C(=O)c2ccc3c4ccc5c6c(ccc(c7ccc(c2c37)C1=O)c64)C(=O)N(C[N+](C)(C)CCCC[N+](C)(C)CCC)C5=O,CCC[N+](C)(C)C,Generated,791.0939999999995,2,7,6,0.0,C48H66N6O4+4
O=C1c2ccc3c4ccc5c6c(ccc(c7ccc(c2c37)C(=O)N1Oc1ccc(Oc2ccccc2)cc1)c64)C(=O)N(Oc1ccc(Oc2ccccc2)cc1)C5=O,Oc1ccccc1,Generated,758.7420000000002,0,7,7,1.5,C48H26N2O8
CCCNCCNCCCNCCCNCCNCCCNN1C(=O)c2ccc3c4ccc5c6c(ccc(c7ccc(c2c37)C1=O)c64)C(=O)N(NCCCNCCNCCCNCCCNCCNCCC)C5=O,CCCNCCNCCCN,Generated,1019.3979999999989,8,11,10,0.0,C56H86N14O4
O=C1c2ccc3c4ccc5c6c(ccc(c7ccc(c2c37)C(=O)N1CC(CO)CCCO)c64)C(=O)N(CC(CO)CCCO)C5=O,CCCO,Generated,622.6740000000002,1,4,3,0.0,C36H34N2O8
CC(O)CCC(O)CN1C(=O)c2ccc3c4ccc5c6c(ccc(c7ccc(c2c37)C1=O)c64)C(=O)N(CC(O)CCC(C)O)C5=O,CC(C)O,Generated,622.6740000000003,0,4,3,0.0,C36H34N2O8
CCOCCOCCOCCON1C(=O)c2ccc3c4ccc5c6c(ccc(c7ccc(c2c37)C1=O)c64)C(=O)N(OCCOCCOCCOCC)C5=O,CCOCCO,Generated,742.7779999999998,3,6,5,0.0,C40H42N2O12
CCN1CCNC(CCN2CCNC(N3C(=O)c4ccc5c6ccc7c8c(ccc(c9ccc(c4c59)C3=O)c86)C(=O)N(C3CN(CCC4CN(CC)CCN4)CCN3)C7=O)C2)C1,CCN1CCNCC1,Generated,839.0579999999993,1,8,8,1.0,C48H58N10O4
CNCNN1C(=O)c2ccc3c4ccc5c6c(ccc(c7ccc(c2c37)C1=O)c64)C(=O)N(NCNC)C5=O,CN,Generated,506.52200000000033,0,2,1,0.0,C28H22N6O4
CCCn1cnc(CCCn2cnc(N3C(=O)c4ccc5c6ccc7c8c(ccc(c9ccc(c4c59)C3=O)c86)C(=O)N(c3cn(CCCc4cn(CCC)cn4)cn3)C7=O)c2)c1,CCCn1ccnc1,Generated,822.9299999999996,2,8,8,1.5,C48H42N10O4
CCCNCCCCNCN1C(=O)c2ccc3c4ccc5c6c(ccc(c7ccc(c2c37)C1=O)c64)C(=O)N(CNCCCCNCCC)C5=O,CCCNC,Generated,674.8459999999998,2,5,4,0.0,C40H46N6O4
CCCN1CCCCC1CCCCN1CCCCC1CN1C(=O)c2ccc3c4ccc5c6c(ccc(c7ccc(c2c37)C1=O)c64)C(=O)N(CC1CCCCN1CCCCC1CCCCN1CCC)C5=O,CCCN1CCCCC1C,Generated,947.3219999999989,2,10,10,1.0,C60H78N6O4
CC1(CN)CCCC(C)(CC2CC(C)(CN)CC(C)(CN3C(=O)c4ccc5c6ccc7c8c(ccc(c9ccc(c4c59)C3=O)c86)C(=O)N(CC3(C)CC(CC4(C)CCCC(C)(CN)C4)CC(C)(CN)C3)C7=O)C2)C1,CC1(C)CCCC(C)(CN)C1,Generated,1003.4299999999988,1,11,11,1.0,C64H86N6O4
CC1(C)CC(N)CC(C)(CCC2(C)CC(N)CC(C)(CN3C(=O)c4ccc5c6ccc7c8c(ccc(c9ccc(c4c59)C3=O)c86)C(=O)N(CC3(C)CC(N)CC(C)(CCC4(C)CC(N)CC(C)(C)C4)C3)C7=O)C2)C1,CC1(C)CC(N)CC(C)(C)C1,Generated,1003.4299999999989,0,11,11,1.0,C64H86N6O4
CC(C)(C)c1ccc(Cc2cc(CN3C(=O)c4ccc5c6ccc7c8c(ccc(c9ccc(c4c59)C3=O)c86)C(=O)N(Cc3ccc(C(C)(C)C)c(Cc4ccc(C(C)(C)C)cc4)c3)C7=O)ccc2C(C)(C)C)cc1,Cc1ccc(C(C)(C)C)cc1,Generated,975.2859999999996,0,11,11,1.5,C68H66N2O4
CC(C)(C)c1cccc(C(C)(C)Cc2c(C(C)(C)C)cccc2C(C)(C)CN2C(=O)c3ccc4c5ccc6c7c(ccc(c8ccc(c3c48)C2=O)c75)C(=O)N(CC(C)(C)c2cccc(C(C)(C)C)c2CC(C)(C)c2cccc(C(C)(C)C)c2)C6=O)c1,CC(C)(C)c1cccc(C(C)(C)C)c1,Generated,1143.609999999999,0,14,14,1.5,C80H90N2O4
CNCNCNCNCNCNN1C(=O)c2ccc3c4ccc5c6c(ccc(c7ccc(c2c37)C1=O)c64)C(=O)N(NCNCNCNCNCNC)C5=O,CNCNCN,Generated,738.8579999999998,3,6,5,0.0,C36H46N14O4
CNCNCNCNN1C(=O)c2ccc3c4ccc5c6c(ccc(c7ccc(c2c37)C1=O)c64)C(=O)N(NCNCNCNC)C5=O,CNCN,Generated,622.6900000000002,1,4,3,0.0,C32H34N10O4
CNCCCNCNCCCNN1C(=O)c2ccc3c4ccc5c6c(ccc(c7ccc(c2c37)C1=O)c64)C(=O)N(NCCCNCNCCCNC)C5=O,CNCCCN,Generated,734.9059999999997,3,6,5,0.0,C40H50N10O4
COCOCOCON1C(=O)c2ccc3c4ccc5c6c(ccc(c7ccc(c2c37)C1=O)c64)C(=O)N(OCOCOCOC)C5=O,COCO,Generated,630.5620000000002,1,4,3,0.0,C32H26N2O12
CCN(C)CCCN(CC)CCN1C(=O)c2ccc3c4ccc5c6c(ccc(c7ccc(c2c37)C1=O)c64)C(=O)N(CCN(CC)CCCN(C)CC)C5=O,CCN(C)CC,Generated,730.9539999999996,2,6,5,0.0,C44H54N6O4
CN(C)CCN(C)CN1C(=O)c2ccc3c4ccc5c6c(ccc(c7ccc(c2c37)C1=O)c64)C(=O)N(CN(C)CCN(C)C)C5=O,CN(C)C,Generated,618.738,0,4,3,0.0,C36H38N6O4
Cc1ccnc(Cc2ccnc(N3C(=O)c4ccc5c6ccc7c8c(ccc(c9ccc(c4c59)C3=O)c86)C(=O)N(c3cc(Cc4cc(C)ccn4)ccn3)C7=O)c2)c1,Cc1ccncc1,Generated,754.806,0,7,7,1.5,C48H30N6O4
O=C1c2ccc3c4ccc5c6c(ccc(c7ccc(c2c37)C(=O)N1CCC(CO)CCCCO)c64)C(=O)N(CCC(CO)CCCCO)C5=O,CCCCO,Generated,678.782,2,5,4,0.0,C40H42N2O8
Cc1ccc(CCCc2ccc(CCN3C(=O)c4ccc5c6ccc7c8c(ccc(c9ccc(c4c59)C3=O)c86)C(=O)N(CCc3ccc(CCCc4ccc(C)cc4)cc3)C7=O)cc2)cc1,CCc1ccc(C)cc1,Generated,863.0699999999998,1,9,9,1.5,C60H50N2O4
CCc1ccccc1CCCc1ccccc1CN1C(=O)c2ccc3c4ccc5c6c(ccc(c7ccc(c2c37)C1=O)c64)C(=O)N(Cc1ccccc1CCCc1ccccc1CC)C5=O,CCc1ccccc1C,Generated,863.0699999999997,1,9,9,1.5,C60H50N2O4
CCc1ccc(OCCCc2ccc(OCN3C(=O)c4ccc5c6ccc7c8c(ccc(c9ccc(c4c59)C3=O)c86)C(=O)N(COc3ccc(CCCOc4ccc(CC)cc4)cc3)C7=O)cc2)cc1,CCc1ccc(OC)cc1,Generated,927.0659999999998,2,10,10,1.5,C60H50N2O8
Cc1ccc(Cc2cc(CN3C(=O)c4ccc5c6ccc7c8c(ccc(c9ccc(c4c59)C3=O)c86)C(=O)N(Cc3ccc(C)c(Cc4ccc(C)cc4)c3)C7=O)ccc2C)cc1,Cc1ccc(C)cc1,Generated,806.9620000000001,0,8,8,1.5,C56H42N2O4
Cc1ccccc1OCCCc1ccccc1OCCN1C(=O)c2ccc3c4ccc5c6c(ccc(c7ccc(c2c37)C1=O)c64)C(=O)N(CCOc1ccccc1CCCOc1ccccc1C)C5=O,CCOc1ccccc1C,Generated,927.0659999999997,2,10,10,1.5,C60H50N2O8
CCc1cc[n+](CCCc2cc[n+](CN3C(=O)c4ccc5c6ccc7c8c(ccc(c9ccc(c4c59)C3=O)c86)C(=O)N(C[n+]3ccc(CCC[n+]4ccc(CC)cc4)cc3)C7=O)cc2)cc1,CCc1cc[n+](C)cc1,Generated,871.0539999999999,1,9,9,1.5,C56H50N6O4+4
Cc1cc[n+](CCc2cc[n+](CN3C(=O)c4ccc5c6ccc7c8c(ccc(c9ccc(c4c59)C3=O)c86)C(=O)N(C[n+]3ccc(CC[n+]4ccc(C)cc4)cc3)C7=O)cc2)cc1,Cc1cc[n+](C)cc1,Generated,814.946,0,8,8,1.5,C52H42N6O4+4
CCc1ccc(O)cc1OCCCc1ccc(O)cc1OCN1C(=O)c2ccc3c4ccc5c6c(ccc(c7ccc(c2c37)C1=O)c64)C(=O)N(COc1cc(O)ccc1CCCOc1cc(O)ccc1CC)C5=O,CCc1ccc(O)cc1OC,Generated,991.0619999999997,2,11,11,1.5,C60H50N2O12
CCc1ccc(OCCc2ccc(ON3C(=O)c4ccc5c6ccc7c8c(ccc(c9ccc(c4c59)C3=O)c86)C(=O)N(Oc3ccc(CCOc4ccc(CC)cc4)cc3)C7=O)cc2)cc1,CCc1ccc(O)cc1,Generated,870.958,1,9,9,1.5,C56H42N2O8
CCc1cccc(OCCCc2cccc(OCN3C(=O)c4ccc5c6ccc7c8c(ccc(c9ccc(c4c59)C3=O)c86)C(=O)N(COc3cccc(CCCOc4cccc(CC)c4)c3)C7=O)c2)c1,CCc1cccc(OC)c1,Generated,927.0659999999997,2,10,10,1.5,C60H50N2O8
CCc1ccccc1OCCCc1ccccc1OCN1C(=O)c2ccc3c4ccc5c6c(ccc(c7ccc(c2c37)C1=O)c64)C(=O)N(COc1ccccc1CCCOc1ccccc1CC)C5=O,CCc1ccccc1OC,Generated,927.0659999999997,2,10,10,1.5,C60H50N2O8
Cc1cccc(OCc2c(C)cccc2OCN2C(=O)c3ccc4c5ccc6c7c(ccc(c8ccc(c3c48)C2=O)c75)C(=O)N(COc2cccc(C)c2COc2cccc(C)c2)C6=O)c1,COc1cccc(C)c1,Generated,870.958,1,9,9,1.5,C56H42N2O8
Cc1ccccc1OCCc1ccccc1OCN1C(=O)c2ccc3c4ccc5c6c(ccc(c7ccc(c2c37)C1=O)c64)C(=O)N(COc1ccccc1CCOc1ccccc1C)C5=O,COc1ccccc1C,Generated,870.9579999999999,1,9,9,1.5,C56H42N2O8
CC(C)(COCCOCC(=O)OC(C)(C)COCCOCN1C(=O)c2ccc3c4ccc5c6c(ccc(c7ccc(c2c37)C1=O)c64)C(=O)N(COCCOCC(C)(C)OC(=O)COCCOCC(C)(C)OC=O)C5=O)OC=O,COCCOCC(C)(C)OC=O,Generated,1087.1379999999997,7,12,11,0.0,C56H66N2O20
CCCCCCOC(=O)C=CCCCCCCOC(=O)C=CN1C(=O)c2ccc3c4ccc5c6c(ccc(c7ccc(c2c37)C1=O)c64)C(=O)N(C=CC(=O)OCCCCCCC=CC(=O)OCCCCCC)C5=O,C=CC(=O)OCCCCCC,Generated,1007.1899999999993,6,11,10,0.0,C60H66N2O12
CCCOC(=O)C=CCCCOC(=O)C=CN1C(=O)c2ccc3c4ccc5c6c(ccc(c7ccc(c2c37)C1=O)c64)C(=O)N(C=CC(=O)OCCCC=CC(=O)OCCC)C5=O,C=CC(=O)OCCC,Generated,838.8659999999999,3,8,7,0.0,C48H42N2O12
CCOC(=O)C=CCCOC(=O)C=CN1C(=O)c2ccc3c4ccc5c6c(ccc(c7ccc(c2c37)C1=O)c64)C(=O)N(C=CC(=O)OCCC=CC(=O)OCC)C5=O,C=CC(=O)OCC,Generated,782.758,2,7,6,0.0,C44H34N2O12
COC(=O)C=CCOC(=O)C=CN1C(=O)c2ccc3c4ccc5c6c(ccc(c7ccc(c2c37)C1=O)c64)C(=O)N(C=CC(=O)OCC=CC(=O)OC)C5=O,C=CC(=O)OC,Generated,726.6500000000002,1,6,5,0.0,C40H26N2O12
CCCCCOC(=O)C(C)=CCCCCCOC(=O)C(C)=CN1C(=O)c2ccc3c4ccc5c6c(ccc(c7ccc(c2c37)C1=O)c64)C(=O)N(C=C(C)C(=O)OCCCCCC=C(C)C(=O)OCCCCC)C5=O,C=C(C)C(=O)OCCCCC,Generated,1007.1899999999993,5,11,10,0.0,C60H66N2O12
CC(C)c1ccc(C(C)Cc2cc(C(C)CN3C(=O)c4ccc5c6ccc7c8c(ccc(c9ccc(c4c59)C3=O)c86)C(=O)N(CC(C)c3ccc(C(C)C)c(CC(C)c4ccc(C(C)C)cc4)c3)C7=O)ccc2C(C)C)cc1,CC(C)c1ccc(C(C)C)cc1,Generated,1031.3939999999998,2,12,12,1.5,C72H74N2O4
CC(=Cc1ccc(C(C)(C)C)cc1)Cc1cc(C(C)(C)C)ccc1C=C(C)CN1C(=O)c2ccc3c4ccc5c6c(ccc(c7ccc(c2c37)C1=O)c64)C(=O)N(CC(C)=Cc1ccc(C(C)(C)C)cc1CC(C)=Cc1ccc(C(C)(C)C)cc1)C5=O,CC(C)=Cc1ccc(C(C)(C)C)cc1,Generated,1135.5459999999991,1,14,14,1.5,C80H82N2O4
O=C1c2ccc3c4ccc5c6c(ccc(c7ccc(c2c37)C(=O)N1C#COc1ccc(C#COc2ccccc2)cc1)c64)C(=O)N(C#COc1ccc(C#COc2ccccc2)cc1)C5=O,C#COc1ccccc1,Generated,854.83,1,9,9,1.5,C56H26N2O8
CC(Cc1ccc(C(C)(C)C)cc1)Cc1cc(C(C)(C)C)ccc1CC(C)CN1C(=O)c2ccc3c4ccc5c6c(ccc(c7ccc(c2c37)C1=O)c64)C(=O)N(CC(C)Cc1ccc(C(C)(C)C)cc1CC(C)Cc1ccc(C(C)(C)C)cc1)C5=O,CC(C)Cc1ccc(C(C)(C)C)cc1,Generated,1143.609999999999,2,14,14,1.5,C80H90N2O4
CCOCc1ccc(C=CCCOCc2ccc(C=CN3C(=O)c4ccc5c6ccc7c8c(ccc(c9ccc(c4c59)C3=O)c86)C(=O)N(C=Cc3ccc(COCCC=Cc4ccc(COCC)cc4)cc3)C7=O)cc2)cc1,C=Cc1ccc(COCC)cc1,Generated,1031.2179999999996,4,12,12,1.5,C68H58N2O8
CCOCC(COC)OC(=O)C(C)=CCCOCC(COC)OC(=O)C(C)=CN1C(=O)c2ccc3c4ccc5c6c(ccc(c7ccc(c2c37)C1=O)c64)C(=O)N(C=C(C)C(=O)OC(COC)COCCC=C(C)C(=O)OC(COC)COCC)C5=O,C=C(C)C(=O)OC(COC)COCC,Generated,1191.2899999999995,7,14,13,0.0,C64H74N2O20
CCCNCCNCCCNCCNN1C(=O)c2ccc3c4ccc5c6c(ccc(c7ccc(c2c37)C1=O)c64)C(=O)N(NCCNCCCNCCNCCC)C5=O,CCCNCCN,Generated,791.0139999999996,4,7,6,0.0,C44H58N10O4
CCCOCCCCOCCCNCCCOCCCCOCCCNN1C(=O)c2ccc3c4ccc5c6c(ccc(c7ccc(c2c37)C1=O)c64)C(=O)N(NCCCOCCCCOCCCNCCCOCCCCOCCC)C5=O,CCCOCCCCOCCCN,Generated,1139.4859999999992,10,13,12,0.0,C64H94N6O12
CCNCCNCCNCCNN1C(=O)c2ccc3c4ccc5c6c(ccc(c7ccc(c2c37)C1=O)c64)C(=O)N(NCCNCCNCCNCC)C5=O,CCNCCN,Generated,734.9059999999997,3,6,5,0.0,C40H50N10O4
CC(C)(CN)CCC(C)(CN)CN1C(=O)c2ccc3c4ccc5c6c(ccc(c7ccc(c2c37)C1=O)c64)C(=O)N(CC(C)(CN)CCC(C)(C)CN)C5=O,CC(C)(C)CN,Generated,730.9539999999996,0,6,5,0.0,C44H54N6O4
CC(N)CCC(N)CN1C(=O)c2ccc3c4ccc5c6c(ccc(c7ccc(c2c37)C1=O)c64)C(=O)N(CC(N)CCC(C)N)C5=O,CC(C)N,Generated,618.738,0,4,3,0.0,C36H38N6O4
CN(Cc1ccc(N(C)CN2C(=O)c3ccc4c5ccc6c7c(ccc(c8ccc(c3c48)C2=O)c75)C(=O)N(CN(C)c2ccc(CN(C)c3ccccc3)cc2)C6=O)cc1)c1ccccc1,CN(C)c1ccccc1,Generated,867.022,1,9,9,1.5,C56H46N6O4
CCc1ccc(CCCCc2ccc(CCN3C(=O)c4ccc5c6ccc7c8c(ccc(c9ccc(c4c59)C3=O)c86)C(=O)N(CCc3ccc(CCCCc4ccc(CC)cc4)cc3)C7=O)cc2)cc1,CCc1ccc(CC)cc1,Generated,919.1779999999995,2,10,10,1.5,C64H58N2O4
CC(C)(C)c1ccc(CC#CCc2cc(CC#CCN3C(=O)c4ccc5c6ccc7c8c(ccc(c9ccc(c4c59)C3=O)c86)C(=O)N(CC#CCc3ccc(C(C)(C)C)c(CC#CCc4ccc(C(C)(C)C)cc4)c3)C7=O)ccc2C(C)(C)C)cc1,CC#CCc1ccc(C(C)(C)C)cc1,Generated,1127.4819999999988,1,14,14,1.5,C80H74N2O4
O=C1c2ccc3c4ccc5c6c(ccc(c7ccc(c2c37)C(=O)N1OOOCc1ccc(OOOCc2ccccc2)cc1)c64)C(=O)N(OOOCc1ccc(OOOCc2ccccc2)cc1)C5=O,OOOCc1ccccc1,Generated,942.8420000000002,3,10,10,1.5,C52H34N2O16
Cc1ccc(C)c(Cc2cc(C)c(CN3C(=O)c4ccc5c6ccc7c8c(ccc(c9ccc(c4c59)C3=O)c86)C(=O)N(Cc3cc(C)c(Cc4cc(C)ccc4C)cc3C)C7=O)cc2C)c1,Cc1ccc(C)c(C)c1,Generated,863.0699999999997,0,9,9,1.5,C60H50N2O4
Cc1ccc(C(Cc2ccc(C(=Nc3ccccc3)N3C(=O)c4ccc5c6ccc7c8c(ccc(c9ccc(c4c59)C3=O)c86)C(=O)N(C(=Nc3ccccc3)c3ccc(CC(=Nc4ccccc4)c4ccc(C)cc4)cc3)C7=O)cc2)=Nc2ccccc2)cc1,Cc1ccc(C=Nc2ccccc2)cc1,Generated,1163.35,2,15,16,3.0,C80H54N6O4
Cc1ccc(C=[N+]([O-])CCc2ccc(C=[N+]([O-])CN3C(=O)c4ccc5c6ccc7c8c(ccc(c9ccc(c4c59)C3=O)c86)C(=O)N(C[N+]([O-])=Cc3ccc(CC[N+]([O-])=Cc4ccc(C)cc4)cc3)C7=O)cc2)cc1,Cc1ccc(C=[N+](C)[O-])cc1,Generated,979.0619999999999,1,11,11,1.5,C60H46N6O8
NCCCCCCCNCCCCCCCN1C(=O)c2ccc3c4ccc5c6c(ccc(c7ccc(c2c37)C1=O)c64)C(=O)N(CCCCCCCNCCCCCCCN)C5=O,CCCCCCCN,Generated,843.169999999999,5,8,7,0.0,C52H70N6O4
N=CN=CN1C(=O)c2ccc3c4ccc5c6c(ccc(c7ccc(c2c37)C1=O)c64)C(=O)N(C=NC=N)C5=O,C=N,Generated,498.45800000000025,0,2,1,0.0,C28H14N6O4
NC(=S)CCCCCCCCNC(=S)CCCCCCCCN1C(=O)c2ccc3c4ccc5c6c(ccc(c7ccc(c2c37)C1=O)c64)C(=O)N(CCCCCCCCC(=S)NCCCCCCCCC(N)=S)C5=O,CCCCCCCCC(N)=S,Generated,1075.589999999999,7,11,10,0.0,C60H78N6O4S4
Cc1ccc(Cc2cc(CN3C(=O)c4ccc5c6ccc7c8c(ccc(c9ccc(c4c59)C3=O)c86)C(=O)N(Cc3cc(Cc4ccc(C)c(C)c4C)c(C)c(C)c3C)C7=O)c(C)c(C)c2C)c(C)c1C,Cc1ccc(C)c(C)c1C,Generated,919.1779999999995,0,10,10,1.5,C64H58N2O4
O=C1c2ccc3c4ccc5c6c(ccc(c7ccc(c2c37)C(=O)N1OOCc1ccc(OOCc2ccccc2)cc1)c64)C(=O)N(OOCc1ccc(OOCc2ccccc2)cc1)C5=O,OOCc1ccccc1,Generated,878.8460000000001,2,9,9,1.5,C52H34N2O12
CCc1cccc(CCc2c(CC)cccc2CCN2C(=O)c3ccc4c5ccc6c7c(ccc(c8ccc(c3c48)C2=O)c75)C(=O)N(CCc2cccc(CC)c2CCc2cccc(CC)c2)C6=O)c1,CCc1cccc(CC)c1,Generated,919.1779999999995,2,10,10,1.5,C64H58N2O4
CCCCC(C)(CCCCCC(CCCC)(CCCCN1C(=O)c2ccc3c4ccc5c6c(ccc(c7ccc(c2c37)C1=O)c64)C(=O)N(CCCCC(CCCC)(CCCCCC(C)(CCCC)c1ccccc1)c1ccccc1)C5=O)c1ccccc1)c1ccccc1,CCCCC(C)(CCCC)c1ccccc1,Generated,1255.8259999999989,7,16,16,1.5,C88H106N2O4
CCC[NH+](CC)CCCCC[NH+](CCC)CCCN1C(=O)c2ccc3c4ccc5c6c(ccc(c7ccc(c2c37)C1=O)c64)C(=O)N(CCC[NH+](CCC)CCCCC[NH+](CC)CCC)C5=O,CCC[NH+](CC)CCC,Generated,903.309999999999,5,9,8,0.0,C56H82N6O4+4
CCCN(CC)CCCCCN(CCC)CCCN1C(=O)c2ccc3c4ccc5c6c(ccc(c7ccc(c2c37)C1=O)c64)C(=O)N(CCCN(CCC)CCCCCN(CC)CCC)C5=O,CCCN(CC)CCC,Generated,899.2779999999989,5,9,8,0.0,C56H78N6O4
CC(C)c1ccc(CCCc2cc(CCCN3C(=O)c4ccc5c6ccc7c8c(ccc(c9ccc(c4c59)C3=O)c86)C(=O)N(CCCc3ccc(C(C)C)c(CCCc4ccc(C(C)C)cc4)c3)C7=O)ccc2C(C)C)cc1,CCCc1ccc(C(C)C)cc1,Generated,1031.3939999999996,3,12,12,1.5,C72H74N2O4
CCOC(=O)C(C)=CCCOC(=O)C(C)=CN1C(=O)c2ccc3c4ccc5c6c(ccc(c7ccc(c2c37)C1=O)c64)C(=O)N(C=C(C)C(=O)OCCC=C(C)C(=O)OCC)C5=O,C=C(C)C(=O)OCC,Generated,838.8659999999999,2,8,7,0.0,C48H42N2O12
CCOCCOCCOCCCCCOCCOCCOCCCN1C(=O)c2ccc3c4ccc5c6c(ccc(c7ccc(c2c37)C1=O)c64)C(=O)N(CCCOCCOCCOCCCCCOCCOCCOCC)C5=O,CCCOCCOCCOCC,Generated,1087.313999999999,9,12,11,0.0,C60H82N2O16
CCOCCOCCCCCOCCOCCCN1C(=O)c2ccc3c4ccc5c6c(ccc(c7ccc(c2c37)C1=O)c64)C(=O)N(CCCOCCOCCCCCOCCOCC)C5=O,CCCOCCOCC,Generated,911.1019999999992,6,9,8,0.0,C52H66N2O12
CCOCOCOCOCCOCCOCOCOCOCCON1C(=O)c2ccc3c4ccc5c6c(ccc(c7ccc(c2c37)C1=O)c64)C(=O)N(OCCOCOCOCOCCOCCOCOCOCOCC)C5=O,CCOCOCOCOCCO,Generated,1103.0899999999995,9,12,11,0.0,C52H66N2O24
CCOCOCCOCCOCOCCON1C(=O)c2ccc3c4ccc5c6c(ccc(c7ccc(c2c37)C1=O)c64)C(=O)N(OCCOCOCCOCCOCOCC)C5=O,CCOCOCCO,Generated,862.8819999999996,5,8,7,0.0,C44H50N2O16
CCOCCS(=O)(=O)ONCCCCOCCS(=O)(=O)ONCCN1C(=O)c2ccc3c4ccc5c6c(ccc(c7ccc(c2c37)C1=O)c64)C(=O)N(CCNOS(=O)(=O)CCOCCCCNOS(=O)(=O)CCOCC)C5=O,CCNOS(=O)(=O)CCOCC,Generated,1171.3139999999994,7,12,11,0.0,C48H62N6O20S4
CCOCCOCCOCCSC(=O)CCCOCCOCCOCCSC(=O)CN1C(=O)c2ccc3c4ccc5c6c(ccc(c7ccc(c2c37)C1=O)c64)C(=O)N(CC(=O)SCCOCCOCCOCCCC(=O)SCCOCCOCCOCC)C5=O,CCOCCOCCOCCSC(C)=O,Generated,1327.6219999999998,10,15,14,0.0,C64H82N2O20S4
CCOCOCOCCOCCOCOCOCCON1C(=O)c2ccc3c4ccc5c6c(ccc(c7ccc(c2c37)C1=O)c64)C(=O)N(OCCOCOCOCCOCCOCOCOCC)C5=O,CCOCOCOCCO,Generated,982.9859999999994,7,10,9,0.0,C48H58N2O20
CCOCCOCCOCCOCCOCCOCCOCCON1C(=O)c2ccc3c4ccc5c6c(ccc(c7ccc(c2c37)C1=O)c64)C(=O)N(OCCOCCOCCOCCOCCOCCOCCOCC)C5=O,CCOCCOCCOCCO,Generated,1095.201999999999,9,12,11,0.0,C56H74N2O20
CCCCN(CCC)CCCCCCCN(CCCC)CCCCN1C(=O)c2ccc3c4ccc5c6c(ccc(c7ccc(c2c37)C1=O)c64)C(=O)N(CCCCN(CCCC)CCCCCCCN(CCC)CCCC)C5=O,CCCCN(CCC)CCCC,Generated,1067.6019999999985,8,12,11,0.0,C68H102N6O4
CCC(C)CCCCCC(CC)CCCCN1C(=O)c2ccc3c4ccc5c6c(ccc(c7ccc(c2c37)C1=O)c64)C(=O)N(CCCCC(CC)CCCCCC(C)CC)C5=O,CCCCC(C)CC,Generated,839.2179999999993,4,8,7,0.0,C56H74N2O4
O=C1c2ccc3c4ccc5c6c(ccc(c7ccc(c2c37)C(=O)N1CCCCCCCCc1ccc(CCCCCCCCc2ccccc2)cc1)c64)C(=O)N(CCCCCCCCc1ccc(CCCCCCCCc2ccccc2)cc1)C5=O,CCCCCCCCc1ccccc1,Generated,1143.609999999999,7,14,14,1.5,C80H90N2O4
CC(C)CCCC(CCN1C(=O)c2ccc3c4ccc5c6c(ccc(c7ccc(c2c37)C1=O)c64)C(=O)N(CCC(CCCC(C)C)C(C)C)C5=O)C(C)C,CCCC(C)C,Generated,727.002,2,6,5,0.0,C48H58N2O4
O=C1c2ccc3c4ccc5c6c(ccc(c7ccc(c2c37)C(=O)N1OCc1ccccc1OCc1ccccc1)c64)C(=O)N(OCc1ccccc1OCc1ccccc1)C5=O,OCc1ccccc1,Generated,814.85,1,8,8,1.5,C52H34N2O8
CC(C)c1cccc(CCCc2c(CCCN3C(=O)c4ccc5c6ccc7c8c(ccc(c9ccc(c4c59)C3=O)c86)C(=O)N(CCCc3cccc(C(C)C)c3CCCc3cccc(C(C)C)c3)C7=O)cccc2C(C)C)c1,CCCc1cccc(C(C)C)c1,Generated,1031.3939999999996,3,12,12,1.5,C72H74N2O4
Cc1ccc(C=CCc2ccc(C=CN3C(=O)c4ccc5c6ccc7c8c(ccc(c9ccc(c4c59)C3=O)c86)C(=O)N(C=Cc3ccc(CC=Cc4ccc(C)cc4)cc3)C7=O)cc2)cc1,C=Cc1ccc(C)cc1,Generated,855.0060000000002,1,9,9,1.5,C60H42N2O4
CC[NH+](CC)CCCC[NH+](CC)CCN1C(=O)c2ccc3c4ccc5c6c(ccc(c7ccc(c2c37)C1=O)c64)C(=O)N(CC[NH+](CC)CCCC[NH+](CC)CC)C5=O,CC[NH+](CC)CC,Generated,791.0939999999995,3,7,6,0.0,C48H66N6O4+4
O=C1c2ccc3c4ccc5c6c(ccc(c7ccc(c2c37)C(=O)N1C[n+]1cccc(C[n+]2ccccc2)c1)c64)C(=O)N(C[n+]1cccc(C[n+]2ccccc2)c1)C5=O,C[n+]1ccccc1,Generated,758.838,0,7,7,1.5,C48H34N6O4+4
CCc1ccc(CCCc2ccc(CN3C(=O)c4ccc5c6ccc7c8c(ccc(c9ccc(c4c59)C3=O)c86)C(=O)N(Cc3ccc(CCCc4ccc(CC)cc4C)cc3C)C7=O)c(C)c2)c(C)c1,CCc1ccc(C)c(C)c1,Generated,919.1779999999995,1,10,10,1.5,C64H58N2O4
CC(C)Cc1ccc(CC(C)Cc2cc(CC(C)CN3C(=O)c4ccc5c6ccc7c8c(ccc(c9ccc(c4c59)C3=O)c86)C(=O)N(CC(C)Cc3ccc(CC(C)C)c(CC(C)Cc4ccc(CC(C)C)cc4)c3)C7=O)ccc2CC(C)C)cc1,CC(C)Cc1ccc(CC(C)C)cc1,Generated,1143.6099999999992,4,14,14,1.5,C80H90N2O4
O=C1c2ccc3c4ccc5c6c(ccc(c7ccc(c2c37)C(=O)N1Cc1ccc(Cc2cccc(S(=O)(=O)O)c2)c(S(=O)(=O)O)c1)c64)C(=O)N(Cc1ccc(Cc2cccc(S(=O)(=O)O)c2)c(S(=O)(=O)O)c1)C5=O,Cc1cccc(S(=O)(=O)O)c1,Generated,1071.1100000000001,1,11,11,1.5,C52H34N2O16S4
O=C(O)CCCC(CCN1C(=O)c2ccc3c4ccc5c6c(ccc(c7ccc(c2c37)C1=O)c64)C(=O)N(CCC(CCCC(=O)O)C(=O)O)C5=O)C(=O)O,CCCC(=O)O,Generated,734.7140000000003,2,6,5,0.0,C40H34N2O12
O=C1c2ccc3c4ccc5c6c(ccc(c7ccc(c2c37)C(=O)N1Nc1ccc(Oc2ccc(Nc3ccc(Oc7ccccc7)cc3)cc2)cc1)c64)C(=O)N(Nc1ccc(Oc2ccc(Nc3ccc(Oc4ccccc4)cc3)cc2)cc1)C5=O,Nc1ccc(Oc2ccccc2)cc1,Generated,1123.194,2,14,15,3.0,C72H46N6O8
O=C1c2ccc3c4ccc5c6c(ccc(c7ccc(c2c37)C(=O)N1C1=CCCC(C2=CCCC=C2)=C1)c64)C(=O)N(C1=CCCC(C2=CCCC=C2)=C1)C5=O,C1=CCCC=C1,Generated,702.81,0,6,6,1.0,C48H34N2O4
O=C1c2ccc3c4ccc5c6c(ccc(c7ccc(c2c37)C(=O)N1c1ccc(-c2cccc(C3CCCC3)c2)c(C2CCCC2)c1)c64)C(=O)N(c1ccc(-c2cccc(C3CCCC3)c2)c(C2CCCC2)c1)C5=O,c1ccc(C2CCCC2)cc1,Generated,967.2219999999993,1,11,12,2.5,C68H58N2O4
CC(C)c1cc(C(C)Cc2c(C(C)C)cc(C3CCCC3)cc2C(C)CN2C(=O)c3ccc4c5ccc6c7c(ccc(c8ccc(c3c48)C2=O)c75)C(=O)N(CC(C)c2cc(C3CCCC3)cc(C(C)C)c2CC(C)c2cc(C(C)C)cc(C3CCCC3)c2)C6=O)cc(C2CCCC2)c1,CC(C)c1cc(C(C)C)cc(C2CCCC2)c1,Generated,1303.8699999999994,3,17,18,2.5,C92H106N2O4
O=C1c2ccc3c4ccc5c6c(ccc(c7ccc(c2c37)C(=O)N1OCC1OC(OCC2OCCC2O)CC1O)c64)C(=O)N(OCC1OC(OCC2OCCC2O)CC1O)C5=O,OCC1OCCC1O,Generated,854.8180000000002,1,8,8,1.0,C44H42N2O16
COC1CC(C=CCOC2CC(C=CN3C(=O)c4ccc5c6ccc7c8c(ccc(c9ccc(c4c59)C3=O)c86)C(=O)N(C=CC3CC(C=Cc4ccccc4)C(OCC=CC4CC(C=Cc5ccccc5)C(OC)C4)C3)C7=O)CC2C=Cc2ccccc2)CC1C=Cc1ccccc1,C=CC1CC(C=Cc2ccccc2)C(OC)C1,Generated,1295.63,4,17,18,2.5,C88H82N2O8
CCCOC(C)COCCOCC(C)COC(C)COCCOCN1C(=O)c2ccc3c4ccc5c6c(ccc(c7ccc(c2c37)C1=O)c64)C(=O)N(COCCOCC(C)OCC(C)COCCOCC(C)OCCC)C5=O,CCCOC(C)COCCOC,Generated,1087.3139999999996,8,12,11,0.0,C60H82N2O16
CCCOC(C)COc1cccc(CCCC(C)COC(C)COc2cccc(CCCN3C(=O)c4ccc5c6ccc7c8c(ccc(c9ccc(c4c59)C3=O)c86)C(=O)N(CCCc3cccc(OCC(C)OCC(C)CCCc4cccc(OCC(C)OCCC)c4)c3)C7=O)c2)c1,CCCOC(C)COc1cccc(CCC)c1,Generated,1327.7099999999996,8,17,17,1.5,C84H98N2O12
O=C1c2ccc3c4ccc5c6c(ccc(c7ccc(c2c37)C(=O)N1C=CS(=O)(=O)c1ccc(C=CS(=O)(=O)c2ccccc2)cc1)c64)C(=O)N(C=CS(=O)(=O)c1ccc(C=CS(=O)(=O)c2ccccc2)cc1)C5=O,C=CS(=O)(=O)c1ccccc1,Generated,1055.1580000000001,2,11,11,1.5,C56H34N2O12S4
CCCOC(C)CCC(C)COC(C)CCN1C(=O)c2ccc3c4ccc5c6c(ccc(c7ccc(c2c37)C1=O)c64)C(=O)N(CCC(C)OCC(C)CCC(C)OCCC)C5=O,CCCOC(C)CC,Generated,847.1059999999997,4,8,7,0.0,C52H66N2O8
O=C(Cc1ccc(NC(=O)CN2C(=O)c3ccc4c5ccc6c7c(ccc(c8ccc(c3c48)C2=O)c75)C(=O)N(CC(=O)Nc2ccc(CC(=O)Nc3ccccc3)cc2)C6=O)cc1)Nc1ccccc1,CC(=O)Nc1ccccc1,Generated,922.9540000000001,1,10,10,1.5,C56H38N6O8
CCCOC(C)COC(C)COCCOCC(C)COC(C)COC(C)COCCOCN1C(=O)c2ccc3c4ccc5c6c(ccc(c7ccc(c2c37)C1=O)c64)C(=O)N(COCCOCC(C)OCC(C)OCC(C)COCCOCC(C)OCC(C)OCCC)C5=O,CCCOC(C)COC(C)COCCOC,Generated,1319.6339999999996,11,16,15,0.0,C72H106N2O20
CCOCCCCOCCN1C(=O)c2ccc3c4ccc5c6c(ccc(c7ccc(c2c37)C1=O)c64)C(=O)N(CCOCCCCOCC)C5=O,CCOCC,Generated,678.7819999999998,2,5,4,0.0,C40H42N2O8
CCCOCCCCCCCOCCCCN1C(=O)c2ccc3c4ccc5c6c(ccc(c7ccc(c2c37)C1=O)c64)C(=O)N(CCCCOCCCCCCCOCCC)C5=O,CCCCOCCC,Generated,847.1059999999992,5,8,7,0.0,C52H66N2O8
CCCOCC(C)CC(C)COCC(C)CN1C(=O)c2ccc3c4ccc5c6c(ccc(c7ccc(c2c37)C1=O)c64)C(=O)N(CC(C)COCC(C)CC(C)COCCC)C5=O,CCCOCC(C)C,Generated,847.1059999999997,4,8,7,0.0,C52H66N2O8
CCCOC(C)COCCCC(C)COC(C)COCCCN1C(=O)c2ccc3c4ccc5c6c(ccc(c7ccc(c2c37)C1=O)c64)C(=O)N(CCCOCC(C)OCC(C)CCCOCC(C)OCCC)C5=O,CCCOCC(C)OCCC,Generated,1023.3179999999993,7,11,10,0.0,C60H82N2O12
Cc1cccc(Cc2cc(C)c(C)c(CN3C(=O)c4ccc5c6ccc7c8c(ccc(c9ccc(c4c59)C3=O)c86)C(=O)N(Cc3cc(Cc4cccc(C)c4C)cc(C)c3C)C7=O)c2)c1C,Cc1cccc(C)c1C,Generated,863.0699999999997,0,9,9,1.5,C60H50N2O4
O=C1c2ccc3c4ccc5c6c(ccc(c7ccc(c2c37)C(=O)N1COc1cc(COc2cccc(CO)c2CO)cc(CO)c1CO)c64)C(=O)N(COc1cc(COc2cccc(CO)c2CO)cc(CO)c1CO)C5=O,COc1cccc(CO)c1CO,Generated,1055.0579999999998,3,12,12,1.5,C60H50N2O16
COc1c(CO)cccc1OCc1cc(CO)c(OC)c(OCN2C(=O)c3ccc4c5ccc6c7c(ccc(c8ccc(c3c48)C2=O)c75)C(=O)N(COc2cc(COc3cccc(CO)c3OC)cc(CO)c2OC)C6=O)c1,COc1cccc(CO)c1OC,Generated,1055.0579999999998,3,12,12,1.5,C60H50N2O16
CC1C=CC(C=NCCC2C=CC(C=NCN3C(=O)c4ccc5c6ccc7c8c(ccc(c9ccc(c4c59)C3=O)c86)C(=O)N(CN=CC3=CCC(CCN=CC4=CCC(C)C=C4)C=C3)C7=O)=CC2)=CC1,CN=CC1=CCC(C)C=C1,Generated,923.1299999999997,1,10,10,1.0,C60H54N6O4
CCCOCC(C)OCCOCCCCOCC(C)OCCOCN1C(=O)c2ccc3c4ccc5c6c(ccc(c7ccc(c2c37)C1=O)c64)C(=O)N(COCCOC(C)COCCCCOCCOC(C)COCCC)C5=O,CCCOCC(C)OCCOC,Generated,1087.3139999999994,8,12,11,0.0,C60H82N2O16
O=C1c2ccc3c4ccc5c6c(ccc(c7ccc(c2c37)C(=O)N1Cc1cc(O)ccc1Cc1cccc(O)c1)c64)C(=O)N(Cc1cc(O)ccc1Cc1cccc(O)c1)C5=O,Cc1cccc(O)c1,Generated,814.85,0,8,8,1.5,C52H34N2O8
O=C1c2ccc3c4ccc5c6c(ccc(c7ccc(c2c37)C(=O)N1CC(O)C(CO)CC(O)CCO)c64)C(=O)N(CC(O)C(CO)CC(O)CCO)C5=O,CC(O)CCO,Generated,742.7780000000001,2,6,5,0.0,C40H42N2O12
CCC(C)CCCCCCCC(CC)CCCCCCN1C(=O)c2ccc3c4ccc5c6c(ccc(c7ccc(c2c37)C1=O)c64)C(=O)N(CCCCCCC(CC)CCCCCCCC(C)CC)C5=O,CCCCCCC(C)CC,Generated,951.433999999999,6,10,9,0.0,C64H90N2O4
CC(Cc1cccc(C(C)CN2C(=O)c3ccc4c5ccc6c7c(ccc(c8ccc(c3c48)C2=O)c75)C(=O)N(CC(C)c2cccc(CC(C)c3ccccc3)c2)C6=O)c1)c1ccccc1,CC(C)c1ccccc1,Generated,863.07,1,9,9,1.5,C60H50N2O4
CC(C)CC=CC=CC=CC(C=CC=CCC(C)C)=CN1C(=O)c2ccc3c4ccc5c6c(ccc(c7ccc(c2c37)C1=O)c64)C(=O)N(C=C(C=CC=CC=CCC(C)C)C=CC=CCC(C)C)C5=O,C=CC=CC=CCC(C)C,Generated,927.2419999999998,4,10,9,0.0,C64H66N2O4
O=C1c2ccc3c4ccc5c6c(ccc(c7ccc(c2c37)C(=O)N1Cc1cc([N+](=O)[O-])ccc1Cc1cccc([N+](=O)[O-])c1)c64)C(=O)N(Cc1cc([N+](=O)[O-])ccc1Cc1cccc([N+](=O)[O-])c1)C5=O,Cc1cccc([N+](=O)[O-])c1,Generated,930.8419999999999,1,10,10,1.5,C52H30N6O12
CCCCCOCCCCCON1C(=O)c2ccc3c4ccc5c6c(ccc(c7ccc(c2c37)C1=O)c64)C(=O)N(OCCCCCOCCCCC)C5=O,CCCCCO,Generated,734.8899999999996,3,6,5,0.0,C44H50N2O8
CCCCC(=O)C=CC(CC)CC(=O)C=CN1C(=O)c2ccc3c4ccc5c6c(ccc(c7ccc(c2c37)C1=O)c64)C(=O)N(C=CC(=O)CC(C=CC(=O)CCCC)CC)C5=O,C=CC(=O)CCCC,Generated,830.9779999999997,4,8,7,0.0,C52H50N2O8
CC(C)c1cccc(CCc2c(CCN3C(=O)c4ccc5c6ccc7c8c(ccc(c9ccc(c4c59)C3=O)c86)C(=O)N(CCc3cccc(C(C)C)c3CCc3cccc(C(C)C)c3)C7=O)cccc2C(C)C)c1,CCc1cccc(C(C)C)c1,Generated,975.2859999999996,2,11,11,1.5,C68H66N2O4
CCCSCCCSN1C(=O)c2ccc3c4ccc5c6c(ccc(c7ccc(c2c37)C1=O)c64)C(=O)N(SCCCSCCC)C5=O,CCCS,Generated,686.9459999999999,1,4,3,0.0,C36H34N2O4S4
Cc1cc(C)c(Cc2c(C)c(C)cc(CN3C(=O)c4ccc5c6ccc7c8c(ccc(c9ccc(c4c59)C3=O)c86)C(=O)N(Cc3cc(C)c(C)c(Cc4cc(C)c(C)cc4C)c3C)C7=O)c2C)cc1C,Cc1cc(C)c(C)cc1C,Generated,919.1779999999994,0,10,10,1.5,C64H58N2O4
CC(C)(C)CCC(C)(C)CN1C(=O)c2ccc3c4ccc5c6c(ccc(c7ccc(c2c37)C1=O)c64)C(=O)N(CC(C)(C)CCC(C)(C)C)C5=O,CC(C)(C)C,Generated,670.8939999999999,0,5,4,0.0,C44H50N2O4
CC(C)(Cc1cccc(C(C)(C)CN2C(=O)c3ccc4c5ccc6c7c(ccc(c8ccc(c3c48)C2=O)c75)C(=O)N(CC(C)(C)c2cccc(CC(C)(C)c3ccccc3)c2)C6=O)c1)c1ccccc1,CC(C)(C)c1ccccc1,Generated,919.1779999999999,0,10,10,1.5,C64H58N2O4
Cc1cncc(Cc2cncc(N3C(=O)c4ccc5c6ccc7c8c(ccc(c9ccc(c4c59)C3=O)c86)C(=O)N(c3cncc(Cc4cncc(C)c4)c3)C7=O)c2)c1,Cc1cccnc1,Generated,754.806,0,7,7,1.5,C48H30N6O4
CN(CCC(C)(C)CN(C)CN1C(=O)c2ccc3c4ccc5c6c(ccc(c7ccc(c2c37)C1=O)c64)C(=O)N(CN(C)CC(C)(C)CCN(C)CC(C)(C)C)C5=O)CC(C)(C)C,CN(C)CC(C)(C)C,Generated,843.1699999999994,1,8,7,0.0,C52H70N6O4
CC(CCC(=O)O)CC(CC(C)CN1C(=O)c2ccc3c4ccc5c6c(ccc(c7ccc(c2c37)C1=O)c64)C(=O)N(CC(C)CC(CC(C)CCC(=O)O)C(=O)O)C5=O)C(=O)O,CC(C)CCC(=O)O,Generated,846.9300000000001,3,8,7,0.0,C48H50N2O12
Cc1cc(Cc2c(C)cc(C(C)(C)C)cc2CN2C(=O)c3ccc4c5ccc6c7c(ccc(c8ccc(c3c48)C2=O)c75)C(=O)N(Cc2cc(C(C)(C)C)cc(C)c2Cc2cc(C)cc(C(C)(C)C)c2)C6=O)cc(C(C)(C)C)c1,Cc1cc(C)cc(C(C)(C)C)c1,Generated,1031.3939999999996,0,12,12,1.5,C72H74N2O4
CCC[N+](C)([O-])CCCC[N+](C)([O-])CN1C(=O)c2ccc3c4ccc5c6c(ccc(c7ccc(c2c37)C1=O)c64)C(=O)N(C[N+](C)([O-])CCCC[N+](C)([O-])CCC)C5=O,CCC[N+](C)(C)[O-],Generated,794.9499999999996,2,7,6,0.0,C44H54N6O8
CCCCCCNCCCCCCNN1C(=O)c2ccc3c4ccc5c6c(ccc(c7ccc(c2c37)C1=O)c64)C(=O)N(NCCCCCCNCCCCCC)C5=O,CCCCCCN,Generated,787.0619999999993,4,7,6,0.0,C48H62N6O4
O=C(O)CCCCC(CCCN1C(=O)c2ccc3c4ccc5c6c(ccc(c7ccc(c2c37)C1=O)c64)C(=O)N(CCCC(CCCCC(=O)O)C(=O)O)C5=O)C(=O)O,CCCCC(=O)O,Generated,790.822,3,7,6,0.0,C44H42N2O12
CCOCCOCCOCCOC(=O)C=CCCOCCOCCOCCOC(=O)C=CN1C(=O)c2ccc3c4ccc5c6c(ccc(c7ccc(c2c37)C1=O)c64)C(=O)N(C=CC(=O)OCCOCCOCCOCCC=CC(=O)OCCOCCOCCOCC)C5=O,C=CC(=O)OCCOCCOCCOCC,Generated,1311.394,11,16,15,0.0,C68H82N2O24
CCCCCCCCOC(=O)C(C)CCCCCCCCCCOC(=O)C(C)CCN1C(=O)c2ccc3c4ccc5c6c(ccc(c7ccc(c2c37)C1=O)c64)C(=O)N(CCC(C)C(=O)OCCCCCCCCCCC(C)C(=O)OCCCCCCCC)C5=O,CCCCCCCCOC(=O)C(C)CC,Generated,1239.6859999999995,9,15,14,0.0,C76H106N2O12
CC(CCOC(=O)C(C)CCN1C(=O)c2ccc3c4ccc5c6c(ccc(c7ccc(c2c37)C1=O)c64)C(=O)N(CCC(C)C(=O)OCCC(C)C(=O)O)C5=O)C(=O)O,CCC(C)C(=O)O,Generated,790.822,2,7,6,0.0,C44H42N2O12
CCC(OC)C(=O)OCCCCCCCCC(CCCCCCCN1C(=O)c2ccc3c4ccc5c6c(ccc(c7ccc(c2c37)C1=O)c64)C(=O)N(CCCCCCCC(CCCCCCCCOC(=O)C(CC)OC)OC(=O)C(CC)OC)C5=O)OC(=O)C(CC)OC,CCCCCCCCOC(=O)C(CC)OC,Generated,1303.6819999999984,10,16,15,0.0,C76H106N2O16
CC(C)(CCOC(=O)C(C)(C)CCN1C(=O)c2ccc3c4ccc5c6c(ccc(c7ccc(c2c37)C1=O)c64)C(=O)N(CCC(C)(C)C(=O)OCCC(C)(C)C(=O)O)C5=O)C(=O)O,CCC(C)(C)C(=O)O,Generated,846.93,2,8,7,0.0,C48H50N2O12
CCCCC(CCCCC(CCCOCC1CO1)N1C(=O)c2ccc3c4ccc5c6c(ccc(c7ccc(c2c37)C1=O)c64)C(=O)N(C(CCCCC(CCCC)CCCOCC1CO1)CCCOCC1CO1)C5=O)CCCOCC1CO1,CCCCCCCCOCC1CO1,Generated,1127.4699999999993,9,13,13,1.0,C68H90N2O12
CCCCCCCCOCCCCCCCCON1C(=O)c2ccc3c4ccc5c6c(ccc(c7ccc(c2c37)C1=O)c64)C(=O)N(OCCCCCCCCOCCCCCCCC)C5=O,CCCCCCCCO,Generated,903.213999999999,6,9,8,0.0,C56H74N2O8
O=C(O)C=COC(=O)C=CN1C(=O)c2ccc3c4ccc5c6c(ccc(c7ccc(c2c37)C1=O)c64)C(=O)N(C=CC(=O)OC=CC(=O)O)C5=O,C=CC(=O)O,Generated,670.5420000000005,1,5,4,0.0,C36H18N2O12
CC(=COC(=O)C(C)=CN1C(=O)c2ccc3c4ccc5c6c(ccc(c7ccc(c2c37)C1=O)c64)C(=O)N(C=C(C)C(=O)OC=C(C)C(=O)O)C5=O)C(=O)O,C=C(C)C(=O)O,Generated,726.6500000000004,1,6,5,0.0,C40H26N2O12
O=C1c2ccc3c4ccc5c6c(ccc(c7ccc(c2c37)C(=O)N1CCC1(COCCC2(CO)COC2)COC1)c64)C(=O)N(CCC1(COCCC2(CO)COC2)COC1)C5=O,CCC1(CO)COC1,Generated,846.9299999999997,2,8,8,1.0,C48H50N2O12
O=C1c2ccc3c4ccc5c6c(ccc(c7ccc(c2c37)C(=O)N1C1OC1COC1OC1CO)c64)C(=O)N(C1OC1COC1OC1CO)C5=O,OCC1CO1,Generated,678.6060000000003,1,5,5,1.0,C36H26N2O12
CCCCCCCCOC(=O)C=CCCCCCCCCOC(=O)C=CN1C(=O)c2ccc3c4ccc5c6c(ccc(c7ccc(c2c37)C1=O)c64)C(=O)N(C=CC(=O)OCCCCCCCCC=CC(=O)OCCCCCCCC)C5=O,C=CC(=O)OCCCCCCCC,Generated,1119.4059999999995,8,13,12,0.0,C68H82N2O12
O=C1c2ccc3c4ccc5c6c(ccc(c7ccc(c2c37)C(=O)N1OCCc1ccccc1OCCc1ccccc1)c64)C(=O)N(OCCc1ccccc1OCCc1ccccc1)C5=O,OCCc1ccccc1,Generated,870.958,2,9,9,1.5,C56H42N2O8
O=C1c2ccc3c4ccc5c6c(ccc(c7ccc(c2c37)C(=O)N1OCC(CO)OCCCO)c64)C(=O)N(OCC(CO)OCCCO)C5=O,OCCCO,Generated,686.6700000000002,2,5,4,0.0,C36H34N2O12
O=COCCCC(CCN1C(=O)c2ccc3c4ccc5c6c(ccc(c7ccc(c2c37)C1=O)c64)C(=O)N(CCC(CCCOC=O)OC=O)C5=O)OC=O,CCCOC=O,Generated,734.7140000000003,3,6,5,0.0,C40H34N2O12
CCCOC(C)COCCC(C)COC(C)COCCN1C(=O)c2ccc3c4ccc5c6c(ccc(c7ccc(c2c37)C1=O)c64)C(=O)N(CCOCC(C)OCC(C)CCOCC(C)OCCC)C5=O,CCCOC(C)COCC,Generated,967.2099999999995,6,10,9,0.0,C56H74N2O12
CCC(CCO)CCC(CC)(CCO)CCN1C(=O)c2ccc3c4ccc5c6c(ccc(c7ccc(c2c37)C1=O)c64)C(=O)N(CCC(CC)(CCO)CCC(CC)CCO)C5=O,CCC(CC)CCO,Generated,847.1059999999995,4,8,7,0.0,C52H66N2O8
CC(CCO)CC(C)(CCO)CN1C(=O)c2ccc3c4ccc5c6c(ccc(c7ccc(c2c37)C1=O)c64)C(=O)N(CC(C)(CCO)CC(C)CCO)C5=O,CC(C)CCO,Generated,734.8899999999999,2,6,5,0.0,C44H50N2O8
CC(=O)c1cccc(C(=O)Cc2c(C(C)=O)cccc2C(=O)CN2C(=O)c3ccc4c5ccc6c7c(ccc(c8ccc(c3c48)C2=O)c75)C(=O)N(CC(=O)c2cccc(C(C)=O)c2CC(=O)c2cccc(C(C)=O)c2)C6=O)c1,CC(=O)c1cccc(C(C)=O)c1,Generated,1031.0419999999997,2,12,12,1.5,C64H42N2O12
O=C1c2ccc3c4ccc5c6c(ccc(c7ccc(c2c37)C(=O)N1CCCCCc1ccc(CCCCCc2ccccc2)cc1)c64)C(=O)N(CCCCCc1ccc(CCCCCc2ccccc2)cc1)C5=O,CCCCCc1ccccc1,Generated,975.2859999999997,4,11,11,1.5,C68H66N2O4
CC1C=CC(OCCC2C=CC(OCN3C(=O)c4ccc5c6ccc7c8c(ccc(c9ccc(c4c59)C3=O)c86)C(=O)N(COC3=CCC(CCOC4=CCC(C)C=C4)C=C3)C7=O)=CC2)=CC1,COC1=CCC(C)C=C1,Generated,879.0219999999998,1,9,9,1.0,C56H50N2O8
O=C1c2ccc3c4ccc5c6c(ccc(c7ccc(c2c37)C(=O)N1c1ccc(C(c2ccccc2)c2ccc(Cc3ccccc3)cc2)cc1)c64)C(=O)N(c1ccc(C(c2ccccc2)c2ccc(Cc3ccccc3)cc2)cc1)C5=O,c1ccc(Cc2ccccc2)cc1,Generated,1055.246,2,13,14,3.0,C76H50N2O4
O=C1c2ccc3c4ccc5c6c(ccc(c7ccc(c2c37)C(=O)N1CCCCCCCOc1ccc(CCCCCCCOc2ccccc2)cc1)c64)C(=O)N(CCCCCCCOc1ccc(CCCCCCCOc2ccccc2)cc1)C5=O,CCCCCCCOc1ccccc1,Generated,1151.4979999999991,7,14,14,1.5,C76H82N2O8
O=C1c2ccc3c4ccc5c6c(ccc(c7ccc(c2c37)C(=O)N1c1ccc(-c2ccc(-c3ccc(-c7ccccc7)cc3)cc2)cc1)c64)C(=O)N(c1ccc(-c2ccc(-c3ccc(-c4ccccc4)cc3)cc2)cc1)C5=O,c1ccc(-c2ccccc2)cc1,Generated,999.138,1,12,13,3.0,C72H42N2O4
CC(=CCCC(C)CCc1ccccc1)Cc1ccc(CCC(C)CCC=C(C)CN2C(=O)c3ccc4c5ccc6c7c(ccc(c8ccc(c3c48)C2=O)c75)C(=O)N(CC(C)=CCCC(C)CCc2ccc(CC(C)=CCCC(C)CCc3ccccc3)cc2)C6=O)cc1,CC(C)=CCCC(C)CCc1ccccc1,Generated,1247.7619999999995,6,16,16,1.5,C88H98N2O4
CC(CCc1ccc(C(C)CCN2C(=O)c3ccc4c5ccc6c7c(ccc(c8ccc(c3c48)C2=O)c75)C(=O)N(CCC(C)c2ccc(CCC(C)c3ccccc3)cc2)C6=O)cc1)c1ccccc1,CCC(C)c1ccccc1,Generated,919.1779999999999,2,10,10,1.5,C64H58N2O4
CCCCOC(=O)CCCCCONCCCCOC(=O)CCCCCONN1C(=O)c2ccc3c4ccc5c6c(ccc(c7ccc(c2c37)C1=O)c64)C(=O)N(NOCCCCCC(=O)OCCCCNOCCCCCC(=O)OCCCC)C5=O,CCCCOC(=O)CCCCCON,Generated,1195.4179999999994,9,14,13,0.0,C64H86N6O16
COc1cccc(OCc2c(OC)cccc2OCN2C(=O)c3ccc4c5ccc6c7c(ccc(c8ccc(c3c48)C2=O)c75)C(=O)N(COc2cccc(OC)c2COc2cccc(OC)c2)C6=O)c1,COc1cccc(OC)c1,Generated,934.9539999999998,2,10,10,1.5,C56H42N2O12
COc1ccccc1OCc1cccc(OCN2C(=O)c3ccc4c5ccc6c7c(ccc(c8ccc(c3c48)C2=O)c75)C(=O)N(COc2cccc(COc3ccccc3OC)c2OC)C6=O)c1OC,COc1ccccc1OC,Generated,934.954,2,10,10,1.5,C56H42N2O12
Cc1ccc(N(C)CCc2ccc(N(C)CN3C(=O)c4ccc5c6ccc7c8c(ccc(c9ccc(c4c59)C3=O)c86)C(=O)N(CN(C)c3ccc(CCN(C)c4ccc(C)cc4)cc3)C7=O)cc2)cc1,Cc1ccc(N(C)C)cc1,Generated,923.1299999999998,1,10,10,1.5,C60H54N6O4
CCCCCCC(C)(C)CCCCCCCC(C)(C)CN1C(=O)c2ccc3c4ccc5c6c(ccc(c7ccc(c2c37)C1=O)c64)C(=O)N(CC(C)(C)CCCCCCCC(C)(C)CCCCCC)C5=O,CCCCCCC(C)(C)C,Generated,951.433999999999,4,10,9,0.0,C64H90N2O4
CCCCCCCCC#CC#CC#CCC(C#CC#CC#CCN1C(=O)c2ccc3c4ccc5c6c(ccc(c7ccc(c2c37)C1=O)c64)C(=O)N(CC#CC#CC#CC(CC#CC#CC#CCCCCCCCC)CCCCCCC)C5=O)CCCCCCC,CC#CC#CC#CCCCCCCCC,Generated,1183.589999999999,6,15,14,0.0,C84H82N2O4
CCC(C)(C)CCCC(C)(C)CN1C(=O)c2ccc3c4ccc5c6c(ccc(c7ccc(c2c37)C1=O)c64)C(=O)N(CC(C)(C)CCCC(C)(C)CC)C5=O,CCC(C)(C)C,Generated,727.0019999999997,0,6,5,0.0,C48H58N2O4
CCCCC(C)(C)CCCCCC(C)(C)CN1C(=O)c2ccc3c4ccc5c6c(ccc(c7ccc(c2c37)C1=O)c64)C(=O)N(CC(C)(C)CCCCCC(C)(C)CCCC)C5=O,CCCCC(C)(C)C,Generated,839.2179999999993,2,8,7,0.0,C56H74N2O4
CCCC(C)(C)CCCCC(C)(C)CN1C(=O)c2ccc3c4ccc5c6c(ccc(c7ccc(c2c37)C1=O)c64)C(=O)N(CC(C)(C)CCCCC(C)(C)CCC)C5=O,CCCC(C)(C)C,Generated,783.1099999999994,1,7,6,0.0,C52H66N2O4
CCCCCC(C)(C)CCCCCCC(C)(C)CN1C(=O)c2ccc3c4ccc5c6c(ccc(c7ccc(c2c37)C1=O)c64)C(=O)N(CC(C)(C)CCCCCCC(C)(C)CCCCC)C5=O,CCCCCC(C)(C)C,Generated,895.3259999999991,3,9,8,0.0,C60H82N2O4
CCCCCCCCCCCCCCC(CCCCCC)CCCCCCCN1C(=O)c2ccc3c4ccc5c6c(ccc(c7ccc(c2c37)C1=O)c64)C(=O)N(CCCCCCCC(CCCCCC)CCCCCCCCCCCCCC)C5=O,CCCCCCCCCCCCCC,Generated,1175.865999999999,11,14,13,0.0,C80H122N2O4
CCCCCCOC(=O)C(C)(C)CCCCCCCCOC(=O)C(C)(C)CCN1C(=O)c2ccc3c4ccc5c6c(ccc(c7ccc(c2c37)C1=O)c64)C(=O)N(CCC(C)(C)C(=O)OCCCCCCCCC(C)(C)C(=O)OCCCCCC)C5=O,CCCCCCOC(=O)C(C)(C)CC,Generated,1183.5779999999993,7,14,13,0.0,C72H98N2O12
CC(C)c1cc#cc(C(C)Cc2c(C(C)CN3C(=O)c4ccc5c6ccc7c8c(ccc(c9ccc(c4c59)C3=O)c86)C(=O)N(CC(C)c3c#ccc(C(C)C)c3CC(C)c3c#ccc(C(C)C)c3)C7=O)c#ccc2C(C)C)c1,CC(C)c1c#ccc(C(C)C)c1,Generated,1023.3299999999994,2,12,12,1.5,C72H66N2O4
CC(C)CCCCC(CCCN1C(=O)c2ccc3c4ccc5c6c(ccc(c7ccc(c2c37)C1=O)c64)C(=O)N(CCCC(CCCCC(C)C)C(C)C)C5=O)C(C)C,CCCCC(C)C,Generated,783.1099999999997,3,7,6,0.0,C52H66N2O4
CCOCCCC1CCCC(CCOCCCC2CCCC(N3C(=O)c4ccc5c6ccc7c8c(ccc(c9ccc(c4c59)C3=O)c86)C(=O)N(C3CCCC(CCCOCCC4CCCC(CCCOCC)CCC4)CCC3)C7=O)CCC2)CCC1,CCOCCCC1CCCCCCC1,Generated,1175.6899999999994,5,14,14,1.0,C76H106N2O8
CCCC(CCCCCC(CCN1C(=O)c2ccc3c4ccc5c6c(ccc(c7ccc(c2c37)C1=O)c64)C(=O)N(CCC(CCCCCC(CCC)c1ccccc1)c1ccccc1)C5=O)c1ccccc1)c1ccccc1,CCCC(CC)c1ccccc1,Generated,1031.3939999999998,4,12,12,1.5,C72H74N2O4
CCCOC(C)C(=O)OC(CCCCOC(C)C(=O)OC(CN1C(=O)c2ccc3c4ccc5c6c(ccc(c7ccc(c2c37)C1=O)c64)C(=O)N(CC(OC(=O)C(C)OCCCCC(OC(=O)C(C)OCCC)C(=O)O)C(=O)O)C5=O)C(=O)O)C(=O)O,CCCOC(C)C(=O)OC(C)C(=O)O,Generated,1199.1779999999997,6,14,13,0.0,C60H66N2O24
CCC(CCCCCCCCCC(C)C(CC)CCCCCCCCN1C(=O)c2ccc3c4ccc5c6c(ccc(c7ccc(c2c37)C1=O)c64)C(=O)N(CCCCCCCCC(CC)C(C)CCCCCCCCCC(CC)C(C)C)C5=O)C(C)C,CCCCCCCCC(CC)C(C)C,Generated,1175.8659999999982,9,14,13,0.0,C80H122N2O4
CCCC(CCCCCCCCC(C)C(CCC)CCCCCCCN1C(=O)c2ccc3c4ccc5c6c(ccc(c7ccc(c2c37)C1=O)c64)C(=O)N(CCCCCCCC(CCC)C(C)CCCCCCCCC(CCC)C(C)C)C5=O)C(C)C,CCCCCCCC(CCC)C(C)C,Generated,1175.8659999999984,9,14,13,0.0,C80H122N2O4
O=C1c2ccc3c4ccc5c6c(ccc(c7ccc(c2c37)C(=O)N1Cc1cccc(S(=O)(=O)c2cccc(Cc3cccc(S(=O)(=O)c7ccccc7)c3)c2)c1)c64)C(=O)N(Cc1cccc(S(=O)(=O)c2cccc(Cc3cccc(S(=O)(=O)c4ccccc4)c3)c2)c1)C5=O,Cc1cccc(S(=O)(=O)c2ccccc2)c1,Generated,1311.506,2,16,17,3.0,C76H50N2O12S4
O=C1c2ccc3c4ccc5c6c(ccc(c7ccc(c2c37)C(=O)N1NS(=O)(=O)c1ccc(NS(=O)(=O)c2ccccc2)cc1)c64)C(=O)N(NS(=O)(=O)c1ccc(NS(=O)(=O)c2ccccc2)cc1)C5=O,NS(=O)(=O)c1ccccc1,Generated,1011.066,1,10,10,1.5,C48H30N6O12S4
O=C1c2ccc3c4ccc5c6c(ccc(c7ccc(c2c37)C(=O)N1CS(=O)(=O)c1ccc(CS(=O)(=O)c2ccccc2)cc1)c64)C(=O)N(CS(=O)(=O)c1ccc(CS(=O)(=O)c2ccccc2)cc1)C5=O,CS(=O)(=O)c1ccccc1,Generated,1007.114,1,10,10,1.5,C52H34N2O12S4
O=C1c2ccc3c4ccc5c6c(ccc(c7ccc(c2c37)C(=O)N1Nc1ccc(S(=O)(=O)c2ccc(Nc3ccc(S(=O)(=O)c7ccccc7)cc3)cc2)cc1)c64)C(=O)N(Nc1ccc(S(=O)(=O)c2ccc(Nc3ccc(S(=O)(=O)c4ccccc4)cc3)cc2)cc1)C5=O,Nc1ccc(S(=O)(=O)c2ccccc2)cc1,Generated,1315.458,2,16,17,3.0,C72H46N6O12S4
CC(CCO)CCC(CO)C(C)CCN1C(=O)c2ccc3c4ccc5c6c(ccc(c7ccc(c2c37)C1=O)c64)C(=O)N(CCC(C)C(CO)CCC(C)CCO)C5=O,CCC(C)CCO,Generated,790.9979999999998,3,7,6,0.0,C48H58N2O8
CCSCCCCSCCN1C(=O)c2ccc3c4ccc5c6c(ccc(c7ccc(c2c37)C1=O)c64)C(=O)N(CCSCCCCSCC)C5=O,CCSCC,Generated,743.0539999999997,2,5,4,0.0,C40H42N2O4S4
CC1CCCN(CCC2CCCN(CN3C(=O)c4ccc5c6ccc7c8c(ccc(c9ccc(c4c59)C3=O)c86)C(=O)N(CN3CCCC(CCN4CCCC(C)C4)C3)C7=O)C2)C1,CC1CCCN(C)C1,Generated,835.1059999999992,0,8,8,1.0,C52H62N6O4
COc1cccc(OCc2ccc(OCN3C(=O)c4ccc5c6ccc7c8c(ccc(c9ccc(c4c59)C3=O)c86)C(=O)N(COc3ccc(COc4cccc(OC)c4OC)c(OC)c3OC)C7=O)c(OC)c2OC)c1OC,COc1cccc(OC)c1OC,Generated,1055.0579999999998,3,12,12,1.5,C60H50N2O16
O=C(CNC(=O)c1ccccc1)Nc1ccc(C(=O)NCC(=O)NN2C(=O)c3ccc4c5ccc6c7c(ccc(c8ccc(c3c48)C2=O)c75)C(=O)N(NC(=O)CNC(=O)c2ccc(NC(=O)CNC(=O)c3ccccc3)cc2)C6=O)cc1,NC(=O)CNC(=O)c1ccccc1,Generated,1095.0539999999999,3,13,13,1.5,C60H42N10O12
O=C1c2ccc3c4ccc5c6c(ccc(c7ccc(c2c37)C(=O)N1CSc1ccc(CSc2ccccc2)cc1)c64)C(=O)N(CSc1ccc(CSc2ccccc2)cc1)C5=O,CSc1ccccc1,Generated,879.122,1,8,8,1.5,C52H34N2O4S4
CC1CCN(CCC2CCN(CN3C(=O)c4ccc5c6ccc7c8c(ccc(c9ccc(c4c59)C3=O)c86)C(=O)N(CN3CCC(CCN4CCC(C)CC4)CC3)C7=O)CC2)CC1,CC1CCN(C)CC1,Generated,835.1059999999991,0,8,8,1.0,C52H62N6O4
O=C1c2ccc3c4ccc5c6c(ccc(c7ccc(c2c37)C(=O)N1COCc1ccc(COCc2ccccc2)cc1)c64)C(=O)N(COCc1ccc(COCc2ccccc2)cc1)C5=O,COCc1ccccc1,Generated,870.958,2,9,9,1.5,C56H42N2O8
CCCCSCCCCSN1C(=O)c2ccc3c4ccc5c6c(ccc(c7ccc(c2c37)C1=O)c64)C(=O)N(SCCCCSCCCC)C5=O,CCCCS,Generated,743.0539999999997,2,5,4,0.0,C40H42N2O4S4
Cc1ccc(N2CCCCC2)cc1Cc1ccc(N2CCCCC2)cc1N1C(=O)c2ccc3c4ccc5c6c(ccc(c7ccc(c2c37)C1=O)c64)C(=O)N(c1cc(N2CCCCC2)ccc1Cc1cc(N2CCCCC2)ccc1C)C5=O,Cc1ccc(N2CCCCC2)cc1,Generated,1083.389999999999,1,13,14,2.5,C72H70N6O4
O=C1c2ccc3c4ccc5c6c(ccc(c7ccc(c2c37)C(=O)N1c1cc(-c2ccccc2N2CCCCC2)ccc1N1CCCCC1)c64)C(=O)N(c1cc(-c2ccccc2N2CCCCC2)ccc1N1CCCCC1)C5=O,c1ccc(N2CCCCC2)cc1,Generated,1027.2819999999988,1,12,13,2.5,C68H62N6O4
Cc1cc(Cc2cc(N3CCCCC3)cc(N3C(=O)c4ccc5c6ccc7c8c(ccc(c9ccc(c4c59)C3=O)c86)C(=O)N(c3cc(Cc4cc(C)cc(N5CCCCC5)c4)cc(N4CCCCC4)c3)C7=O)c2)cc(N2CCCCC2)c1,Cc1cccc(N2CCCCC2)c1,Generated,1083.3899999999992,1,13,14,2.5,C72H70N6O4
Cc1cc(Cc2cc(N3C(=O)c4ccc5c6ccc7c8c(ccc(c9ccc(c4c59)C3=O)c86)C(=O)N(c3csc(Cc4csc(C)c4)c3)C7=O)cs2)cs1,Cc1cccs1,Generated,774.9700000000001,0,6,6,1.5,C44H26N2O4S4
CC1CCN(CCOCCC2CCN(CCOCN3C(=O)c4ccc5c6ccc7c8c(ccc(c9ccc(c4c59)C3=O)c86)C(=O)N(COCCN3CCC(CCOCCN4CCC(C)CC4)CC3)C7=O)CC2)CC1,COCCN1CCC(C)CC1,Generated,1011.3179999999986,3,11,11,1.0,C60H78N6O8
O=C1c2ccc3c4ccc5c6c(ccc(c7ccc(c2c37)C(=O)N1[SH]=c1[nH]nc([SH]=c2[nH]ncs2)s1)c64)C(=O)N([SH]=c1[nH]nc([SH]=c2[nH]ncs2)s1)C5=O,S=c1[nH]ncs1,Generated,863.0979999999998,0,6,6,1.5,C32H18N10O4S8
CCCCN(C)CCCCCN(C)CN1C(=O)c2ccc3c4ccc5c6c(ccc(c7ccc(c2c37)C1=O)c64)C(=O)N(CN(C)CCCCCN(C)CCCC)C5=O,CCCCN(C)C,Generated,787.0619999999993,3,7,6,0.0,C48H62N6O4
CCCCCN(C)CCCCCCN(C)CN1C(=O)c2ccc3c4ccc5c6c(ccc(c7ccc(c2c37)C1=O)c64)C(=O)N(CN(C)CCCCCCN(C)CCCCC)C5=O,CCCCCN(C)C,Generated,843.1699999999992,4,8,7,0.0,C52H70N6O4
Nc1ncnc(Nc2nc(N)nc(NN3C(=O)c4ccc5c6ccc7c8c(ccc(c9ccc(c4c59)C3=O)c86)C(=O)N(Nc3nc(N)nc(Nc4ncnc(N)n4)n3)C7=O)n2)n1,Nc1ncnc(N)n1,Generated,826.7219999999995,0,8,8,1.5,C36H22N22O4
Cc1cccc(N(C)CCc2cccc(N(C)CN3C(=O)c4ccc5c6ccc7c8c(ccc(c9ccc(c4c59)C3=O)c86)C(=O)N(CN(C)c3cccc(CCN(C)c4cccc(C)c4)c3)C7=O)c2)c1,Cc1cccc(N(C)C)c1,Generated,923.1299999999998,1,10,10,1.5,C60H54N6O4
O=C1c2ccc3c4ccc5c6c(ccc(c7ccc(c2c37)C(=O)N1NCN1CCC(NCN2CCCCC2)CC1)c64)C(=O)N(NCN1CCC(NCN2CCCCC2)CC1)C5=O,NCN1CCCCC1,Generated,839.0579999999993,1,8,8,1.0,C48H58N10O4
CC1CCN(c2ccc(CC3CCN(c4ccc(N5C(=O)c6ccc7c8ccc9c%10c(ccc(c%11ccc(c6c7%11)C5=O)c%108)C(=O)N(c5ccc(N6CCC(Cc7ccc(N8CCC(C)CC8)cc7)CC6)cc5)C9=O)cc4)CC3)cc2)CC1,CC1CCN(c2ccccc2)CC1,Generated,1083.3899999999994,1,13,14,2.5,C72H70N6O4
COc1ccc(OCc2cc(OCN3C(=O)c4ccc5c6ccc7c8c(ccc(c9ccc(c4c59)C3=O)c86)C(=O)N(COc3ccc(OC)c(COc4ccc(OC)cc4)c3)C7=O)ccc2OC)cc1,COc1ccc(OC)cc1,Generated,934.9540000000001,2,10,10,1.5,C56H42N2O12
Cc1ccc(N2CCOCC2)cc1Cc1ccc(N2CCOCC2)cc1N1C(=O)c2ccc3c4ccc5c6c(ccc(c7ccc(c2c37)C1=O)c64)C(=O)N(c1cc(N2CCOCC2)ccc1Cc1cc(N2CCOCC2)ccc1C)C5=O,Cc1ccc(N2CCOCC2)cc1,Generated,1091.277999999999,1,13,14,2.5,C68H62N6O8
Cc1ccc(NC(=O)N(C)CCc2ccc(NC(=O)N(C)CN3C(=O)c4ccc5c6ccc7c8c(ccc(c9ccc(c4c59)C3=O)c86)C(=O)N(CN(C)C(=O)Nc3ccc(CCN(C)C(=O)Nc4ccc(C)cc4)cc3)C7=O)cc2)cc1,Cc1ccc(NC(=O)N(C)C)cc1,Generated,1095.2299999999996,1,13,13,1.5,C64H58N10O8
CCNc1nc(N)nc(NCCNc2nc(N)nc(NN3C(=O)c4ccc5c6ccc7c8c(ccc(c9ccc(c4c59)C3=O)c86)C(=O)N(Nc3nc(N)nc(NCCNc4nc(N)nc(NCC)n4)n3)C7=O)n2)n1,CCNc1nc(N)nc(N)n1,Generated,998.997999999999,2,11,11,1.5,C44H42N26O4
O=C1c2ccc3c4ccc5c6c(ccc(c7ccc(c2c37)C(=O)N1CN1CCC(CN2CCCCC2)CC1)c64)C(=O)N(CN1CCC(CN2CCCCC2)CC1)C5=O,CN1CCCCC1,Generated,778.9979999999996,0,7,7,1.0,C48H54N6O4
COc1cc(C)cc(OCCc2cc(OC)c(OC)c(OCN3C(=O)c4ccc5c6ccc7c8c(ccc(c9ccc(c4c59)C3=O)c86)C(=O)N(COc3cc(CCOc4cc(C)cc(OC)c4OC)cc(OC)c3OC)C7=O)c2)c1OC,COc1cc(C)cc(OC)c1OC,Generated,1111.1659999999995,3,13,13,1.5,C64H58N2O16
CCCCC(C)CCCCCCCC(CCCC)CCCCCCN1C(=O)c2ccc3c4ccc5c6c(ccc(c7ccc(c2c37)C1=O)c64)C(=O)N(CCCCCCC(CCCC)CCCCCCCC(C)CCCC)C5=O,CCCCCCC(C)CCCC,Generated,1063.6499999999987,8,12,11,0.0,C72H106N2O4
O=C(NCc1ccc(C(=O)NCN2C(=O)c3ccc4c5ccc6c7c(ccc(c8ccc(c3c48)C2=O)c75)C(=O)N(CNC(=O)c2ccc(CNC(=O)c3ccccc3)cc2)C6=O)cc1)c1ccccc1,CNC(=O)c1ccccc1,Generated,922.9540000000001,1,10,10,1.5,C56H38N6O8
Cc1ccc(NC(=O)NCc2ccc(NC(=O)NN3C(=O)c4ccc5c6ccc7c8c(ccc(c9ccc(c4c59)C3=O)c86)C(=O)N(NC(=O)Nc3ccc(CNC(=O)Nc4ccc(C)cc4)cc3)C7=O)cc2)cc1,Cc1ccc(NC(N)=O)cc1,Generated,983.014,1,11,11,1.5,C56H42N10O8
O=C(NCc1ccccc1)Nc1ccc(CNC(=O)NN2C(=O)c3ccc4c5ccc6c7c(ccc(c8ccc(c3c48)C2=O)c75)C(=O)N(NC(=O)NCc2ccc(NC(=O)NCc3ccccc3)cc2)C6=O)cc1,NC(=O)NCc1ccccc1,Generated,983.0139999999999,2,11,11,1.5,C56H42N10O8
CN(Cc1ccccc1)Cc1ccc(CN(C)CN2C(=O)c3ccc4c5ccc6c7c(ccc(c8ccc(c3c48)C2=O)c75)C(=O)N(CN(C)Cc2ccc(CN(C)Cc3ccccc3)cc2)C6=O)cc1,CN(C)Cc1ccccc1,Generated,923.1299999999997,2,10,10,1.5,C60H54N6O4
NCCCCCCCCCCCCCC(N)CCCCCCCCCCCCN1C(=O)c2ccc3c4ccc5c6c(ccc(c7ccc(c2c37)C1=O)c64)C(=O)N(CCCCCCCCCCCCC(N)CCCCCCCCCCCCCN)C5=O,CCCCCCCCCCCCCN,Generated,1179.8179999999995,11,14,13,0.0,C76H118N6O4
CC1C=C(CC2=C(CN3C(=O)c4ccc5c6ccc7c8c(ccc(c9ccc(c4c59)C3=O)c86)C(=O)N(CC3=C(CC4=CC(C)CC=C4)C(C)CC=C3)C7=O)C=CCC2C)C=CC1,CC1=CC(C)CC=C1,Generated,815.026,0,8,8,1.0,C56H50N2O4
CC1CCCC(CC2C(C)CCCC2CN2C(=O)c3ccc4c5ccc6c7c(ccc(c8ccc(c3c48)C2=O)c75)C(=O)N(CC2CCCC(C)C2CC2CCCC(C)C2)C6=O)C1,CC1CCCC(C)C1,Generated,831.1539999999994,0,8,8,1.0,C56H66N2O4
Cc1cc(C)cc(CCCCc2c(C)cc(CCCCN3C(=O)c4ccc5c6ccc7c8c(ccc(c9ccc(c4c59)C3=O)c86)C(=O)N(CCCCc3cc(C)c(CCCCc4cc(C)cc(C)c4)c(C)c3)C7=O)cc2C)c1,CCCCc1cc(C)cc(C)c1,Generated,1031.393999999999,3,12,12,1.5,C72H74N2O4
Cc1cc(C)cc(-c2c(C)cccc2Cc2c(C)cc(-c3c(C)cccc3CN3C(=O)c4ccc5c6ccc7c8c(ccc(c9ccc(c4c59)C3=O)c86)C(=O)N(Cc3cccc(C)c3-c3cc(C)c(Cc4cccc(C)c4-c4cc(C)cc(C)c4)c(C)c3)C7=O)cc2C)c1,Cc1cc(C)cc(-c2c(C)cccc2C)c1,Generated,1223.5699999999988,1,16,17,3.0,C88H74N2O4
Cc1cc(C)cc(CCC(=O)Cc2c(C)cc(CCC(=O)CN3C(=O)c4ccc5c6ccc7c8c(ccc(c9ccc(c4c59)C3=O)c86)C(=O)N(CC(=O)CCc3cc(C)c(CC(=O)CCc4cc(C)cc(C)c4)c(C)c3)C7=O)cc2C)c1,CC(=O)CCc1cc(C)cc(C)c1,Generated,1087.325999999999,3,13,13,1.5,C72H66N2O8
CCCCC(=CCCCCC(=CN1C(=O)c2ccc3c4ccc5c6c(ccc(c7ccc(c2c37)C1=O)c64)C(=O)N(C=C(CC)CCCCC=C(CC)CCCC)C5=O)CC)CC,C=C(CC)CCCC,Generated,831.1539999999993,4,8,7,0.0,C56H66N2O4
CC(Cc1ccc(S(=O)(=O)NC(C)CN2C(=O)c3ccc4c5ccc6c7c(ccc(c8ccc(c3c48)C2=O)c75)C(=O)N(CC(C)NS(=O)(=O)c2ccc(CC(C)NS(=O)(=O)c3ccccc3)cc2)C6=O)cc1)NS(=O)(=O)c1ccccc1,CC(C)NS(=O)(=O)c1ccccc1,Generated,1179.39,3,13,13,1.5,C60H54N6O12S4
CCCCCCC(C)CCCCCCCC(C)CN1C(=O)c2ccc3c4ccc5c6c(ccc(c7ccc(c2c37)C1=O)c64)C(=O)N(CC(C)CCCCCCCC(C)CCCCCC)C5=O,CCCCCCC(C)C,Generated,895.3259999999991,5,9,8,0.0,C60H82N2O4
CC(C)c1cccc(CC#Cc2c(CC#CN3C(=O)c4ccc5c6ccc7c8c(ccc(c9ccc(c4c59)C3=O)c86)C(=O)N(C#CCc3cccc(C(C)C)c3C#CCc3cccc(C(C)C)c3)C7=O)cccc2C(C)C)c1,C#CCc1cccc(C(C)C)c1,Generated,1015.2659999999995,2,12,12,1.5,C72H58N2O4
CCNCC(C)NCN1C(=O)c2ccc3c4ccc5c6c(ccc(c7ccc(c2c37)C1=O)c64)C(=O)N(CNC(C)CNCC)C5=O,CCNC,Generated,618.7380000000002,1,4,3,0.0,C36H38N6O4
O=C(NCc1ccc(Nc2ccc(C(=O)NCN3C(=O)c4ccc5c6ccc7c8c(ccc(c9ccc(c4c59)C3=O)c86)C(=O)N(CNC(=O)c3ccc(Nc4ccc(CNC(=O)c5ccc(Nc6ccccc6)cc5)cc4)cc3)C7=O)cc2)cc1)c1ccc(Nc2ccccc2)cc1,CNC(=O)c1ccc(Nc2ccccc2)cc1,Generated,1287.406,3,17,18,3.0,C80H58N10O8
CC(CCCO)CC(CO)CC(C)CN1C(=O)c2ccc3c4ccc5c6c(ccc(c7ccc(c2c37)C1=O)c64)C(=O)N(CC(C)CC(CO)CC(C)CCCO)C5=O,CC(C)CCCO,Generated,790.9979999999998,3,7,6,0.0,C48H58N2O8
O=C(CCO)OCCC(CO)C(=O)OCCN1C(=O)c2ccc3c4ccc5c6c(ccc(c7ccc(c2c37)C1=O)c64)C(=O)N(CCOC(=O)C(CO)CCOC(=O)CCO)C5=O,CCOC(=O)CCO,Generated,854.8179999999999,3,8,7,0.0,C44H42N2O16
O=C(CCS)OCCC(CS)C(=O)OCCN1C(=O)c2ccc3c4ccc5c6c(ccc(c7ccc(c2c37)C1=O)c64)C(=O)N(CCOC(=O)C(CS)CCOC(=O)CCS)C5=O,CCOC(=O)CCS,Generated,919.0899999999997,3,8,7,0.0,C44H42N2O12S4
O=C1c2ccc3c4ccc5c6c(ccc(c7ccc(c2c37)C(=O)N1OCC(Cc1ccccc1)OCCCc1ccccc1)c64)C(=O)N(OCC(Cc1ccccc1)OCCCc1ccccc1)C5=O,OCCCc1ccccc1,Generated,927.066,3,10,10,1.5,C60H50N2O8
CC(C)(C)C1CCC(C(C)(C)CC2CC(C(C)(C)CN3C(=O)c4ccc5c6ccc7c8c(ccc(c9ccc(c4c59)C3=O)c86)C(=O)N(CC(C)(C)C3CCC(C(C)(C)C)C(CC(C)(C)C4CCC(C(C)(C)C)CC4)C3)C7=O)CCC2C(C)(C)C)CC1,CC(C)(C)C1CCC(C(C)(C)C)CC1,Generated,1167.8019999999988,0,14,14,1.0,C80H114N2O4
CC(C)C1CCC(C(C)CC2CC(C(C)CN3C(=O)c4ccc5c6ccc7c8c(ccc(c9ccc(c4c59)C3=O)c86)C(=O)N(CC(C)C3CCC(C(C)C)C(CC(C)C4CCC(C(C)C)CC4)C3)C7=O)CCC2C(C)C)CC1,CC(C)C1CCC(C(C)C)CC1,Generated,1055.5859999999993,2,12,12,1.0,C72H98N2O4
CCCCC(CC)CCCCCCCCC(CCCC)CCCCCCN1C(=O)c2ccc3c4ccc5c6c(ccc(c7ccc(c2c37)C1=O)c64)C(=O)N(CCCCCCC(CCCC)CCCCCCCCC(CC)CCCC)C5=O,CCCCCCC(CC)CCCC,Generated,1119.7579999999987,9,13,12,0.0,C76H114N2O4
CC(COCCO)(CC(=O)OC(C)(COCCO)CN1C(=O)c2ccc3c4ccc5c6c(ccc(c7ccc(c2c37)C1=O)c64)C(=O)N(CC(C)(COCCO)OC(=O)CC(C)(COCCO)OC=O)C5=O)OC=O,CC(C)(COCCO)OC=O,Generated,1031.0299999999995,6,11,10,0.0,C52H58N2O20
CCC(C=C[NH2+]C)=CC=CCCC(C=C[NH2+]C)=CC=CN1C(=O)c2ccc3c4ccc5c6c(ccc(c7ccc(c2c37)C1=O)c64)C(=O)N(C=CC=C(C=C[NH2+]C)CCC=CC=C(C=C[NH2+]C)CC)C5=O,C=CC=C(C=C[NH2+]C)CC,Generated,935.2259999999995,4,10,9,0.0,C60H66N6O4+4
CC(CC(CN1CCONC1)N1C(=O)c2ccc3c4ccc5c6c(ccc(c7ccc(c2c37)C1=O)c64)C(=O)N(C(CC(C)CN1CCONC1)CN1CCONC1)C5=O)CN1CCONC1,CCCN1CCONC1,Generated,903.0539999999993,2,9,9,1.0,C48H58N10O8
CCCCN(CC)CCCCCCN(CCCC)CCCCN1C(=O)c2ccc3c4ccc5c6c(ccc(c7ccc(c2c37)C1=O)c64)C(=O)N(CCCCN(CCCC)CCCCCCN(CC)CCCC)C5=O,CCCCN(CC)CCCC,Generated,1011.4939999999987,7,11,10,0.0,C64H94N6O4
CC(C)c1cccc(Cc2c(CN3C(=O)c4ccc5c6ccc7c8c(ccc(c9ccc(c4c59)C3=O)c86)C(=O)N(Cc3cccc(C(C)C)c3Cc3cccc(C(C)C)c3)C7=O)cccc2C(C)C)c1,Cc1cccc(C(C)C)c1,Generated,919.1779999999998,1,10,10,1.5,C64H58N2O4
CCCCCC(C)CC(C)CCCC(C)CN1C(=O)c2ccc3c4ccc5c6c(ccc(c7ccc(c2c37)C1=O)c64)C(=O)N(CC(C)CCCC(C)CC(C)CCCCC)C5=O,CCCCCC(C)C,Generated,839.2179999999994,4,8,7,0.0,C56H74N2O4
CCC(C)CCOC(C)(CO)CCC(C)(CC)CCOC(C)(CO)CCN1C(=O)c2ccc3c4ccc5c6c(ccc(c7ccc(c2c37)C1=O)c64)C(=O)N(CCC(C)(CO)OCCC(C)(CC)CCC(C)(CO)OCCC(C)CC)C5=O,CCC(C)CCOC(C)(CC)CO,Generated,1135.5339999999992,7,13,12,0.0,C68H98N2O12
CC(C)CCOC(C)(CCO)CC(C)(C)CCOC(C)(CCO)CN1C(=O)c2ccc3c4ccc5c6c(ccc(c7ccc(c2c37)C1=O)c64)C(=O)N(CC(C)(CCO)OCCC(C)(C)CC(C)(CCO)OCCC(C)C)C5=O,CC(C)CCOC(C)(C)CCO,Generated,1079.425999999999,6,12,11,0.0,C64H90N2O12
CC(CCOC(C)(C)CCC(=O)O)CCC(C)(CCOC(C)(C)CCC(=O)O)CCN1C(=O)c2ccc3c4ccc5c6c(ccc(c7ccc(c2c37)C1=O)c64)C(=O)N(CCC(C)(CCOC(C)(C)CCC(=O)O)CCC(C)CCOC(C)(C)CCC(=O)O)C5=O,CCC(C)CCOC(C)(C)CCC(=O)O,Generated,1247.5739999999994,8,15,14,0.0,C72H98N2O16
CCC(C)CCOC(C)(CCC(=O)O)CCC(C)(CC)CCOC(C)(CCC(=O)O)CCN1C(=O)c2ccc3c4ccc5c6c(ccc(c7ccc(c2c37)C1=O)c64)C(=O)N(CCC(C)(CCC(=O)O)OCCC(C)(CC)CCC(C)(CCC(=O)O)OCCC(C)CC)C5=O,CCC(C)CCOC(C)(CC)CCC(=O)O,Generated,1303.6819999999996,9,16,15,0.0,C76H106N2O16
CC(C)COC(C)(COc1cccnc1)CC(C)(C)COC(C)(COc1cccnc1)CN1C(=O)c2ccc3c4ccc5c6c(ccc(c7ccc(c2c37)C1=O)c64)C(=O)N(CC(C)(COc1cccnc1)OCC(C)(C)CC(C)(COc1cccnc1)OCC(C)C)C5=O,CC(C)COC(C)(C)COc1cccnc1,Generated,1275.5539999999994,6,16,16,1.5,C76H86N6O12
CC(CCC(C)(CCN1C(=O)c2ccc3c4ccc5c6c(ccc(c7ccc(c2c37)C1=O)c64)C(=O)N(CCC(C)(CCC(C)COC(C)(C)C)COC(C)(C)C)C5=O)COC(C)(C)C)COC(C)(C)C,CCC(C)COC(C)(C)C,Generated,959.3219999999995,3,10,9,0.0,C60H82N2O8
CC(C)COC(C)(C)CC(C)(C)COC(C)(C)CN1C(=O)c2ccc3c4ccc5c6c(ccc(c7ccc(c2c37)C1=O)c64)C(=O)N(CC(C)(C)OCC(C)(C)CC(C)(C)OCC(C)C)C5=O,CC(C)COC(C)(C)C,Generated,903.2139999999995,2,9,8,0.0,C56H74N2O8
CCC(C)(C)OC(C)C(C)(C)OCCOCC(C)C(C)(C)OC(C)C(C)(C)OCCOCN1C(=O)c2ccc3c4ccc5c6c(ccc(c7ccc(c2c37)C1=O)c64)C(=O)N(COCCOC(C)(C)C(C)OC(C)(C)C(C)COCCOC(C)(C)C(C)OC(C)(C)CC)C5=O,CCC(C)(C)OC(C)C(C)(C)OCCOC,Generated,1311.7459999999987,8,16,15,0.0,C76H114N2O16
CC1(C)C=CC=CC(C)(CC2=CC(C)(C)C=CC(C)(CN3C(=O)c4ccc5c6ccc7c8c(ccc(c9ccc(c4c59)C3=O)c86)C(=O)N(CC3(C)C=CC(CC4(C)C=CC=CC(C)(C)C=C4)=CC(C)(C)C=C3)C7=O)C=C2)C=C1,CC1(C)C=CC=CC(C)(C)C=C1,Generated,1031.3939999999998,0,12,12,1.0,C72H74N2O4
CCCCC(C)CCCCC(=O)C=CCC(CCCC)CCCCC(=O)C=CN1C(=O)c2ccc3c4ccc5c6c(ccc(c7ccc(c2c37)C1=O)c64)C(=O)N(C=CC(=O)CCCCC(CC=CC(=O)CCCCC(C)CCCC)CCCC)C5=O,C=CC(=O)CCCCC(C)CCCC,Generated,1167.6259999999993,9,14,13,0.0,C76H98N2O8
CC(CCCCCC(CCCCC[N+](=O)[O-])CCCCN1C(=O)c2ccc3c4ccc5c6c(ccc(c7ccc(c2c37)C1=O)c64)C(=O)N(CCCCC(CCCCCC(C)CCCCC[N+](=O)[O-])CCCCC[N+](=O)[O-])C5=O)CCCCC[N+](=O)[O-],CCCCC(C)CCCCC[N+](=O)[O-],Generated,1187.529999999999,9,14,13,0.0,C68H94N6O12
CC(=O)OCCCC(C)CCCCCC(CCCCN1C(=O)c2ccc3c4ccc5c6c(ccc(c7ccc(c2c37)C1=O)c64)C(=O)N(CCCCC(CCCCCC(C)CCCOC(C)=O)CCCOC(C)=O)C5=O)CCCOC(C)=O,CCCCC(C)CCCOC(C)=O,Generated,1127.469999999999,7,13,12,0.0,C68H90N2O12
CCCC(C)CCCCC(CCC)CCCN1C(=O)c2ccc3c4ccc5c6c(ccc(c7ccc(c2c37)C1=O)c64)C(=O)N(CCCC(CCC)CCCCC(C)CCC)C5=O,CCCC(C)CCC,Generated,839.2179999999993,4,8,7,0.0,C56H74N2O4
CC(=O)CCCCC(C)CCCCCC(CCCCC(C)=O)CCCCN1C(=O)c2ccc3c4ccc5c6c(ccc(c7ccc(c2c37)C1=O)c64)C(=O)N(CCCCC(CCCCCC(C)CCCCC(C)=O)CCCCC(C)=O)C5=O,CCCCC(C)CCCCC(C)=O,Generated,1119.581999999999,8,13,12,0.0,C72H98N2O8
CC(CCCCCC#N)CCCCCC(CCCCCC#N)CCCCN1C(=O)c2ccc3c4ccc5c6c(ccc(c7ccc(c2c37)C1=O)c64)C(=O)N(CCCCC(CCCCCC#N)CCCCCC(C)CCCCCC#N)C5=O,CCCCC(C)CCCCCC#N,Generated,1107.581999999999,8,13,12,0.0,C72H94N6O4
CCCCC(C)CCCCCC=CCC(CCCC)CCCCCC=CN1C(=O)c2ccc3c4ccc5c6c(ccc(c7ccc(c2c37)C1=O)c64)C(=O)N(C=CCCCCCC(CC=CCCCCCC(C)CCCC)CCCC)C5=O,C=CCCCCCC(C)CCCC,Generated,1111.693999999999,9,13,12,0.0,C76H106N2O4
CCCCC(CC)CCCCCCCC(CCCC)CCCCCN1C(=O)c2ccc3c4ccc5c6c(ccc(c7ccc(c2c37)C1=O)c64)C(=O)N(CCCCCC(CCCC)CCCCCCCC(CC)CCCC)C5=O,CCCCCC(CC)CCCC,Generated,1063.6499999999987,8,12,11,0.0,C72H106N2O4
O=C1c2ccc3c4ccc5c6c(ccc(c7ccc(c2c37)C(=O)N1CC(O)C(CC(O)CCC1CC1)CC1CC1)c64)C(=O)N(CC(O)C(CC(O)CCC1CC1)CC1CC1)C5=O,CC(O)CCC1CC1,Generated,839.0419999999997,3,8,8,1.0,C52H58N2O8
Cc1ccc(OCc2ccc(ON3C(=O)c4ccc5c6ccc7c8c(ccc(c9ccc(c4c59)C3=O)c86)C(=O)N(Oc3ccc(COc4ccc(C)cc4)cc3)C7=O)cc2)cc1,Cc1ccc(O)cc1,Generated,814.8500000000003,0,8,8,1.5,C52H34N2O8
O=C1c2ccc3c4ccc5c6c(ccc(c7ccc(c2c37)C(=O)N1CC(S)CCS)c64)C(=O)N(CC(S)CCS)C5=O,CCS,Generated,630.8380000000002,0,3,2,0.0,C32H26N2O4S4
CNCCCCCCCCCNCCCCCCCCN1C(=O)c2ccc3c4ccc5c6c(ccc(c7ccc(c2c37)C1=O)c64)C(=O)N(CCCCCCCCNCCCCCCCCCNC)C5=O,CCCCCCCCNC,Generated,955.3859999999988,7,10,9,0.0,C60H86N6O4
CCCCC(C)C=CCC(C=CN1C(=O)c2ccc3c4ccc5c6c(ccc(c7ccc(c2c37)C1=O)c64)C(=O)N(C=CC(CC=CC(C)CCCC)CCCC)C5=O)CCCC,C=CC(C)CCCC,Generated,831.1539999999995,4,8,7,0.0,C56H66N2O4
O=C1c2ccc3c4ccc5c6c(ccc(c7ccc(c2c37)C(=O)N1C1=CC(N=Nc2ccc(C3=CC(N=Nc7ccccc7)=CCC3)cc2)=CCC1)c64)C(=O)N(C1=CC(N=Nc2ccc(C3=CC(N=Nc4ccccc4)=CCC3)cc2)=CCC1)C5=O,C1=CC(N=Nc2ccccc2)=CCC1,Generated,1119.2579999999996,2,14,15,2.5,C72H50N10O4
CC1C=C(N)C(CC2CC(CN3C(=O)c4ccc5c6ccc7c8c(ccc(c9ccc(c4c59)C3=O)c86)C(=O)N(CC3CC(CC4CCC(C)C=C4N)C(C)C=C3N)C7=O)C(N)=CC2C)CC1,CC1C=C(N)C(C)CC1,Generated,883.1499999999994,0,9,9,1.0,C56H62N6O4
CCC=CCC(=CCN1C(=O)c2ccc3c4ccc5c6c(ccc(c7ccc(c2c37)C1=O)c64)C(=O)N(CC=C(CC)CC=CCC)C5=O)CC,CC=CCC,Generated,662.83,1,5,4,0.0,C44H42N2O4
O=C1c2ccc3c4ccc5c6c(ccc(c7ccc(c2c37)C(=O)N1Cc1csc(Cc2cscn2)n1)c64)C(=O)N(Cc1csc(Cc2cscn2)n1)C5=O,Cc1cscn1,Generated,778.9219999999998,0,6,6,1.5,C40H22N6O4S4
O=C(OCc1ncc(C(=O)OCN2C(=O)c3ccc4c5ccc6c7c(ccc(c8ccc(c3c48)C2=O)c75)C(=O)N(COC(=O)c2cnc(COC(=O)c3cncs3)s2)C6=O)s1)c1cncs1,COC(=O)c1cncs1,Generated,954.958,1,9,9,1.5,C44H22N6O12S4
O=C(Cc1cscn1)OCCc1nc(CC(=O)OCCN2C(=O)c3ccc4c5ccc6c7c(ccc(c8ccc(c3c48)C2=O)c75)C(=O)N(CCOC(=O)Cc2csc(CCOC(=O)Cc3cscn3)n2)C6=O)cs1,CCOC(=O)Cc1cscn1,Generated,1067.1739999999998,3,11,11,1.5,C52H38N6O12S4
Cc1scnc1Cc1nc(CN2C(=O)c3ccc4c5ccc6c7c(ccc(c8ccc(c3c48)C2=O)c75)C(=O)N(Cc2nc(Cc3ncsc3C)sc2C)C6=O)c(C)s1,Cc1ncsc1C,Generated,835.0299999999999,0,7,7,1.5,C44H30N6O4S4
O=C1c2ccc3c4ccc5c6c(ccc(c7ccc(c2c37)C(=O)N1Cc1cnc(Cc2cncs2)s1)c64)C(=O)N(Cc1cnc(Cc2cncs2)s1)C5=O,Cc1cncs1,Generated,778.9219999999998,0,6,6,1.5,C40H22N6O4S4
O=C(OCCc1nc(-c2ccccc2)c(C(=O)OCCN2C(=O)c3ccc4c5ccc6c7c(ccc(c8ccc(c3c48)C2=O)c75)C(=O)N(CCOC(=O)c2sc(CCOC(=O)c3scnc3-c3ccccc3)nc2-c2ccccc2)C6=O)s1)c1scnc1-c1ccccc1,CCOC(=O)c1scnc1-c1ccccc1,Generated,1315.4579999999996,3,16,17,3.0,C72H46N6O12S4
Cc1ocnc1Cc1nc(CN2C(=O)c3ccc4c5ccc6c7c(ccc(c8ccc(c3c48)C2=O)c75)C(=O)N(Cc2nc(Cc3ncoc3C)oc2C)C6=O)c(C)o1,Cc1ncoc1C,Generated,770.7579999999999,0,7,7,1.5,C44H30N6O8
O=C1c2ccc3c4ccc5c6c(ccc(c7ccc(c2c37)C(=O)N1c1cc(-c2ccc(-c3cc(-c7ccccc7)ccn3)cc2)ccn1)c64)C(=O)N(c1cc(-c2ccc(-c3cc(-c4ccccc4)ccn3)cc2)ccn1)C5=O,c1ccc(-c2ccncc2)cc1,Generated,1003.0899999999998,1,12,13,3.0,C68H38N6O4
Cc1cc(Cc2c(C)cc(C(=O)O)cc2CN2C(=O)c3ccc4c5ccc6c7c(ccc(c8ccc(c3c48)C2=O)c75)C(=O)N(Cc2cc(C(=O)O)cc(C)c2Cc2cc(C)cc(C(=O)O)c2)C6=O)cc(C(=O)O)c1,Cc1cc(C)cc(C(=O)O)c1,Generated,982.9979999999999,1,11,11,1.5,C60H42N2O12
CCN(CCc1cccc(N(CC)CCN2C(=O)c3ccc4c5ccc6c7c(ccc(c8ccc(c3c48)C2=O)c75)C(=O)N(CCN(CC)c2cccc(CCN(CC)c3ccccc3)c2)C6=O)c1)c1ccccc1,CCN(CC)c1ccccc1,Generated,979.2379999999996,3,11,11,1.5,C64H62N6O4
CC(CCC(CN1C(=O)c2ccc3c4ccc5c6c(ccc(c7ccc(c2c37)C1=O)c64)C(=O)N(CC(CCC(C)C(C)(C)C)C(C)(C)C)C5=O)C(C)(C)C)C(C)(C)C,CC(C)C(C)(C)C,Generated,783.1099999999999,0,7,6,0.0,C52H66N2O4
COC=CCOC=CN1C(=O)c2ccc3c4ccc5c6c(ccc(c7ccc(c2c37)C1=O)c64)C(=O)N(C=COCC=COC)C5=O,C=COC,Generated,614.6100000000002,1,4,3,0.0,C36H26N2O8
CCC(C)(C)CCCC(C)C(C)(C)CCCN1C(=O)c2ccc3c4ccc5c6c(ccc(c7ccc(c2c37)C1=O)c64)C(=O)N(CCCC(C)(C)C(C)CCCC(C)(C)CC)C5=O,CCCC(C)(C)CC,Generated,839.2179999999994,3,8,7,0.0,C56H74N2O4
CC(Cc1ccccc1)Cc1cccc(CC(C)CN2C(=O)c3ccc4c5ccc6c7c(ccc(c8ccc(c3c48)C2=O)c75)C(=O)N(CC(C)Cc2cccc(CC(C)Cc3ccccc3)c2)C6=O)c1,CC(C)Cc1ccccc1,Generated,919.1779999999997,2,10,10,1.5,C64H58N2O4
O=C(Cc1ccc(C(=O)CN2C(=O)c3ccc4c5ccc6c7c(ccc(c8ccc(c3c48)C2=O)c75)C(=O)N(CC(=O)c2ccc(CC(=O)c3ccccc3)cc2)C6=O)cc1)c1ccccc1,CC(=O)c1ccccc1,Generated,862.8940000000002,1,9,9,1.5,C56H34N2O8
CC(C)Cc1cccc(CC(C)Cc2c(CC(C)C)cccc2CC(C)CN2C(=O)c3ccc4c5ccc6c7c(ccc(c8ccc(c3c48)C2=O)c75)C(=O)N(CC(C)Cc2cccc(CC(C)C)c2CC(C)Cc2cccc(CC(C)C)c2)C6=O)c1,CC(C)Cc1cccc(CC(C)C)c1,Generated,1143.6099999999992,4,14,14,1.5,C80H90N2O4
CCC[n+]1ccc(-c2cc[n+](CCCC[n+]3ccc(-c4cc[n+](CN5C(=O)c6ccc7c8ccc9c%10c(ccc(c%11ccc(c6c7%11)C5=O)c%108)C(=O)N(C[n+]5ccc(-c6cc[n+](CCCC[n+]7ccc(-c8cc[n+](CCC)cc8)cc7)cc6)cc5)C9=O)cc4)cc3)cc2)cc1,CCC[n+]1ccc(-c2cc[n+](C)cc2)cc1,Generated,1239.5379999999993,3,16,17,3.0,C80H74N10O4+8
CC[N+](=CCC[N+](=CN1C(=O)c2ccc3c4ccc5c6c(ccc(c7ccc(c2c37)C1=O)c64)C(=O)N(C=[N+](CCC=[N+](CC)c1nc(C)nc(NC)n1)c1nc(C)nc(NC)n1)C5=O)c1nc(C)nc(NC)n1)c1nc(C)nc(NC)n1,C=[N+](CC)c1nc(C)nc(NC)n1,Generated,1103.2299999999989,3,13,13,1.5,C56H58N22O4+4
CC(C)N(c1ccccc1)C(C)Cc1ccc(N(C(C)C)C(C)CN2C(=O)c3ccc4c5ccc6c7c(ccc(c8ccc(c3c48)C2=O)c75)C(=O)N(CC(C)N(c2ccc(CC(C)N(c3ccccc3)C(C)C)cc2)C(C)C)C6=O)cc1,CC(C)N(c1ccccc1)C(C)C,Generated,1091.4539999999995,3,13,13,1.5,C72H78N6O4
O=C1c2ccc3c4ccc5c6c(ccc(c7ccc(c2c37)C(=O)N1Oc1cccc(O)c1Oc1cccc(O)c1)c64)C(=O)N(Oc1cccc(O)c1Oc1cccc(O)c1)C5=O,Oc1cccc(O)c1,Generated,822.7380000000002,0,8,8,1.5,C48H26N2O12
CCCN(CCCc1ccc(N(CCC)CCCN2C(=O)c3ccc4c5ccc6c7c(ccc(c8ccc(c3c48)C2=O)c75)C(=O)N(CCCN(CCC)c2ccc(CCCN(CCC)c3ccccc3)cc2)C6=O)cc1)c1ccccc1,CCCN(CCC)c1ccccc1,Generated,1091.4539999999993,5,13,13,1.5,C72H78N6O4
CCCCc1cccc(CCCCc2c(CCCC)cccc2CCCCN2C(=O)c3ccc4c5ccc6c7c(ccc(c8ccc(c3c48)C2=O)c75)C(=O)N(CCCCc2cccc(CCCC)c2CCCCc2cccc(CCCC)c2)C6=O)c1,CCCCc1cccc(CCCC)c1,Generated,1143.609999999999,6,14,14,1.5,C80H90N2O4
CCCc1cccc(CCCc2c(CCC)cccc2CCCN2C(=O)c3ccc4c5ccc6c7c(ccc(c8ccc(c3c48)C2=O)c75)C(=O)N(CCCc2cccc(CCC)c2CCCc2cccc(CCC)c2)C6=O)c1,CCCc1cccc(CCC)c1,Generated,1031.3939999999993,4,12,12,1.5,C72H74N2O4
O=C(Cc1ccc(OC(=O)CN2C(=O)c3ccc4c5ccc6c7c(ccc(c8ccc(c3c48)C2=O)c75)C(=O)N(CC(=O)Oc2ccc(CC(=O)Oc3ccccc3)cc2)C6=O)cc1)Oc1ccccc1,CC(=O)Oc1ccccc1,Generated,926.8900000000002,1,10,10,1.5,C56H34N2O12
Cc1ccc(COCc2ccc(CON3C(=O)c4ccc5c6ccc7c8c(ccc(c9ccc(c4c59)C3=O)c86)C(=O)N(OCc3ccc(COCc4ccc(C)cc4)cc3)C7=O)cc2)cc1,Cc1ccc(CO)cc1,Generated,870.9580000000001,1,9,9,1.5,C56H42N2O8
CC(C)C=CC(=CC=CCC(=CC(C)C)C(=CC=CCN1C(=O)c2ccc3c4ccc5c6c(ccc(c7ccc(c2c37)C1=O)c64)C(=O)N(CC=CC=C(C(=CC(C)C)CC=CC=C(C=CC(C)C)C(C)C)C(C)C)C5=O)C(C)C)C(C)C,CC=CC=C(C=CC(C)C)C(C)C,Generated,1095.5659999999991,4,13,12,0.0,C76H90N2O4
CC(CC1C(C(C)CN2C(=O)c3ccc4c5ccc6c7c(ccc(c8ccc(c3c48)C2=O)c75)C(=O)N(CC(C)C2=CC=CC(C(C)C)C2CC(C)C2=CC=CC(C(C)C)C2)C6=O)=CC=CC1C(C)C)C1=CC=CC(C(C)C)C1,CC(C)C1=CC=CC(C(C)C)C1,Generated,1039.458,2,12,12,1.0,C72H82N2O4
CCCSCCSCCSCCCSCCSCCSN1C(=O)c2ccc3c4ccc5c6c(ccc(c7ccc(c2c37)C1=O)c64)C(=O)N(SCCSCCSCCCSCCSCCSCCC)C5=O,CCCSCCSCCS,Generated,1167.9139999999993,7,10,9,0.0,C52H66N2O4S12
N=Nc1ccc(N(CCO)CCON=Nc2ccc(N(CCO)CCON3C(=O)c4ccc5c6ccc7c8c(ccc(c9ccc(c4c59)C3=O)c86)C(=O)N(OCCN(CCO)c3ccc(N=NOCCN(CCO)c4ccc(N=N)cc4)cc3)C7=O)cc2)cc1,N=Nc1ccc(N(CCO)CCO)cc1,Generated,1219.2859999999996,6,15,15,1.5,C64H62N14O12
CCCCCC=CC(C=CN1C(=O)c2ccc3c4ccc5c6c(ccc(c7ccc(c2c37)C1=O)c64)C(=O)N(C=CC(C=CCCCCC)CCCC)C5=O)CCCC,C=CCCCCC,Generated,775.0459999999996,4,7,6,0.0,C52H58N2O4
CC(C)c1cccc(C=Cc2c(C=CN3C(=O)c4ccc5c6ccc7c8c(ccc(c9ccc(c4c59)C3=O)c86)C(=O)N(C=Cc3cccc(C(C)C)c3C=Cc3cccc(C(C)C)c3)C7=O)cccc2C(C)C)c1,C=Cc1cccc(C(C)C)c1,Generated,967.222,2,11,11,1.5,C68H58N2O4
Cc1cc(C)cc(OCC(=O)Cc2c(C)cc(OCC(=O)CN3C(=O)c4ccc5c6ccc7c8c(ccc(c9ccc(c4c59)C3=O)c86)C(=O)N(CC(=O)COc3cc(C)c(CC(=O)COc4cc(C)cc(C)c4)c(C)c3)C7=O)cc2C)c1,CC(=O)COc1cc(C)cc(C)c1,Generated,1095.2139999999995,3,13,13,1.5,C68H58N2O12
Cc1cc(Cc2c(C)cc(C(C)C)cc2CN2C(=O)c3ccc4c5ccc6c7c(ccc(c8ccc(c3c48)C2=O)c75)C(=O)N(Cc2cc(C(C)C)cc(C)c2Cc2cc(C)cc(C(C)C)c2)C6=O)cc(C(C)C)c1,Cc1cc(C)cc(C(C)C)c1,Generated,975.2859999999996,1,11,11,1.5,C68H66N2O4
CCNCCCCNCCN1C(=O)c2ccc3c4ccc5c6c(ccc(c7ccc(c2c37)C1=O)c64)C(=O)N(CCNCCCCNCC)C5=O,CCNCC,Generated,674.8459999999998,2,5,4,0.0,C40H46N6O4
CCCCCC(C)CCCCCCCCC(CCCCC)CCCCCCCN1C(=O)c2ccc3c4ccc5c6c(ccc(c7ccc(c2c37)C1=O)c64)C(=O)N(CCCCCCCC(CCCCC)CCCCCCCCC(C)CCCCC)C5=O,CCCCCCCC(C)CCCCC,Generated,1175.8659999999988,10,14,13,0.0,C80H122N2O4
CCCCC(C)=C(C)CCCCCC(C)=C(C)CN1C(=O)c2ccc3c4ccc5c6c(ccc(c7ccc(c2c37)C1=O)c64)C(=O)N(CC(C)=C(C)CCCCCC(C)=C(C)CCCC)C5=O,CCCCC(C)=C(C)C,Generated,887.2619999999991,3,9,8,0.0,C60H74N2O4
CCCCCC(C)CCCCCCC(CCCCC)CCCCCN1C(=O)c2ccc3c4ccc5c6c(ccc(c7ccc(c2c37)C1=O)c64)C(=O)N(CCCCCC(CCCCC)CCCCCCC(C)CCCCC)C5=O,CCCCCC(C)CCCCC,Generated,1063.6499999999987,8,12,11,0.0,C72H106N2O4
Cc1ccc(NCCc2ccc(NCN3C(=O)c4ccc5c6ccc7c8c(ccc(c9ccc(c4c59)C3=O)c86)C(=O)N(CNc3ccc(CCNc4ccc(C)cc4)cc3)C7=O)cc2)cc1,CNc1ccc(C)cc1,Generated,867.0219999999999,1,9,9,1.5,C56H46N6O4
O=C(Cc1ccc(Nc2ccc(C(=O)CN3C(=O)c4ccc5c6ccc7c8c(ccc(c9ccc(c4c59)C3=O)c86)C(=O)N(CC(=O)c3ccc(Nc4ccc(CC(=O)c5ccc(Nc6ccccc6)cc5)cc4)cc3)C7=O)cc2)cc1)c1ccc(Nc2ccccc2)cc1,CC(=O)c1ccc(Nc2ccccc2)cc1,Generated,1227.346,3,16,17,3.0,C80H54N6O8
C#CCC#CCN1C(=O)c2ccc3c4ccc5c6c(ccc(c7ccc(c2c37)C1=O)c64)C(=O)N(CC#CCC#C)C5=O,C#CC,Generated,542.5500000000004,0,3,2,0.0,C36H18N2O4
CCCCCNCCCCCNN1C(=O)c2ccc3c4ccc5c6c(ccc(c7ccc(c2c37)C1=O)c64)C(=O)N(NCCCCCNCCCCC)C5=O,CCCCCN,Generated,730.9539999999996,3,6,5,0.0,C44H54N6O4
CCCCCCCCCNCCCCCCCCCNN1C(=O)c2ccc3c4ccc5c6c(ccc(c7ccc(c2c37)C1=O)c64)C(=O)N(NCCCCCCCCCNCCCCCCCCC)C5=O,CCCCCCCCCN,Generated,955.3859999999988,7,10,9,0.0,C60H86N6O4
C=C(C)C(=O)OC(C)COC(=O)C(C)=CCC(COC(=O)C(C)=CN1C(=O)c2ccc3c4ccc5c6c(ccc(c7ccc(c2c37)C1=O)c64)C(=O)N(C=C(C)C(=O)OCC(CC=C(C)C(=O)OCC(C)OC(=O)C(=C)C)OC(=O)C(=C)C)C5=O)OC(=O)C(=C)C,C=C(C)C(=O)OCC(C)OC(=O)C(=C)C,Generated,1231.2699999999993,5,15,14,0.0,C68H66N2O20
CCCOC(=O)C(C)=CCCCOC(=O)C(C)=CN1C(=O)c2ccc3c4ccc5c6c(ccc(c7ccc(c2c37)C1=O)c64)C(=O)N(C=C(C)C(=O)OCCCC=C(C)C(=O)OCCC)C5=O,C=C(C)C(=O)OCCC,Generated,894.9739999999996,3,9,8,0.0,C52H50N2O12
CC(CO)CC(C)(CO)CN1C(=O)c2ccc3c4ccc5c6c(ccc(c7ccc(c2c37)C1=O)c64)C(=O)N(CC(C)(CO)CC(C)CO)C5=O,CC(C)CO,Generated,678.7820000000002,1,5,4,0.0,C40H42N2O8
CCC(CC)CC(CC)CCC(C(CC)CC)C(CC)CCN1C(=O)c2ccc3c4ccc5c6c(ccc(c7ccc(c2c37)C1=O)c64)C(=O)N(CCC(CC)C(CCC(CC)CC(CC)CC)C(CC)CC)C5=O,CCC(CC)CC(CC)CC,Generated,1007.5419999999991,6,11,10,0.0,C68H98N2O4
CCC(O)OCCCCC(O)OCCN1C(=O)c2ccc3c4ccc5c6c(ccc(c7ccc(c2c37)C1=O)c64)C(=O)N(CCOC(O)CCCCOC(O)CC)C5=O,CCOC(O)CC,Generated,798.8859999999999,3,7,6,0.0,C44H50N2O12
CCOC(CC)OCCCCC(OCC)OCCN1C(=O)c2ccc3c4ccc5c6c(ccc(c7ccc(c2c37)C1=O)c64)C(=O)N(CCOC(CCCCOC(CC)OCC)OCC)C5=O,CCOC(CC)OCC,Generated,911.1019999999994,5,9,8,0.0,C52H66N2O12
CCCC(CCC)CC(CCC)CCCC(C(CCC)CCC)C(CCC)CCCN1C(=O)c2ccc3c4ccc5c6c(ccc(c7ccc(c2c37)C1=O)c64)C(=O)N(CCCC(CCC)C(CCCC(CCC)CC(CCC)CCC)C(CCC)CCC)C5=O,CCCC(CCC)CC(CCC)CCC,Generated,1231.973999999999,10,15,14,0.0,C84H130N2O4
CCCCCCC=CCCCCCC(=CCCCCCN1C(=O)c2ccc3c4ccc5c6c(ccc(c7ccc(c2c37)C1=O)c64)C(=O)N(CCCCCC=C(CCCCCC)CCCCCC=CCCCCCC)C5=O)CCCCCC,CCCCCC=CCCCCCC,Generated,1111.6939999999986,9,13,12,0.0,C76H106N2O4
CCNCC(CCNCC(CN1CCOCC1)N1C(=O)c2ccc3c4ccc5c6c(ccc(c7ccc(c2c37)C1=O)c64)C(=O)N(C(CNCCC(CNCC)CN1CCOCC1)CN1CCOCC1)C5=O)CN1CCOCC1,CCNCCCN1CCOCC1,Generated,1071.377999999999,5,12,12,1.0,C60H82N10O8
CSCSN1C(=O)c2ccc3c4ccc5c6c(ccc(c7ccc(c2c37)C1=O)c64)C(=O)N(SCSC)C5=O,CS,Generated,574.7300000000002,0,2,1,0.0,C28H18N2O4S4
Cc1cccc(OC(C)(C)CCCc2cccc(OC(C)(C)CCN3C(=O)c4ccc5c6ccc7c8c(ccc(c9ccc(c4c59)C3=O)c86)C(=O)N(CCC(C)(C)Oc3cccc(CCCC(C)(C)Oc4cccc(C)c4)c3)C7=O)c2)c1,CCC(C)(C)Oc1cccc(C)c1,Generated,1095.3899999999996,3,13,13,1.5,C72H74N2O8
CCCCOC(CCC(=O)O)CC(C)CCOC(CCC(=O)O)CN1C(=O)c2ccc3c4ccc5c6c(ccc(c7ccc(c2c37)C1=O)c64)C(=O)N(CC(CCC(=O)O)OCCC(C)CC(CCC(=O)O)OCCCC)C5=O,CCCCOC(C)CCC(=O)O,Generated,1079.2499999999995,7,12,11,0.0,C60H74N2O16
CC(C)CCOC(CCC(=O)O)CC(C)(C)CCOC(CCC(=O)O)CN1C(=O)c2ccc3c4ccc5c6c(ccc(c7ccc(c2c37)C1=O)c64)C(=O)N(CC(CCC(=O)O)OCCC(C)(C)CC(CCC(=O)O)OCCC(C)C)C5=O,CC(C)CCOC(C)CCC(=O)O,Generated,1135.3579999999993,7,13,12,0.0,C64H82N2O16
CC(=O)NCCOCCCC(=O)NCCOCCN1C(=O)c2ccc3c4ccc5c6c(ccc(c7ccc(c2c37)C1=O)c64)C(=O)N(CCOCCNC(=O)CCCOCCNC(C)=O)C5=O,CCOCCNC(C)=O,Generated,906.9899999999994,4,9,8,0.0,C48H54N6O12
CCN(CCCC(=O)N(CC)CCN1C(=O)c2ccc3c4ccc5c6c(ccc(c7ccc(c2c37)C1=O)c64)C(=O)N(CCN(CC)C(=O)CCCN(CC)C(C)=O)C5=O)C(C)=O,CCN(CC)C(C)=O,Generated,842.9939999999995,2,8,7,0.0,C48H54N6O8
CC(=O)OC(C)(C)CCC(=O)OC(C)(C)CN1C(=O)c2ccc3c4ccc5c6c(ccc(c7ccc(c2c37)C1=O)c64)C(=O)N(CC(C)(C)OC(=O)CCC(C)(C)OC(C)=O)C5=O,CC(=O)OC(C)(C)C,Generated,846.9299999999998,0,8,7,0.0,C48H50N2O12
CC(=O)OCCCCOC(=O)C(C)=CCC(=O)OCCCCOC(=O)C(C)=CN1C(=O)c2ccc3c4ccc5c6c(ccc(c7ccc(c2c37)C1=O)c64)C(=O)N(C=C(C)C(=O)OCCCCOC(=O)CC=C(C)C(=O)OCCCCOC(C)=O)C5=O,C=C(C)C(=O)OCCCCOC(C)=O,Generated,1183.2259999999997,6,14,13,0.0,C64H66N2O20
CC(=O)NCCOCCOC(=O)C(C)=CCC(=O)NCCOCCOC(=O)C(C)=CN1C(=O)c2ccc3c4ccc5c6c(ccc(c7ccc(c2c37)C1=O)c64)C(=O)N(C=C(C)C(=O)OCCOCCNC(=O)CC=C(C)C(=O)OCCOCCNC(C)=O)C5=O,C=C(C)C(=O)OCCOCCNC(C)=O,Generated,1243.2859999999996,7,15,14,0.0,C64H70N6O20
CC(=O)NCCCCOC(=O)C(C)=CCC(=O)NCCCCOC(=O)C(C)=CN1C(=O)c2ccc3c4ccc5c6c(ccc(c7ccc(c2c37)C1=O)c64)C(=O)N(C=C(C)C(=O)OCCCCNC(=O)CC=C(C)C(=O)OCCCCNC(C)=O)C5=O,C=C(C)C(=O)OCCCCNC(C)=O,Generated,1179.2899999999997,6,14,13,0.0,C64H70N6O16
CC(=O)OCCOCCOC(=O)C(C)=CCC(=O)OCCOCCOC(=O)C(C)=CN1C(=O)c2ccc3c4ccc5c6c(ccc(c7ccc(c2c37)C1=O)c64)C(=O)N(C=C(C)C(=O)OCCOCCOC(=O)CC=C(C)C(=O)OCCOCCOC(C)=O)C5=O,C=C(C)C(=O)OCCOCCOC(C)=O,Generated,1247.2219999999998,7,15,14,0.0,C64H66N2O24
O=C(O)CCCOCCC(CCOCCN1C(=O)c2ccc3c4ccc5c6c(ccc(c7ccc(c2c37)C1=O)c64)C(=O)N(CCOCCC(CCOCCCC(=O)O)C(=O)O)C5=O)C(=O)O,CCOCCCC(=O)O,Generated,910.9259999999998,5,9,8,0.0,C48H50N2O16
CC(CCCCO)CCCCCCCCC(CCCCO)CCCCCCCN1C(=O)c2ccc3c4ccc5c6c(ccc(c7ccc(c2c37)C1=O)c64)C(=O)N(CCCCCCCC(CCCCO)CCCCCCCCC(C)CCCCO)C5=O,CCCCCCCC(C)CCCCO,Generated,1183.7539999999992,10,14,13,0.0,C76H114N2O8
CCCCCCNCCCCCCCNCN1C(=O)c2ccc3c4ccc5c6c(ccc(c7ccc(c2c37)C1=O)c64)C(=O)N(CNCCCCCCCNCCCCCC)C5=O,CCCCCCNC,Generated,843.1699999999992,5,8,7,0.0,C52H70N6O4
CCC(=O)OCCOC(=O)C(C)=CC(C)C(=O)OCCOC(=O)C(C)=CN1C(=O)c2ccc3c4ccc5c6c(ccc(c7ccc(c2c37)C1=O)c64)C(=O)N(C=C(C)C(=O)OCCOC(=O)C(C)C=C(C)C(=O)OCCOC(=O)CC)C5=O,C=C(C)C(=O)OCCOC(=O)CC,Generated,1127.1179999999997,5,13,12,0.0,C60H58N2O20
CCC(=O)OCCOCC(C)C(=O)OCCOCN1C(=O)c2ccc3c4ccc5c6c(ccc(c7ccc(c2c37)C1=O)c64)C(=O)N(COCCOC(=O)C(C)COCCOC(=O)CC)C5=O,CCC(=O)OCCOC,Generated,910.9259999999996,4,9,8,0.0,C48H50N2O16
CC(CCC(=O)OCC1CO1)CC(CC(C)CN1C(=O)c2ccc3c4ccc5c6c(ccc(c7ccc(c2c37)C1=O)c64)C(=O)N(CC(C)CC(CC(C)CCC(=O)OCC1CO1)C(=O)OCC1CO1)C5=O)C(=O)OCC1CO1,CC(C)CCC(=O)OCC1CO1,Generated,1071.1859999999997,5,12,12,1.0,C60H66N2O16
CC(C)CCC(=O)OCOCCC(CC(C)C)C(=O)OCOCCN1C(=O)c2ccc3c4ccc5c6c(ccc(c7ccc(c2c37)C1=O)c64)C(=O)N(CCOCOC(=O)C(CCOCOC(=O)CCC(C)C)CC(C)C)C5=O,CCOCOC(=O)CCC(C)C,Generated,1079.2499999999993,6,12,11,0.0,C60H74N2O16
CC(=O)OC(C)(O)CCC(=O)OC(C)(O)CN1C(=O)c2ccc3c4ccc5c6c(ccc(c7ccc(c2c37)C1=O)c64)C(=O)N(CC(C)(O)OC(=O)CCC(C)(O)OC(C)=O)C5=O,CC(=O)OC(C)(C)O,Generated,854.818,1,8,7,0.0,C44H42N2O16
O=C1c2ccc3c4ccc5c6c(ccc(c7ccc(c2c37)C(=O)N1Cc1cc(Cc2ccccc2N=Nc2ccccc2)ccc1N=Nc1ccccc1)c64)C(=O)N(Cc1cc(Cc2ccccc2N=Nc2ccccc2)ccc1N=Nc1ccccc1)C5=O,Cc1ccccc1N=Nc1ccccc1,Generated,1167.302,2,15,16,3.0,C76H50N10O4
Cc1ccc(OCCc2ccc(OCN3C(=O)c4ccc5c6ccc7c8c(ccc(c9ccc(c4c59)C3=O)c86)C(=O)N(COc3ccc(CCOc4ccc(C)cc4S(=O)(=O)O)cc3S(=O)(=O)O)C7=O)c(S(=O)(=O)O)c2)c(S(=O)(=O)O)c1,COc1ccc(C)cc1S(=O)(=O)O,Generated,1191.2140000000004,2,13,13,1.5,C56H42N2O20S4
O=C1c2ccc3c4ccc5c6c(ccc(c7ccc(c2c37)C(=O)N1Cc1cccc(N=Nc2ccc(Cc3cccc(N=Nc7ccccc7)c3)cc2)c1)c64)C(=O)N(Cc1cccc(N=Nc2ccc(Cc3cccc(N=Nc4ccccc4)c3)cc2)c1)C5=O,Cc1cccc(N=Nc2ccccc2)c1,Generated,1167.3019999999997,2,15,16,3.0,C76H50N10O4
CC(CCC(C(=O)NC(C)(C)C)C(C)CCN1C(=O)c2ccc3c4ccc5c6c(ccc(c7ccc(c2c37)C1=O)c64)C(=O)N(CCC(C)C(CCC(C)CC(=O)NC(C)(C)C)C(=O)NC(C)(C)C)C5=O)CC(=O)NC(C)(C)C,CCC(C)CC(=O)NC(C)(C)C,Generated,1067.425999999999,3,12,11,0.0,C64H86N6O8
CCN(CCCC(CO)C(=O)N(CC)CCCN1C(=O)c2ccc3c4ccc5c6c(ccc(c7ccc(c2c37)C1=O)c64)C(=O)N(CCCN(CC)C(=O)C(CO)CCCN(CC)C(=O)CCO)C5=O)C(=O)CCO,CCCN(CC)C(=O)CCO,Generated,1019.2059999999992,5,11,10,0.0,C56H70N6O12
CC(=O)N(C)CCC(=O)N(C)CN1C(=O)c2ccc3c4ccc5c6c(ccc(c7ccc(c2c37)C1=O)c64)C(=O)N(CN(C)C(=O)CCN(C)C(C)=O)C5=O,CC(=O)N(C)C,Generated,730.7779999999999,0,6,5,0.0,C40H38N6O8
O=C(CCC(CN1C(=O)c2ccc3c4ccc5c6c(ccc(c7ccc(c2c37)C1=O)c64)C(=O)N(CC(CCC(=O)N(CCO)CCO)C(=O)N(CCO)CCO)C5=O)C(=O)N(CCO)CCO)N(CCO)CCO,CCC(=O)N(CCO)CCO,Generated,1027.0939999999996,5,11,10,0.0,C52H62N6O16
O=C(CCO)NCCOCCC(CO)C(=O)NCCOCCN1C(=O)c2ccc3c4ccc5c6c(ccc(c7ccc(c2c37)C1=O)c64)C(=O)N(CCOCCNC(=O)C(CO)CCOCCNC(=O)CCO)C5=O,CCOCCNC(=O)CCO,Generated,1027.0939999999994,6,11,10,0.0,C52H62N6O16
CC(C)CC(=O)NCCCC(C(=O)NCCCN1C(=O)c2ccc3c4ccc5c6c(ccc(c7ccc(c2c37)C1=O)c64)C(=O)N(CCCNC(=O)C(CCCNC(=O)CC(C)C)C(C)C)C5=O)C(C)C,CCCNC(=O)CC(C)C,Generated,955.2099999999995,4,10,9,0.0,C56H70N6O8
CC(=O)N(C)CCCCC(=O)N(C)CCCN1C(=O)c2ccc3c4ccc5c6c(ccc(c7ccc(c2c37)C1=O)c64)C(=O)N(CCCN(C)C(=O)CCCCN(C)C(C)=O)C5=O,CCCN(C)C(C)=O,Generated,842.9939999999995,2,8,7,0.0,C48H54N6O8
CCCC(=O)NCCCC(CC)C(=O)NCCCN1C(=O)c2ccc3c4ccc5c6c(ccc(c7ccc(c2c37)C1=O)c64)C(=O)N(CCCNC(=O)C(CC)CCCNC(=O)CCC)C5=O,CCCNC(=O)CCC,Generated,899.1019999999994,4,9,8,0.0,C52H62N6O8
CC(C)(CC(CO)C(=O)NC(C)(C)CN1C(=O)c2ccc3c4ccc5c6c(ccc(c7ccc(c2c37)C1=O)c64)C(=O)N(CC(C)(C)NC(=O)C(CO)CC(C)(C)NC(=O)CCO)C5=O)NC(=O)CCO,CC(C)(C)NC(=O)CCO,Generated,963.0979999999996,2,10,9,0.0,C52H62N6O12
O=C(O)CCC(CN1C(=O)c2ccc3c4ccc5c6c(ccc(c7ccc(c2c37)C1=O)c64)C(=O)N(CC(CCC(=O)O)C(=O)O)C5=O)C(=O)O,CCC(=O)O,Generated,678.6060000000004,1,5,4,0.0,C36H26N2O12
CCCN(CCCC(CS)C(=O)N(CCC)CCCN1C(=O)c2ccc3c4ccc5c6c(ccc(c7ccc(c2c37)C1=O)c64)C(=O)N(CCCN(CCC)C(=O)C(CS)CCCN(CCC)C(=O)CCS)C5=O)C(=O)CCS,CCCN(CCC)C(=O)CCS,Generated,1139.5859999999993,6,12,11,0.0,C60H78N6O8S4
CC(C)CCC(=O)NCCCC(CC(C)C)C(=O)NCCCN1C(=O)c2ccc3c4ccc5c6c(ccc(c7ccc(c2c37)C1=O)c64)C(=O)N(CCCNC(=O)C(CCCNC(=O)CCC(C)C)CC(C)C)C5=O,CCCNC(=O)CCC(C)C,Generated,1011.3179999999993,5,11,10,0.0,C60H78N6O8
O=C(CCCSCC(CCSCN1C(=O)c2ccc3c4ccc5c6c(ccc(c7ccc(c2c37)C1=O)c64)C(=O)N(CSCCC(CSCCCC(=O)N(CCO)CCO)C(=O)N(CCO)CCO)C5=O)C(=O)N(CCO)CCO)N(CCO)CCO,CSCCCC(=O)N(CCO)CCO,Generated,1267.578,8,14,13,0.0,C60H78N6O16S4
CC(C)CC(=O)NCCOCCC(C(=O)NCCOCCN1C(=O)c2ccc3c4ccc5c6c(ccc(c7ccc(c2c37)C1=O)c64)C(=O)N(CCOCCNC(=O)C(CCOCCNC(=O)CC(C)C)C(C)C)C5=O)C(C)C,CCOCCNC(=O)CC(C)C,Generated,1075.313999999999,6,12,11,0.0,C60H78N6O12
O=C(CCO)NCCCC(CO)C(=O)NCCCN1C(=O)c2ccc3c4ccc5c6c(ccc(c7ccc(c2c37)C1=O)c64)C(=O)N(CCCNC(=O)C(CO)CCCNC(=O)CCO)C5=O,CCCNC(=O)CCO,Generated,906.9899999999996,4,9,8,0.0,C48H54N6O12
CC(=O)NC(C)(C)CCC(=O)NC(C)(C)CN1C(=O)c2ccc3c4ccc5c6c(ccc(c7ccc(c2c37)C1=O)c64)C(=O)N(CC(C)(C)NC(=O)CCC(C)(C)NC(C)=O)C5=O,CC(=O)NC(C)(C)C,Generated,842.9939999999997,0,8,7,0.0,C48H54N6O8
CCC(=O)N(CC)CCC(C)C(=O)N(CC)CCN1C(=O)c2ccc3c4ccc5c6c(ccc(c7ccc(c2c37)C1=O)c64)C(=O)N(CCN(CC)C(=O)C(C)CCN(CC)C(=O)CC)C5=O,CCC(=O)N(CC)CC,Generated,899.1019999999994,3,9,8,0.0,C52H62N6O8
CC(=O)NCC(C)CCC(=O)NCC(C)CN1C(=O)c2ccc3c4ccc5c6c(ccc(c7ccc(c2c37)C1=O)c64)C(=O)N(CC(C)CNC(=O)CCC(C)CNC(C)=O)C5=O,CC(=O)NCC(C)C,Generated,842.9939999999997,2,8,7,0.0,C48H54N6O8
CC(C)(C)NC(=O)CCCCC(CCCN1C(=O)c2ccc3c4ccc5c6c(ccc(c7ccc(c2c37)C1=O)c64)C(=O)N(CCCC(CCCCC(=O)NC(C)(C)C)C(=O)NC(C)(C)C)C5=O)C(=O)NC(C)(C)C,CCCCC(=O)NC(C)(C)C,Generated,1011.3179999999992,3,11,10,0.0,C60H78N6O8
CC(C)CC(=O)N(C)CCCC(C(=O)N(C)CCCN1C(=O)c2ccc3c4ccc5c6c(ccc(c7ccc(c2c37)C1=O)c64)C(=O)N(CCCN(C)C(=O)C(CCCN(C)C(=O)CC(C)C)C(C)C)C5=O)C(C)C,CCCN(C)C(=O)CC(C)C,Generated,1011.3179999999992,4,11,10,0.0,C60H78N6O8
CCOCCNC(=O)CCCCC(CCCN1C(=O)c2ccc3c4ccc5c6c(ccc(c7ccc(c2c37)C1=O)c64)C(=O)N(CCCC(CCCCC(=O)NCCOCC)C(=O)NCCOCC)C5=O)C(=O)NCCOCC,CCCCC(=O)NCCOCC,Generated,1075.3139999999992,7,12,11,0.0,C60H78N6O12
CC(CC(=O)O)CC(C(=O)O)C(C)CN1C(=O)c2ccc3c4ccc5c6c(ccc(c7ccc(c2c37)C1=O)c64)C(=O)N(CC(C)C(CC(C)CC(=O)O)C(=O)O)C5=O,CC(C)CC(=O)O,Generated,790.822,2,7,6,0.0,C44H42N2O12
CCC(=O)N(C)CCCC(C)C(=O)N(C)CCCN1C(=O)c2ccc3c4ccc5c6c(ccc(c7ccc(c2c37)C1=O)c64)C(=O)N(CCCN(C)C(=O)C(C)CCCN(C)C(=O)CC)C5=O,CCCN(C)C(=O)CC,Generated,899.1019999999994,3,9,8,0.0,C52H62N6O8
CC(C)CCC(=O)OCCNC(=O)C=CC(CC(C)C)C(=O)OCCNC(=O)C=CN1C(=O)c2ccc3c4ccc5c6c(ccc(c7ccc(c2c37)C1=O)c64)C(=O)N(C=CC(=O)NCCOC(=O)C(C=CC(=O)NCCOC(=O)CCC(C)C)CC(C)C)C5=O,C=CC(=O)NCCOC(=O)CCC(C)C,Generated,1235.3979999999995,7,15,14,0.0,C68H78N6O16
CC(=CC(CC(C)C)C(=O)OCCNC(=O)C(C)=CN1C(=O)c2ccc3c4ccc5c6c(ccc(c7ccc(c2c37)C1=O)c64)C(=O)N(C=C(C)C(=O)NCCOC(=O)C(C=C(C)C(=O)NCCOC(=O)CCC(C)C)CC(C)C)C5=O)C(=O)NCCOC(=O)CCC(C)C,C=C(C)C(=O)NCCOC(=O)CCC(C)C,Generated,1291.5059999999992,7,16,15,0.0,C72H86N6O16
CC(C)CCCOCC(COCN1C(=O)c2ccc3c4ccc5c6c(ccc(c7ccc(c2c37)C1=O)c64)C(=O)N(COCC(COCCCC(C)C)CC(C)C)C5=O)CC(C)C,COCCCC(C)C,Generated,847.1059999999995,4,8,7,0.0,C52H66N2O8
O=C1c2ccc3c4ccc5c6c(ccc(c7ccc(c2c37)C(=O)N1c1csc(-c2ccsc2)c1)c64)C(=O)N(c1csc(-c2ccsc2)c1)C5=O,c1ccsc1,Generated,718.8620000000001,0,5,5,1.5,C40H18N2O4S4
CNCN(C)CN1C(=O)c2ccc3c4ccc5c6c(ccc(c7ccc(c2c37)C1=O)c64)C(=O)N(CN(C)CNC)C5=O,CNC,Generated,562.6300000000003,0,3,2,0.0,C32H30N6O4
CCC[N+]1(CCCC[N+]2(CN3C(=O)c4ccc5c6ccc7c8c(ccc(c9ccc(c4c59)C3=O)c86)C(=O)N(C[N+]3(CCCC[N+]4(CCC)CCOCC4)CCOCC3)C7=O)CCOCC2)CCOCC1,CCC[N+]1(C)CCOCC1,Generated,959.2419999999987,2,10,10,1.0,C56H74N6O8+4
CCCCCC(=O)OCCCCCCCC(=O)OCCN1C(=O)c2ccc3c4ccc5c6c(ccc(c7ccc(c2c37)C1=O)c64)C(=O)N(CCOC(=O)CCCCCCCOC(=O)CCCCC)C5=O,CCCCCC(=O)OCC,Generated,959.1459999999992,5,10,9,0.0,C56H66N2O12
CC(C)(C)c1ccc(C(C)(C)Cc2cc(C(C)(C)CN3C(=O)c4ccc5c6ccc7c8c(ccc(c9ccc(c4c59)C3=O)c86)C(=O)N(CC(C)(C)c3cc(CC(C)(C)c4ccc(C(C)(C)C)cc4N)c(C(C)(C)C)cc3N)C7=O)c(N)cc2C(C)(C)C)c(N)c1,CC(C)(C)c1ccc(C(C)(C)C)c(N)c1,Generated,1203.669999999999,0,15,15,1.5,C80H94N6O4
CCCc1cc(N(C)CCCCc2cc(N(C)CN3C(=O)c4ccc5c6ccc7c8c(ccc(c9ccc(c4c59)C3=O)c86)C(=O)N(CN(C)c3ccc(N(C)C)c(CCCCN(C)c4ccc(N(C)C)c(CCC)c4)c3)C7=O)ccc2N(C)C)ccc1N(C)C,CCCc1cc(N(C)C)ccc1N(C)C,Generated,1207.6219999999987,4,15,15,1.5,C76H90N10O4
CCCCC(C)(CO)CCCCCC(CO)(CCCC)CCCCN1C(=O)c2ccc3c4ccc5c6c(ccc(c7ccc(c2c37)C1=O)c64)C(=O)N(CCCCC(CO)(CCCC)CCCCCC(C)(CO)CCCC)C5=O,CCCCC(C)(CO)CCCC,Generated,1071.5379999999989,7,12,11,0.0,C68H98N2O8
CCCCCCCCNCCCCCCCCNN1C(=O)c2ccc3c4ccc5c6c(ccc(c7ccc(c2c37)C1=O)c64)C(=O)N(NCCCCCCCCNCCCCCCCC)C5=O,CCCCCCCCN,Generated,899.277999999999,6,9,8,0.0,C56H78N6O4
CC[N+](CC)(CC)CCCC[N+](CC)(CC)CCN1C(=O)c2ccc3c4ccc5c6c(ccc(c7ccc(c2c37)C1=O)c64)C(=O)N(CC[N+](CC)(CC)CCCC[N+](CC)(CC)CC)C5=O,CC[N+](CC)(CC)CC,Generated,903.309999999999,4,9,8,0.0,C56H82N6O4+4
CCC[N+](C)(C)CCCCC[N+](C)(C)CCN1C(=O)c2ccc3c4ccc5c6c(ccc(c7ccc(c2c37)C1=O)c64)C(=O)N(CC[N+](C)(C)CCCCC[N+](C)(C)CCC)C5=O,CCC[N+](C)(C)CC,Generated,847.2019999999993,3,8,7,0.0,C52H74N6O4+4
O=C1c2ccc3c4ccc5c6c(ccc(c7ccc(c2c37)C(=O)N1Cc1ccc(Cc2ccccc2S(=O)(=O)O)cc1S(=O)(=O)O)c64)C(=O)N(Cc1ccc(Cc2ccccc2S(=O)(=O)O)cc1S(=O)(=O)O)C5=O,Cc1ccccc1S(=O)(=O)O,Generated,1071.1100000000001,1,11,11,1.5,C52H34N2O16S4
CCC[N+](C)(C)CCCCCCCCC[N+](C)(C)CCCCCCN1C(=O)c2ccc3c4ccc5c6c(ccc(c7ccc(c2c37)C1=O)c64)C(=O)N(CCCCCC[N+](C)(C)CCCCCCCCC[N+](C)(C)CCC)C5=O,CCCCCC[N+](C)(C)CCC,Generated,1071.6339999999987,7,12,11,0.0,C68H106N6O4+4
CCC[N+](C)(CC)CCCCC[N+](C)(CC)CCN1C(=O)c2ccc3c4ccc5c6c(ccc(c7ccc(c2c37)C1=O)c64)C(=O)N(CC[N+](C)(CC)CCCCC[N+](C)(CC)CCC)C5=O,CCC[N+](C)(CC)CC,Generated,903.309999999999,4,9,8,0.0,C56H82N6O4+4
COC(OCCc1ccc(C(OC)OCN2C(=O)c3ccc4c5ccc6c7c(ccc(c8ccc(c3c48)C2=O)c75)C(=O)N(COC(OC)c2ccc(CCOC(OC)c3ccc(C)cc3)cc2)C6=O)cc1)c1ccc(C)cc1,COC(OC)c1ccc(C)cc1,Generated,1047.1699999999998,3,12,12,1.5,C64H58N2O12
Cc1ccc(C2OCCO2)cc1Cc1ccc(C2OCCO2)cc1N1C(=O)c2ccc3c4ccc5c6c(ccc(c7ccc(c2c37)C1=O)c64)C(=O)N(c1cc(C2OCCO2)ccc1Cc1cc(C2OCCO2)ccc1C)C5=O,Cc1ccc(C2OCCO2)cc1,Generated,1039.1059999999995,1,12,13,2.5,C64H50N2O12
COC(C)OCCC(OC)OCN1C(=O)c2ccc3c4ccc5c6c(ccc(c7ccc(c2c37)C1=O)c64)C(=O)N(COC(CCOC(C)OC)OC)C5=O,COC(C)OC,Generated,742.778,2,6,5,0.0,C40H42N2O12
Cc1ccc(C=NCCCCCc2ccc(C=NCCCCN3C(=O)c4ccc5c6ccc7c8c(ccc(c9ccc(c4c59)C3=O)c86)C(=O)N(CCCCN=Cc3ccc(CCCCCN=Cc4ccc(C)cc4)cc3)C7=O)cc2)cc1,CCCCN=Cc1ccc(C)cc1,Generated,1083.3899999999994,4,13,13,1.5,C72H70N6O4
O=C1c2ccc3c4ccc5c6c(ccc(c7ccc(c2c37)C(=O)N1CC(CCC1CCCCC1)C1CCCCC1)c64)C(=O)N(CC(CCC1CCCCC1)C1CCCCC1)C5=O,CCC1CCCCC1,Generated,831.1539999999994,1,8,8,1.0,C56H66N2O4
Cc1ccc(C=NCCCCCCc2ccc(C=NCCCCCN3C(=O)c4ccc5c6ccc7c8c(ccc(c9ccc(c4c59)C3=O)c86)C(=O)N(CCCCCN=Cc3ccc(CCCCCCN=Cc4ccc(C)cc4)cc3)C7=O)cc2)cc1,CCCCCN=Cc1ccc(C)cc1,Generated,1139.4979999999994,5,14,14,1.5,C76H78N6O4
Cc1cn(Cc2ccc(Cc3cn(Cc4ccc(N5C(=O)c6ccc7c8ccc9c%10c(ccc(c%11ccc(c6c7%11)C5=O)c%108)C(=O)N(c5ccc(Cn6cc(Cc7ccc(Cn8cc(C)nn8)cc7)nn6)cc5)C9=O)cc4)nn3)cc2)nn1,Cc1cn(Cc2ccccc2)nn1,Generated,1075.1659999999995,2,13,14,3.0,C64H46N14O4
Cc1ccc(Cn2cc(CCCCc3ccc(Cn4cc(CCCN5C(=O)c6ccc7c8ccc9c%10c(ccc(c%11ccc(c6c7%11)C5=O)c%108)C(=O)N(CCCc5cn(Cc6ccc(CCCCc7cn(Cc8ccc(C)cc8)nn7)cc6)nn5)C9=O)nn4)cc3)nn2)cc1,CCCc1cn(Cc2ccc(C)cc2)nn1,Generated,1243.4899999999998,4,16,17,3.0,C76H70N14O4
Cc1cn(-c2ccc(NCc3cn(-c4ccc(NN5C(=O)c6ccc7c8ccc9c%10c(ccc(c%11ccc(c6c7%11)C5=O)c%108)C(=O)N(Nc5ccc(-n6cc(CNc7ccc(-n8cc(C)nn8)cc7)nn6)cc5)C9=O)cc4)nn3)cc2)nn1,Cc1cn(-c2ccc(N)cc2)nn1,Generated,1079.1179999999997,1,13,14,3.0,C60H42N18O4
Cc1ccc(Cn2cc(COCCc3ccc(Cn4cc(COCN5C(=O)c6ccc7c8ccc9c%10c(ccc(c%11ccc(c6c7%11)C5=O)c%108)C(=O)N(COCc5cn(Cc6ccc(CCOCc7cn(Cc8ccc(C)cc8)nn7)cc6)nn5)C9=O)nn4)cc3)nn2)cc1,COCc1cn(Cc2ccc(C)cc2)nn1,Generated,1251.378,4,16,17,3.0,C72H62N14O8
Cc1ccc(Cn2cc(CN(C)CCc3ccc(Cn4cc(CN(C)CN5C(=O)c6ccc7c8ccc9c%10c(ccc(c%11ccc(c6c7%11)C5=O)c%108)C(=O)N(CN(C)Cc5cn(Cc6ccc(CCN(C)Cc7cn(Cc8ccc(C)cc8)nn7)cc6)nn5)C9=O)nn4)cc3)nn2)cc1,Cc1ccc(Cn2cc(CN(C)C)nn2)cc1,Generated,1303.5499999999995,4,17,18,3.0,C76H74N18O4
Cc1ccc(Cn2cc(C(=O)CCc3ccc(Cn4cc(C(=O)CN5C(=O)c6ccc7c8ccc9c%10c(ccc(c%11ccc(c6c7%11)C5=O)c%108)C(=O)N(CC(=O)c5cn(Cc6ccc(CCC(=O)c7cn(Cc8ccc(C)cc8)nn7)cc6)nn5)C9=O)nn4)cc3)nn2)cc1,CC(=O)c1cn(Cc2ccc(C)cc2)nn1,Generated,1243.314,3,16,17,3.0,C72H54N14O8
CC[NH+]1CCC(CC[NH+]2CCC(N3C(=O)c4ccc5c6ccc7c8c(ccc(c9ccc(c4c59)C3=O)c86)C(=O)N(C3CC[NH+](CCC4CC[NH+](CC)CC4)CC3)C7=O)CC2)CC1,CC[NH+]1CCCCC1,Generated,839.1379999999991,1,8,8,1.0,C52H66N6O4+4
NC(=O)NNC(=O)NN1C(=O)c2ccc3c4ccc5c6c(ccc(c7ccc(c2c37)C1=O)c64)C(=O)N(NC(=O)NNC(N)=O)C5=O,NC(N)=O,Generated,622.5140000000002,0,4,3,0.0,C28H18N10O8
CCOCCOS(=O)(=O)CCCOCCOS(=O)(=O)CN1C(=O)c2ccc3c4ccc5c6c(ccc(c7ccc(c2c37)C1=O)c64)C(=O)N(CS(=O)(=O)OCCOCCCS(=O)(=O)OCCOCC)C5=O,CCOCCOS(C)(=O)=O,Generated,1055.1459999999995,5,10,9,0.0,C44H50N2O20S4
Cc1ccc(CCCCc2cc(CCCCN3C(=O)c4ccc5c6ccc7c8c(ccc(c9ccc(c4c59)C3=O)c86)C(=O)N(CCCCc3ccc(C)c(CCCCc4ccc(C)cc4)c3)C7=O)ccc2C)cc1,CCCCc1ccc(C)cc1,Generated,975.2859999999994,3,11,11,1.5,C68H66N2O4
CC(=N)CN=C(C)CN1C(=O)c2ccc3c4ccc5c6c(ccc(c7ccc(c2c37)C1=O)c64)C(=O)N(CC(C)=NCC(C)=N)C5=O,CC(C)=N,Generated,610.6740000000002,0,4,3,0.0,C36H30N6O4
CCC(C)CCC(C)(CC)CCN1C(=O)c2ccc3c4ccc5c6c(ccc(c7ccc(c2c37)C1=O)c64)C(=O)N(CCC(C)(CC)CCC(C)CC)C5=O,CCC(C)CC,Generated,727.0019999999997,2,6,5,0.0,C48H58N2O4
CCC(CC)CCC(CC)(CC)CCN1C(=O)c2ccc3c4ccc5c6c(ccc(c7ccc(c2c37)C1=O)c64)C(=O)N(CCC(CC)(CC)CCC(CC)CC)C5=O,CCC(CC)CC,Generated,783.1099999999994,3,7,6,0.0,C52H66N2O4
Cc1cc(C)c(Cc2c(C)c(C)c(N)c(CN3C(=O)c4ccc5c6ccc7c8c(ccc(c9ccc(c4c59)C3=O)c86)C(=O)N(Cc3c(C)c(Cc4c(C)cc(C)c(C)c4N)c(C)c(C)c3N)C7=O)c2C)c(N)c1C,Cc1cc(C)c(C)c(N)c1C,Generated,979.237999999999,0,11,11,1.5,C64H62N6O4
CCCN1CCC(CCCN2CCC(N3C(=O)c4ccc5c6ccc7c8c(ccc(c9ccc(c4c59)C3=O)c86)C(=O)N(C3CCN(CCCC4CCN(CCC)CC4)CC3)C7=O)CC2)CC1,CCCN1CCCCC1,Generated,891.2139999999989,2,9,9,1.0,C56H70N6O4
CCCN(CCCCN(CN1C(=O)c2ccc3c4ccc5c6c(ccc(c7ccc(c2c37)C1=O)c64)C(=O)N(CN(CCCCN(CCC)c1ccccc1)c1ccccc1)C5=O)c1ccccc1)c1ccccc1,CCCN(C)c1ccccc1,Generated,979.2379999999997,3,11,11,1.5,C64H62N6O4
CC[N+](C)(CC[N+](C)(C)C)CC[N+](C)(C)CCC[N+](C)(CC[N+](C)(C)C)CC[N+](C)(C)CN1C(=O)c2ccc3c4ccc5c6c(ccc(c7ccc(c2c37)C1=O)c64)C(=O)N(C[N+](C)(C)CC[N+](C)(CCC[N+](C)(C)CC[N+](C)(CC)CC[N+](C)(C)C)CC[N+](C)(C)C)C5=O,CC[N+](C)(CC[N+](C)(C)C)CC[N+](C)(C)C,Generated,1312.0339999999987,7,16,15,0.0,C76H138N14O4+12
CCN(CCN(C)C)CCN(C)CCCN(CCN(C)C)CCN(C)CN1C(=O)c2ccc3c4ccc5c6c(ccc(c7ccc(c2c37)C1=O)c64)C(=O)N(CN(C)CCN(CCCN(C)CCN(CC)CCN(C)C)CCN(C)C)C5=O,CCN(CCN(C)C)CCN(C)C,Generated,1131.6139999999987,7,13,12,0.0,C64H102N14O4
CCC[N+](CC)(CC)CCCCC[N+](CC)(CC)CCN1C(=O)c2ccc3c4ccc5c6c(ccc(c7ccc(c2c37)C1=O)c64)C(=O)N(CC[N+](CC)(CC)CCCCC[N+](CC)(CC)CCC)C5=O,CCC[N+](CC)(CC)CC,Generated,959.4179999999989,5,10,9,0.0,C60H90N6O4+4
N=CCCCCCN=CCCCCCN1C(=O)c2ccc3c4ccc5c6c(ccc(c7ccc(c2c37)C1=O)c64)C(=O)N(CCCCCC=NCCCCCC=N)C5=O,CCCCCC=N,Generated,778.9979999999995,4,7,6,0.0,C48H54N6O4
CCN(CCC(=O)OC)CCC(=O)OCCCN(CCC(=O)OC)CCC(=O)OCN1C(=O)c2ccc3c4ccc5c6c(ccc(c7ccc(c2c37)C1=O)c64)C(=O)N(COC(=O)CCN(CCCOC(=O)CCN(CC)CCC(=O)OC)CCC(=O)OC)C5=O,CCN(CCC(=O)OC)CCC(=O)OC,Generated,1251.3499999999992,7,15,14,0.0,C64H78N6O20
Cc1cccc(Cc2ccc(N)c(Cc3ccc(Cc4ccc(N)c(CN5C(=O)c6ccc7c8ccc9c%10c(ccc(c%11ccc(c6c7%11)C5=O)c%108)C(=O)N(Cc5cc(Cc6ccc(Cc7cc(Cc8cccc(C)c8)ccc7N)c(C)c6)ccc5N)C9=O)c4)cc3C)c2)c1,Cc1cccc(Cc2ccc(N)c(C)c2)c1,Generated,1227.5219999999995,2,16,17,3.0,C84H70N6O4
CC(CC(C)(CN1C(=O)c2ccc3c4ccc5c6c(ccc(c7ccc(c2c37)C1=O)c64)C(=O)N(CC(C)(CC(C)c1ccc(O)cc1)c1ccc(O)cc1)C5=O)c1ccc(O)cc1)c1ccc(O)cc1,CC(C)c1ccc(O)cc1,Generated,927.0660000000005,1,10,10,1.5,C60H50N2O8
CC(C)(CC(=O)OC(C)(C)CN1C(=O)c2ccc3c4ccc5c6c(ccc(c7ccc(c2c37)C1=O)c64)C(=O)N(CC(C)(C)OC(=O)CC(C)(C)OC=O)C5=O)OC=O,CC(C)(C)OC=O,Generated,790.8220000000001,1,7,6,0.0,C44H42N2O12
CCCOCCOCCOCCCCCCCOCCOCCOCCCCN1C(=O)c2ccc3c4ccc5c6c(ccc(c7ccc(c2c37)C1=O)c64)C(=O)N(CCCCOCCOCCOCCCCCCCOCCOCCOCCC)C5=O,CCCCOCCOCCOCCC,Generated,1199.5299999999993,11,14,13,0.0,C68H98N2O16
CCCOCCOCCOCC[N+](C)(C)CCCCOCCOCCOCC[N+](C)(C)CN1C(=O)c2ccc3c4ccc5c6c(ccc(c7ccc(c2c37)C1=O)c64)C(=O)N(C[N+](C)(C)CCOCCOCCOCCCC[N+](C)(C)CCOCCOCCOCCC)C5=O,CCCOCCOCCOCC[N+](C)(C)C,Generated,1319.7299999999998,11,16,15,0.0,C72H114N6O16+4
O=C1c2ccc3c4ccc5c6c(ccc(c7ccc(c2c37)C(=O)N1C1CCN(C2CCNCC2)CC1)c64)C(=O)N(C1CCN(C2CCNCC2)CC1)C5=O,C1CCNCC1,Generated,722.8899999999998,0,6,6,1.0,C44H46N6O4
O=C(OCc1ccc(Nc2ccccc2)cc1C(=O)OCN1C(=O)c2ccc3c4ccc5c6c(ccc(c7ccc(c2c37)C1=O)c64)C(=O)N(COC(=O)c1cc(Nc2ccccc2)ccc1COC(=O)c1cccc(Nc2ccccc2)c1)C5=O)c1cccc(Nc2ccccc2)c1,COC(=O)c1cccc(Nc2ccccc2)c1,Generated,1291.342,3,17,18,3.0,C80H54N6O12
O=C1c2ccc3c4ccc5c6c(ccc(c7ccc(c2c37)C(=O)N1Oc1ccc(O)c(Oc2ccc(O)cc2)c1)c64)C(=O)N(Oc1ccc(O)c(Oc2ccc(O)cc2)c1)C5=O,Oc1ccc(O)cc1,Generated,822.7380000000002,0,8,8,1.5,C48H26N2O12
CCCOCC[N+](C)(C)CCOCCOCCCCOCC[N+](C)(C)CCOCCOCN1C(=O)c2ccc3c4ccc5c6c(ccc(c7ccc(c2c37)C1=O)c64)C(=O)N(COCCOCC[N+](C)(C)CCOCCCCOCCOCC[N+](C)(C)CCOCCC)C5=O,CCCOCC[N+](C)(C)CCOCCOC,Generated,1319.7299999999998,11,16,15,0.0,C72H114N6O16+4
CCCCCCCCCCCOC(=O)C=CCCCCCCCCCCCOC(=O)C=CN1C(=O)c2ccc3c4ccc5c6c(ccc(c7ccc(c2c37)C1=O)c64)C(=O)N(C=CC(=O)OCCCCCCCCCCCC=CC(=O)OCCCCCCCCCCC)C5=O,C=CC(=O)OCCCCCCCCCCC,Generated,1287.7299999999998,11,16,15,0.0,C80H106N2O12
Nc1ccccc1Cc1ccc(CN2C(=O)c3ccc4c5ccc6c7c(ccc(c8ccc(c3c48)C2=O)c75)C(=O)N(Cc2ccc(Cc3ccccc3N)cc2N)C6=O)c(N)c1,Cc1ccccc1N,Generated,810.9139999999998,0,8,8,1.5,C52H38N6O4
COCCC(C)(CO)CCCC(CO)(CCOC)CCN1C(=O)c2ccc3c4ccc5c6c(ccc(c7ccc(c2c37)C1=O)c64)C(=O)N(CCC(CO)(CCCC(C)(CO)CCOC)CCOC)C5=O,CCC(C)(CO)CCOC,Generated,967.2099999999994,5,10,9,0.0,C56H74N2O12
O=C1c2ccc3c4ccc5c6c(ccc(c7ccc(c2c37)C(=O)N1Cc1ccc(-c2ccc(Cc3ccc(-c7ccccc7)cc3)cc2)cc1)c64)C(=O)N(Cc1ccc(-c2ccc(Cc3ccc(-c4ccccc4)cc3)cc2)cc1)C5=O,Cc1ccc(-c2ccccc2)cc1,Generated,1055.246,1,13,14,3.0,C76H50N2O4
CCCCCCCCCCCCNCCCCCCCCCCCCNN1C(=O)c2ccc3c4ccc5c6c(ccc(c7ccc(c2c37)C1=O)c64)C(=O)N(NCCCCCCCCCCCCNCCCCCCCCCCCC)C5=O,CCCCCCCCCCCCN,Generated,1123.709999999999,10,13,12,0.0,C72H110N6O4
CC1CCCC(CNCC2CCCC(CNN3C(=O)c4ccc5c6ccc7c8c(ccc(c9ccc(c4c59)C3=O)c86)C(=O)N(NCC3CCCC(CNCC4CCCC(C)C4)C3)C7=O)C2)C1,CC1CCCC(CN)C1,Generated,891.2139999999993,1,9,9,1.0,C56H70N6O4
CCN(Cc1ccccn1)Cc1ccc(CCN(Cc2ccccn2)Cc2ccc(N3C(=O)c4ccc5c6ccc7c8c(ccc(c9ccc(c4c59)C3=O)c86)C(=O)N(c3ccc(CN(CCc4ccc(CN(CC)Cc5ccccn5)nc4)Cc4ccccn4)nc3)C7=O)cn2)cn1,CCN(Cc1ccccn1)Cc1ccccn1,Generated,1291.5339999999997,5,17,18,3.0,C80H70N14O4
CC(=CC(COC(=O)C(C)=CN1C(=O)c2ccc3c4ccc5c6c(ccc(c7ccc(c2c37)C1=O)c64)C(=O)N(C=C(C)C(=O)OCC(C=C(C)C(=O)OCCCC(C)C)CC(C)C)C5=O)CC(C)C)C(=O)OCCCC(C)C,C=C(C)C(=O)OCCCC(C)C,Generated,1063.2979999999993,5,12,11,0.0,C64H74N2O12
CC(C)CCCC(C)CC(CC(C)C)CC(C)CN1C(=O)c2ccc3c4ccc5c6c(ccc(c7ccc(c2c37)C1=O)c64)C(=O)N(CC(C)CC(CC(C)C)CC(C)CCCC(C)C)C5=O,CC(C)CCCC(C)C,Generated,895.3259999999995,4,9,8,0.0,C60H82N2O4
CC(C)(Cc1nnc(C(C)(C)CN2C(=O)c3ccc4c5ccc6c7c(ccc(c8ccc(c3c48)C2=O)c75)C(=O)N(CC(C)(C)c2nnc(CC(C)(C)c3nncs3)s2)C6=O)s1)c1nncs1,CC(C)(C)c1nncs1,Generated,951.1979999999996,0,9,9,1.5,C48H42N10O4S4
O=C1c2ccc3c4ccc5c6c(ccc(c7ccc(c2c37)C(=O)N1C1=CC(c2ccc(C3=CC(c7ccccc7)C=C3)cc2)C=C1)c64)C(=O)N(C1=CC(c2ccc(C3=CC(c4ccccc4)C=C3)cc2)C=C1)C5=O,C1=CC(c2ccccc2)C=C1,Generated,951.094,1,11,12,2.5,C68H42N2O4
CCCCCCCCCC=CCCCCCCCCCC=CN1C(=O)c2ccc3c4ccc5c6c(ccc(c7ccc(c2c37)C1=O)c64)C(=O)N(C=CCCCCCCCCCC=CCCCCCCCCC)C5=O,C=CCCCCCCCCC,Generated,999.4779999999988,8,11,10,0.0,C68H90N2O4
O=C1c2ccc3c4ccc5c6c(ccc(c7ccc(c2c37)C(=O)N1C1=CCC(c2ccc(C3=CCC(c7ccccc7)=C3)cc2)=C1)c64)C(=O)N(C1=CCC(c2ccc(C3=CCC(c4ccccc4)=C3)cc2)=C1)C5=O,C1=CCC(c2ccccc2)=C1,Generated,951.0939999999999,1,11,12,2.5,C68H42N2O4
CC1(C)CCCC(C)(C)N1OCC1CC(C)(C)N(OCN2C(=O)c3ccc4c5ccc6c7c(ccc(c8ccc(c3c48)C2=O)c75)C(=O)N(CON2C(C)(C)CC(CON3C(C)(C)CCCC3(C)C)CC2(C)C)C6=O)C(C)(C)C1,CON1C(C)(C)CCCC1(C)C,Generated,1067.425999999999,1,12,12,1.0,C64H86N6O8
CCN(C)C(=S)NCCCN(C)C(=S)NCN1C(=O)c2ccc3c4ccc5c6c(ccc(c7ccc(c2c37)C1=O)c64)C(=O)N(CNC(=S)N(C)CCCNC(=S)N(C)CC)C5=O,CCN(C)C(=S)NC,Generated,911.2179999999995,1,8,7,0.0,C44H50N10O4S4
O=C(CCc1ccccc1)OCC(CC(=O)OCN1C(=O)c2ccc3c4ccc5c6c(ccc(c7ccc(c2c37)C1=O)c64)C(=O)N(COC(=O)CC(COC(=O)CCc1ccccc1)c1ccccc1)C5=O)c1ccccc1,COC(=O)CCc1ccccc1,Generated,1039.1059999999998,3,12,12,1.5,C64H50N2O12
CC1CCC(CC2CCC(N3C(=O)c4ccc5c6ccc7c8c(ccc(c9ccc(c4c59)C3=O)c86)C(=O)N(C3CCC(CC4CCC(C)CC4)CC3)C7=O)CC2)CC1,CC1CCCCC1,Generated,775.0459999999995,0,7,7,1.0,C52H58N2O4
CCOC(C)OCCCC(OCC)OCCN1C(=O)c2ccc3c4ccc5c6c(ccc(c7ccc(c2c37)C1=O)c64)C(=O)N(CCOC(CCCOC(C)OCC)OCC)C5=O,CCOC(C)OCC,Generated,854.9939999999997,4,8,7,0.0,C48H58N2O12
CCCCCSC(C)SCCCCCCC(SCCCCC)SCCCCCN1C(=O)c2ccc3c4ccc5c6c(ccc(c7ccc(c2c37)C1=O)c64)C(=O)N(CCCCCSC(CCCCCCSC(C)SCCCCC)SCCCCC)C5=O,CCCCCSC(C)SCCCCC,Generated,1320.1859999999992,10,14,13,0.0,C72H106N2O4S8
Cc1cccc(C)c1-c1c(C)cccc1Cc1cc(C)c(-c2c(C)cccc2CN2C(=O)c3ccc4c5ccc6c7c(ccc(c8ccc(c3c48)C2=O)c75)C(=O)N(Cc2cccc(C)c2-c2c(C)cc(Cc3cccc(C)c3-c3c(C)cccc3C)cc2C)C6=O)c(C)c1,Cc1cccc(C)c1-c1c(C)cccc1C,Generated,1223.5699999999988,1,16,17,3.0,C88H74N2O4
CCCC(=O)OCCCCCCCCCC(=O)OCCCCCCN1C(=O)c2ccc3c4ccc5c6c(ccc(c7ccc(c2c37)C1=O)c64)C(=O)N(CCCCCCOC(=O)CCCCCCCCCOC(=O)CCC)C5=O,CCCCCCOC(=O)CCC,Generated,1071.361999999999,7,12,11,0.0,C64H82N2O12
CCCC(=O)OCCCCCCCCCCCC(=O)OCCCCCCCCN1C(=O)c2ccc3c4ccc5c6c(ccc(c7ccc(c2c37)C1=O)c64)C(=O)N(CCCCCCCCOC(=O)CCCCCCCCCCCOC(=O)CCC)C5=O,CCCCCCCCOC(=O)CCC,Generated,1183.5779999999993,9,14,13,0.0,C72H98N2O12
CCCC(=O)OCCCCCCCC(=O)OCCCCN1C(=O)c2ccc3c4ccc5c6c(ccc(c7ccc(c2c37)C1=O)c64)C(=O)N(CCCCOC(=O)CCCCCCCOC(=O)CCC)C5=O,CCCCOC(=O)CCC,Generated,959.1459999999992,5,10,9,0.0,C56H66N2O12
CCCC(=O)OCCCCCCCCCCCCCC(=O)OCCCCCCCCCCN1C(=O)c2ccc3c4ccc5c6c(ccc(c7ccc(c2c37)C1=O)c64)C(=O)N(CCCCCCCCCCOC(=O)CCCCCCCCCCCCCOC(=O)CCC)C5=O,CCCCCCCCCCOC(=O)CCC,Generated,1295.7939999999999,11,16,15,0.0,C80H114N2O12
Cc1ccc(Cc2cc(CN3C(=O)c4ccc5c6ccc7c8c(ccc(c9ccc(c4c59)C3=O)c86)C(=O)N(Cc3cc(Cc4ccc(C)cc4N)c(C)cc3N)C7=O)c(N)cc2C)c(N)c1,Cc1ccc(C)c(N)c1,Generated,867.0219999999996,0,9,9,1.5,C56H46N6O4
C[NH+](CCC(C)(C)C[NH+](C)CN1C(=O)c2ccc3c4ccc5c6c(ccc(c7ccc(c2c37)C1=O)c64)C(=O)N(C[NH+](C)CC(C)(C)CC[NH+](C)CC(C)(C)C)C5=O)CC(C)(C)C,C[NH+](C)CC(C)(C)C,Generated,847.2019999999994,1,8,7,0.0,C52H74N6O4+4
CC1OC(n2cc(CCC3OC(n4cc(CN5C(=O)c6ccc7c8ccc9c%10c(ccc(c%11ccc(c6c7%11)C5=O)c%108)C(=O)N(Cc5cn(C6CC(O)C(CCc7cn(C8CC(O)C(C)O8)c(=O)[nH]c7=O)O6)c(=O)[nH]c5=O)C9=O)c(=O)[nH]c4=O)CC3O)c(=O)[nH]c2=O)CC1O,Cc1cn(C2CC(O)C(C)O2)c(=O)[nH]c1=O,Generated,1287.218,1,16,17,2.5,C64H58N10O20
CCOC(=O)c1ccc(C=CCCOC(=O)c2ccc(C=CN3C(=O)c4ccc5c6ccc7c8c(ccc(c9ccc(c4c59)C3=O)c86)C(=O)N(C=Cc3ccc(C(=O)OCCC=Cc4ccc(C(=O)OCC)cc4)cc3)C7=O)cc2)cc1,C=Cc1ccc(C(=O)OCC)cc1,Generated,1087.1499999999996,3,13,13,1.5,C68H50N2O12
O=C1c2ccc3c4ccc5c6c(ccc(c7ccc(c2c37)C(=O)N1[S-]c1ccc([S-]c2ccccc2)cc1)c64)C(=O)N([S-]c1ccc([S-]c2ccccc2)cc1)C5=O,[S-]c1ccccc1,Generated,823.014,0,7,7,1.5,C48H26N2O4S4-4
O=C1c2ccc3c4ccc5c6c(ccc(c7ccc(c2c37)C(=O)N1Nc1ccc(N=Nc2ccc(Nc3ccc(N=Nc7ccccc7)cc3)cc2)cc1)c64)C(=O)N(Nc1ccc(N=Nc2ccc(Nc3ccc(N=Nc4ccccc4)cc3)cc2)cc1)C5=O,Nc1ccc(N=Nc2ccccc2)cc1,Generated,1171.2539999999997,2,15,16,3.0,C72H46N14O4
CC(CC(=O)[O-])CC(C(=O)[O-])C(C)CN1C(=O)c2ccc3c4ccc5c6c(ccc(c7ccc(c2c37)C1=O)c64)C(=O)N(CC(C)C(CC(C)CC(=O)[O-])C(=O)[O-])C5=O,CC(C)CC(=O)[O-],Generated,786.79,2,7,6,0.0,C44H38N2O12-4
CC(CCC(=O)[O-])CC(CC(C)CN1C(=O)c2ccc3c4ccc5c6c(ccc(c7ccc(c2c37)C1=O)c64)C(=O)N(CC(C)CC(CC(C)CCC(=O)[O-])C(=O)[O-])C5=O)C(=O)[O-],CC(C)CCC(=O)[O-],Generated,842.8979999999999,3,8,7,0.0,C48H46N2O12-4
CCCCCCCCCCCCN(C)CCCCCCCCCCCCCN(C)CN1C(=O)c2ccc3c4ccc5c6c(ccc(c7ccc(c2c37)C1=O)c64)C(=O)N(CN(C)CCCCCCCCCCCCCN(C)CCCCCCCCCCCC)C5=O,CCCCCCCCCCCCN(C)C,Generated,1235.9259999999992,11,15,14,0.0,C80H126N6O4
CC(=O)Nc1ccc(NCC(=O)Nc2ccc(NN3C(=O)c4ccc5c6ccc7c8c(ccc(c9ccc(c4c59)C3=O)c86)C(=O)N(Nc3ccc(NC(=O)CNc4ccc(NC(C)=O)cc4)cc3)C7=O)cc2)cc1,CC(=O)Nc1ccc(N)cc1,Generated,983.014,1,11,11,1.5,C56H42N10O8
CCCN1CCN(CCCNCCCN2CCN(CCCNN3C(=O)c4ccc5c6ccc7c8c(ccc(c9ccc(c4c59)C3=O)c86)C(=O)N(NCCCN3CCN(CCCNCCCN4CCN(CCC)CC4)CC3)C7=O)CC2)CC1,CCCN1CCN(CCCN)CC1,Generated,1123.5499999999988,5,13,13,1.0,C64H94N14O4
CCN(CCN)CCNCCN(CCN)CCNN1C(=O)c2ccc3c4ccc5c6c(ccc(c7ccc(c2c37)C1=O)c64)C(=O)N(NCCN(CCN)CCNCCN(CC)CCN)C5=O,CCN(CCN)CCN,Generated,907.1819999999989,5,9,8,0.0,C48H70N14O4
CCC(C)CCCC(C)CCCC(C)CCCC(C)CN1C(=O)c2ccc3c4ccc5c6c(ccc(c7ccc(c2c37)C1=O)c64)C(=O)N(CC(C)CCCC(C)CCCC(C)CCCC(C)CC)C5=O,CCC(C)CCCC(C)C,Generated,951.4339999999992,5,10,9,0.0,C64H90N2O4
CC(Cc1ccccc1)N(C)CCC(Cc1ccccc1)N(C)CN1C(=O)c2ccc3c4ccc5c6c(ccc(c7ccc(c2c37)C1=O)c64)C(=O)N(CN(C)C(CCN(C)C(C)Cc1ccccc1)Cc1ccccc1)C5=O,CC(Cc1ccccc1)N(C)C,Generated,1035.3459999999993,3,12,12,1.5,C68H70N6O4
CC(Cc1ccccc1)[N+](C)(C)CCC(Cc1ccccc1)[N+](C)(C)CN1C(=O)c2ccc3c4ccc5c6c(ccc(c7ccc(c2c37)C1=O)c64)C(=O)N(C[N+](C)(C)C(CC[N+](C)(C)C(C)Cc1ccccc1)Cc1ccccc1)C5=O,CC(Cc1ccccc1)[N+](C)(C)C,Generated,1095.4859999999994,3,13,13,1.5,C72H82N6O4+4
CCNC(=O)C=CCCNC(=O)C=CN1C(=O)c2ccc3c4ccc5c6c(ccc(c7ccc(c2c37)C1=O)c64)C(=O)N(C=CC(=O)NCCC=CC(=O)NCC)C5=O,C=CC(=O)NCC,Generated,778.822,2,7,6,0.0,C44H38N6O8
CCCCCOC(=O)C=CCCCCCOC(=O)C=CN1C(=O)c2ccc3c4ccc5c6c(ccc(c7ccc(c2c37)C1=O)c64)C(=O)N(C=CC(=O)OCCCCCC=CC(=O)OCCCCC)C5=O,C=CC(=O)OCCCCC,Generated,951.0819999999994,5,10,9,0.0,C56H58N2O12
CCCCNC(=O)OC(C)(C)CCCCCNC(=O)OC(C)(C)CN1C(=O)c2ccc3c4ccc5c6c(ccc(c7ccc(c2c37)C1=O)c64)C(=O)N(CC(C)(C)OC(=O)NCCCCCC(C)(C)OC(=O)NCCCC)C5=O,CCCCNC(=O)OC(C)(C)C,Generated,1075.3139999999992,3,12,11,0.0,C60H78N6O12
CCCCN(CC(=O)OC)CC(=O)OCCCCCN(CC(=O)OC)CC(=O)OCN1C(=O)c2ccc3c4ccc5c6c(ccc(c7ccc(c2c37)C1=O)c64)C(=O)N(COC(=O)CN(CCCCCOC(=O)CN(CCCC)CC(=O)OC)CC(=O)OC)C5=O,CCCCN(CC(=O)OC)CC(=O)OC,Generated,1251.3499999999992,7,15,14,0.0,C64H78N6O20
CCCNC(=O)C(CCCCNC(=O)C(CN1C(=O)c2ccc3c4ccc5c6c(ccc(c7ccc(c2c37)C1=O)c64)C(=O)N(CC(N=C=O)C(=O)NCCCCC(N=C=O)C(=O)NCCC)C5=O)N=C=O)N=C=O,CCCNC(=O)C(C)N=C=O,Generated,1007.0299999999994,4,11,10,0.0,C52H50N10O12
Cc1cn(Nc2ccc(Cc3cn(Nc4ccc(N5C(=O)c6ccc7c8ccc9c%10c(ccc(c%11ccc(c6c7%11)C5=O)c%108)C(=O)N(c5ccc(Nn6cc(Cc7ccc(Nn8cc(C)nn8)cc7)nn6)cc5)C9=O)cc4)nn3)cc2)nn1,Cc1cn(Nc2ccccc2)nn1,Generated,1079.1179999999997,2,13,14,3.0,C60H42N18O4
CC1(C)CCCC(C)(CC2CC(C)(C)N([O-])C(C)(CN3C(=O)c4ccc5c6ccc7c8c(ccc(c9ccc(c4c59)C3=O)c86)C(=O)N(CC3(C)CC(CC4(C)CCCC(C)(C)N4[O-])CC(C)(C)N3[O-])C7=O)C2)N1[O-],CC1(C)CCCC(C)(C)N1[O-],Generated,1007.2859999999991,0,11,11,1.0,C60H74N6O8-4
CC1(C)CCCC(C)(CC2CC(C)(C)[N+](=O)C(C)(CN3C(=O)c4ccc5c6ccc7c8c(ccc(c9ccc(c4c59)C3=O)c86)C(=O)N(CC3(C)CC(CC4(C)CCCC(C)(C)[N+]4=O)CC(C)(C)[N+]3=O)C7=O)C2)[N+]1=O,CC1(C)CCCC(C)(C)[N+]1=O,Generated,1007.2859999999991,0,11,11,1.0,C60H74N6O8+4
CC(C)(Cc1ccc(C(=O)OC(C)(C)CN2C(=O)c3ccc4c5ccc6c7c(ccc(c8ccc(c3c48)C2=O)c75)C(=O)N(CC(C)(C)OC(=O)c2ccc(CC(C)(C)OC(=O)c3ccccc3)cc2)C6=O)cc1)OC(=O)c1ccccc1,CC(C)(C)OC(=O)c1ccccc1,Generated,1095.214,1,13,13,1.5,C68H58N2O12
CCCCCCCCOC(=O)C(C)=CCCCCCCCCOC(=O)C(C)=CN1C(=O)c2ccc3c4ccc5c6c(ccc(c7ccc(c2c37)C1=O)c64)C(=O)N(C=C(C)C(=O)OCCCCCCCCC=C(C)C(=O)OCCCCCCCC)C5=O,C=C(C)C(=O)OCCCCCCCC,Generated,1175.5139999999994,8,14,13,0.0,C72H90N2O12
CCCOCCOCCOCCOCCCCOCCOCCOCCOCN1C(=O)c2ccc3c4ccc5c6c(ccc(c7ccc(c2c37)C1=O)c64)C(=O)N(COCCOCCOCCOCCCCOCCOCCOCCOCCC)C5=O,CCCOCCOCCOCCOC,Generated,1207.4179999999997,11,14,13,0.0,C64H90N2O20
CCCOCCOCCOCCCCOCCOCCOCN1C(=O)c2ccc3c4ccc5c6c(ccc(c7ccc(c2c37)C1=O)c64)C(=O)N(COCCOCCOCCCCOCCOCCOCCC)C5=O,CCCOCCOCCOC,Generated,1031.205999999999,8,11,10,0.0,C56H74N2O16
Cc1cccc(C#CCc2cccc(C#CN3C(=O)c4ccc5c6ccc7c8c(ccc(c9ccc(c4c59)C3=O)c86)C(=O)N(C#Cc3cccc(CC#Cc4cccc(C)c4)c3)C7=O)c2)c1,C#Cc1cccc(C)c1,Generated,846.942,0,9,9,1.5,C60H34N2O4
CC(C)CCC(=O)OCc1ccc(C=CC(CC(C)C)C(=O)OCc2ccc(C=CN3C(=O)c4ccc5c6ccc7c8c(ccc(c9ccc(c4c59)C3=O)c86)C(=O)N(C=Cc3ccc(COC(=O)C(C=Cc4ccc(COC(=O)CCC(C)C)cc4)CC(C)C)cc3)C7=O)cc2)cc1,C=Cc1ccc(COC(=O)CCC(C)C)cc1,Generated,1311.5819999999994,6,17,17,1.5,C84H82N2O12
CCC(=O)OCCCCCCC(C)C(=O)OCCCCCCN1C(=O)c2ccc3c4ccc5c6c(ccc(c7ccc(c2c37)C1=O)c64)C(=O)N(CCCCCCOC(=O)C(C)CCCCCCOC(=O)CC)C5=O,CCCCCCOC(=O)CC,Generated,1015.2539999999992,6,11,10,0.0,C60H74N2O12
CC(C)(CCC(C)(CNC(=O)c1ccccc1)CN1C(=O)c2ccc3c4ccc5c6c(ccc(c7ccc(c2c37)C1=O)c64)C(=O)N(CC(C)(CCC(C)(C)CNC(=O)c1ccccc1)CNC(=O)c1ccccc1)C5=O)CNC(=O)c1ccccc1,CC(C)(C)CNC(=O)c1ccccc1,Generated,1147.3859999999997,2,14,14,1.5,C72H70N6O8
CCCC[N+](C)(C)CCCCC[N+](C)(C)CN1C(=O)c2ccc3c4ccc5c6c(ccc(c7ccc(c2c37)C1=O)c64)C(=O)N(C[N+](C)(C)CCCCC[N+](C)(C)CCCC)C5=O,CCCC[N+](C)(C)C,Generated,847.2019999999993,3,8,7,0.0,C52H74N6O4+4
CCCCCC[N+](C)(C)CCCCCCC[N+](C)(C)CN1C(=O)c2ccc3c4ccc5c6c(ccc(c7ccc(c2c37)C1=O)c64)C(=O)N(C[N+](C)(C)CCCCCCC[N+](C)(C)CCCCCC)C5=O,CCCCCC[N+](C)(C)C,Generated,959.4179999999989,5,10,9,0.0,C60H90N6O4+4
CCCOCCCCCCCCCCCOCCCCCCCCN1C(=O)c2ccc3c4ccc5c6c(ccc(c7ccc(c2c37)C1=O)c64)C(=O)N(CCCCCCCCOCCCCCCCCCCCOCCC)C5=O,CCCCCCCCOCCC,Generated,1071.5379999999986,9,12,11,0.0,C68H98N2O8
CCCCCCC(C)CCCCCCCCC(CCCCCC)CCCCCCCN1C(=O)c2ccc3c4ccc5c6c(ccc(c7ccc(c2c37)C1=O)c64)C(=O)N(CCCCCCCC(CCCCCC)CCCCCCCCC(C)CCCCCC)C5=O,CCCCCCCC(C)CCCCCC,Generated,1231.9739999999993,11,15,14,0.0,C84H130N2O4
CCC[NH+](C)CCCC[NH+](C)CN1C(=O)c2ccc3c4ccc5c6c(ccc(c7ccc(c2c37)C1=O)c64)C(=O)N(C[NH+](C)CCCC[NH+](C)CCC)C5=O,CCC[NH+](C)C,Generated,734.9859999999996,2,6,5,0.0,C44H58N6O4+4
CCc1csc(CCc2csc(N3C(=O)c4ccc5c6ccc7c8c(ccc(c9ccc(c4c59)C3=O)c86)C(=O)N(c3cc(CCc4cc(CC)cs4)cs3)C7=O)c2)c1,CCc1ccsc1,Generated,831.0779999999999,1,7,7,1.5,C48H34N2O4S4
O=C1c2ccc3c4ccc5c6c(ccc(c7ccc(c2c37)C(=O)N1Oc1ccc(Nc2ccc(Oc3ccc(Nc7ccccc7)cc3)cc2)cc1)c64)C(=O)N(Oc1ccc(Nc2ccc(Oc3ccc(Nc4ccccc4)cc3)cc2)cc1)C5=O,Oc1ccc(Nc2ccccc2)cc1,Generated,1123.1940000000002,2,14,15,3.0,C72H46N6O8
O=C1c2ccc3c4ccc5c6c(ccc(c7ccc(c2c37)C(=O)N1c1ccc(Oc2ccc(-c3ccc(Oc7ccccc7)cc3)cc2)cc1)c64)C(=O)N(c1ccc(Oc2ccc(-c3ccc(Oc4ccccc4)cc3)cc2)cc1)C5=O,c1ccc(Oc2ccccc2)cc1,Generated,1063.1340000000002,2,13,14,3.0,C72H42N2O8
CCOCCOCCOCCOCCCOCCOCCOCCOCN1C(=O)c2ccc3c4ccc5c6c(ccc(c7ccc(c2c37)C1=O)c64)C(=O)N(COCCOCCOCCOCCCOCCOCCOCCOCC)C5=O,CCOCCOCCOCCOC,Generated,1151.3099999999995,10,13,12,0.0,C60H82N2O20
Cc1ccc(Cc2cc(CN3C(=O)c4ccc5c6ccc7c8c(ccc(c9ccc(c4c59)C3=O)c86)C(=O)N(Cc3cc(Cc4ccc(C)cc4-c4ccc(C=O)cc4)c(C)cc3-c3ccc(C=O)cc3)C7=O)c(-c3ccc(C=O)cc3)cc2C)c(-c2ccc(C=O)cc2)c1,Cc1ccc(C)c(-c2ccc(C=O)cc2)c1,Generated,1223.3939999999998,2,16,17,3.0,C84H58N2O8
Cc1cccc(-c2ccc(N)c(Cc3ccc(-c4ccc(N)c(CN5C(=O)c6ccc7c8ccc9c%10c(ccc(c%11ccc(c6c7%11)C5=O)c%108)C(=O)N(Cc5cc(-c6ccc(Cc7cc(-c8cccc(C)c8)ccc7N)c(C)c6)ccc5N)C9=O)c4)cc3C)c2)c1,Cc1cccc(-c2ccc(N)c(C)c2)c1,Generated,1171.4139999999995,1,15,16,3.0,C80H62N6O4
O=C1c2ccc3c4ccc5c6c(ccc(c7ccc(c2c37)C(=O)N1C1CCCC(C2CCCCCC2)CC1)c64)C(=O)N(C1CCCC(C2CCCCCC2)CC1)C5=O,C1CCCCCC1,Generated,775.0459999999997,0,7,7,1.0,C52H58N2O4
CCCCNC(=O)C(C)N=CCCCCNC(=O)C(C)N=CN1C(=O)c2ccc3c4ccc5c6c(ccc(c7ccc(c2c37)C1=O)c64)C(=O)N(C=NC(C)C(=O)NCCCCC=NC(C)C(=O)NCCCC)C5=O,C=NC(C)C(=O)NCCCC,Generated,1007.2059999999992,5,11,10,0.0,C56H66N10O8
CC1C=CC(CC2C=CC(N3C(=O)c4ccc5c6ccc7c8c(ccc(c9ccc(c4c59)C3=O)c86)C(=O)N(C3=CC(CC4=CC(C)C=C4)C=C3)C7=O)=C2)=C1,CC1C=CC=C1,Generated,702.8100000000003,0,6,6,1.0,C48H34N2O4
CCCCCC(C)CCCCCCCC(CCCCC)CCCCCCN1C(=O)c2ccc3c4ccc5c6c(ccc(c7ccc(c2c37)C1=O)c64)C(=O)N(CCCCCCC(CCCCC)CCCCCCCC(C)CCCCC)C5=O,CCCCCCC(C)CCCCC,Generated,1119.757999999999,9,13,12,0.0,C76H114N2O4
COCCOCN1C(=O)c2ccc3c4ccc5c6c(ccc(c7ccc(c2c37)C1=O)c64)C(=O)N(COCCOC)C5=O,COC,Generated,566.5660000000004,0,3,2,0.0,C32H26N2O8
CCC(=O)OCCCCCCCCCC=CC(C)C(=O)OCCCCCCCCCC=CN1C(=O)c2ccc3c4ccc5c6c(ccc(c7ccc(c2c37)C1=O)c64)C(=O)N(C=CCCCCCCCCCOC(=O)C(C)C=CCCCCCCCCCOC(=O)CC)C5=O,C=CCCCCCCCCCOC(=O)CC,Generated,1287.7299999999998,11,16,15,0.0,C80H106N2O12
CCC[n+]1ccn(CCCNCCC[n+]2ccn(CCCNN3C(=O)c4ccc5c6ccc7c8c(ccc(c9ccc(c4c59)C3=O)c86)C(=O)N(NCCCn3cc[n+](CCCNCCCn4cc[n+](CCC)c4)c3)C7=O)c2)c1,CCC[n+]1ccn(CCCN)c1,Generated,1055.345999999999,5,12,12,1.5,C60H74N14O4+4
CCC(C)CCCCC(CC)CCCN1C(=O)c2ccc3c4ccc5c6c(ccc(c7ccc(c2c37)C1=O)c64)C(=O)N(CCCC(CC)CCCCC(C)CC)C5=O,CCCC(C)CC,Generated,783.1099999999994,3,7,6,0.0,C52H66N2O4
CC[N+](C)(CCO)CCC[N+](C)(CCO)CN1C(=O)c2ccc3c4ccc5c6c(ccc(c7ccc(c2c37)C1=O)c64)C(=O)N(C[N+](C)(CCO)CCC[N+](C)(CC)CCO)C5=O,CC[N+](C)(C)CCO,Generated,855.0899999999995,3,8,7,0.0,C48H66N6O8+4
O=C1c2ccc3c4ccc5c6c(ccc(c7ccc(c2c37)C(=O)N1CCCCCCc1ccc(CCCCCCc2ccccc2)cc1)c64)C(=O)N(CCCCCCc1ccc(CCCCCCc2ccccc2)cc1)C5=O,CCCCCCc1ccccc1,Generated,1031.3939999999996,5,12,12,1.5,C72H74N2O4
CC(C)c1cccc(CCCCCCCCc2ccc(CCCCCCCCN3C(=O)c4ccc5c6ccc7c8c(ccc(c9ccc(c4c59)C3=O)c86)C(=O)N(CCCCCCCCc3ccc(CCCCCCCCc4cccc(C(C)C)c4)c(C(C)C)c3)C7=O)cc2C(C)C)c1,CCCCCCCCc1cccc(C(C)C)c1,Generated,1311.933999999998,8,17,17,1.5,C92H114N2O4
CCOC(=O)CC(=O)OCCCCOC(=O)CC(=O)OCCN1C(=O)c2ccc3c4ccc5c6c(ccc(c7ccc(c2c37)C1=O)c64)C(=O)N(CCOC(=O)CC(=O)OCCCCOC(=O)CC(=O)OCC)C5=O,CCOC(=O)CC(=O)OCC,Generated,1022.9659999999994,4,11,10,0.0,C52H50N2O20
CC(C)(CCc1cc(C(C)(C)CCN2C(=O)c3ccc4c5ccc6c7c(ccc(c8ccc(c3c48)C2=O)c75)C(=O)N(CCC(C)(C)c2ccc(OCC(=O)O)c(CCC(C)(C)c3ccc(OCC(=O)O)cc3)c2)C6=O)ccc1OCC(=O)O)c1ccc(OCC(=O)O)cc1,CCC(C)(C)c1ccc(OCC(=O)O)cc1,Generated,1271.426,5,16,16,1.5,C76H74N2O16
O=C1c2ccc3c4ccc5c6c(ccc(c7ccc(c2c37)C(=O)N1c1ccc(-c2cc(-c3ccc(-c7ccccn7)nc3)ccn2)nc1)c64)C(=O)N(c1ccc(-c2cc(-c3ccc(-c4ccccn4)nc3)ccn2)nc1)C5=O,c1ccc(-c2ccccn2)nc1,Generated,1007.0419999999996,1,12,13,3.0,C64H34N10O4
CC[NH+]=C([NH3+])NCC[NH+]=C([NH3+])NN1C(=O)c2ccc3c4ccc5c6c(ccc(c7ccc(c2c37)C1=O)c64)C(=O)N(NC([NH3+])=[NH+]CCNC([NH3+])=[NH+]CC)C5=O,CC[NH+]=C(N)[NH3+],Generated,738.8579999999998,1,6,5,0.0,C36H46N14O4+8
CCN=C(N)NCCN=C(N)NN1C(=O)c2ccc3c4ccc5c6c(ccc(c7ccc(c2c37)C1=O)c64)C(=O)N(NC(N)=NCCNC(N)=NCC)C5=O,CCN=C(N)N,Generated,730.7939999999996,1,6,5,0.0,C36H38N14O4
O=C1c2ccc3c4ccc5c6c(ccc(c7ccc(c2c37)C(=O)N1c1ccc(-c2cc(-c3ccc(-c7ccccn7)cc3)ccn2)cc1)c64)C(=O)N(c1ccc(-c2cc(-c3ccc(-c4ccccn4)cc3)ccn2)cc1)C5=O,c1ccc(-c2ccccn2)cc1,Generated,1003.0899999999998,1,12,13,3.0,C68H38N6O4
CCCCCNC(=O)OCC=CCCCCCNC(=O)OCC=CN1C(=O)c2ccc3c4ccc5c6c(ccc(c7ccc(c2c37)C1=O)c64)C(=O)N(C=CCOC(=O)NCCCCCC=CCOC(=O)NCCCCC)C5=O,C=CCOC(=O)NCCCCC,Generated,1067.2499999999993,6,12,11,0.0,C60H70N6O12
CCC[n+]1ccn(CCCCCCC[n+]2ccn(CCCCN3C(=O)c4ccc5c6ccc7c8c(ccc(c9ccc(c4c59)C3=O)c86)C(=O)N(CCCCn3cc[n+](CCCCCCCn4cc[n+](CCC)c4)c3)C7=O)c2)c1,CCCCn1cc[n+](CCC)c1,Generated,1051.393999999999,5,12,12,1.5,C64H78N10O4+4
CCCN(CCCCN(CC1=CC=CC1)CN1C(=O)c2ccc3c4ccc5c6c(ccc(c7ccc(c2c37)C1=O)c64)C(=O)N(CN(CCCCN(CCC)CC1=CC=CC1)CC1=CC=CC1)C5=O)CC1=CC=CC1,CCCN(C)CC1=CC=CC1,Generated,987.3019999999991,4,11,11,1.0,C64H70N6O4
CCc1cccc(OC(C)CCCCc2cccc(OC(C)CCN3C(=O)c4ccc5c6ccc7c8c(ccc(c9ccc(c4c59)C3=O)c86)C(=O)N(CCC(C)Oc3cccc(CCCCC(C)Oc4cccc(CC)c4)c3)C7=O)c2)c1,CCc1cccc(OC(C)CC)c1,Generated,1095.3899999999994,4,13,13,1.5,C72H74N2O8
O=C1c2ccc3c4ccc5c6c(ccc(c7ccc(c2c37)C(=O)N1Cc1cccc(Cc2ccccn2)n1)c64)C(=O)N(Cc1cccc(Cc2ccccn2)n1)C5=O,Cc1ccccn1,Generated,754.8059999999999,0,7,7,1.5,C48H30N6O4
CCc1cc(CCc2cc(N3C(=O)c4ccc5c6ccc7c8c(ccc(c9ccc(c4c59)C3=O)c86)C(=O)N(c3csc(CCc4csc(CC)c4)c3)C7=O)cs2)cs1,CCc1cccs1,Generated,831.0780000000001,1,7,7,1.5,C48H34N2O4S4
CCc1cccc(OCCCc2cccc(OCN3C(=O)c4ccc5c6ccc7c8c(ccc(c9ccc(c4c59)C3=O)c86)C(=O)N(COc3cccc(CCCOc4cccc(CC)c4OC)c3OC)C7=O)c2OC)c1OC,CCc1cccc(OC)c1OC,Generated,1047.1699999999994,3,12,12,1.5,C64H58N2O12
CCc1ccc(OCCCc2ccc(OCN3C(=O)c4ccc5c6ccc7c8c(ccc(c9ccc(c4c59)C3=O)c86)C(=O)N(COc3ccc(CCCOc4ccc(CC)c(OC)c4)c(OC)c3)C7=O)cc2OC)cc1OC,CCc1ccc(OC)cc1OC,Generated,1047.1699999999994,3,12,12,1.5,C64H58N2O12
COc1c(C)cccc1OCCc1cccc(OCN2C(=O)c3ccc4c5ccc6c7c(ccc(c8ccc(c3c48)C2=O)c75)C(=O)N(COc2cccc(CCOc3cccc(C)c3OC)c2OC)C6=O)c1OC,COc1cccc(C)c1OC,Generated,991.0619999999997,2,11,11,1.5,C60H50N2O12
COc1cc(OCCc2ccc(OCN3C(=O)c4ccc5c6ccc7c8c(ccc(c9ccc(c4c59)C3=O)c86)C(=O)N(COc3ccc(CCOc4ccc(C)c(OC)c4)c(OC)c3)C7=O)cc2OC)ccc1C,COc1ccc(C)c(OC)c1,Generated,991.0619999999998,2,11,11,1.5,C60H50N2O12
CC[NH+](C)CCC[NH+](C)CN1C(=O)c2ccc3c4ccc5c6c(ccc(c7ccc(c2c37)C1=O)c64)C(=O)N(C[NH+](C)CCC[NH+](C)CC)C5=O,CC[NH+](C)C,Generated,678.8779999999998,1,5,4,0.0,C40H50N6O4+4
CC[NH+](CC[NH+](C)C)CC[NH+](C)CCC[NH+](CC[NH+](C)C)CC[NH+](C)CN1C(=O)c2ccc3c4ccc5c6c(ccc(c7ccc(c2c37)C1=O)c64)C(=O)N(C[NH+](C)CC[NH+](CCC[NH+](C)CC[NH+](CC)CC[NH+](C)C)CC[NH+](C)C)C5=O,CC[NH+](CC[NH+](C)C)CC[NH+](C)C,Generated,1143.7099999999987,7,13,12,0.0,C64H114N14O4+12
CCC(=O)OCCCCCCCCCCCCCC(=O)OCCCCCCCCCCCN1C(=O)c2ccc3c4ccc5c6c(ccc(c7ccc(c2c37)C1=O)c64)C(=O)N(CCCCCCCCCCCOC(=O)CCCCCCCCCCCCCOC(=O)CC)C5=O,CCCCCCCCCCCOC(=O)CC,Generated,1295.7939999999999,11,16,15,0.0,C80H114N2O12
CCCCC(=O)OCCCCCCCCCCCCCC(=O)OCCCCCCCCCN1C(=O)c2ccc3c4ccc5c6c(ccc(c7ccc(c2c37)C1=O)c64)C(=O)N(CCCCCCCCCOC(=O)CCCCCCCCCCCCCOC(=O)CCCC)C5=O,CCCCCCCCCOC(=O)CCCC,Generated,1295.7939999999999,11,16,15,0.0,C80H114N2O12
CC(=O)OCCCCCCCCCCCCCC(=O)OCCCCCCCCCCCCN1C(=O)c2ccc3c4ccc5c6c(ccc(c7ccc(c2c37)C1=O)c64)C(=O)N(CCCCCCCCCCCCOC(=O)CCCCCCCCCCCCCOC(C)=O)C5=O,CCCCCCCCCCCCOC(C)=O,Generated,1295.7939999999996,11,16,15,0.0,C80H114N2O12
CCCCCC(=O)OCCCCCCCCCCCCCC(=O)OCCCCCCCCN1C(=O)c2ccc3c4ccc5c6c(ccc(c7ccc(c2c37)C1=O)c64)C(=O)N(CCCCCCCCOC(=O)CCCCCCCCCCCCCOC(=O)CCCCC)C5=O,CCCCCCCCOC(=O)CCCCC,Generated,1295.7939999999999,11,16,15,0.0,C80H114N2O12
CCCCCCC(=O)OCCCCCCCCCCCCCC(=O)OCCCCCCCN1C(=O)c2ccc3c4ccc5c6c(ccc(c7ccc(c2c37)C1=O)c64)C(=O)N(CCCCCCCOC(=O)CCCCCCCCCCCCCOC(=O)CCCCCC)C5=O,CCCCCCCOC(=O)CCCCCC,Generated,1295.7939999999999,11,16,15,0.0,C80H114N2O12
CCCCCCCCCCCC(=O)OCCCCCCCCCCCCCC(=O)OCCN1C(=O)c2ccc3c4ccc5c6c(ccc(c7ccc(c2c37)C1=O)c64)C(=O)N(CCOC(=O)CCCCCCCCCCCCCOC(=O)CCCCCCCCCCC)C5=O,CCCCCCCCCCCC(=O)OCC,Generated,1295.7939999999999,11,16,15,0.0,C80H114N2O12
CCC[n+]1ccn(CCCCCCCCC[n+]2ccn(CCCCCCN3C(=O)c4ccc5c6ccc7c8c(ccc(c9ccc(c4c59)C3=O)c86)C(=O)N(CCCCCCn3cc[n+](CCCCCCCCCn4cc[n+](CCC)c4)c3)C7=O)c2)c1,CCCCCCn1cc[n+](CCC)c1,Generated,1163.609999999999,7,14,14,1.5,C72H94N10O4+4
CCC[n+]1ccn(CCCCCCCCCCC[n+]2ccn(CCCCCCCCN3C(=O)c4ccc5c6ccc7c8c(ccc(c9ccc(c4c59)C3=O)c86)C(=O)N(CCCCCCCCn3cc[n+](CCCCCCCCCCCn4cc[n+](CCC)c4)c3)C7=O)c2)c1,CCCCCCCCn1cc[n+](CCC)c1,Generated,1275.8259999999993,9,16,16,1.5,C80H110N10O4+4
CCN(CCO)CCOCCN(CCO)CCON1C(=O)c2ccc3c4ccc5c6c(ccc(c7ccc(c2c37)C1=O)c64)C(=O)N(OCCN(CCO)CCOCCN(CC)CCO)C5=O,CCN(CCO)CCO,Generated,915.0539999999993,5,9,8,0.0,C48H62N6O12
CCCn1cc(-c2ccc(CCCn3cc(-c4ccc(N5C(=O)c6ccc7c8ccc9c%10c(ccc(c%11ccc(c6c7%11)C5=O)c%108)C(=O)N(c5ccc(-c6cn(CCCc7ccc(-c8cn(CCC)nn8)cc7)nn6)cc5)C9=O)cc4)nn3)cc2)nn1,CCCn1cc(-c2ccccc2)nn1,Generated,1131.2739999999994,3,14,15,3.0,C68H54N14O4
O=C(O)CCCC(=O)NCCCCCCC(CCC(=O)O)C(=O)NCCCCCCN1C(=O)c2ccc3c4ccc5c6c(ccc(c7ccc(c2c37)C1=O)c64)C(=O)N(CCCCCCNC(=O)C(CCCCCCNC(=O)CCCC(=O)O)CCC(=O)O)C5=O,CCCCCCNC(=O)CCCC(=O)O,Generated,1243.4619999999995,9,15,14,0.0,C68H86N6O16
CCCCCC[NH+](C)CCCCCCC[NH+](C)CN1C(=O)c2ccc3c4ccc5c6c(ccc(c7ccc(c2c37)C1=O)c64)C(=O)N(C[NH+](C)CCCCCCC[NH+](C)CCCCCC)C5=O,CCCCCC[NH+](C)C,Generated,903.309999999999,5,9,8,0.0,C56H82N6O4+4
CCCCCCN(C)CCCCCCCN(C)CN1C(=O)c2ccc3c4ccc5c6c(ccc(c7ccc(c2c37)C1=O)c64)C(=O)N(CN(C)CCCCCCCN(C)CCCCCC)C5=O,CCCCCCN(C)C,Generated,899.277999999999,5,9,8,0.0,C56H78N6O4
CCCCC=CCCCCC=CN1C(=O)c2ccc3c4ccc5c6c(ccc(c7ccc(c2c37)C1=O)c64)C(=O)N(C=CCCCCC=CCCCC)C5=O,C=CCCCC,Generated,718.9379999999999,3,6,5,0.0,C48H50N2O4
COc1cc(C)cc(OCCc2cc(OC)cc(OCN3C(=O)c4ccc5c6ccc7c8c(ccc(c9ccc(c4c59)C3=O)c86)C(=O)N(COc3cc(CCOc4cc(C)cc(OC)c4)cc(OC)c3)C7=O)c2)c1,COc1cc(C)cc(OC)c1,Generated,991.0619999999998,2,11,11,1.5,C60H50N2O12
COc1cc(C)ccc1OCCc1ccc(OCN2C(=O)c3ccc4c5ccc6c7c(ccc(c8ccc(c3c48)C2=O)c75)C(=O)N(COc2ccc(CCOc3ccc(C)cc3OC)cc2OC)C6=O)c(OC)c1,COc1ccc(C)cc1OC,Generated,991.0619999999998,2,11,11,1.5,C60H50N2O12
CCOCCOCCOCCCOCCOCCOCN1C(=O)c2ccc3c4ccc5c6c(ccc(c7ccc(c2c37)C1=O)c64)C(=O)N(COCCOCCOCCCOCCOCCOCC)C5=O,CCOCCOCCOC,Generated,975.0979999999993,7,10,9,0.0,C52H66N2O16
C=CCCCCCC=CC(CCC=C)CCC=CN1C(=O)c2ccc3c4ccc5c6c(ccc(c7ccc(c2c37)C1=O)c64)C(=O)N(C=CCCC(C=CCCCCCC=C)CCC=C)C5=O,C=CCCCCCC=C,Generated,879.1979999999994,6,9,8,0.0,C60H66N2O4
Cc1cc(C(C)(C)C)cc(C(C)(C)CCc2cc(C(C)(C)C)cc(C(C)(C)CN3C(=O)c4ccc5c6ccc7c8c(ccc(c9ccc(c4c59)C3=O)c86)C(=O)N(CC(C)(C)c3cc(CCC(C)(C)c4cc(C)cc(C(C)(C)C)c4)cc(C(C)(C)C)c3)C7=O)c2)c1,Cc1cc(C(C)(C)C)cc(C(C)(C)C)c1,Generated,1199.7179999999987,0,15,15,1.5,C84H98N2O4
CCCCC(NCCCCC(NN1C(=O)c2ccc3c4ccc5c6c(ccc(c7ccc(c2c37)C1=O)c64)C(=O)N(NC(CCCCNC(CCCC)C(=O)O)C(=O)O)C5=O)C(=O)O)C(=O)O,CCCCC(N)C(=O)O,Generated,906.99,4,9,8,0.0,C48H54N6O12
CCc1cc(OC)cc(OCCCc2cc(OC)cc(OCN3C(=O)c4ccc5c6ccc7c8c(ccc(c9ccc(c4c59)C3=O)c86)C(=O)N(COc3cc(CCCOc4cc(CC)cc(OC)c4)cc(OC)c3)C7=O)c2)c1,CCc1cc(OC)cc(OC)c1,Generated,1047.1699999999996,3,12,12,1.5,C64H58N2O12
CCC(CCCCCC(O)COCC(CC)CCCCN1C(=O)c2ccc3c4ccc5c6c(ccc(c7ccc(c2c37)C1=O)c64)C(=O)N(CCCCC(CC)COCC(O)CCCCCC(CC)COCC(C)O)C5=O)COCC(C)O,CCCCC(CC)COCC(C)O,Generated,1135.5339999999992,8,13,12,0.0,C68H98N2O12
CCCOC(=O)CC(=O)OCCCCCOC(=O)CC(=O)OCCN1C(=O)c2ccc3c4ccc5c6c(ccc(c7ccc(c2c37)C1=O)c64)C(=O)N(CCOC(=O)CC(=O)OCCCCCOC(=O)CC(=O)OCCC)C5=O,CCCOC(=O)CC(=O)OCC,Generated,1079.0739999999994,5,12,11,0.0,C56H58N2O20
NC(=Nc1ccc(C=NNC(=O)CNC(N)=NN2C(=O)c3ccc4c5ccc6c7c(ccc(c8ccc(c3c48)C2=O)c75)C(=O)N(N=C(N)NCC(=O)NN=Cc2ccc(N=C(N)NCC(=O)NN=Cc3ccccc3)cc2)C6=O)cc1)NCC(=O)NN=Cc1ccccc1,N=C(N)NCC(=O)NN=Cc1ccccc1,Generated,1259.282,4,16,16,1.5,C64H54N22O8
O=C1c2ccc3c4ccc5c6c(ccc(c7ccc(c2c37)C(=O)N1N=C(O)c1ccc[n+](N=C(O)C2=CC=C[N+]=C2)c1)c64)C(=O)N(N=C(O)c1ccc[n+](N=C(O)C2=CC=C[N+]=C2)c1)C5=O,N=C(O)C1=CC=C[N+]=C1,Generated,872.8139999999999,1,9,9,1.0,C48H28N10O8+4
O=C1c2ccc3c4ccc5c6c(ccc(c7ccc(c2c37)C(=O)N1N=C(O)C1=CN(N=C(O)C2=CNC=CC2)C=CC1)c64)C(=O)N(N=C(O)C1=CN(N=C(O)C2=CNC=CC2)C=CC1)C5=O,N=C(O)C1=CNC=CC1,Generated,878.8619999999997,1,9,9,1.0,C48H34N10O8
CCCCN=C(O)C(C)N=CCCCCN=C(O)C(C)N=CN1C(=O)c2ccc3c4ccc5c6c(ccc(c7ccc(c2c37)C1=O)c64)C(=O)N(C=NC(C)C(O)=NCCCCC=NC(C)C(O)=NCCCC)C5=O,C=NC(C)C(O)=NCCCC,Generated,1007.2059999999992,5,11,10,0.0,C56H66N10O8
[NH2+]=C(NCC(O)=NN=Cc1ccccc1)Nc1ccc(C=NN=C(O)CNC(=[NH2+])NN2C(=O)c3ccc4c5ccc6c7c(ccc(c8ccc(c3c48)C2=O)c75)C(=O)N(NC(=[NH2+])NCC(O)=NN=Cc2ccc(NC(=[NH2+])NCC(O)=NN=Cc3ccccc3)cc2)C6=O)cc1,NC(=[NH2+])NCC(O)=NN=Cc1ccccc1,Generated,1263.3139999999996,4,16,16,1.5,C64H58N22O8+4
NC(=Nc1ccc(C=NN=C(O)CNC(N)=NN2C(=O)c3ccc4c5ccc6c7c(ccc(c8ccc(c3c48)C2=O)c75)C(=O)N(N=C(N)NCC(O)=NN=Cc2ccc(N=C(N)NCC(O)=NN=Cc3ccccc3)cc2)C6=O)cc1)NCC(O)=NN=Cc1ccccc1,N=C(N)NCC(O)=NN=Cc1ccccc1,Generated,1259.282,4,16,16,1.5,C64H54N22O8
N=c1nc(N)[nH]c(=NCCCCCCNc2nc(=N)[nH]c(=NCCCCCCN3C(=O)c4ccc5c6ccc7c8c(ccc(c9ccc(c4c59)C3=O)c86)C(=O)N(CCCCCCN=c3[nH]c(NCCCCCCN=c4[nH]c(N)nc(=N)[nH]4)nc(=N)[nH]3)C7=O)[nH]2)[nH]1,CCCCCCN=c1[nH]c(N)nc(=N)[nH]1,Generated,1223.4299999999998,5,15,15,1.5,C60H74N26O4
CCC(C=CCCC(C=CN1C(=O)c2ccc3c4ccc5c6c(ccc(c7ccc(c2c37)C1=O)c64)C(=O)N(C=CC(=CC=NC)CCC=CC(=CC=NC)CC)C5=O)=CC=NC)=CC=NC,C=CC(=CC=NC)CC,Generated,875.0859999999998,3,9,8,0.0,C56H54N6O4
CCC(C=CNC)=CC=CCCC(C=CNC)=CC=CN1C(=O)c2ccc3c4ccc5c6c(ccc(c7ccc(c2c37)C1=O)c64)C(=O)N(C=CC=C(C=CNC)CCC=CC=C(C=CNC)CC)C5=O,C=CC=C(C=CNC)CC,Generated,931.1939999999997,4,10,9,0.0,C60H62N6O4
O=C1c2ccc3c4ccc5c6c(ccc(c7ccc(c2c37)C(=O)N1CN1CCN(CN2CCNCC2)CC1)c64)C(=O)N(CN1CCN(CN2CCNCC2)CC1)C5=O,CN1CCNCC1,Generated,782.9499999999995,0,7,7,1.0,C44H50N10O4
CCC(C)(C)OC(C)C(C)CC(C)C(C)(C)OC(C)C(C)CN1C(=O)c2ccc3c4ccc5c6c(ccc(c7ccc(c2c37)C1=O)c64)C(=O)N(CC(C)C(C)OC(C)(C)C(C)CC(C)C(C)OC(C)(C)CC)C5=O,CCC(C)(C)OC(C)C(C)C,Generated,1015.4299999999995,4,11,10,0.0,C64H90N2O8
O=C1c2ccc3c4ccc5c6c(ccc(c7ccc(c2c37)C(=O)N1CCS(=O)c1ccc(CCS(=O)c2ccccc2)cc1)c64)C(=O)N(CCS(=O)c1ccc(CCS(=O)c2ccccc2)cc1)C5=O,CCS(=O)c1ccccc1,Generated,999.226,2,10,10,1.5,C56H42N2O8S4
CCC(C)(C)OC(C)CC(C)CC(C)C(C)(C)OC(C)CC(C)CN1C(=O)c2ccc3c4ccc5c6c(ccc(c7ccc(c2c37)C1=O)c64)C(=O)N(CC(C)CC(C)OC(C)(C)C(C)CC(C)CC(C)OC(C)(C)CC)C5=O,CCC(C)(C)OC(C)CC(C)C,Generated,1071.5379999999996,5,12,11,0.0,C68H98N2O8
CCC(C)(C)OC(N)CC(C)C(C)(C)OC(N)CN1C(=O)c2ccc3c4ccc5c6c(ccc(c7ccc(c2c37)C1=O)c64)C(=O)N(CC(N)OC(C)(C)C(C)CC(N)OC(C)(C)CC)C5=O,CCC(C)(C)OC(C)N,Generated,907.1659999999995,3,9,8,0.0,C52H70N6O8
O=C1c2ccc3c4ccc5c6c(ccc(c7ccc(c2c37)C(=O)N1C=CS(=O)c1ccc(C=CS(=O)c2ccccc2)cc1)c64)C(=O)N(C=CS(=O)c1ccc(C=CS(=O)c2ccccc2)cc1)C5=O,C=CS(=O)c1ccccc1,Generated,991.1620000000001,2,10,10,1.5,C56H34N2O8S4
CC(C)CCC(C)(C)CCC(C)(C)CCC(C)(C)CCN1C(=O)c2ccc3c4ccc5c6c(ccc(c7ccc(c2c37)C1=O)c64)C(=O)N(CCC(C)(C)CCC(C)(C)CCC(C)(C)CCC(C)C)C5=O,CCC(C)(C)CCC(C)C,Generated,951.4339999999992,4,10,9,0.0,C64H90N2O4
CCCOCC(CC)CCCCCCCOCC(CC)CCCCN1C(=O)c2ccc3c4ccc5c6c(ccc(c7ccc(c2c37)C1=O)c64)C(=O)N(CCCCC(CC)COCCCCCCCC(CC)COCCC)C5=O,CCCCC(CC)COCCC,Generated,1071.5379999999989,8,12,11,0.0,C68H98N2O8
CCc1ccc(OCCCc2ccc(OCN3C(=O)c4ccc5c6ccc7c8c(ccc(c9ccc(c4c59)C3=O)c86)C(=O)N(COc3ccc(CCCOc4ccc(CC)cc4OC)cc3OC)C7=O)c(OC)c2)c(OC)c1,CCc1ccc(OC)c(OC)c1,Generated,1047.1699999999996,3,12,12,1.5,C64H58N2O12
O=C1c2ccc3c4ccc5c6c(ccc(c7ccc(c2c37)C(=O)N1CCc1cc(O)ccc1CCc1cccc(O)c1)c64)C(=O)N(CCc1cc(O)ccc1CCc1cccc(O)c1)C5=O,CCc1cccc(O)c1,Generated,870.958,1,9,9,1.5,C56H42N2O8
O=C1c2ccc3c4ccc5c6c(ccc(c7ccc(c2c37)C(=O)N1CC1C=CC=C(CC2C=CC=CC=C2)C=C1)c64)C(=O)N(CC1C=CC=C(CC2C=CC=CC=C2)C=C1)C5=O,CC1C=CC=CC=C1,Generated,806.962,0,8,8,1.0,C56H42N2O4
C#CC#CC#CC#CC#CC#CN1C(=O)c2ccc3c4ccc5c6c(ccc(c7ccc(c2c37)C1=O)c64)C(=O)N(C#CC#CC#CC#CC#CC#C)C5=O,C#CC#CC#C,Generated,678.6179999999999,0,6,5,0.0,C48H10N2O4
CCCc1nc(N)nc(NCCCc2nc(N)nc(NN3C(=O)c4ccc5c6ccc7c8c(ccc(c9ccc(c4c59)C3=O)c86)C(=O)N(Nc3nc(N)nc(CCCNc4nc(N)nc(CCC)n4)n3)C7=O)n2)n1,CCCc1nc(N)nc(N)n1,Generated,995.0459999999989,2,11,11,1.5,C48H46N22O4
O=C(CCc1ccccc1)Nc1ccc(CCC(=O)NN2C(=O)c3ccc4c5ccc6c7c(ccc(c8ccc(c3c48)C2=O)c75)C(=O)N(NC(=O)CCc2ccc(NC(=O)CCc3ccccc3)cc2)C6=O)cc1,NC(=O)CCc1ccccc1,Generated,979.0619999999997,3,11,11,1.5,C60H46N6O8
Cc1ccc(CC(=O)NCc2ccc(CC(=O)NN3C(=O)c4ccc5c6ccc7c8c(ccc(c9ccc(c4c59)C3=O)c86)C(=O)N(NC(=O)Cc3ccc(CNC(=O)Cc4ccc(C)cc4)cc3)C7=O)cc2)cc1,Cc1ccc(CC(N)=O)cc1,Generated,979.0619999999999,2,11,11,1.5,C60H46N6O8
CC(=O)CCC(=O)CN1C(=O)c2ccc3c4ccc5c6c(ccc(c7ccc(c2c37)C1=O)c64)C(=O)N(CC(=O)CCC(C)=O)C5=O,CC(C)=O,Generated,614.6100000000001,0,4,3,0.0,C36H26N2O8
