SMILES,Sidechain,Source,MW,Sidechain_RB,Sidechain_HA,Sidechain_Bonds,SidechainComplexity,MolFormula
COCCOCCOCC(COCCOCCOC)N1C(=O)c2ccc3c4ccc5c6c(ccc(c7ccc(c2c37)C1=O)c64)C(=O)N(C(COCCOCCOC)COCCOCCOC)C5=O,COCCOCCOCCCOCCOCCOC,Pubchem,947.0439999999995,16,19,18,0.0,C50H62N2O16
O=C1CCCCCC(=O)NCCCN2CCN(CCCN3C(=O)c4ccc5c6ccc7c8c(ccc(c9ccc(c4c59)C3=O)c86)C(=O)N(CCCN3CCN(CCCN1)CC3)C7=O)CC2,CCCN1CCN(CCCNC(=O)CCCCCC(=O)NCCCN2CCN(CCC)CC2)CC1,Pubchem,881.0909999999991,18,35,36,2.0,C51H60N8O6
CCCCCCCCCCCCCCCCCCN1C(=O)c2ccc3c4ccc5c6c(ccc(c7ccc(c2c37)C1=O)c64)C(=O)N(CCCCCCCCCCCCCCCCCC)C5=O,CCCCCCCCCCCCCCCCCC,Pubchem,895.3259999999989,15,18,17,0.0,C60H82N2O4
CCCCCCCCCC(CCCCCCCCC)N1C(=O)c2ccc3c4ccc5c6c(ccc(c7ccc(c2c37)C1=O)c64)C(=O)N(C(CCCCCCCCC)CCCCCCCCC)C5=O,CCCCCCCCCCCCCCCCCCC,Pubchem,923.379999999999,16,19,18,0.0,C62H86N2O4
CCCCCCCCCCC(CCCCCCCC)CN1C(=O)c2ccc3c4ccc5c6c(ccc(c7ccc(c2c37)C1=O)c64)C(=O)N(CC(CCCCCCCC)CCCCCCCCCC)C5=O,CCCCCCCCCCC(C)CCCCCCCC,Pubchem,951.4339999999988,16,20,19,0.0,C64H90N2O4
O=C(O)CCC(CCC(=O)O)(CCC(=O)O)NC(=O)CCCCCN1C(=O)c2ccc3c4ccc5c6c(ccc(c7ccc(c2c37)C1=O)c64)C(=O)N(CCCCCC(=O)NC(CCC(=O)O)(CCC(=O)O)CCC(=O)O)C5=O,CCCCCC(=O)NC(CCC(=O)O)(CCC(=O)O)CCC(=O)O,Pubchem,1077.1059999999998,14,24,23,0.0,C56H60N4O18
COCCOCCC(CO)(CCOCCOC)CN1C(=O)c2ccc3c4ccc5c6c(ccc(c7ccc(c2c37)C1=O)c64)C(=O)N(CC(CO)(CCOCCOC)CCOCCOC)C5=O,COCCOCCC(C)(CO)CCOCCOC,Pubchem,915.0459999999996,13,18,17,0.0,C50H62N2O14
CCCCC(CCCC)C(CN1C(=O)c2ccc3c4ccc5c6c(ccc(c7ccc(c2c37)C1=O)c64)C(=O)N(CC(C(CCCC)CCCC)C(CCCC)CCCC)C5=O)C(CCCC)CCCC,CCCCC(CCCC)C(C)C(CCCC)CCCC,Pubchem,951.4339999999988,14,20,19,0.0,C64H90N2O4
CCCCCC(CCCCC)C(CN1C(=O)c2ccc3c4ccc5c6c(ccc(c7ccc(c2c37)C1=O)c64)C(=O)N(CC(C(CCCCC)CCCCC)C(CCCCC)CCCCC)C5=O)C(CCCCC)CCCCC,CCCCCC(CCCCC)C(C)C(CCCCC)CCCCC,Pubchem,1063.6499999999985,18,24,23,0.0,C72H106N2O4
CCCCCCCC(C(CCCCCC)n1ccnc1)N1C(=O)c2ccc3c4ccc5c6c(ccc(c7ccc(c2c37)C1=O)c64)C(=O)N(C(CCCCCCC)C(CCCCCC)n1ccnc1)C5=O,CCCCCCCCC(CCCCCC)n1ccnc1,Pubchem,943.2899999999992,13,20,20,1.5,C60H74N6O4
CCCCCCCCC(CCCCCCCC)N1C(=O)c2ccc3c4ccc5c6c(ccc(c7ccc(c2c37)C1=O)c64)C(=O)N(C(CCCCCCCC)CCCCCCCC)C5=O,CCCCCCCCCCCCCCCCC,Pubchem,867.2719999999991,14,17,16,0.0,C58H78N2O4
CCCCCCCC(CCCCCCC)N1C(=O)c2ccc3c4ccc5c6c(ccc(c7ccc(c2c37)C1=O)c64)C(=O)N(C(CCCCCCC)CCCCCCC)C5=O,CCCCCCCCCCCCCCC,Pubchem,811.1639999999993,12,15,14,0.0,C54H70N2O4
CCCCCCCCCCC(CCCCCCCCCC)N1C(=O)c2ccc3c4ccc5c6c(ccc(c7ccc(c2c37)C1=O)c64)C(=O)N(C(CCCCCCCCCC)CCCCCCCCCC)C5=O,CCCCCCCCCCCCCCCCCCCCC,Pubchem,979.4879999999988,18,21,20,0.0,C66H94N2O4
CCCCCCCCCCCCC(CCCCCCCCCCCC)N1C(=O)c2ccc3c4ccc5c6c(ccc(c7ccc(c2c37)C1=O)c64)C(=O)N(C(CCCCCCCCCCCC)CCCCCCCCCCCC)C5=O,CCCCCCCCCCCCCCCCCCCCCCCCC,Pubchem,1091.7039999999988,22,25,24,0.0,C74H110N2O4
O=C(O)CNc1nc(NCC(=O)O)nc(Nc2ccc(N3C(=O)c4ccc5c6ccc7c8c(ccc(c9ccc(c4c59)C3=O)c86)C(=O)N(c3ccc(Nc4nc(NCC(=O)O)nc(NCC(=O)O)n4)c(S(=O)(=O)O)c3)C7=O)cc2S(=O)(=O)O)n1,O=C(O)CNc1nc(NCC(=O)O)nc(Nc2ccccc2S(=O)(=O)O)n1,Pubchem,1183.0360000000005,9,27,28,3.0,C50H34N14O18S2
O=C1c2ccc3c4ccc5c6c(ccc(c7ccc(c2c37)C(=O)N1Cc1cccc2ccccc12)c64)C(=O)N(Cc1cccc2ccccc12)C5=O,Cc1cccc2ccccc12,Pubchem,670.7240000000002,0,11,12,5.0,C46H26N2O4
CC1(C)C2CCC1(CS(=O)(=O)ON1C(=O)c3ccc4c5ccc6c7c(ccc(c8ccc(c3c48)C1=O)c75)C(=O)N(OS(=O)(=O)CC13CCC(CC1=O)C3(C)C)C6=O)C(=O)C2,CC1(C)C2CCC1(CS(=O)(=O)O)C(=O)C2,Pubchem,850.9239999999999,2,15,16,4.0,C44H38N2O12S2
CCCCCCCCCCC(CCCCCCCC)CN1C(=O)c2ccc3c4cc(-c5ccc(-c6ccc(C)s6)s5)c5c6c(ccc(c7cc(C)c(c2c73)C1=O)c64)C(=O)N(CC(CCCCCCCC)CCCCCCCCCC)C5=O,CCCCCCCCCCC(C)CCCCCCCC,Pubchem,1143.7419999999986,16,20,19,0.0,C74H98N2O4S2
C=CCCCCCCCCC(CCCCCCCCC=C)N1C(=O)c2ccc3c4ccc5c6c(ccc(c7ccc(c2c37)C1=O)c64)C(=O)N(C(CCCCCCCCC=C)CCCCCCCCC=C)C5=O,C=CCCCCCCCCCCCCCCCCCC=C,Pubchem,971.423999999999,18,21,20,0.0,C66H86N2O4
[C-]#[N+]c1cc2c3c(cc([N+]#[C-])c4c5ccc6c7c(ccc(c1c34)c75)C(=O)N(C(CCCCCCC)CCCCCCC)C6=O)C(=O)N(C(CCCCCCC)CCCCCCC)C2=O,CCCCCCCCCCCCCCC,Pubchem,861.1839999999992,12,15,14,0.0,C56H68N4O4
[C-]#[N+]c1cc2c3c(ccc4c5c(C#N)cc6c7c(ccc(c1c34)c75)C(=O)N(C(CCCCCCC)CCCCCCC)C6=O)C(=O)N(C(CCCCCCC)CCCCCCC)C2=O,CCCCCCCCCCCCCCC,Pubchem,861.1839999999992,12,15,14,0.0,C56H68N4O4
CCC#Cc1cc2c3c(ccc4c5c(C#CC(=O)OCC)cc6c7c(ccc(c1c34)c75)C(=O)N(CC(CCCCCCCC)CCCCCCCCCC)C6=O)C(=O)N(CC(CCCCCCCC)CCCCCCCCCC)C2=O,CCCCCCCCCCC(C)CCCCCCCC,Pubchem,1099.5949999999987,16,20,19,0.0,C73H98N2O6
CCCCCCC#Cc1cc2c3c(ccc4c5c(C#CCCCCCC)cc6c7c(ccc(c1c34)c75)C(=O)N(CC(CCCCCCCC)CCCCCCCCCC)C6=O)C(=O)N(CC(CCCCCCCC)CCCCCCCCCC)C2=O,CCCCCCCCCCC(C)CCCCCCCC,Pubchem,1167.8019999999983,16,20,19,0.0,C80H114N2O4
COCCOCCOCCOCCOCCOCCOCCOCCN1C(=O)c2ccc3c4ccc5c6c(ccc(c7ccc(c2c37)C1=O)c64)C(=O)N(CCOCCOCCOCCOCCOCCOCCOCCOC)C5=O,CCOCCOCCOCCOCCOCCOCCOCCOC,Pubchem,1123.2559999999994,22,25,24,0.0,C58H78N2O20
COCCOCCOCCOCCOC(C)COCCCN1C(=O)c2ccc3c4ccc5c6c(ccc(c7ccc(c2c37)C1=O)c64)C(=O)N(CCCOCC(C)OCCOCCOCCOCCOC)C5=O,CCCOCC(C)OCCOCCOCCOCCOC,Pubchem,1003.1519999999994,17,21,20,0.0,C54H70N2O16
CCCCCCCCCCCCC(CCCCCCCCCC)CN1C(=O)c2ccc3c4c(-c5cc6sc7cc(C)sc7c6s5)cc5c6c(ccc(c7c(C)cc(c2c37)C1=O)c64)C(=O)N(CC(CCCCCCCCCC)CCCCCCCCCCCC)C5=O,CCCCCCCCCCCCC(C)CCCCCCCCCC,Pubchem,1286.008999999998,20,24,23,0.0,C82H112N2O4S3
CC=Cc1ccc(C=Cc2cc3c4c(ccc5c6c(C)cc7c8c(ccc(c2c45)c86)C(=O)N(CC(CCCCCCCCCC)CCCCCCCCCCCC)C7=O)C(=O)N(CC(CCCCCCCCCC)CCCCCCCCCCCC)C3=O)cc1,CCCCCCCCCCCCC(C)CCCCCCCCCC,Pubchem,1219.877999999998,20,24,23,0.0,C84H118N2O4
CCCCCCCCCCCC(CCCCCCCCCCC)N1C(=O)c2ccc3c4ccc5c6c(ccc(c7ccc(c2c37)C1=O)c64)C(=O)N(C(CCCCCCCCCCC)CCCCCCCCCCC)C5=O,CCCCCCCCCCCCCCCCCCCCCCC,Pubchem,1035.5959999999986,20,23,22,0.0,C70H102N2O4
CCCCCCCCCCCCCCCc1cc(O)ccc1N1C(=O)c2ccc3c4ccc5c6c(ccc(c7ccc(c2c37)C1=O)c64)C(=O)N(c1ccc(O)cc1CCCCCCCCCCCCCCC)C5=O,CCCCCCCCCCCCCCCc1cccc(O)c1,Pubchem,995.357999999999,14,22,22,1.5,C66H78N2O6
CCCCCCCCCCCCC(CCCCCCCCCC)CN1C(=O)c2ccc3c4ccc5c6c(ccc(c7ccc(c2c37)C1=O)c64)C(=O)N(CC(CCCCCCCCCC)CCCCCCCCCCCC)C5=O,CCCCCCCCCCCCC(C)CCCCCCCCCC,Pubchem,1063.6499999999985,20,24,23,0.0,C72H106N2O4
CCCCCCCCCCCCCCCc1cc(OCCO)ccc1N1C(=O)c2ccc3c4ccc5c6c(ccc(c7ccc(c2c37)C1=O)c64)C(=O)N(c1ccc(OCCO)cc1CCCCCCCCCCCCCCC)C5=O,CCCCCCCCCCCCCCCc1cccc(OCCO)c1,Pubchem,1083.463999999999,17,25,25,1.5,C70H86N2O8
COCCOCCOc1cc(N2C(=O)c3ccc4c5ccc6c7c(ccc(c8ccc(c3c48)C2=O)c75)C(=O)N(c2cc(OCCOCCOC)c(OCCOCCOC)c(OCCOCCOC)c2)C6=O)cc(OCCOCCOC)c1OCCOCCOC,COCCOCCOc1cccc(OCCOCCOC)c1OCCOCCOC,Pubchem,1251.3419999999999,21,30,30,1.5,C66H78N2O22
CCC(C)C(C)(CC)CC(c1ccccc1)C(C)(CC)CCN1C(=O)c2ccc3c4ccc5c6c(ccc(c7ccc(c2c37)C1=O)c64)C(=O)N(CCC(C)(CC)C(CC(C)(CC)C(C)CC)c1ccccc1)C5=O,CCC(C)C(C)(CC)CC(c1ccccc1)C(C)(CC)CC,Pubchem,991.4139999999996,9,22,22,1.5,C68H82N2O4
CCCCCCCC(CCCCCCC)N1C(=O)c2c(C)cc3c4cc(C)c5c6c(c(C)cc(c7cc(C)c(c2c37)C1=O)c64)C(=O)N(C(CCCCCCC)CCCCCCC)C5=O,CCCCCCCCCCCCCCC,Pubchem,867.2719999999993,12,15,14,0.0,C58H78N2O4
CCCCCCCCCCCCCCCCCCSc1ccc(N2C(=O)c3ccc4c5ccc6c7c(ccc(c8ccc(c3c48)C2=O)c75)C(=O)N(c2ccc(SCCCCCCCCCCCCCCCCCC)cc2)C6=O)cc1,CCCCCCCCCCCCCCCCCCSc1ccccc1,Pubchem,1111.655999999999,18,25,25,1.5,C72H90N2O4S2
CCCCCCCCCCCCC(CCCCCCCCCCCC)N1C(=O)c2ccc3c4c([N+](=O)[O-])cc5c6c(ccc(c7c([N+](=O)[O-])cc(c2c37)C1=O)c64)C(=O)N(C(CCCCCCCCCCCC)CCCCCCCCCCCC)C5=O,CCCCCCCCCCCCCCCCCCCCCCCCC,Pubchem,1181.697999999999,22,25,24,0.0,C74H108N4O8
CCCCCCCCCCCCCCCCCCN1C(=O)c2ccc3c4c([N+](=O)[O-])cc5c6c(ccc(c7c([N+](=O)[O-])cc(c2c37)C1=O)c64)C(=O)N(CCCCCCCCCCCCCCCCCC)C5=O,CCCCCCCCCCCCCCCCCC,Pubchem,985.3199999999989,15,18,17,0.0,C60H80N4O8
CCCCCCCCCCCC(CCCCCCCCCCC)N1C(=O)c2ccc3c4c(C(=O)O)cc5c6c(ccc(c7c(C(=O)O)cc(c2c37)C1=O)c64)C(=O)N(C(CCCCCCCCCCC)CCCCCCCCCCC)C5=O,CCCCCCCCCCCCCCCCCCCCCCC,Pubchem,1123.6139999999987,20,23,22,0.0,C72H102N2O8
C#Cc1cc2c3c(ccc4c5c(C#C)cc6c7c(ccc(c1c34)c75)C(=O)N(C(CCCCCCCCCCC)CCCCCCCCCCC)C6=O)C(=O)N(C(CCCCCCCCCCC)CCCCCCCCCCC)C2=O,CCCCCCCCCCCCCCCCCCCCCCC,Pubchem,1083.6399999999987,20,23,22,0.0,C74H102N2O4
CCCCCCCCCCCC(CCCCCCCCCCC)N1C(=O)c2ccc3c4c([N+](=O)[O-])cc5c6c(ccc(c7c([N+](=O)[O-])cc(c2c37)C1=O)c64)C(=O)N(C(CCCCCCCCCCC)CCCCCCCCCCC)C5=O,CCCCCCCCCCCCCCCCCCCCCCC,Pubchem,1125.5899999999988,20,23,22,0.0,C70H100N4O8
CCCCCCCCCCCCC(CCCCCCCCCC)N1C(=O)c2ccc3c4ccc5c6c(ccc(c7ccc(c2c37)C1=O)c64)C(=O)N(C(CCCCCCCCCC)CCCCCCCCCCCC)C5=O,CCCCCCCCCCCCCCCCCCCCCCC,Pubchem,1035.5959999999986,20,23,22,0.0,C70H102N2O4
CCCCCCCCCCCC(CCCCCCCCCCC)N1C(=O)c2ccc3c4ccc5c6c(cc(C(=O)O)c(c7ccc(c2c37)C1=O)c64)C(=O)N(C(CCCCCCCCCCC)CCCCCCCCCCC)C5=O,CCCCCCCCCCCCCCCCCCCCCCC,Pubchem,1079.6049999999987,20,23,22,0.0,C71H102N2O6
C[N+](C)(C)CCOC(=O)CCCCCCCCCCN1C(=O)c2ccc3c4c(N5CCCC5)cc5c6c(ccc(c7c(N8CCCC8)cc(c2c37)C1=O)c64)C(=O)N(CCCCCCCCCCC(=O)OCC[N+](C)(C)C)C5=O,CCCCCCCCCCC(=O)OCC[N+](C)(C)C,Pubchem,1069.4419999999989,12,19,18,0.0,C64H88N6O8+2
C[N+](C)(C)CCOC(=O)CCCCCCCCCCN1C(=O)c2ccc3c4c(N5CCCC5)cc5c6c(ccc(c7c(C8CCCCC8)cc(c2c37)C1=O)c64)C(=O)N(CCCCCCCCCCC(=O)OCC[N+](C)(C)C)C5=O,CCCCCCCCCCC(=O)OCC[N+](C)(C)C,Pubchem,1082.4809999999989,12,19,18,0.0,C66H91N5O8+2
CCCCCCC(CCCCCCOC1CO1)CN1C(=O)c2ccc3c4ccc5c6c(ccc(c7ccc(c2c37)C1=O)c64)C(=O)N(CC(CCCCCC)CCCCCCOC1CO1)C5=O,CCCCCCC(C)CCCCCCOC1CO1,Pubchem,899.1819999999993,13,18,18,1.0,C56H70N2O8
CCCCCCCC(CCCCCC)CCN1C(=O)c2ccc3c4ccc5c6c(ccc(c7ccc(c2c37)C1=O)c64)C(=O)N(CCC(CCCCCC)CCCCCCC)C5=O,CCCCCCCC(CC)CCCCCC,Pubchem,839.2179999999993,12,16,15,0.0,C56H74N2O4
CCCCCCC(CCCCCCOC)CN1C(=O)c2ccc3c4ccc5c6c(ccc(c7ccc(c2c37)C1=O)c64)C(=O)N(CC(CCCCCC)CCCCCCOC)C5=O,CCCCCCC(C)CCCCCCOC,Pubchem,843.1619999999994,12,16,15,0.0,C54H70N2O6
CCCCCCC(CCCCCCSc1ccccc1)CN1C(=O)c2ccc3c4ccc5c6c(ccc(c7ccc(c2c37)C1=O)c64)C(=O)N(CC(CCCCCC)CCCCCCSc1ccccc1)C5=O,CCCCCCC(C)CCCCCCSc1ccccc1,Pubchem,999.4399999999993,13,21,21,1.5,C64H74N2O4S2
COC(=O)c1ccc2nc(N3C(=O)c4ccc5c6ccc7c8c(ccc(c9ccc(c4c59)C3=O)c86)C(=O)N(c3nc4ccc(C(=O)OC)cc4o3)C7=O)oc2c1,COC(=O)c1ccc2ncoc2c1,Pubchem,740.6400000000001,1,13,14,5.0,C42H20N4O10
O=C1c2ccc3c4ccc5c6c(ccc(c7ccc(c2c37)C(=O)N1c1nc2ccccc2s1)c64)C(=O)N(c1nc2ccccc2s1)C5=O,c1ccc2scnc2c1,Pubchem,656.7040000000003,0,9,10,5.0,C38H16N4O4S2
Cc1ccc(C)c2sc(N3C(=O)c4ccc5c6ccc7c8c(ccc(c9ccc(c4c59)C3=O)c86)C(=O)N(c3nc4c(C)ccc(C)c4s3)C7=O)nc12,Cc1ccc(C)c2scnc12,Pubchem,712.812,0,11,12,5.0,C42H24N4O4S2
O=C1c2ccc3c4ccc5c6c(ccc(c7ccc(c2c37)C(=O)N1c1ccc2ccncc2c1)c64)C(=O)N(c1ccc2ccncc2c1)C5=O,c1ccc2cnccc2c1,Pubchem,644.6460000000002,0,10,11,5.0,C42H20N4O4
O=C1c2ccc3c4ccc5c6c(ccc(c7ccc(c2c37)C(=O)N1c1cccc2ncccc12)c64)C(=O)N(c1cccc2ncccc12)C5=O,c1ccc2ncccc2c1,Pubchem,644.6460000000002,0,10,11,5.0,C42H20N4O4
COC(=O)c1ccc2nc(N3C(=O)c4ccc5c6ccc7c8c(ccc(c9ccc(c4c59)C3=O)c86)C(=O)N(c3nc4ccc(C(=O)OC)cc4s3)C7=O)sc2c1,COC(=O)c1ccc2ncsc2c1,Pubchem,772.7760000000001,1,13,14,5.0,C42H20N4O8S2
O=C1c2ccc3c4ccc5c6c(ccc(c7ccc(c2c37)C(=O)N1C(CCCCCCS)CCCCCCS)c64)C(=O)N(C(CCCCCCS)CCCCCCS)C5=O,SCCCCCCCCCCCCCS,Pubchem,883.3239999999996,12,15,14,0.0,C50H62N2O4S4
CCCCCCCCCC(CCCCCCCCC)N1C(=O)c2ccc3c4ccc5c6c(cc([N+](=O)[O-])c(c7ccc(c2c37)C1=O)c64)C(=O)N(C(CCCCCCCCC)CCCCCCCCC)C5=O,CCCCCCCCCCCCCCCCCCC,Pubchem,968.3769999999989,16,19,18,0.0,C62H85N3O6
C=C(C)C(=O)OCC(CCCCCCCC)(CCCCCCCC)CN1C(=O)c2ccc3c4ccc5c6c(ccc(c7ccc(c2c37)C1=O)c64)C(=O)N(CC(CCCCCCCC)(CCCCCCCC)COC(=O)C(=C)C)C5=O,C=C(C)C(=O)OCC(C)(CCCCCCCC)CCCCCCCC,Pubchem,1091.5279999999987,17,25,24,0.0,C70H94N2O8
O=C1c2ccc3c4ccc5c6c(ccc(c7ccc(c2c37)C(=O)N1c1cc(S(=O)(=O)O)cc2cc(S(=O)(=O)O)cc(O)c12)c64)C(=O)N(c1cc(S(=O)(=O)O)cc2cc(S(=O)(=O)O)cc(O)c12)C5=O,O=S(=O)(O)c1ccc2c(O)cc(S(=O)(=O)O)cc2c1,Pubchem,994.9240000000004,2,19,20,5.0,C44H22N2O18S4
CC#Cc1cc2c3c(ccc4c5c(C)cc6c7c(ccc(c1c34)c75)C(=O)N(CC(CCCCCCCC)CCCCCCCCCC)C6=O)C(=O)N(CC(CCCCCCCC)CCCCCCCCCC)C2=O,CCCCCCCCCCC(C)CCCCCCCC,Pubchem,1003.5099999999987,16,20,19,0.0,C68H94N2O4
CCCOCC(COCC(COCC(COCCC)OCCC)N1C(=O)c2ccc3c4ccc5c6c(ccc(c7ccc(c2c37)C1=O)c64)C(=O)N(C(COCC(COCCC)OCCC)COCC(COCCC)OCCC)C5=O)OCCC,CCCOCC(COCCCOCC(COCCC)OCCC)OCCC,Pubchem,1171.4759999999992,22,27,26,0.0,C66H94N2O16
O=C(O)CN(CCN(CC(=O)O)CC(=O)NCCN1C(=O)c2ccc3c4ccc5c6c(ccc(c7ccc(c2c37)C1=O)c64)C(=O)N(CCNC(=O)CN(CCN(CC(=O)O)CC(=O)O)CC(=O)O)C5=O)CC(=O)O,CCNC(=O)CN(CCN(CC(=O)O)CC(=O)O)CC(=O)O,Pubchem,1024.9499999999998,12,22,21,0.0,C48H48N8O18
O=C1c2ccc3c4ccc5c6c(ccc(c7ccc(c2c37)C(=O)N1c1cccc2ccccc12)c64)C(=O)N(c1cccc2ccccc12)C5=O,c1ccc2ccccc2c1,Pubchem,642.6700000000002,0,10,11,5.0,C44H22N2O4
CC(c1cccc2ccccc12)N1C(=O)c2ccc3c4ccc5c6c(ccc(c7ccc(c2c37)C1=O)c64)C(=O)N(C(C)c1cccc2ccccc12)C5=O,CCc1cccc2ccccc12,Pubchem,698.7780000000001,1,12,13,5.0,C48H30N2O4
CC1C(CN2C(=O)c3ccc4c5ccc6c7c(ccc(c8ccc(c3c48)C2=O)c75)C(=O)N(CC2CC3CC(C2C)C3(C)C)C6=O)CC2CC1C2(C)C,CC1CC2CC(C1C)C2(C)C,Pubchem,690.884,0,11,12,4.0,C46H46N2O4
C=CCCCCCCCCCC(CCCCCCCCC=C)N1C(=O)c2ccc3c4ccc5c6c(ccc(c7ccc(c2c37)C1=O)c64)C(=O)N(C(CCCCCCCCC=C)CCCCCCCCCC=C)C5=O,C=CCCCCCCCCCCCCCCCCCCC=C,Pubchem,999.4779999999989,19,22,21,0.0,C68H90N2O4
CC(C(=O)NCCCCCC(=O)NC(CCC(=O)O)(CCC(=O)O)CCC(=O)O)N1C(=O)c2ccc3c4ccc5c6c(ccc(c7ccc(c2c37)C1=O)c64)C(=O)N(C(C)C(=O)NCCCCCC(=O)NC(CCC(=O)O)(CCC(=O)O)CCC(=O)O)C5=O,CCC(=O)NCCCCCC(=O)NC(CCC(=O)O)(CCC(=O)O)CCC(=O)O,Pubchem,1219.2639999999997,17,29,28,0.0,C62H70N6O20
NC(CCCCN1C(=O)c2ccc3c4ccc5c6c(ccc(c7ccc(c2c37)C1=O)c64)C(=O)N(CCCCC(N)C(=O)NC(CCC(=O)O)(CCC(=O)O)CCC(=O)O)C5=O)C(=O)NC(CCC(=O)O)(CCC(=O)O)CCC(=O)O,CCCCC(N)C(=O)NC(CCC(=O)O)(CCC(=O)O)CCC(=O)O,Pubchem,1107.136,14,25,24,0.0,C56H62N6O18
C#Cc1cc2c3c(ccc4c5ccc6c7c(ccc(c1c34)c75)C(=O)N(C(CCCCCCC)CCCCCCC)C6=O)C(=O)N(C(CCCCCCC)CCCCCCC)C2=O,CCCCCCCCCCCCCCC,Pubchem,835.1859999999992,12,15,14,0.0,C56H70N2O4
CCCCCCCCCCCCCCCCCCN1C(=O)c2ccc3c4c(Oc5ccc(C(C)(C)C)cc5)cc5c6c(ccc(c7c(Oc8ccc(C(C)(C)C)cc8)cc(c2c37)C1=O)c64)C(=O)N(CCCCCCCCCCCCCCCCCC)C5=O,CCCCCCCCCCCCCCCCCC,Pubchem,1191.7359999999983,15,18,17,0.0,C80H106N2O6
COCCOCCCCC(CCCCOCCOC)N1C(=O)c2ccc3c4ccc5c6c(ccc(c7ccc(c2c37)C1=O)c64)C(=O)N(C(CCCCOCCOC)CCCCOCCOC)C5=O,COCCOCCCCCCCCCOCCOC,Pubchem,939.1559999999993,16,19,18,0.0,C54H70N2O12
O=C1c2ccc3c4ccc5c6c(ccc(c7ccc(c2c37)C(=O)N1C(CCCCCCCCCCO)CCCCCCCCCCO)c64)C(=O)N(C(CCCCCCCCCCO)CCCCCCCCCCO)C5=O,OCCCCCCCCCCCCCCCCCCCCCO,Pubchem,1043.4839999999988,20,23,22,0.0,C66H94N2O8
CCCCCCCCC(CCCCCC)CN1C(=O)c2ccc3c4c(-c5ccc(O)c(O)c5)cc5c6c(ccc(c7c(-c8ccc(O)c(O)c8)cc(c2c37)C1=O)c64)C(=O)N(CC(CCCCCC)CCCCCCCC)C5=O,CCCCCCCCC(C)CCCCCC,Pubchem,1055.4099999999992,12,16,15,0.0,C68H82N2O8
CCCCCCCCCCCC(CCCCCCCCCCC)N1C(=O)c2ccc3c4ccc5c6c(cc(-c7ccc(N)c([N+](=O)[O-])c7)c(c7ccc(c2c37)C1=O)c64)C(=O)N(C(CCCCCCCCCCC)CCCCCCCCCCC)C5=O,CCCCCCCCCCCCCCCCCCCCCCC,Pubchem,1171.7059999999988,20,23,22,0.0,C76H106N4O6
CCCCCCCCCCCCCCCN1C(=O)c2ccc3c4ccc5c6c(ccc(c7ccc(c2c37)C1=O)c64)C(=O)N(CCCCCCCCCCCCCCC)C5=O,CCCCCCCCCCCCCCC,Pubchem,811.1639999999992,12,15,14,0.0,C54H70N2O4
CC(ON(C(c1ccccc1)C(C)C)C(C)(C)C)c1ccc(OC(C(C)C)N2C(=O)c3ccc4c5ccc6c7c(ccc(c8ccc(c3c48)C2=O)c75)C(=O)N(C(Oc2ccc(C(C)ON(C(c3ccccc3)C(C)C)C(C)(C)C)cc2)C(C)C)C6=O)cc1,CC(C)COc1ccc(C(C)ON(C(c2ccccc2)C(C)C)C(C)(C)C)cc1,Pubchem,1181.527999999999,9,29,30,3.0,C76H84N4O8
CCOC(=O)CC(=O)OCCOCCOCCOCCN1C(=O)c2ccc3c4ccc5c6c(ccc(c7ccc(c2c37)C1=O)c64)C(=O)N(CCOCCOCCOCCOC(=O)CC(=O)OCC)C5=O,CCOCCOCCOCCOC(=O)CC(=O)OCC,Pubchem,970.9779999999995,13,20,19,0.0,C50H54N2O18
O=C1c2ccc3c4ccc5c6c7ccc(c8ccc(c2c38)C(=O)N1CCOCCOCCOCCSSCCOCCOCCOCCN(C5=O)C7=O)c64,CCOCCOCCOCCSSCCOCCOCCOCC,Pubchem,772.8980000000001,21,24,23,0.0,C40H40N2O10S2
O=C(NCCCCCCCCCCCCN1C(=O)c2ccc3c4ccc5c6c(ccc(c7ccc(c2c37)C1=O)c64)C(=O)N(CCCCCCCCCCCCNC(=O)c1ccccc1)C5=O)c1ccccc1,CCCCCCCCCCCCNC(=O)c1ccccc1,Pubchem,965.2479999999993,12,21,21,1.5,C62H68N4O6
COCCOCCOCCOC(OCCOCCOCCOC)N1C(=O)c2ccc3c4ccc5c6c(ccc(c7ccc(c2c37)C1=O)c64)C(=O)N(C(OCCOCCOCCOC)OCCOCCOCCOC)C5=O,COCCOCCOCCOCOCCOCCOCCOC,Pubchem,1067.1479999999992,20,23,22,0.0,C54H70N2O20
NCCCNCCCCNCCCNC(=O)CN1C(=O)c2ccc3c4ccc5c6c(ccc(c7ccc(c2c37)C1=O)c64)C(=O)N(CC(=O)NCCCNCCCCNCCCN)C5=O,CC(=O)NCCCNCCCCNCCCN,Pubchem,875.0879999999992,12,17,16,0.0,C48H62N10O6
NCCCNCCCCNCCCNC(=O)CCCCCCCCCCN1C(=O)c2ccc3c4ccc5c6c(ccc(c7ccc(c2c37)C1=O)c64)C(=O)N(CCCCCCCCCCC(=O)NCCCNCCCCNCCCN)C5=O,CCCCCCCCCCC(=O)NCCCNCCCCNCCCN,Pubchem,1127.5739999999992,21,26,25,0.0,C66H98N10O6
NCCCNCCCCNCCCNC(=O)CCCCN1C(=O)c2ccc3c4ccc5c6c(ccc(c7ccc(c2c37)C1=O)c64)C(=O)N(CCCCC(=O)NCCCNCCCCNCCCN)C5=O,CCCCC(=O)NCCCNCCCCNCCCN,Pubchem,959.2499999999989,15,20,19,0.0,C54H74N10O6
COCCOCCOCCOc1cc(CN2C(=O)c3ccc4c5ccc6c7c(ccc(c8ccc(c3c48)C2=O)c75)C(=O)N(Cc2cc(OCCOCCOCCOC)cc(OCCOCCOCCOC)c2)C6=O)cc(OCCOCCOCCOC)c1,COCCOCCOCCOc1cc(C)cc(OCCOCCOCCOC)c1,Pubchem,1219.3439999999996,20,29,29,1.5,C66H78N2O20
CCCCOc1cc(CCCN2C(=O)c3ccc4c5ccc6c7c(ccc(c8ccc(c3c48)C2=O)c75)C(=O)N(CCCc2cc(OCCCC)c(OCCCC)c(OCCCC)c2)C6=O)cc(OCCCC)c1OCCCC,CCCCOc1cc(CCC)cc(OCCCC)c1OCCCC,Pubchem,1059.3539999999991,14,24,24,1.5,C66H78N2O10
O=C1c2ccc3c4ccc5c6c(ccc(c7ccc(c2c37)C(=O)N1CCOC1OC(CO)C(OC2OC(CO)C(O)C(O)C2O)C(O)C1O)c64)C(=O)N(CCOC1OC(CO)C(OC2OC(CO)C(O)C(O)C2O)C(O)C1O)C5=O,CCOC1OC(CO)C(OC2OC(CO)C(O)C(O)C2O)C(O)C1O,Pubchem,1127.024000000001,6,25,26,2.0,C52H58N2O26
O=C(O)CN=c1[nH]c(=NCC(=O)O)[nH]c(=Nc2ccc(N3C(=O)c4ccc5c6ccc7c8c(ccc(c9ccc(c4c59)C3=O)c86)C(=O)N(c3ccc(N=c4[nH]c(=NCC(=O)O)[nH]c(=NCC(=O)O)[nH]4)c(S(=O)(=O)O)c3)C7=O)cc2S(=O)(=O)O)[nH]1,O=C(O)CN=c1[nH]c(=NCC(=O)O)[nH]c(=Nc2ccccc2S(=O)(=O)O)[nH]1,Pubchem,1183.0360000000005,6,27,28,3.0,C50H34N14O18S2
CCCCCCCCC=CCCCCCCCCN1C(=O)c2ccc3c4ccc5c6c(ccc(c7ccc(c2c37)C1=O)c64)C(=O)N(CCCCCCCCC=CCCCCCCCC)C5=O,CCCCCCCCC=CCCCCCCCC,Pubchem,891.2939999999991,14,18,17,0.0,C60H78N2O4
CCCCCCCC(CCCCCCC)N1C(=O)c2ccc3c4ccc5c6c(cc(-c7cn(CCCC(=O)NC(CCC(=O)O)(CCC(=O)O)CCC(=O)O)nn7)c(c7ccc(c2c37)C1=O)c64)C(=O)N(C(CCCCCCC)CCCCCCC)C5=O,CCCCCCCCCCCCCCC,Pubchem,1193.5369999999991,12,15,14,0.0,C70H92N6O11
CCCCCCCCCCCCCCCCOC(=O)CCCN1C(=O)c2ccc3c4ccc5c6c(ccc(c7ccc(c2c37)C1=O)c64)C(=O)N(CCCC(=O)OCCCCCCCCCCCCCCCC)C5=O,CCCCCCCCCCCCCCCCOC(=O)CCC,Pubchem,1011.3979999999989,17,22,21,0.0,C64H86N2O8
CCCCCCCCCCCCOC(=O)CCCN1C(=O)c2ccc3c4ccc5c6c(ccc(c7ccc(c2c37)C1=O)c64)C(=O)N(CCCC(=O)OCCCCCCCCCCCC)C5=O,CCCCCCCCCCCCOC(=O)CCC,Pubchem,899.1819999999992,13,18,17,0.0,C56H70N2O8
CCCCCCCCCCCCCCOC(=O)CCCN1C(=O)c2ccc3c4ccc5c6c(ccc(c7ccc(c2c37)C1=O)c64)C(=O)N(CCCC(=O)OCCCCCCCCCCCCCC)C5=O,CCCCCCCCCCCCCCOC(=O)CCC,Pubchem,955.289999999999,15,20,19,0.0,C60H78N2O8
COCCOCCOCCOCC(COCCOCCOCCOC)N1C(=O)c2ccc3c4ccc5c6c(ccc(c7ccc(c2c37)C1=O)c64)C(=O)N(C(COCCOCCOCCOC)COCCOCCOCCOC)C5=O,COCCOCCOCCOCCCOCCOCCOCCOC,Pubchem,1123.2559999999994,22,25,24,0.0,C58H78N2O20
O=C1c2cc(Oc3ccccc3)c3c4c(Oc5ccccc5)cc5c6c7cc(Oc8ccccc8)c(c8c(Oc9ccccc9)cc(c2c38)C(=O)N1CCOCCOCCOCCSSCCOCCOCCOCCN(C5=O)C7=O)c64,CCOCCOCCOCCSSCCOCCOCCOCC,Pubchem,1141.2860000000003,21,24,23,0.0,C64H56N2O14S2
COCSCCOCCOCCOCCN1C(=O)c2cc(Oc3ccccc3)c3c4c(Oc5ccccc5)cc5c6c(cc(Oc7ccccc7)c(c7c(Oc8ccccc8)cc(c2c37)C1=O)c64)C(=O)N(CCOCCOCCOCCSCOC)C5=O,CCOCCOCCOCCSCOC,Pubchem,1231.4079999999997,12,15,14,0.0,C68H66N2O16S2
CCCCCCCCCCC(CCCCCC)N1C(=O)c2ccc3c4ccc5c6c(ccc(c7ccc(c2c37)C1=O)c64)C(=O)N(C(CCCCCC)CCCCCCCCCC)C5=O,CCCCCCCCCCCCCCCCC,Pubchem,867.2719999999993,14,17,16,0.0,C58H78N2O4
O=C(NCCCCC(C(=O)NN=Cc1ccccc1)N1C(=O)c2ccc3c4ccc5c6c(ccc(c7ccc(c2c37)C1=O)c64)C(=O)N(C(CCCCNC(=O)C1CSSC1)C(=O)NN=Cc1ccccc1)C5=O)C1CSSC1,O=C(CCCCCNC(=O)C1CSSC1)NN=Cc1ccccc1,Pubchem,1117.3699999999994,9,24,25,2.5,C58H52N8O8S4
CCCCCCCCCCCCCCCCN1C(=O)c2ccc3c4ccc5c6c(ccc(c7ccc(c2c37)C1=O)c64)C(=O)N(CCCCCCCCCCCCCCCC)C5=O,CCCCCCCCCCCCCCCC,Pubchem,839.2179999999992,13,16,15,0.0,C56H74N2O4
CCCCCCCCCCCC[N+](C)(C)CCCN1C(=O)c2ccc3c4ccc5c6c(ccc(c7ccc(c2c37)C1=O)c64)C(=O)N(CCC[N+](C)(C)CCCCCCCCCCCC)C5=O,CCCCCCCCCCCC[N+](C)(C)CCC,Pubchem,899.3179999999991,13,18,17,0.0,C58H82N4O4+2
CCCCCCCCCCCCCCCC[N+](C)(C)CCCN1C(=O)c2ccc3c4ccc5c6c(ccc(c7ccc(c2c37)C1=O)c64)C(=O)N(CCC[N+](C)(C)CCCCCCCCCCCCCCCC)C5=O,CCCCCCCCCCCCCCCC[N+](C)(C)CCC,Pubchem,1011.5339999999987,17,22,21,0.0,C66H98N4O4+2
CCCCCCSC1=C(SCCCCCC)SC(=C2SC(SC)=C(c3cc4c5c(ccc6c7c(C8=C(SC)SC(=C9SC(SCCCCCC)=C(SCCCCCC)S9)S8)cc8c9c(ccc(c3c56)c97)C(=O)N(CCCC)C8=O)C(=O)N(CCCC)C4=O)S2)S1,CCCC,Pubchem,1464.373999999999,1,4,3,0.0,C70H82N2O4S14
O=C1c2ccc3c4c(S(=O)(=O)O)cc5c6c(ccc(c7c(S(=O)(=O)O)cc(c2c37)C(=O)N1c1ccc2cc(S(=O)(=O)O)ccc2c1)c64)C(=O)N(c1ccc2cc(S(=O)(=O)O)ccc2c1)C5=O,O=S(=O)(O)c1ccc2ccccc2c1,Pubchem,962.9260000000005,1,14,15,5.0,C44H22N2O16S4
CC(C)CCOc1cc(C(=O)NCCN2C(=O)c3ccc4c5ccc6c7c(ccc(c8ccc(c3c48)C2=O)c75)C(=O)N(CCNC(=O)c2cc(OCCC(C)C)c(OCCC(C)C)c(OCCC(C)C)c2)C6=O)cc(OCCC(C)C)c1OCCC(C)C,CCNC(=O)c1cc(OCCC(C)C)c(OCCC(C)C)c(OCCC(C)C)c1,Pubchem,1201.5119999999993,14,29,29,1.5,C72H88N4O12
CCCCOCCOCCOc1cc(CCN2C(=O)c3ccc4c5ccc6c7c(ccc(c8ccc(c3c48)C2=O)c75)C(=O)N(CCc2cc(OCCOCCOCCCC)cc(OCCOCCOCCCC)c2)C6=O)cc(OCCOCCOCCCC)c1,CCCCOCCOCCOc1cc(CC)cc(OCCOCCOCCCC)c1,Pubchem,1239.5099999999993,21,30,30,1.5,C72H90N2O16
COCCOCCOCCOc1cc(CCN2C(=O)c3ccc4c5ccc6c7c(ccc(c8ccc(c3c48)C2=O)c75)C(=O)N(CCc2cc(OCCOCCOCCOC)cc(OCCOCCOCCOC)c2)C6=O)cc(OCCOCCOCCOC)c1,CCc1cc(OCCOCCOCCOC)cc(OCCOCCOCCOC)c1,Pubchem,1247.3979999999995,21,30,30,1.5,C68H82N2O20
COCCOCCOc1cc(CCN2C(=O)c3ccc4c5ccc6c7c(ccc(c8ccc(c3c48)C2=O)c75)C(=O)N(CCc2cc(OCCOCCOC)cc(OCCOCCOC)c2)C6=O)cc(OCCOCCOC)c1,CCc1cc(OCCOCCOC)cc(OCCOCCOC)c1,Pubchem,1071.1859999999995,15,24,24,1.5,C60H66N2O16
COCCOCCOCC(CCCON1C(=O)c2ccc3c4ccc5c6c(ccc(c7ccc(c2c37)C1=O)c64)C(=O)N(OCCCC(COCCOCCOC)COCCOCCOC)C5=O)COCCOCCOC,COCCOCCOCC(CCCO)COCCOCCOC,Pubchem,1063.2039999999993,19,23,22,0.0,C56H74N2O18
CCCCCCOc1cc(N2C(=O)c3ccc4c5ccc6c7c(ccc(c8ccc(c3c48)C2=O)c75)C(=O)N(c2cc(OCCCCCC)c(OCCCCCC)c(OCCCCCC)c2)C6=O)cc(OCCCCCC)c1OCCCCCC,CCCCCCOc1cccc(OCCCCCC)c1OCCCCCC,Pubchem,1143.5159999999994,18,27,27,1.5,C72H90N2O10
CCCCCCCOc1cc(N2C(=O)c3ccc4c5ccc6c7c(ccc(c8ccc(c3c48)C2=O)c75)C(=O)N(c2cc(OCCCCCCC)c(OCCCCCCC)c(OCCCCCCC)c2)C6=O)cc(OCCCCCCC)c1OCCCCCCC,CCCCCCCOc1cccc(OCCCCCCC)c1OCCCCCCC,Pubchem,1227.6779999999999,21,30,30,1.5,C78H102N2O10
CCCCCCCCCCC(CCCCCCCC)CON1C(=O)c2ccc3c4ccc5c6c(ccc(c7ccc(c2c37)C1=O)c64)C(=O)N(OCC(CCCCCCCC)CCCCCCCCCC)C5=O,CCCCCCCCCCC(CO)CCCCCCCC,Pubchem,983.4319999999989,17,21,20,0.0,C64H90N2O6
COCCOCC(COCCOC)OCCCN1C(=O)c2ccc3c4ccc5c6c(ccc(c7ccc(c2c37)C1=O)c64)C(=O)N(CCCOC(COCCOC)COCCOC)C5=O,CCCOC(COCCOC)COCCOC,Pubchem,886.9919999999996,13,17,16,0.0,C48H58N2O14
COCCOCCOCC(COCCOCCOC)OCCCN1C(=O)c2ccc3c4ccc5c6c(ccc(c7ccc(c2c37)C1=O)c64)C(=O)N(CCCOC(COCCOCCOC)COCCOCCOC)C5=O,CCCOC(COCCOCCOC)COCCOCCOC,Pubchem,1063.2039999999993,19,23,22,0.0,C56H74N2O18
C=CCOCC(COCC=C)(COCC=C)COCCCN1C(=O)c2ccc3c4ccc5c6c(ccc(c7ccc(c2c37)C1=O)c64)C(=O)N(CCCOCC(COCC=C)(COCC=C)COCC=C)C5=O,C=CCOCC(COCC=C)(COCC=C)COCCC,Pubchem,983.1679999999991,16,21,20,0.0,C58H66N2O12
C=CCOCC(COCC=C)(COCC=C)C(=O)NCCN1C(=O)c2ccc3c4ccc5c6c(ccc(c7ccc(c2c37)C1=O)c64)C(=O)N(CCNC(=O)C(COCC=C)(COCC=C)COCC=C)C5=O,C=CCOCC(COCC=C)(COCC=C)C(=O)NCC,Pubchem,981.1119999999994,14,21,20,0.0,C56H60N4O12
CC(ON(C(c1ccccc1)C(C)C)C(C)(C)C)c1ccc(CN2C(=O)c3ccc4c5ccc6c7c(ccc(c8ccc(c3c48)C2=O)c75)C(=O)N(Cc2ccc(C(C)ON(C(c3ccccc3)C(C)C)C(C)(C)C)cc2)C6=O)cc1,Cc1ccc(C(C)ON(C(c2ccccc2)C(C)C)C(C)(C)C)cc1,Pubchem,1065.3679999999997,6,25,26,3.0,C70H72N4O6
O=C1c2ccc3c4ccc5c6c(ccc(c7ccc(c2c37)C(=O)N1CCc1cccc2ccccc12)c64)C(=O)N(CCc1cccc2ccccc12)C5=O,CCc1cccc2ccccc12,Pubchem,698.778,1,12,13,5.0,C48H30N2O4
CCCCCCCCCCCCCCCCCCOC(=O)C(C)N1C(=O)c2ccc3c4ccc5c6c(ccc(c7ccc(c2c37)C1=O)c64)C(=O)N(C(C)C(=O)OCCCCCCCCCCCCCCCCCC)C5=O,CCCCCCCCCCCCCCCCCCOC(=O)CC,Pubchem,1039.4519999999986,18,23,22,0.0,C66H90N2O8
C=CCCCCCCCCCOC(=O)C(CC(C)C)N1C(=O)c2ccc3c4ccc5c6c(ccc(c7ccc(c2c37)C1=O)c64)C(=O)N(C(CC(C)C)C(=O)OCCCCCCCCCC=C)C5=O,C=CCCCCCCCCCOC(=O)CCC(C)C,Pubchem,923.2039999999993,13,19,18,0.0,C58H70N2O8
CCCCC(CC)COc1cc(CN2C(=O)c3ccc4c5ccc6c7c(ccc(c8ccc(c3c48)C2=O)c75)C(=O)N(Cc2cc(OCC(CC)CCCC)cc(OCC(CC)CCCC)c2)C6=O)cc(OCC(CC)CCCC)c1,CCCCC(CC)COc1cc(C)cc(OCC(CC)CCCC)c1,Pubchem,1083.463999999999,14,25,25,1.5,C70H86N2O8
CC(NC(=O)C(N)CCC(=O)O)C(=O)NC(C)C(=O)NC(C)C(=O)NCC(=O)N1C(=O)c2ccc3c4ccc5c6c(ccc(c7ccc(c2c37)C1=O)c64)C(=O)N(C(=O)CNC(=O)C(C)NC(=O)C(C)NC(=O)C(C)NC(=O)C(N)CCC(=O)O)C5=O,CC(NC(=O)C(N)CCC(=O)O)C(=O)NC(C)C(=O)NC(C)C(=O)NCC=O,Pubchem,1189.162,12,28,27,0.0,C56H60N12O18
CCCCCCCCCCCCOC(=O)C(C)N1C(=O)c2ccc3c4ccc5c6c(ccc(c7ccc(c2c37)C1=O)c64)C(=O)N(C(C)C(=O)OCCCCCCCCCCCC)C5=O,CCCCCCCCCCCCOC(=O)CC,Pubchem,871.1279999999995,12,17,16,0.0,C54H66N2O8
CCCCCCCCC(CCCCCC)CCN1C(=O)c2ccc3c4ccc5c6c(ccc(c7ccc(c2c37)C1=O)c64)C(=O)N(CCC(CCCCCC)CCCCCCCC)C5=O,CCCCCCCCC(CC)CCCCCC,Pubchem,867.2719999999991,13,17,16,0.0,C58H78N2O4
CCCCCCCCCCC(CCCCCCCC)COc1ccc(N2C(=O)c3ccc4c5ccc6c7c(ccc(c8ccc(c3c48)C2=O)c75)C(=O)N(c2ccc(OCC(CCCCCCCC)CCCCCCCCCC)cc2)C6=O)cc1,CCCCCCCCCCC(CCCCCCCC)COc1ccccc1,Pubchem,1135.6279999999992,19,27,27,1.5,C76H98N2O6
CCCCCCCCCCCCCCCCCCCCN1C(=O)c2ccc3c4ccc5c6c(ccc(c7ccc(c2c37)C1=O)c64)C(=O)N(CCCCCCCCCCCCCCCCCCCC)C5=O,CCCCCCCCCCCCCCCCCCCC,Pubchem,951.4339999999987,17,20,19,0.0,C64H90N2O4
N#CCCOCCOCCOCCOCCCN1C(=O)c2ccc3c4ccc5c6c(ccc(c7ccc(c2c37)C1=O)c64)C(=O)N(CCCOCCOCCOCCOCCC#N)C5=O,CCCOCCOCCOCCOCCC#N,Pubchem,876.9599999999995,13,17,16,0.0,C48H52N4O12
[NH3+]C(CCCCN1C(=O)c2ccc3c4ccc5c6c(ccc(c7ccc(c2c37)C1=O)c64)C(=O)N(CCCCC([NH3+])C(=O)NC(CCC(=O)O)(CCC(=O)O)CCC(=O)O)C5=O)C(=O)NC(CCC(=O)O)(CCC(=O)O)CCC(=O)O,CCCCC([NH3+])C(=O)NC(CCC(=O)O)(CCC(=O)O)CCC(=O)O,Pubchem,1109.1519999999998,14,25,24,0.0,C56H64N6O18+2
CC(C(=O)CCCCCC(=O)NC(CCC(=O)O)(CCC(=O)O)CCC(=O)O)N1C(=O)c2ccc3c4ccc5c6c(ccc(c7ccc(c2c37)C1=O)c64)C(=O)N(C(C)C(=O)CCCCCC(=O)NC(CCC(=O)O)(CCC(=O)O)CCC(=O)O)C5=O,CCC(=O)CCCCCC(=O)NC(CCC(=O)O)(CCC(=O)O)CCC(=O)O,Pubchem,1189.234,17,28,27,0.0,C62H68N4O20
CCCCCCCCCC(CCCCCCCC)CN1C(=O)c2ccc3c4ccc5c6c(ccc(c7ccc(c2c37)C1=O)c64)C(=O)N(CC(CCCCCCCC)CCCCCCCCC)C5=O,CCCCCCCCCC(C)CCCCCCCC,Pubchem,923.379999999999,15,19,18,0.0,C62H86N2O4
CCCCCCCCCCCCCOCC(C)OCC(C)ON1C(=O)c2ccc3c4ccc5c6c(ccc(c7ccc(c2c37)C1=O)c64)C(=O)N(OC(C)COC(C)COCCCCCCCCCCCCC)C5=O,CCCCCCCCCCCCCOCC(C)OCC(C)O,Pubchem,1019.3739999999991,17,22,21,0.0,C62H86N2O10
CCCCCCCCCCCCC(CCCCCCCCCC)CN1C(=O)c2ccc3c4c(-c5cccs5)cc5c6c(ccc(c7c(-c8cccs8)cc(c2c37)C1=O)c64)C(=O)N(CC(CCCCCCCCCC)CCCCCCCCCCCC)C5=O,CCCCCCCCCCCCC(C)CCCCCCCCCC,Pubchem,1227.9039999999984,20,24,23,0.0,C80H110N2O4S2
O=C1c2ccc3c4ccc5c6c(ccc(c7ccc(c2c37)C(=O)N1c1ccc2ccccc2c1)c64)C(=O)N(c1ccc2ccccc2c1)C5=O,c1ccc2ccccc2c1,Pubchem,642.6700000000002,0,10,11,5.0,C44H22N2O4
CCCCCCCCCC(CCCCCCCCC)N1C(=O)c2ccc3c4c(-c5cccc6ccccc56)cc5c6c(ccc(c7c(-c8cccc9ccccc89)cc(c2c37)C1=O)c64)C(=O)N(C(CCCCCCCCC)CCCCCCCCC)C5=O,CCCCCCCCCCCCCCCCCCC,Pubchem,1175.695999999999,16,19,18,0.0,C82H98N2O4
CC(CN)OCCOCCOCCOCCOCCOC(C)CN1C(=O)c2ccc3c4ccc5c6c(ccc(c7ccc(c2c37)C1=O)c64)C(=O)N(CC(C)OCCOCCOCCOCCOCCOC(C)CN)C5=O,CC(C)OCCOCCOCCOCCOCCOC(C)CN,Pubchem,1061.2359999999994,18,23,22,0.0,C56H76N4O16
CC(CN)OCCOCCOCCOCCOC(C)CN1C(=O)c2ccc3c4ccc5c6c(ccc(c7ccc(c2c37)C1=O)c64)C(=O)N(CC(C)OCCOCCOCCOCCOC(C)CN)C5=O,CC(C)OCCOCCOCCOCCOC(C)CN,Pubchem,973.1299999999994,15,20,19,0.0,C52H68N4O14
NCCOCCOCCOCCOCCOCCN1C(=O)c2ccc3c4ccc5c6c(ccc(c7ccc(c2c37)C1=O)c64)C(=O)N(CCOCCOCCOCCOCCOCCN)C5=O,CCOCCOCCOCCOCCOCCN,Pubchem,917.0219999999994,15,18,17,0.0,C48H60N4O14
NCCOCCOCCOCCOCCOCCOCCN1C(=O)c2ccc3c4ccc5c6c(ccc(c7ccc(c2c37)C1=O)c64)C(=O)N(CCOCCOCCOCCOCCOCCOCCN)C5=O,CCOCCOCCOCCOCCOCCOCCN,Pubchem,1005.1279999999991,18,21,20,0.0,C52H68N4O16
CC(C)CCCC(C)CCC(CCC(C)CCCC(C)C)OC(=O)OCCN1C(=O)c2ccc3c4ccc5c6c(ccc(c7ccc(c2c37)C1=O)c64)C(=O)N(CCOC(=O)OC(CCC(C)CCCC(C)C)CCC(C)CCCC(C)C)C5=O,CCOC(=O)OC(CCC(C)CCCC(C)C)CCC(C)CCCC(C)C,Pubchem,1155.6119999999992,16,27,26,0.0,C72H102N2O10
CCCCCCCCCCCCn1cc[n+](CCCN2C(=O)c3ccc4c5ccc6c7c(ccc(c8ccc(c3c48)C2=O)c75)C(=O)N(CCC[n+]2ccn(CCCCCCCCCCCC)c2)C6=O)c1,CCCCCCCCCCCCn1cc[n+](CCC)c1,Pubchem,945.3059999999991,13,20,20,1.5,C60H76N6O4+2
CSC1=C(SC)SC(=C2SC(C)=C(SCCCCCCCCCCCCN3C(=O)c4ccc5c6ccc7c8c(ccc(c9ccc(c4c59)C3=O)c86)C(=O)N(CCCCCCCCCCCCSC3=C(C)SC(=C4SC(SC)=C(SC)S4)S3)C7=O)S2)S1,CCCCCCCCCCCCSC1=C(C)SC(=C2SC(SC)=C(SC)S2)S1,Pubchem,1408.265999999999,14,28,29,2.0,C66H74N2O4S14
CCCCCCCCCC(CCCCCCCCC)N1C(=O)c2ccc3c4c(-c5ccc(-c6cccs6)s5)cc5c6c(ccc(c7c(-c8ccc(-c9cccs9)s8)cc(c2c37)C1=O)c64)C(=O)N(C(CCCCCCCCC)CCCCCCCCC)C5=O,CCCCCCCCCCCCCCCCCCC,Pubchem,1251.887999999999,16,19,18,0.0,C78H94N2O4S4
CCCCCCCCCCCCCC(CCCCCCCCCCCCC)N1C(=O)c2ccc3c4ccc5c6c(ccc(c7ccc(c2c37)C1=O)c64)C(=O)N(C(CCCCCCCCCCCCC)CCCCCCCCCCCCC)C5=O,CCCCCCCCCCCCCCCCCCCCCCCCCCC,Pubchem,1147.811999999999,24,27,26,0.0,C78H118N2O4
CCCCCCCCCC(CCCCCC)N1C(=O)c2ccc3c4ccc5c6c(ccc(c7ccc(c2c37)C1=O)c64)C(=O)N(C(CCCCCC)CCCCCCCCC)C5=O,CCCCCCCCCCCCCCCC,Pubchem,839.2179999999993,13,16,15,0.0,C56H74N2O4
CCCCCCCC(CC(CC)CCCC)N1C(=O)c2ccc3c4ccc5c6c(ccc(c7ccc(c2c37)C1=O)c64)C(=O)N(C(CCCCCCC)CC(CC)CCCC)C5=O,CCCCCCCCCC(CC)CCCC,Pubchem,839.2179999999994,12,16,15,0.0,C56H74N2O4
CCCCCCCCC(CCCCCC)N1C(=O)c2ccc3c4ccc5c6c(ccc(c7ccc(c2c37)C1=O)c64)C(=O)N(C(CCCCCC)CCCCCCCC)C5=O,CCCCCCCCCCCCCCC,Pubchem,811.1639999999993,12,15,14,0.0,C54H70N2O4
C#Cc1cc(CCCCCC)c(CCCCCC)cc1C#Cc1ccc(N2C(=O)c3ccc4c5ccc6c7c(ccc(c8ccc(c3c48)C2=O)c75)C(=O)N(c2ccc(C#Cc3cc(CCCCCC)c(CCCCCC)cc3C#C)cc2)C6=O)cc1,C#Cc1cc(CCCCCC)c(CCCCCC)cc1C#Cc1ccccc1,Pubchem,1127.481999999999,10,28,29,3.0,C80H74N2O4
O=C1c2ccc3c4ccc5c6c(ccc(c7ccc(c2c37)C(=O)N1CCN(CCN=Cc1ccccc1O)CCN=Cc1ccccc1O)c64)C(=O)N(CCN(CCN=Cc1ccccc1O)CCN=Cc1ccccc1O)C5=O,CCN(CCN=Cc1ccccc1O)CCN=Cc1ccccc1O,Pubchem,1065.1999999999998,9,25,26,3.0,C64H56N8O8
CCCCCCCCCCCC(CCCCCCCCCCC)N1C(=O)c2ccc3c4c(C(O)O)cc5c6c(ccc(c7c(C(=O)O)cc(c2c37)C1=O)c64)C(=O)N(C(CCCCCCCCCCC)CCCCCCCCCCC)C5=O,CCCCCCCCCCCCCCCCCCCCCCC,Pubchem,1125.6299999999987,20,23,22,0.0,C72H104N2O8
CCCCCCCCCCCC(CCCCCCCCCCC)N1C(=O)c2ccc3c4ccc5c6c(cc(C(O)O)c(c7ccc(c2c37)C1=O)c64)C(=O)N(C(CCCCCCCCCCC)CCCCCCCCCCC)C5=O,CCCCCCCCCCCCCCCCCCCCCCC,Pubchem,1081.6209999999987,20,23,22,0.0,C71H104N2O6
C=C(C)C(=O)OCCCCCCCCN(CCCC)c1ccc(CN2C(=O)c3ccc4c5ccc6c7c(ccc(c8ccc(c3c48)C2=O)c75)C(=O)N(Cc2ccc(N(CCCC)CCCCCCCCOC(=O)C(=C)C)cc2)C6=O)cc1,C=C(C)C(=O)OCCCCCCCCN(CCCC)c1ccc(C)cc1,Pubchem,1105.429999999999,14,26,26,1.5,C70H80N4O8
O=C1c2ccc3c4ccc5c6c(ccc(c7ccc(c2c37)C(=O)N1CCOCCOCCOCCOCCOCCO)c64)C(=O)N(CCOCCOCCOCCOCCOCCO)C5=O,CCOCCOCCOCCOCCOCCO,Pubchem,918.9899999999997,15,18,17,0.0,C48H58N2O16
COCCOCCOCCCOCCOCCOCC(COCCOCCOC)COCCOCCOCN1C(=O)c2ccc3c4ccc5c6c(ccc(c7ccc(c2c37)C1=O)c64)C(=O)N(COCCOCCOCC(COCCOCCOC)COCCOCCOCCCOCCOCCOC)C5=O,COCCOCCOCCCOCCOCCOC,Generated,1503.7340000000002,16,19,18,0.0,C76H114N2O28
CCCCCCCCCCCCCCCCCCCCCCCCCCCCCCCCCCCCN1C(=O)c2ccc3c4ccc5c6c(ccc(c7ccc(c2c37)C1=O)c64)C(=O)N(CCCCCCCCCCCCCCCCCCCCCCCCCCCCCCCCCCCC)C5=O,CCCCCCCCCCCCCCCCCC,Generated,1400.2980000000005,15,18,17,0.0,C96H154N2O4
CCCCCCCCCCCCCCCCCCCC(CCCCCCCCC)CCCCCCCCCN1C(=O)c2ccc3c4ccc5c6c(ccc(c7ccc(c2c37)C1=O)c64)C(=O)N(CCCCCCCCCC(CCCCCCCCC)CCCCCCCCCCCCCCCCCCC)C5=O,CCCCCCCCCCCCCCCCCCC,Generated,1456.4060000000002,16,19,18,0.0,C100H162N2O4
CCCCCCCCC(C)CCCCCCCCCCCC(CCCCCCCC)CCCCCCCCCCN1C(=O)c2ccc3c4ccc5c6c(ccc(c7ccc(c2c37)C1=O)c64)C(=O)N(CCCCCCCCCCC(CCCCCCCC)CCCCCCCCCCCC(C)CCCCCCCC)C5=O,CCCCCCCCCCC(C)CCCCCCCC,Generated,1512.5140000000001,16,20,19,0.0,C104H170N2O4
Cc1ccc(C2CC(C)(C(=O)OCCc3ccc(C4CC(C)(C(=O)OCN5C(=O)c6ccc7c8ccc9c%10c(ccc(c%11ccc(c6c7%11)C5=O)c%108)C(=O)N(COC(=O)C5(C)CC(c6ccc(CCOC(=O)C7(C)CC(c8ccc(C)cc8)N(c8ccccc8)O7)cc6)N(c6ccccc6)O5)C9=O)ON4c4ccccc4)cc3)ON2c2ccccc2)cc1,COC(=O)C1(C)CC(c2ccc(C)cc2)N(c2ccccc2)O1,Generated,1627.8139999999999,3,23,25,4.0,C100H86N6O16
CCCCc1ccc2ccc3cc(CCCCc4ccc5ccc6cc(N7C(=O)c8ccc9c%10ccc%11c%12c(ccc(c%13ccc(c8c9%13)C7=O)c%12%10)C(=O)N(c7cc8ccc9ccc(CCCCc%10cc%12ccc%13ccc(CCCC)c%14ccc(c%10)c%12c%13%14)c%10ccc(c7)c8c9%10)C%11=O)cc7ccc4c5c67)cc4ccc1c2c34,CCCCc1ccc2ccc3cccc4ccc1c2c34,Generated,1415.7459999999987,3,20,23,8.0,C104H74N2O4
Cc1ccc2ccc3cc(Cc4ccc5ccc6cc(N7C(=O)c8ccc9c%10ccc%11c%12c(ccc(c%13ccc(c8c9%13)C7=O)c%12%10)C(=O)N(c7cc8ccc9ccc(Cc%10cc%12ccc%13ccc(C)c%14ccc(c%10)c%12c%13%14)c%10ccc(c7)c8c9%10)C%11=O)cc7ccc4c5c67)cc4ccc1c2c34,Cc1ccc2ccc3cccc4ccc1c2c34,Generated,1247.4219999999993,0,17,20,8.0,C92H50N2O4
CCOCCOCCOCCCc1cccc(CCCOCCOCCOCCc2cc(CCCOCCOCCOCC)c(CCCOCCOCCOCC)c(CCCOCCOCCOCCN3C(=O)c4ccc5c6ccc7c8c(ccc(c9ccc(c4c59)C3=O)c86)C(=O)N(CCOCCOCCOCCCc3cc(CCOCCOCCOCCCc4cccc(CCCOCCOCCOCC)c4CCCOCCOCCOCC)cc(CCCOCCOCCOCC)c3CCCOCCOCCOCC)C7=O)c2)c1CCCOCCOCCOCC,CCOCCOCCOCCCc1cccc(CCCOCCOCCOCC)c1CCCOCCOCCOCC,Generated,2785.6259999999975,33,42,42,1.5,C156H242N2O40
COCCOCCOCCOc1cccc(OCCOCCOCCOCc2cc(OCCOCCOCCOC)c(OCCOCCOCCOC)c(OCCOCCOCCOCN3C(=O)c4ccc5c6ccc7c8c(ccc(c9ccc(c4c59)C3=O)c86)C(=O)N(COCCOCCOCCOc3cc(COCCOCCOCCOc4cccc(OCCOCCOCCOC)c4OCCOCCOCCOC)cc(OCCOCCOCCOC)c3OCCOCCOCCOC)C7=O)c2)c1OCCOCCOCCOC,COCCOCCOCCOc1cccc(OCCOCCOCCOC)c1OCCOCCOCCOC,Generated,2640.9659999999976,30,39,39,1.5,C132H194N2O52
CCCCCCCCCCCCCCCCCCCCCCCCCCCCCCN1C(=O)c2ccc3c4ccc5c6c(ccc(c7ccc(c2c37)C1=O)c64)C(=O)N(CCCCCCCCCCCCCCCCCCCCCCCCCCCCCC)C5=O,CCCCCCCCCCCCCCC,Generated,1231.9739999999993,12,15,14,0.0,C84H130N2O4
O=C1c2ccc3c4ccc5c6c(ccc(c7ccc(c2c37)C(=O)N1Nc1c(-c2cccs2)sc(-c2cccs2)c1Nc1cc(-c2cccs2)sc1-c1cccs1)c64)C(=O)N(Nc1c(-c2cccs2)sc(-c2cccs2)c1Nc1cc(-c2cccs2)sc1-c1cccs1)C5=O,Nc1cc(-c2cccs2)sc1-c1cccs1,Generated,1435.9379999999996,2,16,18,4.5,C72H38N6O4S12
CC(C)(C)c1cc(-c2ccccc2)cc(C(C)(C)Cc2ccc(-c3cc(C(C)(C)C)cc(C(C)(C)CN4C(=O)c5ccc6c7ccc8c9c(ccc(c%10ccc(c5c6%10)C4=O)c97)C(=O)N(CC(C)(C)c4cc(-c5ccc(CC(C)(C)c6cc(-c7ccccc7)cc(C(C)(C)C)c6)cc5)cc(C(C)(C)C)c4)C8=O)c3)cc2)c1,CC(C)(C)c1cc(-c2ccccc2)cc(C(C)(C)C)c1,Generated,1448.0019999999984,1,20,21,3.0,C104H106N2O4
COCCOCCC(C)(CO)CCOCCOCCC(CO)(CCOCCOC)CCOCCOCN1C(=O)c2ccc3c4ccc5c6c(ccc(c7ccc(c2c37)C1=O)c64)C(=O)N(COCCOCCC(CO)(CCOCCOC)CCOCCOCCC(C)(CO)CCOCCOC)C5=O,COCCOCCC(C)(CO)CCOCCOC,Generated,1439.738,13,18,17,0.0,C76H114N2O24
CCCCCCCCCCCCCCCCCCCCCCCCCCCCCCCCCCN1C(=O)c2ccc3c4ccc5c6c(ccc(c7ccc(c2c37)C1=O)c64)C(=O)N(CCCCCCCCCCCCCCCCCCCCCCCCCCCCCCCCCC)C5=O,CCCCCCCCCCCCCCCCC,Generated,1344.19,14,17,16,0.0,C92H146N2O4
CCCCC(CCCC)C(C)C(CCCC)CCCCCC(C(CCCC)CCCC)C(CCCC)CCCCN1C(=O)c2ccc3c4ccc5c6c(ccc(c7ccc(c2c37)C1=O)c64)C(=O)N(CCCCC(CCCC)C(CCCCCC(CCCC)C(C)C(CCCC)CCCC)C(CCCC)CCCC)C5=O,CCCCC(CCCC)C(C)C(CCCC)CCCC,Generated,1512.5139999999994,14,20,19,0.0,C104H170N2O4
CCCCCC(CCCCC)C(C)C(CCCCC)CCCCCCC(C(CCCCC)CCCCC)C(CCCCC)CCCCCN1C(=O)c2ccc3c4ccc5c6c(ccc(c7ccc(c2c37)C1=O)c64)C(=O)N(CCCCCC(CCCCC)C(CCCCCCC(CCCCC)C(C)C(CCCCC)CCCCC)C(CCCCC)CCCCC)C5=O,CCCCCC(CCCCC)C(C)C(CCCCC)CCCCC,Generated,1736.9460000000001,18,24,23,0.0,C120H202N2O4
O=C1c2ccc3c4ccc5c6c(ccc(c7ccc(c2c37)C(=O)N1c1ccc(C(c2ccccc2)(c2ccccc2)c2ccc(-c3ccc(C(c7ccccc7)(c7ccccc7)c7ccccc7)cc3)cc2)cc1)c64)C(=O)N(c1ccc(C(c2ccccc2)(c2ccccc2)c2ccc(-c3ccc(C(c4ccccc4)(c4ccccc4)c4ccccc4)cc3)cc2)cc1)C5=O,c1ccc(C(c2ccccc2)(c2ccccc2)c2ccccc2)cc1,Generated,1664.0299999999997,4,25,28,6.0,C124H82N2O4
CCCCCCC(CCCCCCCCC(CCCCCCCN1C(=O)c2ccc3c4ccc5c6c(ccc(c7ccc(c2c37)C1=O)c64)C(=O)N(CCCCCCCC(CCCCCCCCC(CCCCCC)n1ccnc1)C(CCCCCC)n1ccnc1)C5=O)C(CCCCCC)n1ccnc1)n1ccnc1,CCCCCCCCC(CCCCCC)n1ccnc1,Generated,1496.2259999999994,13,20,20,1.5,C96H138N10O4
CCCCCC(CCCCCCCC(CCCCCCN1C(=O)c2ccc3c4ccc5c6c(ccc(c7ccc(c2c37)C1=O)c64)C(=O)N(CCCCCCC(CCCCCCCC(CCCCC)n1ccnc1)C(CCCCC)n1ccnc1)C5=O)C(CCCCC)n1ccnc1)n1ccnc1,CCCCCCCC(CCCCC)n1ccnc1,Generated,1384.0099999999993,11,18,18,1.5,C88H122N10O4
O=C1c2ccc3c4ccc5c6c(ccc(c7ccc(c2c37)C(=O)N1c1ccc2cc3cc(-c7ccc8cc9ccccc9cc8c7)ccc3cc2c1)c64)C(=O)N(c1ccc2cc3cc(-c4ccc6cc7ccccc7cc6c4)ccc3cc2c1)C5=O,c1ccc2cc3ccccc3cc2c1,Generated,1095.2259999999999,0,14,16,6.5,C80H42N2O4
O=C1c2ccc3c4ccc5c6c(ccc(c7ccc(c2c37)C(=O)N1c1ccc2c(-c3ccc7ccccc7c3)cccc2c1)c64)C(=O)N(c1ccc2c(-c3ccc4ccccc4c3)cccc2c1)C5=O,c1ccc2ccccc2c1,Generated,894.986,0,10,11,5.0,C64H34N2O4
O=C1c2ccc3c4ccc5c6c(ccc(c7ccc(c2c37)C(=O)N1c1cc2ccc3cccc7c(-c8cc9ccc%10cccc%11ccc(c8)c9c%10%11)cc(c1)c2c37)c64)C(=O)N(c1cc2ccc3cccc4c(-c6cc7ccc8cccc9ccc(c6)c7c89)cc(c1)c2c34)C5=O,c1cc2ccc3cccc4ccc(c1)c2c34,Generated,1191.3139999999996,0,16,19,8.0,C88H42N2O4
Cc1c2ccccc2cc2cc(Cc3c4ccccc4cc4cc(N5C(=O)c6ccc7c8ccc9c%10c(ccc(c%11ccc(c6c7%11)C5=O)c%108)C(=O)N(c5ccc6c(Cc7ccc8c(C)c%10ccccc%10cc8c7)c7ccccc7cc6c5)C9=O)ccc34)ccc12,Cc1c2ccccc2cc2ccccc12,Generated,1151.3339999999996,0,15,17,6.5,C84H50N2O4
CCCN1C(=O)c2ccc3c4c(ccc(c24)C1=O)C(=O)N(CCCCCCCN1C(=O)c2ccc4c5c(ccc(c25)C1=O)C(=O)N(CCCCN1C(=O)c2ccc5c6ccc7c8c(ccc(c9ccc(c2c59)C1=O)c86)C(=O)N(CCCCN1Cc2ccc5c6c(ccc(c26)C1=O)C(=O)N(CCCCCCCN1Cc2ccc6c8c(ccc(c28)C1=O)C(=O)N(CCC)C6=O)C5=O)C7=O)C4)C3,CCCCN1Cc2ccc3c4c(ccc(c24)C1=O)C(=O)N(CCC)C3=O,Generated,1783.962,5,26,29,7.0,C108H90N10O16
CC(CCC1CCC(N2C(=O)c3ccc4c5c(ccc(c35)C2=O)C(=O)N(CC(C)CCN2C(=O)c3ccc5c6ccc7c8c(ccc(c9ccc(c3c59)C2=O)c86)C(=O)N(CCC(C)CN2C(=O)c3ccc5c6c(ccc(c36)C2=O)C(=O)N(C2CCC(CCC(C)CN3C(=O)c6ccc8c9c(ccc(c69)C3=O)C(=O)N(C3CCCCC3)C8=O)CC2)C5=O)C7=O)C4=O)CC1)CN1C(=O)c2ccc3c4c(ccc(c24)C1=O)C(=O)N(C1CCCCC1)C3=O,CCC(C)CN1C(=O)c2ccc3c4c(ccc(c24)C1=O)C(=O)N(C1CCCCC1)C3=O,Generated,2056.262,4,31,35,8.0,C124H106N10O20
CCCCCCCCCCCCCCCCCCCCCC(CCCCCCCCCC)CCCCCCCCCCN1C(=O)c2ccc3c4ccc5c6c(ccc(c7ccc(c2c37)C1=O)c64)C(=O)N(CCCCCCCCCCC(CCCCCCCCCC)CCCCCCCCCCCCCCCCCCCCC)C5=O,CCCCCCCCCCCCCCCCCCCCC,Generated,1568.6220000000005,18,21,20,0.0,C108H178N2O4
CCCCCCCCCCCCCCCCCCCCCCCCCC(CCCCCCCCCCCC)CCCCCCCCCCCCN1C(=O)c2ccc3c4ccc5c6c(ccc(c7ccc(c2c37)C1=O)c64)C(=O)N(CCCCCCCCCCCCC(CCCCCCCCCCCC)CCCCCCCCCCCCCCCCCCCCCCCCC)C5=O,CCCCCCCCCCCCCCCCCCCCCCCCC,Generated,1793.0540000000012,22,25,24,0.0,C124H210N2O4
CCCN1C(=O)c2ccc3c4c(ccc(c24)C1=O)C(=O)N(CC(C)CCCCCN1C(=O)c2ccc4c5c(ccc(c25)C1=O)C(=O)N(CC(C)CCN1C(=O)c2ccc5c6ccc7c8c(ccc(c9ccc(c2c59)C1=O)c86)C(=O)N(CCC(C)CN1C(=O)c2ccc5c6c(ccc(c26)C1=O)C(=O)N(CCCCCC(C)CN1C(=O)c2ccc6c8c(ccc(c28)C1=O)C(=O)N(CCC)C6=O)C5=O)C7=O)C4=O)C3=O,CCCN1C(=O)c2ccc3c4c(ccc(c24)C1=O)C(=O)N(CC(C)CC)C3=O,Generated,1896.0019999999997,5,28,31,7.0,C112H90N10O20
CCCN1C(=O)c2ccc3c(=O)n4c(c5ccc(c2c35)C1=O)=NC(CCCCN1C(=O)c2ccc3c(=O)n5c(c6ccc(c2c36)C1=O)=NC(CN1C(=O)c2ccc3c6ccc7c8c(ccc(c9ccc(c2c39)C1=O)c86)C(=O)N(CC1N=c2c3ccc6c8c(ccc(c(=O)n2C1C)c83)C(=O)N(CCCCC1N=c2c3ccc8c9c(ccc(c(=O)n2C1C)c93)C(=O)N(CCC)C8=O)C6=O)C7=O)C5C)C4C,CCCN1C(=O)c2ccc3c(=O)n4c(c5ccc(c2c35)C1=O)=NC(C)C4C,Generated,1827.893999999999,2,27,31,8.5,C108H78N14O16
CCCN1C(=O)c2ccc3c4c(ccc(c24)C1=O)C(=O)N(CCCCCCCN1C(=O)c2ccc4c5c(ccc(c25)C1=O)C(=O)N(CCCCN1C(=O)c2ccc5c6ccc7c8c(ccc(c9ccc(c2c59)C1=O)c86)C(=O)N(CCCCN1C(=O)c2ccc5c6c(ccc(c26)C1=O)C(=O)N(CCCCCCCN1C(=O)c2ccc6c8c(ccc(c28)C1=O)C(=O)N(CCC)C6=O)C5=O)C7=O)C4=O)C3=O,CCCCN1C(=O)c2ccc3c4c(ccc(c24)C1=O)C(=O)N(CCC)C3=O,Generated,1839.8939999999998,5,27,30,7.0,C108H82N10O20
Cc1cccc2cc(Cc3cccc4cc(N5C(=O)c6ccc7c8ccc9c%10c(ccc(c%11ccc(c6c7%11)C5=O)c%108)C(=O)N(c5ccc6c(Cc7ccc8c(C)cccc8c7)cccc6c5)C9=O)ccc34)ccc12,Cc1cccc2ccccc12,Generated,951.0939999999999,0,11,12,5.0,C68H42N2O4
CCCCCCCCC1(CCCCCCCCc2ccc(-c3ccc4c(c3)C(CCCCCCCC)(CCCCCCCCN3C(=O)c5ccc6c7ccc8c9c(ccc(c%10ccc(c5c6%10)C3=O)c97)C(=O)N(CCCCCCCCC3(CCCCCCCC)c5cc(C)ccc5-c5ccc(-c6ccc(CCCCCCCCC7(CCCCCCCC)c9cc(C)ccc9-c9ccc(-c%10ccccc%10)cc97)cc6)cc53)C8=O)c3cc(C)ccc3-4)cc2)c2cc(C)ccc2-c2ccc(-c3ccccc3)cc21,CCCCCCCCC1(CCCCCCCC)c2cc(C)ccc2-c2ccc(-c3ccccc3)cc21,Generated,2305.4099999999958,15,36,39,7.5,C168H194N2O4
O=C1c2ccc3c4ccc5c6c(ccc(c7ccc(c2c37)C(=O)N1CCCCCC1CCC(OCOc2ccc(CCCCCC3CCC(OCOc7ccccc7)CC3)cc2)CC1)c64)C(=O)N(CCCCCC1CCC(OCOc2ccc(CCCCCC3CCC(OCOc4ccccc4)CC3)cc2)CC1)C5=O,CCCCCC1CCC(OCOc2ccccc2)CC1,Generated,1487.9699999999998,8,20,21,2.5,C96H114N2O12
Cc1ccc(C2CC(c3ccc(Cc4ccc(C5CC(c6ccc(N7C(=O)c8ccc9c%10ccc%11c%12c(ccc(c%13ccc(c8c9%13)C7=O)c%12%10)C(=O)N(c7ccc(C8CC(c9ccc(Cc%10ccc(C%12CC(c%13ccc(C)cc%13)N(c%13ccccc%13)O%12)cc%10)cc9)N(c9ccccc9)O8)cc7)C%11=O)cc6)ON5c5ccccc5)cc4)cc3)ON2c2ccccc2)cc1,Cc1ccc(C2CC(c3ccccc3)ON2c2ccccc2)cc1,Generated,1643.954,3,24,27,5.5,C112H86N6O8
O=C1c2ccc3c4ccc5c6c(ccc(c7ccc(c2c37)C(=O)N1c1cnc2c(c1)cc(-c1cnc3c(ccc7cccnc73)c1)c1cccnc12)c64)C(=O)N(c1cnc2c(c1)cc(-c1cnc3c(ccc4cccnc43)c1)c1cccnc12)C5=O,c1cnc2c(c1)ccc1cccnc12,Generated,1103.1299999999997,0,14,16,6.5,C72H34N10O4
O=C1c2ccc3c4ccc5c6c(ccc(c7ccc(c2c37)C(=O)N1c1ccc(COc2ccc(-c3ccc(COc7cccc8cccnc78)cc3)c3cccnc23)cc1)c64)C(=O)N(c1ccc(COc2ccc(-c3ccc(COc4cccc6cccnc46)cc3)c3cccnc23)cc1)C5=O,c1ccc(COc2cccc3cccnc23)cc1,Generated,1323.4339999999997,3,18,20,6.5,C88H54N6O8
CC1(COS(=O)(=O)CC23CCC(CC2=O)C3(C)CN2C(=O)c3ccc4c5ccc6c7c(ccc(c8ccc(c3c48)C2=O)c75)C(=O)N(CC2(C)C3CCC2(CS(=O)(=O)OCC2(C)C4CCC2(CS(=O)(=O)O)C(=O)C4)C(=O)C3)C6=O)C2CCC1(CS(=O)(=O)O)C(=O)C2,CC1(C)C2CCC1(CS(=O)(=O)O)C(=O)C2,Generated,1311.4939999999997,2,15,16,4.0,C64H66N2O20S4
O=C(Oc1ccccc1)C1CCC(CCCCCc2ccc(OC(=O)C3CCC(CCCCCN4C(=O)c5ccc6c7ccc8c9c(ccc(c%10ccc(c5c6%10)C4=O)c97)C(=O)N(CCCCCC4CCC(C(=O)Oc5ccc(CCCCCC6CCC(C(=O)Oc7ccccc7)CC6)cc5)CC4)C8=O)CC3)cc2)CC1,CCCCCC1CCC(C(=O)Oc2ccccc2)CC1,Generated,1479.9060000000002,6,20,21,2.5,C96H106N2O12
O=C1c2ccc3c4ccc5c6c(ccc(c7ccc(c2c37)C(=O)N1Oc1ccc(Oc2cccc3cccnc23)c2cccnc12)c64)C(=O)N(Oc1ccc(Oc2cccc3cccnc23)c2cccnc12)C5=O,Oc1cccc2cccnc12,Generated,962.9339999999997,0,11,12,5.0,C60H30N6O8
C=CCCCCCCCCCCCCCCCCCC=CC(CCCCCCCCC=C)CCCCCCCCC=CN1C(=O)c2ccc3c4ccc5c6c(ccc(c7ccc(c2c37)C1=O)c64)C(=O)N(C=CCCCCCCCCC(C=CCCCCCCCCCCCCCCCCCC=C)CCCCCCCCC=C)C5=O,C=CCCCCCCCCCCCCCCCCCC=C,Generated,1552.494000000001,18,21,20,0.0,C108H162N2O4
CCCOCCOCCOCCOCCCCCOCCOCCOCCOCCN1C(=O)c2ccc3c4ccc5c6c(ccc(c7ccc(c2c37)C1=O)c64)C(=O)N(CCOCCOCCOCCOCCCCCOCCOCCOCCOCCC)C5=O,CCCOCCOCCOCCOCC,Generated,1263.5259999999998,12,15,14,0.0,C68H98N2O20
CCOCCOCCOCCOCCS(=O)(=O)ONCCCCOCCOCCOCCOCCS(=O)(=O)ONCCN1C(=O)c2ccc3c4ccc5c6c(ccc(c7ccc(c2c37)C1=O)c64)C(=O)N(CCNOS(=O)(=O)CCOCCOCCOCCOCCCCNOS(=O)(=O)CCOCCOCCOCCOCC)C5=O,CCNOS(=O)(=O)CCOCCOCCOCCOCC,Generated,1699.9500000000012,16,21,20,0.0,C72H110N6O32S4
CCOCCOCCOCCOc1cncc(CCOCCOCCOCCOc2cncc(N3C(=O)c4ccc5c6ccc7c8c(ccc(c9ccc(c4c59)C3=O)c86)C(=O)N(c3cncc(OCCOCCOCCOCCc4cncc(OCCOCCOCCOCC)c4)c3)C7=O)c2)c1,CCOCCOCCOCCOc1cccnc1,Generated,1403.546,11,18,18,1.5,C76H86N6O20
CCOCCOCCOCCS(=O)(=O)ONCCCCOCCOCCOCCS(=O)(=O)ONCCN1C(=O)c2ccc3c4ccc5c6c(ccc(c7ccc(c2c37)C1=O)c64)C(=O)N(CCNOS(=O)(=O)CCOCCOCCOCCCCNOS(=O)(=O)CCOCCOCCOCC)C5=O,CCNOS(=O)(=O)CCOCCOCCOCC,Generated,1523.7380000000007,13,18,17,0.0,C64H94N6O28S4
CCOCCOCCOCCOS(=O)(=O)CCCOCCOCCOCCOS(=O)(=O)CN1C(=O)c2ccc3c4ccc5c6c(ccc(c7ccc(c2c37)C1=O)c64)C(=O)N(CS(=O)(=O)OCCOCCOCCOCCCS(=O)(=O)OCCOCCOCCOCC)C5=O,CCOCCOCCOCCOS(C)(=O)=O,Generated,1407.5700000000006,11,16,15,0.0,C60H82N2O28S4
CCOCCOCCS(=O)(=O)ONCCCCOCCOCCS(=O)(=O)ONCCN1C(=O)c2ccc3c4ccc5c6c(ccc(c7ccc(c2c37)C1=O)c64)C(=O)N(CCNOS(=O)(=O)CCOCCOCCCCNOS(=O)(=O)CCOCCOCC)C5=O,CCNOS(=O)(=O)CCOCCOCC,Generated,1347.5260000000003,10,15,14,0.0,C56H78N6O24S4
CCOCCOCCOCCOc1ccc[n+](CCCOCCOCCOCCOc2ccc[n+](CN3C(=O)c4ccc5c6ccc7c8c(ccc(c9ccc(c4c59)C3=O)c86)C(=O)N(C[n+]3cccc(OCCOCCOCCOCCC[n+]4cccc(OCCOCCOCCOCC)c4)c3)C7=O)c2)c1,CCOCCOCCOCCOc1ccc[n+](C)c1,Generated,1463.6860000000004,11,19,19,1.5,C80H98N6O20+4
CCOCCOCCOCCOc1ccc(CCOCCOCCOCCOc2ccc(N3C(=O)c4ccc5c6ccc7c8c(ccc(c9ccc(c4c59)C3=O)c86)C(=O)N(c3ccc(OCCOCCOCCOCCc4ccc(OCCOCCOCCOCC)cc4)cc3)C7=O)cc2)cc1,CCOCCOCCOCCOc1ccccc1,Generated,1399.594,11,18,18,1.5,C80H90N2O20
CCCCCCc1cc(-c2ccccc2)sc1-c1ccc(-c2ccc(-c3sc(C)cc3CCCCCCc3ccc(-c4cc(CCCCCC)c(-c5ccc(-c6ccc(-c7sc(C)cc7CCCCCCN7C(=O)c8ccc9c%10ccc%11c%12c(ccc(c%13ccc(c8c9%13)C7=O)c%12%10)C(=O)N(CCCCCCc7cc(C)sc7-c7ccc(-c8ccc(-c9sc(-c%10ccc(CCCCCCc%12cc(C)sc%12-c%12ccc(-c%13ccc(-c%14sc(-c%15ccccc%15)cc%14CCCCCC)s%13)s%12)cc%10)cc9CCCCCC)s8)s7)C%11=O)s6)s5)s4)cc3)s2)s1,CCCCCCc1cc(C)sc1-c1ccc(-c2ccc(-c3sc(-c4ccccc4)cc3CCCCCC)s2)s1,Generated,2738.1819999999957,14,39,43,7.5,C164H162N2O4S16
Cc1ccc(C(CC(C)(C)C#N)SC(=S)SCCCCCc2ccc(C(CC(C)(C)C#N)SC(=S)SCCCCN3C(=O)c4ccc5c6ccc7c8c(ccc(c9ccc(c4c59)C3=O)c86)C(=O)N(CCCCSC(=S)SC(CC(C)(C)C#N)c3ccc(CCCCCSC(=S)SC(CC(C)(C)C#N)c4ccc(C)cc4)cc3)C7=O)cc2)cc1,CCCCSC(=S)SC(CC(C)(C)C#N)c1ccc(C)cc1,Generated,1788.7139999999993,7,22,22,1.5,C96H102N6O4S12
CCOCCOCCOCCOCCOCCOCCOCCOCCCOCCOCCOCCOCCOCCOCCOCCOCN1C(=O)c2ccc3c4ccc5c6c(ccc(c7ccc(c2c37)C1=O)c64)C(=O)N(COCCOCCOCCOCCOCCOCCOCCOCCCOCCOCCOCCOCCOCCOCCOCCOCC)C5=O,CCOCCOCCOCCOCCOCCOCCOCCOC,Generated,1856.1580000000013,22,25,24,0.0,C92H146N2O36
CCCCCCCCCCCCC(C)CCCCCCCCCCCCCC(CCCCCCCCCCCC)CCCCCCCCCCCCN1C(=O)c2ccc3c4ccc5c6c(ccc(c7ccc(c2c37)C1=O)c64)C(=O)N(CCCCCCCCCCCCC(CCCCCCCCCCCC)CCCCCCCCCCCCCC(C)CCCCCCCCCCCC)C5=O,CCCCCCCCCCCCC(C)CCCCCCCCCCCC,Generated,1849.1620000000007,22,26,25,0.0,C128H218N2O4
CCCCCCCCCCC(C)CCCCCCCCCCCC(CCCCCCCCCC)CCCCCCCCCCN1C(=O)c2ccc3c4ccc5c6c(ccc(c7ccc(c2c37)C1=O)c64)C(=O)N(CCCCCCCCCCC(CCCCCCCCCC)CCCCCCCCCCCC(C)CCCCCCCCCC)C5=O,CCCCCCCCCCC(C)CCCCCCCCCC,Generated,1624.7300000000007,18,22,21,0.0,C112H186N2O4
COC1CC2CC1C=C2COC1CC2CC1C=C2N1C(=O)c2ccc3c4ccc5c6c(ccc(c7ccc(c2c37)C1=O)c64)C(=O)N(C1=CC2CC1CC2OCC1=CC2CC1CC2OC)C5=O,COC1CC2C=CC1C2,Generated,879.0219999999998,1,9,10,4.0,C56H50N2O8
Cc1cc(Cc2ccc(S(=O)(=O)CCNc3cc(C)cc(CN4C(=O)c5ccc6c7ccc8c9c(ccc(c%10ccc(c5c6%10)C4=O)c97)C(=O)N(Cc4cc(C)cc(NCCS(=O)(=O)c5ccc(Cc6cc(C)cc(NCCS(=O)(=O)c7ccccc7)c6)cc5)c4)C8=O)c3)cc2)cc(NCCS(=O)(=O)c2ccccc2)c1,Cc1cc(C)cc(NCCS(=O)(=O)c2ccccc2)c1,Generated,1539.8899999999999,5,20,21,3.0,C88H78N6O12S4
COCCN(CCOCc1ccc2cc(S(=O)(=O)CCN(CCOC)CCOCN3C(=O)c4ccc5c6ccc7c8c(ccc(c9ccc(c4c59)C3=O)c86)C(=O)N(COCCN(CCOC)CCS(=O)(=O)c3ccc4cc(COCCN(CCOC)CCS(=O)(=O)c5ccc6ccccc6c5)ccc4c3)C7=O)ccc2c1)CCS(=O)(=O)c1ccc2ccccc2c1,COCCN(CCOC)CCS(=O)(=O)c1ccc2ccccc2c1,Generated,1788.1619999999998,10,24,25,5.0,C96H102N6O20S4
O=C1c2ccc3c4ccc5c6c(ccc(c7ccc(c2c37)C(=O)N1C=CS(=O)(=O)c1ccc2cc(C=CS(=O)(=O)c3ccc7ccccc7c3)ccc2c1)c64)C(=O)N(C=CS(=O)(=O)c1ccc2cc(C=CS(=O)(=O)c3ccc4ccccc4c3)ccc2c1)C5=O,C=CS(=O)(=O)c1ccc2ccccc2c1,Generated,1255.398,2,15,16,5.0,C72H42N2O12S4
CCC(CCCCc1ccc(S(=O)(=O)CCNCCCOCC(CC)CCCCN2C(=O)c3ccc4c5ccc6c7c(ccc(c8ccc(c3c48)C2=O)c75)C(=O)N(CCCCC(CC)COCCCNCCS(=O)(=O)c2ccc(CCCCC(CC)COCCCNCCS(=O)(=O)c3ccccc3)cc2)C6=O)cc1)COCCCNCCS(=O)(=O)c1ccccc1,CCCCC(CC)COCCCNCCS(=O)(=O)c1ccccc1,Generated,1804.4660000000003,14,24,24,1.5,C100H134N6O16S4
CCCCN(CCCCc1ccc(S(=O)(=O)CCN(CCCC)CCCCN2C(=O)c3ccc4c5ccc6c7c(ccc(c8ccc(c3c48)C2=O)c75)C(=O)N(CCCCN(CCCC)CCS(=O)(=O)c2ccc(CCCCN(CCCC)CCS(=O)(=O)c3ccccc3)cc2)C6=O)cc1)CCS(=O)(=O)c1ccccc1,CCCCN(CCCC)CCS(=O)(=O)c1ccccc1,Generated,1572.146,10,20,20,1.5,C88H110N6O12S4
CCCOC(C)COCCOCCOCCOCCOCCOCCOCC(C)COC(C)COCCOCCOCCOCCOCCOCCOCN1C(=O)c2ccc3c4ccc5c6c(ccc(c7ccc(c2c37)C1=O)c64)C(=O)N(COCCOCCOCCOCCOCCOCCOCC(C)OCC(C)COCCOCCOCCOCCOCCOCCOCC(C)OCCC)C5=O,CCCOC(C)COCCOCCOCCOCCOCCOCCOC,Generated,1968.3740000000005,23,27,26,0.0,C100H162N2O36
CCCOC(C)COCCOCCOCCOCCOCCOCCCC(C)COC(C)COCCOCCOCCOCCOCCOCCCN1C(=O)c2ccc3c4ccc5c6c(ccc(c7ccc(c2c37)C1=O)c64)C(=O)N(CCCOCCOCCOCCOCCOCCOCC(C)OCC(C)CCCOCCOCCOCCOCCOCCOCC(C)OCCC)C5=O,CCCOCCOCCOCCOCCOCCOCC(C)OCCC,Generated,1904.3780000000006,22,26,25,0.0,C100H162N2O32
CCCOC(C)COC(C)COC(C)COC(C)COC(C)COC(C)COC(C)COC(C)COCCOCC(C)COC(C)COC(C)COC(C)COC(C)COC(C)COC(C)COC(C)COC(C)COCCOCN1C(=O)c2ccc3c4ccc5c6c(ccc(c7ccc(c2c37)C1=O)c64)C(=O)N(COCCOCC(C)OCC(C)OCC(C)OCC(C)OCC(C)OCC(C)OCC(C)OCC(C)OCC(C)COCCOCC(C)OCC(C)OCC(C)OCC(C)OCC(C)OCC(C)OCC(C)OCC(C)OCCC)C5=O,CCCOC(C)COC(C)COC(C)COC(C)COC(C)COC(C)COC(C)COC(C)COCCOC,Generated,2713.553999999994,29,40,39,0.0,C144H250N2O44
O=C1c2ccc3c4ccc5c6c(ccc(c7ccc(c2c37)C(=O)N1CCCCNCCS(=O)(=O)c1ccc(CCCCNCCS(=O)(=O)c2ccccc2)cc1)c64)C(=O)N(CCCCNCCS(=O)(=O)c1ccc(CCCCNCCS(=O)(=O)c2ccccc2)cc1)C5=O,CCCCNCCS(=O)(=O)c1ccccc1,Generated,1347.714,7,16,16,1.5,C72H78N6O12S4
COCCN(CCOCc1ccc(S(=O)(=O)CCN(CCOC)CCOCN2C(=O)c3ccc4c5ccc6c7c(ccc(c8ccc(c3c48)C2=O)c75)C(=O)N(COCCN(CCOC)CCS(=O)(=O)c2ccc(COCCN(CCOC)CCS(=O)(=O)c3ccccc3)cc2)C6=O)cc1)CCS(=O)(=O)c1ccccc1,COCCN(CCOC)CCS(=O)(=O)c1ccccc1,Generated,1587.9220000000003,10,20,20,1.5,C80H94N6O20S4
Cc1ccc(C2C(C(=O)OCCc3ccc(C4C(C(=O)OCN5C(=O)c6ccc7c8ccc9c%10c(ccc(c%11ccc(c6c7%11)C5=O)c%108)C(=O)N(COC(=O)C5C(C)ON(c6ccccc6)C5c5ccc(CCOC(=O)C6C(C)ON(c7ccccc7)C6c6ccc(C)cc6)cc5)C9=O)C(C)ON4c4ccccc4)cc3)C(C)ON2c2ccccc2)cc1,COC(=O)C1C(C)ON(c2ccccc2)C1c1ccc(C)cc1,Generated,1627.8139999999996,3,23,25,4.0,C100H86N6O16
CC=CC=C(C=CCc1ccc(-c2ccc(C3CC(C(C=CN4C(=O)c5ccc6c7ccc8c9c(ccc(c%10ccc(c5c6%10)C4=O)c97)C(=O)N(C=CC(=CC=CC)C4CC(c5ccc(-c6ccc(CC=CC(=CC=CC)C7CC(c9ccc(-c%10ccc(C)cc%10)cc9)N(c9ccccc9)O7)cc6)cc5)N(c5ccccc5)O4)C8=O)=CC=CC)ON3c3ccccc3)cc2)cc1)C1CC(c2ccc(-c3ccc(C)cc3)cc2)N(c2ccccc2)O1,C=CC(=CC=CC)C1CC(c2ccc(-c3ccc(C)cc3)cc2)N(c2ccccc2)O1,Generated,2012.5179999999996,6,31,34,5.5,C140H118N6O8
CCCOCC(C)OCCOCCOCCOCCOCCCCOCC(C)OCCOCCOCCOCCOCN1C(=O)c2ccc3c4ccc5c6c(ccc(c7ccc(c2c37)C1=O)c64)C(=O)N(COCCOCCOCCOCCOC(C)COCCCCOCCOCCOCCOCCOC(C)COCCC)C5=O,CCCOCC(C)OCCOCCOCCOCCOC,Generated,1615.9500000000005,17,21,20,0.0,C84H130N2O28
CC1(C)CC(=c2c3ccccc3c(=C3CC(C)(C)N(O)C(C)(C)C3)c3cc(Cc4ccc5c(=C6CC(C)(C)N(O)C(C)(C)C6)c6cc(CN7C(=O)c8ccc9c%10ccc%11c%12c(ccc(c%13ccc(c8c9%13)C7=O)c%12%10)C(=O)N(Cc7ccc8c(=C9CC(C)(C)N(O)C(C)(C)C9)c9cc(Cc%10ccc%12c(=C%13CC(C)(C)N(O)C(C)(C)C%13)c%13ccccc%13c(=C%13CC(C)(C)N(O)C(C)(C)C%13)c%12c%10)ccc9c(=C9CC(C)(C)N(O)C(C)(C)C9)c8c7)C%11=O)ccc6c(=C6CC(C)(C)N(O)C(C)(C)C6)c5c4)ccc23)CC(C)(C)N1O,Cc1ccc2c(=C3CC(C)(C)N(O)C(C)(C)C3)c3ccccc3c(=C3CC(C)(C)N(O)C(C)(C)C3)c2c1,Generated,2385.197999999995,0,37,41,8.5,C156H178N10O12
CCCCCCCCCCC(C)CCCCCCCCCCCCCC(CCCCCCCCCC)CCCCCCCCCCCCN1C(=O)c2ccc3c4ccc5c6c(ccc(c7ccc(c2c37)C1=O)c64)C(=O)N(CCCCCCCCCCCCC(CCCCCCCCCC)CCCCCCCCCCCCCC(C)CCCCCCCCCC)C5=O,CCCCCCCCCCCCC(C)CCCCCCCCCC,Generated,1736.9460000000008,20,24,23,0.0,C120H202N2O4
CCc1ccc(OCCCCCCCCCCCCCCc2ccc(OCCCCCCCCCCCCN3C(=O)c4ccc5c6ccc7c8c(ccc(c9ccc(c4c59)C3=O)c86)C(=O)N(CCCCCCCCCCCCOc3ccc(CCCCCCCCCCCCCCOc4ccc(CC)cc4)cc3)C7=O)cc2)cc1,CCCCCCCCCCCCOc1ccc(CC)cc1,Generated,1544.2540000000001,13,21,21,1.5,C104H138N2O8
CCCCCCCCOc1cccc(OCCCCCCCCc2cc(OCCCCCCCC)c(OCCCCCCCC)c(OCCCCCCCCN3C(=O)c4ccc5c6ccc7c8c(ccc(c9ccc(c4c59)C3=O)c86)C(=O)N(CCCCCCCCOc3cc(CCCCCCCCOc4cccc(OCCCCCCCC)c4OCCCCCCCC)cc(OCCCCCCCC)c3OCCCCCCCC)C7=O)c2)c1OCCCCCCCC,CCCCCCCCOc1cccc(OCCCCCCCC)c1OCCCCCCCC,Generated,2233.326,24,33,33,1.5,C144H218N2O16
CCCCCCCCCCCCCCCCCCCCCCCC(CCCCCCCCCCC)CCCCCCCCCCCN1C(=O)c2ccc3c4ccc5c6c(ccc(c7ccc(c2c37)C1=O)c64)C(=O)N(CCCCCCCCCCCC(CCCCCCCCCCC)CCCCCCCCCCCCCCCCCCCCCCC)C5=O,CCCCCCCCCCCCCCCCCCCCCCC,Generated,1680.8380000000009,20,23,22,0.0,C116H194N2O4
O=C1c2ccc3c4ccc5c6c(ccc(c7ccc(c2c37)C(=O)N1CCCCCCCCCCCCCCCc1cc(O)ccc1CCCCCCCCCCCCCCCc1cccc(O)c1)c64)C(=O)N(CCCCCCCCCCCCCCCc1cc(O)ccc1CCCCCCCCCCCCCCCc1cccc(O)c1)C5=O,CCCCCCCCCCCCCCCc1cccc(O)c1,Generated,1600.3620000000003,14,22,22,1.5,C108H146N2O8
O=C1c2ccc3c4ccc5c6c(ccc(c7ccc(c2c37)C(=O)N1CCCCCCCCCCCCCCCc1cc(OCCO)ccc1CCCCCCCCCCCCCCCc1cccc(OCCO)c1)c64)C(=O)N(CCCCCCCCCCCCCCCc1cc(OCCO)ccc1CCCCCCCCCCCCCCCc1cccc(OCCO)c1)C5=O,CCCCCCCCCCCCCCCc1cccc(OCCO)c1,Generated,1776.574000000001,17,25,25,1.5,C116H162N2O12
CCCCCCCCOC(=O)CCCCCCCCN1C(=O)c2c(C)sc(-c3cc4c(s3)-c3sc(CCCCCCCCCOC(=O)CCCCCCCCN5C(=O)c6c(C)sc(-c7cc8c(s7)-c7sc(CN9C(=O)c%10ccc%11c%12ccc%13c%14c(ccc(c%15ccc(c%10c%11%15)C9=O)c%14%12)C(=O)N(Cc9cc%10c(s9)-c9sc(-c%11sc(C)c%12c%11C(=O)N(CCCCCCCCC(=O)OCCCCCCCCCc%11cc%14c(s%11)-c%11sc(-c%15sc(C)c%16c%15C(=O)N(CCCCCCCCC(=O)OCCCCCCCC)C%16=O)cc%11C%14(C)C)C%12=O)cc9C%10(C)C)C%13=O)cc7C8(C)C)c6C5=O)cc3C4(C)C)c2C1=O,CCCCCCCCOC(=O)CCCCCCCCN1C(=O)c2c(C)sc(-c3cc4c(s3)-c3sc(C)cc3C4(C)C)c2C1=O,Generated,2998.193999999995,17,44,48,8.5,C168H190N6O20S12
CCCCCCCC(C)CCCCCCCCCC(CCCCCCC)CCCCCCCCN1C(=O)c2ccc3c4ccc5c6c(ccc(c7ccc(c2c37)C1=O)c64)C(=O)N(CCCCCCCCC(CCCCCCC)CCCCCCCCCC(C)CCCCCCC)C5=O,CCCCCCCCC(C)CCCCCCC,Generated,1344.1899999999996,13,17,16,0.0,C92H146N2O4
CCCCCCCCCCCCCCCc1cccc(OCCCCCCOC(=O)C=Cc2ccc(OCCCCCCOC(=O)C=CN3C(=O)c4ccc5c6ccc7c8c(ccc(c9ccc(c4c59)C3=O)c86)C(=O)N(C=CC(=O)OCCCCCCOc3ccc(C=CC(=O)OCCCCCCOc4cccc(CCCCCCCCCCCCCCC)c4)c(CCCCCCCCCCCCCCC)c3)C7=O)cc2CCCCCCCCCCCCCCC)c1,C=CC(=O)OCCCCCCOc1cccc(CCCCCCCCCCCCCCC)c1,Generated,2217.1980000000012,23,33,33,1.5,C144H202N2O16
CCCOC(C)COc1cccc(CCCCCCCCCC(C)COC(C)COc2cccc(CCCCCCCCCN3C(=O)c4ccc5c6ccc7c8c(ccc(c9ccc(c4c59)C3=O)c86)C(=O)N(CCCCCCCCCc3cccc(OCC(C)OCC(C)CCCCCCCCCc4cccc(OCC(C)OCCC)c4)c3)C7=O)c2)c1,CCCCCCCCCc1cccc(OCC(C)OCCC)c1,Generated,1664.3579999999995,14,23,23,1.5,C108H146N2O12
CCCOCCCCCCCCCCCCCCCOCCCCCCCCCCCCN1C(=O)c2ccc3c4ccc5c6c(ccc(c7ccc(c2c37)C1=O)c64)C(=O)N(CCCCCCCCCCCCOCCCCCCCCCCCCCCCOCCC)C5=O,CCCCCCCCCCCCOCCC,Generated,1295.9699999999998,13,16,15,0.0,C84H130N2O8
CC(=CCCC(C)CCOc1ccc(C)cc1)CCc1ccc(OCCC(C)CCC=C(C)CN2C(=O)c3ccc4c5ccc6c7c(ccc(c8ccc(c3c48)C2=O)c75)C(=O)N(CC(C)=CCCC(C)CCOc2ccc(CCC(C)=CCCC(C)CCOc3ccc(C)cc3)cc2)C6=O)cc1,CC(C)=CCCC(C)CCOc1ccc(C)cc1,Generated,1367.8659999999995,7,18,18,1.5,C92H106N2O8
O=C1c2ccc3c4ccc5c6c(ccc(c7ccc(c2c37)C(=O)N1CCCCCCCCCCCCc1ccc(CCCCCCCCCCCCc2ccccc2)cc1)c64)C(=O)N(CCCCCCCCCCCCc1ccc(CCCCCCCCCCCCc2ccccc2)cc1)C5=O,CCCCCCCCCCCCc1ccccc1,Generated,1368.0419999999992,11,18,18,1.5,C96H122N2O4
COCCOCCOc1cccc(OCCOCCOCc2cc(OCCOCCOC)c(OCCOCCOC)c(OCCOCCOCN3C(=O)c4ccc5c6ccc7c8c(ccc(c9ccc(c4c59)C3=O)c86)C(=O)N(COCCOCCOc3cc(COCCOCCOc4cccc(OCCOCCOC)c4OCCOCCOC)cc(OCCOCCOC)c3OCCOCCOC)C7=O)c2)c1OCCOCCOC,COCCOCCOc1cccc(OCCOCCOC)c1OCCOCCOC,Generated,2112.3300000000004,21,30,30,1.5,C108H146N2O40
CCC(C)CC(C)(CC)C(C)(C)CC(C)(CCCCC(C)CC(C)(CC)C(C)(C)CC(C)(CCN1C(=O)c2ccc3c4ccc5c6c(ccc(c7ccc(c2c37)C1=O)c64)C(=O)N(CCC(C)(CC(C)(C)C(C)(CC)CC(C)CCCCC(C)(CC(C)(C)C(C)(CC)CC(C)CC)C(C)(C)C)C(C)(C)C)C5=O)C(C)(C)C)C(C)(C)C,CCC(C)CC(C)(CC)C(C)(C)CC(C)(CC)C(C)(C)C,Generated,1568.6219999999967,8,21,20,0.0,C108H178N2O4
CCC(C)CC1(C)CCC1(C)CC(C)(CCCCC(C)CC1(C)CCC1(C)CC(C)(CCN1C(=O)c2ccc3c4ccc5c6c(ccc(c7ccc(c2c37)C1=O)c64)C(=O)N(CCC(C)(CC1(C)CCC1(C)CC(C)CCCCC(C)(CC1(C)CCC1(C)CC(C)CC)C(C)(C)C)C(C)(C)C)C5=O)C(C)(C)C)C(C)(C)C,CCC(C)CC1(C)CCC1(C)CC(C)(CC)C(C)(C)C,Generated,1504.4499999999969,6,20,20,1.0,C104H162N2O4
CCC(C)(CC(c1ccccc1)C(C)(CC)CC)C(C)CCCCC(C)(CC)C(CC(C)(CC)C(C)CCN1C(=O)c2ccc3c4ccc5c6c(ccc(c7ccc(c2c37)C1=O)c64)C(=O)N(CCC(C)C(C)(CC)CC(c1ccccc1)C(C)(CC)CCCCC(C)C(C)(CC)CC(c1ccccc1)C(C)(CC)CC)C5=O)c1ccccc1,CCC(C)C(C)(CC)CC(c1ccccc1)C(C)(CC)CC,Generated,1592.4739999999986,9,22,22,1.5,C112H154N2O4
CCC(C)CC(C)(CCCCC(C)CC(C)(CCN1C(=O)c2ccc3c4ccc5c6c(ccc(c7ccc(c2c37)C1=O)c64)C(=O)N(CCC(C)(CC(C)CCCCC(C)(CC(C)CC)C(C)(C)CC(C)(C)C(C)(C)C)C(C)(C)CC(C)(C)C(C)(C)C)C5=O)C(C)(C)CC(C)(C)C(C)(C)C)C(C)(C)CC(C)(C)C(C)(C)C,CCC(C)CC(C)(CC)C(C)(C)CC(C)(C)C(C)(C)C,Generated,1512.5139999999956,7,20,19,0.0,C104H170N2O4
CCC(C)CC(CC)(CCCCC(C)CC(CC)(CCN1C(=O)c2ccc3c4ccc5c6c(ccc(c7ccc(c2c37)C1=O)c64)C(=O)N(CCC(CC)(CC(C)CCCCC(CC)(CC(C)CC)C(C)(C)CC(C)(C)C(C)(C)C)C(C)(C)CC(C)(C)C(C)(C)C)C5=O)C(C)(C)CC(C)(C)C(C)(C)C)C(C)(C)CC(C)(C)C(C)(C)C,CCC(C)CC(CC)(CC)C(C)(C)CC(C)(C)C(C)(C)C,Generated,1568.6219999999953,8,21,20,0.0,C108H178N2O4
O=C1c2ccc3c4ccc5c6c(ccc(c7ccc(c2c37)C(=O)N1CCCCCCCCCCCCCCCCCCSc1ccc(CCCCCCCCCCCCCCCCCCSc2ccccc2)cc1)c64)C(=O)N(CCCCCCCCCCCCCCCCCCSc1ccc(CCCCCCCCCCCCCCCCCCSc2ccccc2)cc1)C5=O,CCCCCCCCCCCCCCCCCCSc1ccccc1,Generated,1832.9580000000008,18,25,25,1.5,C120H170N2O4S4
CCCCCCCCCCCN(CCCCCCCCCCCc1ccc(S(=O)(=O)N(CCCCCCCCCCC)CCCCCCCCCCCN2C(=O)c3ccc4c5ccc6c7c(ccc(c8ccc(c3c48)C2=O)c75)C(=O)N(CCCCCCCCCCCN(CCCCCCCCCCC)S(=O)(=O)c2ccc(CCCCCCCCCCCN(CCCCCCCCCCC)S(=O)(=O)c3ccccc3)cc2)C6=O)cc1)S(=O)(=O)c1ccccc1,CCCCCCCCCCCN(CCCCCCCCCCC)S(=O)(=O)c1ccccc1,Generated,2245.441999999998,22,32,32,1.5,C136H206N6O12S4
O=C1c2ccc3c4ccc5c6c(ccc(c7ccc(c2c37)C(=O)N1CCCCCCCCCCSc1ccc(CCCCCCCCCCSc2ccccc2)cc1)c64)C(=O)N(CCCCCCCCCCSc1ccc(CCCCCCCCCCSc2ccccc2)cc1)C5=O,CCCCCCCCCCSc1ccccc1,Generated,1384.0939999999994,10,17,17,1.5,C88H106N2O4S4
Cc1ccc2c(c1)N(C)CCN2CCc1ccc2c(c1)N(C)CCN2CN1C(=O)c2ccc3c4ccc5c6c(ccc(c7ccc(c2c37)C1=O)c64)C(=O)N(CN1CCN(C)c2cc(CCN3CCN(C)c4cc(C)ccc43)ccc21)C5=O,Cc1ccc2c(c1)N(C)CCN2C,Generated,1087.3419999999992,0,13,14,4.5,C68H66N10O4
CCC(C)(CC)C1c2ccccc2C1(C)C(C)CCCCC(C)(CC)C1c2ccccc2C1(C)C(C)CCN1C(=O)c2ccc3c4ccc5c6c(ccc(c7ccc(c2c37)C1=O)c64)C(=O)N(CCC(C)C1(C)c2ccccc2C1C(C)(CC)CCCCC(C)C1(C)c2ccccc2C1C(C)(CC)CC)C5=O,CCC(C)C1(C)c2ccccc2C1C(C)(CC)CC,Generated,1416.0859999999989,5,19,20,4.5,C100H122N2O4
CCC(C)(C)C(c1ccccc1)C(C)(C)C(C)CCCCC(C)(C)C(c1ccccc1)C(C)(C)C(C)CCN1C(=O)c2ccc3c4ccc5c6c(ccc(c7ccc(c2c37)C1=O)c64)C(=O)N(CCC(C)C(C)(C)C(c1ccccc1)C(C)(C)CCCCC(C)C(C)(C)C(c1ccccc1)C(C)(C)CC)C5=O,CCC(C)C(C)(C)C(c1ccccc1)C(C)(C)CC,Generated,1424.1499999999985,6,19,19,1.5,C100H130N2O4
N=NCCCCCCCCCCCCCC(CCCCCCCCCCCCN1C(=O)c2ccc3c4ccc5c6c(ccc(c7ccc(c2c37)C1=O)c64)C(=O)N(CCCCCCCCCCCCC(CCCCCCCCCCCCCN=N)N=N)C5=O)N=N,CCCCCCCCCCCCCN=N,Generated,1231.8139999999999,12,15,14,0.0,C76H114N10O4
CC(=CCC(C)CCc1cc(C=Cc2ccc(C=Cc3ccc(CNC(=O)C(C)=CN4C(=O)c5ccc6c7ccc8c9c(ccc(c%10ccc(c5c6%10)C4=O)c97)C(=O)N(C=C(C)C(=O)NCc4ccc(C=Cc5ccc(C=Cc6ccc(O)c(CCC(C)CC=C(C)C(=O)NCc7ccc(C=Cc9ccc(C=Cc%10ccc(O)c(CCC(C)C)c%10)cc9)cc7)c6)cc5)cc4)C8=O)cc3)cc2)ccc1O)C(=O)NCc1ccc(C=Cc2ccc(C=Cc3ccc(O)c(CCC(C)C)c3)cc2)cc1,C=C(C)C(=O)NCc1ccc(C=Cc2ccc(C=Cc3ccc(O)c(CCC(C)C)c3)cc2)cc1,Generated,2244.8379999999975,10,35,37,4.5,C152H142N6O12
CC(Cc1ccc(Nc2ccc(C(=O)NC(C)CN3C(=O)c4ccc5c6ccc7c8c(ccc(c9ccc(c4c59)C3=O)c86)C(=O)N(CC(C)NC(=O)c3ccc(Nc4ccc(CC(C)NC(=O)c5ccc(Nc6ccccc6)cc5)cc4)cc3)C7=O)cc2)cc1)NC(=O)c1ccc(Nc2ccccc2)cc1,CC(C)NC(=O)c1ccc(Nc2ccccc2)cc1,Generated,1399.622,4,19,20,3.0,C88H74N10O8
CCCCOC(C)(C)C(=O)CCCCCOC(C)CCCCCOC(C)(C)C(=O)CCCCCOC(C)CN1C(=O)c2ccc3c4ccc5c6c(ccc(c7ccc(c2c37)C1=O)c64)C(=O)N(CC(C)OCCCCCC(=O)C(C)(C)OCCCCCC(C)OCCCCCC(=O)C(C)(C)OCCCC)C5=O,CCCCOC(C)(C)C(=O)CCCCCOC(C)C,Generated,1472.0059999999994,12,19,18,0.0,C88H130N2O16
C#CC#CC#CC#CC#CC#CN(C#CC#CC#CC#CC#CC#Cc1ccc(S(=O)(=O)N(C#CC#CC#CC#CC#CC#C)C#CC#CC#CC#CC#CC#CN2C(=O)c3ccc4c5ccc6c7c(ccc(c8ccc(c3c48)C2=O)c75)C(=O)N(C#CC#CC#CC#CC#CC#CN(C#CC#CC#CC#CC#CC#C)S(=O)(=O)c2ccc(C#CC#CC#CC#CC#CC#CN(C#CC#CC#CC#CC#CC#C)S(=O)(=O)c3ccccc3)cc2)C6=O)cc1)S(=O)(=O)c1ccccc1,C#CC#CC#CC#CC#CC#CN(C#CC#CC#CC#CC#CC#C)S(=O)(=O)c1ccccc1,Generated,2164.121999999996,2,34,34,1.5,C144H30N6O12S4
O=C1c2ccc3c4ccc5c6c(ccc(c7ccc(c2c37)C(=O)N1C1=CC(N(C2=CC=C(C3=CC(N(C7=CC=CCC7)c7ccccc7)=CCC3)CC2)c2ccccc2)=CCC1)c64)C(=O)N(C1=CC(N(C2=CC=C(C3=CC(N(C4=CC=CCC4)c4ccccc4)=CCC3)CC2)c2ccccc2)=CCC1)C5=O,C1=CCCC(N(C2=CCCC=C2)c2ccccc2)=C1,Generated,1379.7179999999996,3,19,21,3.5,C96H78N6O4
CCCCCCCCCCC(=O)OCC[N+](C)(C)CCCCCCCCCCCC(=O)OCC[N+](C)(C)CN1C(=O)c2ccc3c4ccc5c6c(ccc(c7ccc(c2c37)C1=O)c64)C(=O)N(C[N+](C)(C)CCOC(=O)CCCCCCCCCCC[N+](C)(C)CCOC(=O)CCCCCCCCCC)C5=O,CCCCCCCCCCC(=O)OCC[N+](C)(C)C,Generated,1472.1020000000003,12,19,18,0.0,C88H138N6O12+4
CCN1C(=O)c2ccc3c4c(ccc(c24)C1=O)C(O)N(CCCN1C(=O)c2ccc4c5c(ccc(c25)C1=O)C(O)N(CN1C(=O)c2ccc5c6ccc7c8c(ccc(c9ccc(c2c59)C1=O)c86)C(=O)N(CN1C(=O)c2ccc5c6c(ccc(c26)C1O)C(=O)N(CCCN1C(=O)c2ccc6c8c(ccc(c28)C1O)C(=O)N(CC)C6=O)C5=O)C7=O)C4=O)C3=O,CCN1C(=O)c2ccc3c4c(ccc(c24)C1=O)C(O)N(C)C3=O,Generated,1623.5259999999996,1,23,26,7.0,C92H58N10O20
CC(C)(COc1cccnc1)OCC(S)CSC(COC(C)(C)COc1cccnc1)CN1C(=O)c2ccc3c4ccc5c6c(ccc(c7ccc(c2c37)C1=O)c64)C(=O)N(CC(COC(C)(C)COc1cccnc1)SCC(S)COC(C)(C)COc1cccnc1)C5=O,CC(S)COC(C)(C)COc1cccnc1,Generated,1347.7139999999995,6,16,16,1.5,C72H78N6O12S4
CC(CCCCCCCC(CCCCCCOC1CO1)CCCCCCN1C(=O)c2ccc3c4ccc5c6c(ccc(c7ccc(c2c37)C1=O)c64)C(=O)N(CCCCCCC(CCCCCCCC(C)CCCCCCOC1CO1)CCCCCCOC1CO1)C5=O)CCCCCCOC1CO1,CCCCCCC(C)CCCCCCOC1CO1,Generated,1408.0099999999998,13,18,18,1.0,C88H130N2O12
CCCCCCC(CC)CCCCCCCCCC(CCCCCC)CCCCCCCN1C(=O)c2ccc3c4ccc5c6c(ccc(c7ccc(c2c37)C1=O)c64)C(=O)N(CCCCCCCC(CCCCCC)CCCCCCCCCC(CC)CCCCCC)C5=O,CCCCCCCC(CC)CCCCCC,Generated,1288.0819999999997,12,16,15,0.0,C88H138N2O4
COCCCCCCC(C)CCCCCCCC(CCCCCCOC)CCCCCCN1C(=O)c2ccc3c4ccc5c6c(ccc(c7ccc(c2c37)C1=O)c64)C(=O)N(CCCCCCC(CCCCCCCC(C)CCCCCCOC)CCCCCCOC)C5=O,CCCCCCC(C)CCCCCCOC,Generated,1295.9699999999996,12,16,15,0.0,C84H130N2O8
CC(CCCCCCCC(CCCCCCSc1ccccc1)CCCCCCN1C(=O)c2ccc3c4ccc5c6c(ccc(c7ccc(c2c37)C1=O)c64)C(=O)N(CCCCCCC(CCCCCCCC(C)CCCCCCSc1ccccc1)CCCCCCSc1ccccc1)C5=O)CCCCCCSc1ccccc1,CCCCCCC(C)CCCCCCSc1ccccc1,Generated,1608.5259999999998,13,21,21,1.5,C104H138N2O4S4
CC(C)(CCc1ccc2c(=C3CC(C)(C)N(O)C(C)(C)C3)c3cc(C(C)(C)CCN4C(=O)c5ccc6c7ccc8c9c(ccc(c%10ccc(c5c6%10)C4=O)c97)C(=O)N(CCC(C)(C)c4ccc5c(=C6CC(C)(C)N(O)C(C)(C)C6)c6cc(CCC(C)(C)c7ccc9c(=C%10CC(C)(C)N(O)C(C)(C)C%10)c%10ccccc%10c(=C%10CC(C)(C)N(O)C(C)(C)C%10)c9c7)ccc6c(=C6CC(C)(C)N(O)C(C)(C)C6)c5c4)C8=O)ccc3c(=C3CC(C)(C)N(O)C(C)(C)C3)c2c1)c1ccc2c(=C3CC(C)(C)N(O)C(C)(C)C3)c3ccccc3c(=C3CC(C)(C)N(O)C(C)(C)C3)c2c1,CCC(C)(C)c1ccc2c(=C3CC(C)(C)N(O)C(C)(C)C3)c3ccccc3c(=C3CC(C)(C)N(O)C(C)(C)C3)c2c1,Generated,2609.6299999999933,2,41,45,8.5,C172H210N10O12
O=C(OCc1nc2ccc(C(=O)OCN3C(=O)c4ccc5c6ccc7c8c(ccc(c9ccc(c4c59)C3=O)c86)C(=O)N(COC(=O)c3ccc4nc(COC(=O)c5ccc6ncoc6c5)oc4c3)C7=O)cc2o1)c1ccc2ncoc2c1,COC(=O)c1ccc2ncoc2c1,Generated,1090.926,1,13,14,5.0,C60H30N6O16
O=C1c2ccc3c4ccc5c6c(ccc(c7ccc(c2c37)C(=O)N1c1ccc2sc(-c3ccc7scnc7c3)nc2c1)c64)C(=O)N(c1ccc2sc(-c3ccc4scnc4c3)nc2c1)C5=O,c1ccc2scnc2c1,Generated,923.0539999999997,0,9,10,5.0,C52H22N6O4S4
O=C(Cc1cscn1)OCCCCCCCCc1nc(CC(=O)OCCCCCCCCN2C(=O)c3ccc4c5ccc6c7c(ccc(c8ccc(c3c48)C2=O)c75)C(=O)N(CCCCCCCCOC(=O)Cc2csc(CCCCCCCCOC(=O)Cc3cscn3)n2)C6=O)cs1,CCCCCCCCOC(=O)Cc1cscn1,Generated,1403.822,9,17,17,1.5,C76H86N6O12S4
CCC(CCCCc1nc(CC(=O)OCC(CC)CCCCN2C(=O)c3ccc4c5ccc6c7c(ccc(c8ccc(c3c48)C2=O)c75)C(=O)N(CCCCC(CC)COC(=O)Cc2csc(CCCCC(CC)COC(=O)Cc3cscn3)n2)C6=O)cs1)COC(=O)Cc1cscn1,CCCCC(CC)COC(=O)Cc1cscn1,Generated,1403.8219999999994,8,17,17,1.5,C76H86N6O12S4
Cc1ccc(Cc2nc3c(CN4C(=O)c5ccc6c7ccc8c9c(ccc(c%10ccc(c5c6%10)C4=O)c97)C(=O)N(Cc4ccc(C)c5sc(Cc6ccc(C)c7scnc67)nc45)C8=O)ccc(C)c3s2)c2ncsc12,Cc1ccc(C)c2scnc12,Generated,1035.2699999999998,0,11,12,5.0,C60H38N6O4S4
O=C1c2ccc3c4ccc5c6c(ccc(c7ccc(c2c37)C(=O)N1c1cc2ccc(-c3cc7ccccc7cn3)cc2cn1)c64)C(=O)N(c1cc2ccc(-c3cc4ccccc4cn3)cc2cn1)C5=O,c1ccc2cnccc2c1,Generated,898.9379999999998,0,10,11,5.0,C60H30N6O4
O=C1c2ccc3c4ccc5c6c(ccc(c7ccc(c2c37)C(=O)N1c1cc(-c2ccc3cccnc3c2)c2cccnc2c1)c64)C(=O)N(c1cc(-c2ccc3cccnc3c2)c2cccnc2c1)C5=O,c1ccc2ncccc2c1,Generated,898.9379999999998,0,10,11,5.0,C60H30N6O4
O=C1c2ccc3c4ccc5c6c(ccc(c7ccc(c2c37)C(=O)N1Cc1cccc2sc(Cc3cccc7scnc37)nc12)c64)C(=O)N(Cc1cccc2sc(Cc3cccc4scnc34)nc12)C5=O,Cc1cccc2scnc12,Generated,979.1619999999996,0,10,11,5.0,C56H30N6O4S4
O=C(Cc1cscn1)OCCCCCCCc1nc(CC(=O)OCCCCCCCN2C(=O)c3ccc4c5ccc6c7c(ccc(c8ccc(c3c48)C2=O)c75)C(=O)N(CCCCCCCOC(=O)Cc2csc(CCCCCCCOC(=O)Cc3cscn3)n2)C6=O)cs1,CCCCCCCOC(=O)Cc1cscn1,Generated,1347.714,8,16,16,1.5,C72H78N6O12S4
O=C(OCc1nc2ccc(C(=O)OCN3C(=O)c4ccc5c6ccc7c8c(ccc(c9ccc(c4c59)C3=O)c86)C(=O)N(COC(=O)c3ccc4nc(COC(=O)c5ccc6ncsc6c5)sc4c3)C7=O)cc2s1)c1ccc2ncsc2c1,COC(=O)c1ccc2ncsc2c1,Generated,1155.1979999999999,1,13,14,5.0,C60H30N6O12S4
O=C1c2ccc3c4ccc5c6c(ccc(c7ccc(c2c37)C(=O)N1c1ccc(N(c2ccccc2)c2ccc(-c3ccc(N(c7ccccc7)c7ccccc7)cc3)cc2)cc1)c64)C(=O)N(c1ccc(N(c2ccccc2)c2ccc(-c3ccc(N(c4ccccc4)c4ccccc4)cc3)cc2)cc1)C5=O,c1ccc(N(c2ccccc2)c2ccccc2)cc1,Generated,1363.59,3,19,21,4.5,C96H62N6O4
O=C1c2ccc3c4ccc5c6c(ccc(c7ccc(c2c37)C(=O)N1SCCCCCCC(CCCCCCS)SCCCCCCCCCCCCCS)c64)C(=O)N(SCCCCCCC(CCCCCCS)SCCCCCCCCCCCCCS)C5=O,SCCCCCCCCCCCCCS,Generated,1376.2939999999999,12,15,14,0.0,C76H114N2O4S8
O=C(NCCCCCCCCCCCCCCCCCCc1ccc(Cc2ccc(C(=O)NCCCCCCCCCCCCCCCCCCN3C(=O)c4ccc5c6ccc7c8c(ccc(c9ccc(c4c59)C3=O)c86)C(=O)N(CCCCCCCCCCCCCCCCCCNC(=O)c3ccc(Cc4ccc(CCCCCCCCCCCCCCCCCCNC(=O)c5ccc(Cc6ccccc6)cc5)cc4)cc3)C7=O)cc2)cc1)c1ccc(Cc2ccccc2)cc1,CCCCCCCCCCCCCCCCCCNC(=O)c1ccc(Cc2ccccc2)cc1,Generated,2237.2899999999986,20,34,35,3.0,C152H198N6O8
CCCCCCCCC(C)(CCCCCCCC)COC(=O)C(C)=CCC(CCCCCCCC)(CCCCCCCC)COC(=O)C(C)=CN1C(=O)c2ccc3c4ccc5c6c(ccc(c7ccc(c2c37)C1=O)c64)C(=O)N(C=C(C)C(=O)OCC(CC=C(C)C(=O)OCC(C)(CCCCCCCC)CCCCCCCC)(CCCCCCCC)CCCCCCCC)C5=O,C=C(C)C(=O)OCC(C)(CCCCCCCC)CCCCCCCC,Generated,1792.702,17,25,24,0.0,C116H178N2O12
O=C1c2ccc3c4ccc5c6c(ccc(c7ccc(c2c37)C(=O)N1Cc1cc(Cc2ccccc2N=Nc2ccc(S(=O)(=O)O)cc2)ccc1N=Nc1ccc(S(=O)(=O)O)cc1)c64)C(=O)N(Cc1cc(Cc2ccccc2N=Nc2ccc(S(=O)(=O)O)cc2)ccc1N=Nc1ccc(S(=O)(=O)O)cc1)C5=O,Cc1ccccc1N=Nc1ccc(S(=O)(=O)O)cc1,Generated,1487.5580000000004,3,19,20,3.0,C76H50N10O16S4
CC(C)CCCOC(=O)CCC(=O)OCCNC(=O)C=CC(COC(=O)CCC(=O)OCCNC(=O)C=CN1C(=O)c2ccc3c4ccc5c6c(ccc(c7ccc(c2c37)C1=O)c64)C(=O)N(C=CC(=O)NCCOC(=O)CCC(=O)OCC(C=CC(=O)NCCOC(=O)CCC(=O)OCCCC(C)C)CC(C)C)C5=O)CC(C)C,C=CC(=O)NCCOC(=O)CCC(=O)OCCCC(C)C,Generated,1579.7579999999996,11,21,20,0.0,C84H102N6O24
C=C(C)C(=O)OCC(COC(=O)C(C)=CC(COC(=O)CCC(=O)OC(COC(=O)C(=C)C)COC(=O)C(C)=CN1C(=O)c2ccc3c4ccc5c6c(ccc(c7ccc(c2c37)C1=O)c64)C(=O)N(C=C(C)C(=O)OCC(COC(=O)C(=C)C)OC(=O)CCC(=O)OCC(C=C(C)C(=O)OCC(COC(=O)C(=C)C)OC(=O)CCC(=O)OCCCC(C)C)CC(C)C)C5=O)CC(C)C)OC(=O)CCC(=O)OCCCC(C)C,C=C(C)C(=O)OCC(COC(=O)C(=C)C)OC(=O)CCC(=O)OCCCC(C)C,Generated,2032.2059999999992,14,29,28,0.0,C108H130N2O36
CC(C)CCCOC(=O)COCCOCCOCC(COC(=O)COCCOCCOCN1C(=O)c2ccc3c4ccc5c6c(ccc(c7ccc(c2c37)C1=O)c64)C(=O)N(COCCOCCOCC(=O)OCC(COCCOCCOCC(=O)OCCCC(C)C)CC(C)C)C5=O)CC(C)C,COCCOCCOCC(=O)OCCCC(C)C,Generated,1431.6739999999995,12,18,17,0.0,C76H106N2O24
CC(C)CCCOC(=O)CCCCCNC(=O)CC(COC(=O)CCCCCNC(=O)CN1C(=O)c2ccc3c4ccc5c6c(ccc(c7ccc(c2c37)C1=O)c64)C(=O)N(CC(=O)NCCCCCC(=O)OCC(CC(=O)NCCCCCC(=O)OCCCC(C)C)CC(C)C)C5=O)CC(C)C,CC(=O)NCCCCCC(=O)OCCCC(C)C,Generated,1411.7859999999994,10,18,17,0.0,C80H110N6O16
CCCOCC(COCCCOCC(COCCCC(COCC(COCCC)OCCC)COCC(COCCCN1C(=O)c2ccc3c4ccc5c6c(ccc(c7ccc(c2c37)C1=O)c64)C(=O)N(CCCOCC(COCC(CCCOCC(COCCCOCC(COCCC)OCCC)OCCC)COCC(COCCC)OCCC)OCCC)C5=O)OCCC)OCCC)OCCC,CCCOCC(COCCCOCC(COCCC)OCCC)OCCC,Generated,1952.5980000000002,22,27,26,0.0,C108H178N2O28
C=C(C)C(=O)OCC(COC(=N)C(C)=CC(COC(=O)CCC(=O)OC(COC(=N)C(C)=CN1C(=O)c2ccc3c4ccc5c6c(ccc(c7ccc(c2c37)C1=O)c64)C(=O)N(C=C(C)C(=N)OCC(COC(=O)C(=C)C)OC(=O)CCC(=O)OCC(C=C(C)C(=N)OCC(COC(=O)C(=C)C)OC(=O)CCC(=O)OCCCC(C)C)CC(C)C)C5=O)COC(=O)C(=C)C)CC(C)C)OC(=O)CCC(=O)OCCCC(C)C,C=C(C)C(=N)OCC(COC(=O)C(=C)C)OC(=O)CCC(=O)OCCCC(C)C,Generated,2028.269999999999,14,29,28,0.0,C108H134N6O32
CC(C)CCCOC(=O)CCC(=O)OCCOC(=O)C=CC(COC(=O)CCC(=O)OCCOC(=O)C=CN1C(=O)c2ccc3c4ccc5c6c(ccc(c7ccc(c2c37)C1=O)c64)C(=O)N(C=CC(=O)OCCOC(=O)CCC(=O)OCC(C=CC(=O)OCCOC(=O)CCC(=O)OCCCC(C)C)CC(C)C)C5=O)CC(C)C,C=CC(=O)OCCOC(=O)CCC(=O)OCCCC(C)C,Generated,1583.6939999999995,11,21,20,0.0,C84H98N2O28
CCC(CCCCc1cc(C(C)(C)C)c(NC(=O)Nc2nc(=O)cc(C(CC)CCCCN3C(=O)c4ccc5c6ccc7c8c(ccc(c9ccc(c4c59)C3=O)c86)C(=O)N(CCCCC(CC)c3cc(=O)nc(NC(=O)Nc4cc(C(C)(C)C)c(CCCCC(CC)c5cc(=O)nc(NC(=O)Nc6cc(C(C)(C)C)ccc6C(C)(C)C)[nH]5)cc4C(C)(C)C)[nH]3)C7=O)[nH]2)cc1C(C)(C)C)c1cc(=O)nc(NC(=O)Nc2cc(C(C)(C)C)ccc2C(C)(C)C)[nH]1,CCCCC(CC)c1cc(=O)nc(NC(=O)Nc2cc(C(C)(C)C)ccc2C(C)(C)C)[nH]1,Generated,2144.8179999999966,7,32,33,3.0,C128H162N18O12
CC1COCCOCCOC(CC2COCCOCCOC(N3C(=O)c4ccc5c6ccc7c8c(ccc(c9ccc(c4c59)C3=O)c86)C(=O)N(C3COCCOCCOC(CC4COCCOCCOC(C)COCCOCCO4)COCCOCCO3)C7=O)COCCOCCO2)COCCOCCO1,CC1COCCOCCOCCOCCOCCO1,Generated,1495.6700000000003,0,19,19,1.0,C76H106N2O28
CCCCCCCCCCCCCCCCC(C)(CO)CCCCCCCCCCCCCCCCCC(CO)(CCCCCCCCCCCCCCCC)CCCCCCCCCCCCCCCCN1C(=O)c2ccc3c4ccc5c6c(ccc(c7ccc(c2c37)C1=O)c64)C(=O)N(CCCCCCCCCCCCCCCCC(CO)(CCCCCCCCCCCCCCCC)CCCCCCCCCCCCCCCCCC(C)(CO)CCCCCCCCCCCCCCCC)C5=O,CCCCCCCCCCCCCCCCC(C)(CO)CCCCCCCCCCCCCCCC,Generated,2418.13,31,36,35,0.0,C164H290N2O8
CCCCCCC(C)(CCCCCC)COC(=O)C(C)=CCC(CCCCCC)(CCCCCC)COC(=O)C(C)=CN1C(=O)c2ccc3c4ccc5c6c(ccc(c7ccc(c2c37)C1=O)c64)C(=O)N(C=C(C)C(=O)OCC(CC=C(C)C(=O)OCC(C)(CCCCCC)CCCCCC)(CCCCCC)CCCCCC)C5=O,C=C(C)C(=O)OCC(C)(CCCCCC)CCCCCC,Generated,1568.27,13,21,20,0.0,C100H146N2O12
CCCCCCCC(C)(CO)CCCCCCCCC(CO)(CCCCCCC)CCCCCCCN1C(=O)c2ccc3c4ccc5c6c(ccc(c7ccc(c2c37)C1=O)c64)C(=O)N(CCCCCCCC(CO)(CCCCCCC)CCCCCCCCC(C)(CO)CCCCCCC)C5=O,CCCCCCCC(C)(CO)CCCCCCC,Generated,1408.1860000000001,13,18,17,0.0,C92H146N2O8
CCCCCCCCCCCCCCCCC(C)(CCCCCCCCCCCCCCCC)COC(=O)C(C)=CCC(CCCCCCCCCCCCCCCC)(CCCCCCCCCCCCCCCC)COC(=O)C(C)=CN1C(=O)c2ccc3c4ccc5c6c(ccc(c7ccc(c2c37)C1=O)c64)C(=O)N(C=C(C)C(=O)OCC(CC=C(C)C(=O)OCC(C)(CCCCCCCCCCCCCCCC)CCCCCCCCCCCCCCCC)(CCCCCCCCCCCCCCCC)CCCCCCCCCCCCCCCC)C5=O,C=C(C)C(=O)OCC(C)(CCCCCCCCCCCCCCCC)CCCCCCCCCCCCCCCC,Generated,2690.4299999999994,33,41,40,0.0,C180H306N2O12
Cc1ccc(C(CCc2ccc(C(CN3C(=O)c4ccc5c6ccc7c8c(ccc(c9ccc(c4c59)C3=O)c86)C(=O)N(CC(ON(C(c3ccccc3)C(C)C)C(C)(C)C)c3ccc(CCC(ON(C(c4ccccc4)C(C)C)C(C)(C)C)c4ccc(C)cc4)cc3)C7=O)ON(C(c3ccccc3)C(C)C)C(C)(C)C)cc2)ON(C(c2ccccc2)C(C)C)C(C)(C)C)cc1,Cc1ccc(C(C)ON(C(c2ccccc2)C(C)C)C(C)(C)C)cc1,Generated,1740.3819999999976,6,25,26,3.0,C116H134N6O8
Cc1ccc(-c2ccc(C(Cc3ccc(-c4ccc(C(=Nc5ccccc5)N5C(=O)c6ccc7c8ccc9c%10c(ccc(c%11ccc(c6c7%11)C5=O)c%108)C(=O)N(C(=Nc5ccccc5)c5ccc(-c6ccc(CC(=Nc7ccccc7)c7ccc(-c8ccc(C)cc8)cc7)cc6)cc5)C9=O)cc4)cc3)=Nc3ccccc3)cc2)cc1,Cc1ccc(-c2ccc(C=Nc3ccccc3)cc2)cc1,Generated,1467.7419999999995,3,21,23,4.5,C104H70N6O4
Cc1ccc(-c2ccc(C=NCCCCCc3ccc(-c4ccc(C=NCCCCN5C(=O)c6ccc7c8ccc9c%10c(ccc(c%11ccc(c6c7%11)C5=O)c%108)C(=O)N(CCCCN=Cc5ccc(-c6ccc(CCCCCN=Cc7ccc(-c8ccc(C)cc8)cc7)cc6)cc5)C9=O)cc4)cc3)cc2)cc1,CCCCN=Cc1ccc(-c2ccc(C)cc2)cc1,Generated,1387.781999999999,5,19,20,3.0,C96H86N6O4
Cc1ccc(-c2ccc(C3OCCO3)cc2)cc1Cc1ccc(-c2ccc(C3OCCO3)cc2)cc1N1C(=O)c2ccc3c4ccc5c6c(ccc(c7ccc(c2c37)C1=O)c64)C(=O)N(c1cc(-c2ccc(C3OCCO3)cc2)ccc1Cc1cc(-c2ccc(C3OCCO3)cc2)ccc1C)C5=O,Cc1ccc(-c2ccc(C3OCCO3)cc2)cc1,Generated,1343.4979999999994,2,18,20,4.0,C88H66N2O12
O=C1c2ccc3c4ccc5c6c(ccc(c7ccc(c2c37)C(=O)N1CC(CCc1cccc2ccccc12)c1cccc2ccccc12)c64)C(=O)N(CC(CCc1cccc2ccccc12)c1cccc2ccccc12)C5=O,CCc1cccc2ccccc12,Generated,1007.2019999999999,1,12,13,5.0,C72H50N2O4
CC1CC2CC(C1CCC1CC3CC(C1CN1C(=O)c4ccc5c6ccc7c8c(ccc(c9ccc(c4c59)C1=O)c86)C(=O)N(CC1C(CCC4C(C)CC5CC4C5(C)C)CC4CC1C4(C)C)C7=O)C3(C)C)C2(C)C,CC1CC2CC(C1C)C2(C)C,Generated,991.4139999999993,0,11,12,4.0,C68H82N2O4
CC(CCC1(C)CCCC2(C)c3ccc(C(C)CN4C(=O)c5ccc6c7ccc8c9c(ccc(c%10ccc(c5c6%10)C4=O)c97)C(=O)N(CC(C)c4ccc5c(c4)CCC4C(C)(CCC(C)c6ccc7c(c6)CCC6C(C)(C)CCCC76C)CCCC54C)C8=O)cc3CCC12)c1ccc2c(c1)CCC1C(C)(C)CCCC21C,CC(C)c1ccc2c(c1)CCC1C(C)(C)CCCC21C,Generated,1464.129999999999,1,20,22,5.5,C104H122N2O4
O=C1c2ccc3c4ccc5c6c(ccc(c7ccc(c2c37)C(=O)N1c1ccc2c(-c3ccc7cc8ccccc8nc7c3)c3ccccc3nc2c1)c64)C(=O)N(c1ccc2c(-c3ccc4cc6ccccc6nc4c3)c3ccccc3nc2c1)C5=O,c1ccc2nc3ccccc3cc2c1,Generated,1099.1779999999997,0,14,16,6.5,C76H38N6O4
CCCCCC(=O)NC(CCC(=O)OC(C)(C)C)(CCC(=O)OC(C)(C)C)CCC(=O)OC(C)(C)CCCCCCC(=O)NC(CCC(=O)OC(C)(C)C)(CCC(=O)OC(C)(C)C)CCC(=O)OC(C)(C)CN1C(=O)c2ccc3c4ccc5c6c(ccc(c7ccc(c2c37)C1=O)c64)C(=O)N(CC(C)(C)OC(=O)CCC(CCC(=O)OC(C)(C)C)(CCC(=O)OC(C)(C)C)NC(=O)CCCCCCC(C)(C)OC(=O)CCC(CCC(=O)OC(C)(C)C)(CCC(=O)OC(C)(C)C)NC(=O)CCCCC)C5=O,CCCCCC(=O)NC(CCC(=O)OC(C)(C)C)(CCC(=O)OC(C)(C)C)CCC(=O)OC(C)(C)C,Generated,2437.153999999996,14,36,35,0.0,C136H206N6O32
COC(OCCc1ccc(-c2ccc(C(OC)OCN3C(=O)c4ccc5c6ccc7c8c(ccc(c9ccc(c4c59)C3=O)c86)C(=O)N(COC(OC)c3ccc(-c4ccc(CCOC(OC)c5ccc(-c6ccc(C)cc6)cc5)cc4)cc3)C7=O)cc2)cc1)c1ccc(-c2ccc(C)cc2)cc1,COC(OC)c1ccc(-c2ccc(C)cc2)cc1,Generated,1351.5619999999997,4,18,19,3.0,C88H74N2O12
O=C1c2ccc3c4ccc5c6c(ccc(c7ccc(c2c37)C(=O)N1c1ccc(Cn2cc(-c3ccc(-c7ccc(Cn8cc(-c9ccccc9)nn8)cc7)cc3)nn2)cc1)c64)C(=O)N(c1ccc(Cn2cc(-c3ccc(-c4ccc(Cn6cc(-c7ccccc7)nn6)cc4)cc3)nn2)cc1)C5=O,c1ccc(Cn2cc(-c3ccccc3)nn2)cc1,Generated,1323.45,3,18,20,4.5,C84H54N14O4
Cc1ccc(Cn2cc(COCc3ccc(Cc4ccc(Cn5cc(COCc6ccc(N7C(=O)c8ccc9c%10ccc%11c%12c(ccc(c%13ccc(c8c9%13)C7=O)c%12%10)C(=O)N(c7ccc(COCc8cn(Cc9ccc(Cc%10ccc(COCc%12cn(Cc%13ccc(C)cc%13)nn%12)cc%10)cc9)nn8)cc7)C%11=O)cc6)nn5)cc4)cc3)nn2)cc1,Cc1ccc(Cn2cc(COCc3ccccc3)nn2)cc1,Generated,1555.77,6,22,24,4.5,C96H78N14O8
Cc1ccc(Cn2cc(CN(CCc3ccc(Cn4cc(CN(Cc5ccccc5)CN5C(=O)c6ccc7c8ccc9c%10c(ccc(c%11ccc(c6c7%11)C5=O)c%108)C(=O)N(CN(Cc5ccccc5)Cc5cn(Cc6ccc(CCN(Cc7ccccc7)Cc7cn(Cc8ccc(C)cc8)nn7)cc6)nn5)C9=O)nn4)cc3)Cc3ccccc3)nn2)cc1,Cc1ccc(Cn2cc(CN(C)Cc3ccccc3)nn2)cc1,Generated,1607.942,6,23,25,4.5,C100H90N18O4
Cc1ccc(Cn2cc(Cc3ccc(Cc4ccc(Cn5cc(Cc6ccc(N7C(=O)c8ccc9c%10ccc%11c%12c(ccc(c%13ccc(c8c9%13)C7=O)c%12%10)C(=O)N(c7ccc(Cc8cn(Cc9ccc(Cc%10ccc(Cc%12cn(Cc%13ccc(C)cc%13)nn%12)cc%10)cc9)nn8)cc7)C%11=O)cc6)nn5)cc4)cc3)nn2)cc1,Cc1ccc(Cn2cc(Cc3ccccc3)nn2)cc1,Generated,1435.6659999999997,4,20,22,4.5,C92H70N14O4
C=CCCCCCCCCCCCCCCCCCCC=CC(CCCCCCCCC=C)CCCCCCCCCC=CN1C(=O)c2ccc3c4ccc5c6c(ccc(c7ccc(c2c37)C1=O)c64)C(=O)N(C=CCCCCCCCCCC(C=CCCCCCCCCCCCCCCCCCCC=C)CCCCCCCCC=C)C5=O,C=CCCCCCCCCCCCCCCCCCCC=C,Generated,1608.6020000000012,19,22,21,0.0,C112H170N2O4
O=C(O)CCC(CCC(=O)O)(CCC(=O)O)NC(=O)CCC(CN1C(=O)c2ccc3c4ccc5c6c(ccc(c7ccc(c2c37)C1=O)c64)C(=O)N(CC(CCC(=O)NC(CCC(=O)O)(CCC(=O)O)CCC(=O)O)C(=O)NC(CCC(=O)O)(CCC(=O)O)CCC(=O)O)C5=O)C(=O)NC(CCC(=O)O)(CCC(=O)O)CCC(=O)O,CCC(=O)NC(CCC(=O)O)(CCC(=O)O)CCC(=O)O,Generated,1595.5340000000006,11,21,20,0.0,C76H86N6O32
O=C(O)CCC(CCC(=O)O)(CCC(=O)O)NC(=O)CCCCCNC(=O)CCC(CN1C(=O)c2ccc3c4ccc5c6c(ccc(c7ccc(c2c37)C1=O)c64)C(=O)N(CC(CCC(=O)NCCCCCC(=O)NC(CCC(=O)O)(CCC(=O)O)CCC(=O)O)C(=O)NCCCCCC(=O)NC(CCC(=O)O)(CCC(=O)O)CCC(=O)O)C5=O)C(=O)NCCCCCC(=O)NC(CCC(=O)O)(CCC(=O)O)CCC(=O)O,CCC(=O)NCCCCCC(=O)NC(CCC(=O)O)(CCC(=O)O)CCC(=O)O,Generated,2048.1740000000013,17,29,28,0.0,C100H130N10O36
CCCCC(NCCCCC(NN1C(=O)c2ccc3c4ccc5c6c(ccc(c7ccc(c2c37)C1=O)c64)C(=O)N(NC(CCCCNC(CCCC)C(=O)NC(CCC(=O)O)(CCC(=O)O)CCC(=O)O)C(=O)NC(CCC(=O)O)(CCC(=O)O)CCC(=O)O)C5=O)C(=O)NC(CCC(=O)O)(CCC(=O)O)CCC(=O)O)C(=O)NC(CCC(=O)O)(CCC(=O)O)CCC(=O)O,CCCCC(N)C(=O)NC(CCC(=O)O)(CCC(=O)O)CCC(=O)O,Generated,1823.9180000000008,14,25,24,0.0,C88H114N10O32
COc1ccc(C(OCC(C)O)(c2ccccc2)c2ccc(OCCC(O)COC(c3ccccc3)(c3ccc(OC)cc3)c3ccc(OCN4C(=O)c5ccc6c7ccc8c9c(ccc(c%10ccc(c5c6%10)C4=O)c97)C(=O)N(COc4ccc(C(OCC(O)CCOc5ccc(C(OCC(C)O)(c6ccccc6)c6ccc(OC)cc6)cc5)(c5ccccc5)c5ccc(OC)cc5)cc4)C8=O)cc3)cc2)cc1,COc1ccc(C(OCC(C)O)(c2ccccc2)c2ccc(OC)cc2)cc1,Generated,1896.1619999999996,8,28,30,4.5,C120H106N2O20
O=C1c2ccc3c4ccc5c6c(ccc(c7ccc(c2c37)C(=O)N1C1C2CC3CC1CC(C1C7CC8CC(C7)CC1C8)(C3)C2)c64)C(=O)N(C1C2CC3CC1CC(C1C4CC6CC(C4)CC1C6)(C3)C2)C5=O,C1C2CC3CC1CC(C2)C3,Generated,927.2419999999993,0,10,12,5.0,C64H66N2O4
COCCOCCCCCCCCCOCCOCC(CCCCOCCOC)CCCCOCCOCN1C(=O)c2ccc3c4ccc5c6c(ccc(c7ccc(c2c37)C1=O)c64)C(=O)N(COCCOCCCCC(CCCCOCCOC)COCCOCCCCCCCCCOCCOC)C5=O,COCCOCCCCCCCCCOCCOC,Generated,1487.9580000000005,16,19,18,0.0,C84H130N2O20
CC(=O)SCCCCCCCCCCCCCCCCCCCCCSC(=O)CC(CCCCCCCCCCSC(C)=O)CCCCCCCCCCSC(=O)CN1C(=O)c2ccc3c4ccc5c6c(ccc(c7ccc(c2c37)C1=O)c64)C(=O)N(CC(=O)SCCCCCCCCCCC(CCCCCCCCCCSC(C)=O)CC(=O)SCCCCCCCCCCCCCCCCCCCCCSC(C)=O)C5=O,CC(=O)SCCCCCCCCCCCCCCCCCCCCCSC(C)=O,Generated,2161.454,22,29,28,0.0,C124H194N2O12S8
O=C1c2ccc3c4ccc5c6c(ccc(c7ccc(c2c37)C(=O)N1OCCCCCCCCCCC(CCCCCCCCCCO)OCCCCCCCCCCCCCCCCCCCCCO)c64)C(=O)N(OCCCCCCCCCCC(CCCCCCCCCCO)OCCCCCCCCCCCCCCCCCCCCCO)C5=O,OCCCCCCCCCCCCCCCCCCCCCO,Generated,1696.6140000000005,20,23,22,0.0,C108H178N2O12
O=C1c2ccc3c4ccc5c6c(ccc(c7ccc(c2c37)C(=O)N1SCCCCCCCCCCC(CCCCCCCCCCS)SCCCCCCCCCCCCCCCCCCCCCS)c64)C(=O)N(SCCCCCCCCCCC(CCCCCCCCCCS)SCCCCCCCCCCCCCCCCCCCCCS)C5=O,SCCCCCCCCCCCCCCCCCCCCCS,Generated,1825.1580000000004,20,23,22,0.0,C108H178N2O4S8
CSSCCCCCCCCCCCCCCCCCCCCCSSCC(CCCCCCCCCCSSC)CCCCCCCCCCSSCN1C(=O)c2ccc3c4ccc5c6c(ccc(c7ccc(c2c37)C1=O)c64)C(=O)N(CSSCCCCCCCCCCC(CCCCCCCCCCSSC)CSSCCCCCCCCCCCCCCCCCCCCCSSC)C5=O,CSSCCCCCCCCCCCCCCCCCCCCCSSC,Generated,2193.9100000000003,24,27,26,0.0,C116H194N2O4S16
CCCCCCC(C)CCCCCCCCCC(CCCCCC)CCCCCCCCN1C(=O)c2ccc3c4ccc5c6c(ccc(c7ccc(c2c37)C1=O)c64)C(=O)N(CCCCCCCCC(CCCCCC)CCCCCCCCCC(C)CCCCCC)C5=O,CCCCCCCCC(C)CCCCCC,Generated,1288.0819999999997,12,16,15,0.0,C88H138N2O4
O=C1c2ccc3c4ccc5c6c(ccc(c7ccc(c2c37)C(=O)N1C1COCCOCCOC(C2COCCOCCOCCOCCOCCO2)COCCOCCO1)c64)C(=O)N(C1COCCOCCOC(C2COCCOCCOCCOCCOCCO2)COCCOCCO1)C5=O,C1COCCOCCOCCOCCOCCO1,Generated,1439.5620000000004,0,18,18,1.0,C72H98N2O28
CC(C)COc1ccc(C(CC(Oc2ccc(C(CN3C(=O)c4ccc5c6ccc7c8c(ccc(c9ccc(c4c59)C3=O)c86)C(=O)N(CC(ON(C(c3ccccc3)C(C)C)C(C)(C)C)c3ccc(OC(CC(ON(C(c4ccccc4)C(C)C)C(C)(C)C)c4ccc(OCC(C)C)cc4)C(C)C)cc3)C7=O)ON(C(c3ccccc3)C(C)C)C(C)(C)C)cc2)C(C)C)ON(C(c2ccccc2)C(C)C)C(C)(C)C)cc1,CC(C)COc1ccc(C(C)ON(C(c2ccccc2)C(C)C)C(C)(C)C)cc1,Generated,1972.7019999999968,9,29,30,3.0,C128H158N6O12
CCOCCOCCOCCOC(=O)CC(=O)OCCCCOCCOCCOCCOC(=O)CC(=O)OCCN1C(=O)c2ccc3c4ccc5c6c(ccc(c7ccc(c2c37)C1=O)c64)C(=O)N(CCOC(=O)CC(=O)OCCOCCOCCOCCCCOC(=O)CC(=O)OCCOCCOCCOCC)C5=O,CCOCCOCCOCCOC(=O)CC(=O)OCC,Generated,1551.6020000000008,13,20,19,0.0,C76H98N2O32
CCOCCOCCOCCSSCCOCC(CCOCCOCCOCCSSCCOCC(OCCOCCC(COCCSSCCOCCOCCOCC)OCCOCC)N1C(=O)c2ccc3c4ccc5c6c(ccc(c7ccc(c2c37)C1=O)c64)C(=O)N(C(COCCSSCCOCCOCCOCCC(COCCSSCCOCCOCCOCC)OCCOCC)OCCOCCC(COCCSSCCOCCOCCOCC)OCCOCC)C5=O)OCCOCC,CCOCCOCCOCCSSCCOCCOCCOCC,Generated,2697.7139999999977,21,24,23,0.0,C120H202N2O40S12
CCOCCOCCOCCOCCOCCSC1=CSC(=C2SC(SC)=C(SCCCOCCOCCOCCOCCOCCSC3=CSC(=C4SC(SC)=C(SCN5C(=O)c6ccc7c8ccc9c%10c(ccc(c%11ccc(c6c7%11)C5=O)c%108)C(=O)N(CSC5=C(SC)SC(=C6SC=C(SCCOCCOCCOCCOCCOCCCSC7=C(SC)SC(=C8SC=C(SCCOCCOCCOCCOCCOCC)S8)S7)S6)S5)C9=O)S4)S3)S2)S1,CCOCCOCCOCCOCCOCCSC1=CSC(=C2SC(SC)=C(SC)S2)S1,Generated,2690.049999999998,19,32,33,2.0,C104H130N2O24S28
Cc1sc(C)c(C2C(=O)N(c3ccc(-c4ccccc4)cc3)C(=O)C2c2c(C)sc(Cc3ccc(-c4ccc(N5C(=O)C(c6c(C)sc(C)c6C)C(c6c(C)sc(CN7C(=O)c8ccc9c%10ccc%11c%12c(ccc(c%13ccc(c8c9%13)C7=O)c%12%10)C(=O)N(Cc7sc(C)c(C8C(=O)N(c9ccc(-c%10ccc(Cc%12sc(C)c(C%13C(=O)N(c%14ccc(-c%15ccccc%15)cc%14)C(=O)C%13c%13c(C)sc(C)c%13C)c%12C)cc%10)cc9)C(=O)C8c8c(C)sc(C)c8C)c7C)C%11=O)c6C)C5=O)cc4)cc3)c2C)c1C,Cc1sc(C)c(C2C(=O)N(c3ccc(-c4ccccc4)cc3)C(=O)C2c2c(C)sc(C)c2C)c1C,Generated,2381.093999999996,4,35,39,7.0,C144H118N6O12S8
Cc1sc(C)c(C2C(=O)N(c3ccccc3)C(=O)C2c2c(C)sc(Cc3cccc(N4C(=O)C(c5c(C)sc(C)c5C)C(c5c(C)sc(CN6C(=O)c7ccc8c9ccc%10c%11c(ccc(c%12ccc(c7c8%12)C6=O)c%119)C(=O)N(Cc6sc(C)c(C7C(=O)N(c8cccc(Cc9sc(C)c(C%11C(=O)N(c%12ccccc%12)C(=O)C%11c%11c(C)sc(C)c%11C)c9C)c8)C(=O)C7c7c(C)sc(C)c7C)c6C)C%10=O)c5C)C4=O)c3)c2C)c1C,Cc1sc(C)c(C2C(=O)N(c3ccccc3)C(=O)C2c2c(C)sc(C)c2C)c1C,Generated,2076.7019999999975,3,29,32,5.5,C120H102N6O12S8
Cc1cc(C)c(C)c(N2C(=O)C(c3c(C)sc(C)c3C)C(c3c(C)sc(Cc4c(C)c(C)c(N5C(=O)C(c6c(C)sc(C)c6C)C(c6c(C)sc(CN7C(=O)c8ccc9c%10ccc%11c%12c(ccc(c%13ccc(c8c9%13)C7=O)c%12%10)C(=O)N(Cc7sc(C)c(C8C(=O)N(c9c(C)c(C)c(Cc%10sc(C)c(C%12C(=O)N(c%13c(C)c(C)cc(C)c%13C)C(=O)C%12c%12c(C)sc(C)c%12C)c%10C)c(C)c9C)C(=O)C8c8c(C)sc(C)c8C)c7C)C%11=O)c6C)C5=O)c(C)c4C)c3C)C2=O)c1C,Cc1cc(C)c(C)c(N2C(=O)C(c3c(C)sc(C)c3C)C(c3c(C)sc(C)c3C)C2=O)c1C,Generated,2301.133999999995,3,33,36,5.5,C136H134N6O12S8
CCCOc1c2cccc1Cc1cccc(c1OCCC)Cc1cccc(c1OCCCc1cc3c(OCCC)c(c1)Cc1cccc(c1OCCC)Cc1cccc(c1OCCCN1C(=O)c4ccc5c6ccc7c8c(ccc(c9ccc(c4c59)C1=O)c86)C(=O)N(CCCOc1c4cccc1Cc1cccc(c1OCCC)Cc1cc(CCCOc5c6cccc5Cc5cccc(c5OCCC)Cc5cccc(c5OCCC)Cc5cccc(c5OCCC)C6)cc(c1OCCC)Cc1cccc(c1OCCC)C4)C7=O)Cc1cccc(c1OCCC)C3)Cc1cccc(c1OCCC)C2,CCCOc1c2cccc1Cc1cccc(c1OCCC)Cc1cccc(c1OCCC)Cc1cccc(c1OCCC)C2,Generated,2753.5699999999956,12,44,48,9.0,C184H194N2O20
COCCOCCOCCOCOCCOCCOCCOCC(OCCOCCOCCOC)OCCOCCOCCOCN1C(=O)c2ccc3c4ccc5c6c(ccc(c7ccc(c2c37)C1=O)c64)C(=O)N(COCCOCCOCCOC(COCCOCCOCCOCOCCOCCOCCOC)OCCOCCOCCOC)C5=O,COCCOCCOCCOCOCCOCCOCCOC,Generated,1743.942000000001,20,23,22,0.0,C84H130N2O36
O=C1c2ccc3c4ccc5c6c(ccc(c7ccc(c2c37)C(=O)N1CCCCCCCCc1csc(-c2ccc(CCCCCCCCc3csc(-c7ccccc7)c3)cc2)c1)c64)C(=O)N(CCCCCCCCc1csc(-c2ccc(CCCCCCCCc3csc(-c4ccccc4)c3)cc2)c1)C5=O,CCCCCCCCc1csc(-c2ccccc2)c1,Generated,1472.1179999999995,8,19,20,3.0,C96H98N2O4S4
CSC1=C(SCCc2cn(CCSC3=C(SC)SC(=C4SC(SC)=C(SCN5C(=O)c6ccc7c8ccc9c%10c(ccc(c%11ccc(c6c7%11)C5=O)c%108)C(=O)N(CSC5=C(SC)SC(=C6SC(SC)=C(SCCn7cc(CCSC8=C(SC)SC(=C%10SC(SC)=C(SCCn%11cc(C)nn%11)S%10)S8)nn7)S6)S5)C9=O)S4)S3)nn2)SC(=C2SC(SC)=C(SCCn3cc(C)nn3)S2)S1,CSC1=C(SC)SC(=C2SC(SC)=C(SCCn3cc(C)nn3)S2)S1,Generated,2317.6779999999994,7,25,27,3.5,C80H70N14O4S32
CC(=O)NCCCNCCCCNCCCNCC(=O)NCCCNCCCCNCCCNN1C(=O)c2ccc3c4ccc5c6c(ccc(c7ccc(c2c37)C1=O)c64)C(=O)N(NCCCNCCCCNCCCNC(=O)CNCCCNCCCCNCCCNC(C)=O)C5=O,CC(=O)NCCCNCCCCNCCCN,Generated,1359.8220000000001,12,17,16,0.0,C72H114N18O8
CCCCCCCCCCC(=O)NCCCNCCCCNCCCNCCCCCCCCCCC(=O)NCCCNCCCCNCCCNN1C(=O)c2ccc3c4ccc5c6c(ccc(c7ccc(c2c37)C1=O)c64)C(=O)N(NCCCNCCCCNCCCNC(=O)CCCCCCCCCCNCCCNCCCCNCCCNC(=O)CCCCCCCCCC)C5=O,CCCCCCCCCCC(=O)NCCCNCCCCNCCCN,Generated,1864.794000000002,21,26,25,0.0,C108H186N18O8
CCCCC(=O)NCCCNCCCCNCCCNCCCCC(=O)NCCCNCCCCNCCCNN1C(=O)c2ccc3c4ccc5c6c(ccc(c7ccc(c2c37)C1=O)c64)C(=O)N(NCCCNCCCCNCCCNC(=O)CCCCNCCCNCCCCNCCCNC(=O)CCCC)C5=O,CCCCC(=O)NCCCNCCCCNCCCN,Generated,1528.1460000000009,15,20,19,0.0,C84H138N18O8
CCCCCCCCCCc1cc(C)c2c(c1C)C(=C1c3c(C)c(CCCCCCCCCCNC(=O)CCCCCCCCCCCc4cc(C)c5c(c4C)C(=C4c6c(C)c(CCCCCCCCCCNC(=O)CN7C(=O)c8ccc9c%10ccc%11c%12c(ccc(c%13ccc(c8c9%13)C7=O)c%12%10)C(=O)N(CC(=O)NCCCCCCCCCCc7cc(C)c8c(c7C)C(=C7c9c(C)c(CCCCCCCCCCCC(=O)NCCCCCCCCCCc%10cc(C)c%12c(c%10C)C(=C%10c%13c(C)c(CCCCCCCCCC)cc(C)c%13CC%10C)C(C)C%12)cc(C)c9CC7C)C(C)C8)C%11=O)cc(C)c6CC4C)C(C)C5)cc(C)c3CC1C)C(C)C2,CCCCCCCCCCc1cc(C)c2c(c1C)C(=C1c3c(C)c(CCCCCCCCCCNC(C)=O)cc(C)c3CC1C)C(C)C2,Generated,2998.609999999994,20,48,51,7.0,C208H286N6O8
COCCOCCOCCOc1cc(C)cc(OCCOCCOCCOCCc2cc(OCCOCCOCCOC)cc(OCCOCCOCCOCN3C(=O)c4ccc5c6ccc7c8c(ccc(c9ccc(c4c59)C3=O)c86)C(=O)N(COCCOCCOCCOc3cc(CCOCCOCCOCCOc4cc(C)cc(OCCOCCOCCOC)c4)cc(OCCOCCOCCOC)c3)C7=O)c2)c1,COCCOCCOCCOc1cc(C)cc(OCCOCCOCCOC)c1,Generated,2048.3340000000003,20,29,29,1.5,C108H146N2O36
CCCCOc1cc(CCC)cc(OCCCCCCCc2cc(OCCCC)c(OCCCC)c(OCCCCN3C(=O)c4ccc5c6ccc7c8c(ccc(c9ccc(c4c59)C3=O)c86)C(=O)N(CCCCOc3cc(CCCCCCCOc4cc(CCC)cc(OCCCC)c4OCCCC)cc(OCCCC)c3OCCCC)C7=O)c2)c1OCCCC,CCCCOc1cc(CCC)cc(OCCCC)c1OCCCC,Generated,1728.3539999999996,14,24,24,1.5,C108H146N2O16
O=C(CCC(CN1C(=O)c2ccc3c4ccc5c6c(ccc(c7ccc(c2c37)C1=O)c64)C(=O)N(CC(CCC(=O)OCCCCCCCCCCS)C(=O)OCCCCCCCCCCS)C5=O)C(=O)OCCCCCCCCCCS)OCCCCCCCCCCS,CCC(=O)OCCCCCCCCCCS,Generated,1367.9540000000002,11,16,15,0.0,C76H106N2O12S4
CCCCCCCCN(CCCCCCCC)c1nc(NCCCC)nc(NCCCCCCCCCCCCCCCCNc2nc(NCCCCCCCCCCCCN3C(=O)c4ccc5c6ccc7c8c(ccc(c9ccc(c4c59)C3=O)c86)C(=O)N(CCCCCCCCCCCCNc3nc(NCCCCCCCCCCCCCCCCNc4nc(NCCCC)nc(N(CCCCCCCC)CCCCCCCC)n4)nc(N(CCCCCCCC)CCCCCCCC)n3)C7=O)nc(N(CCCCCCCC)CCCCCCCC)n2)n1,CCCCCCCCCCCCNc1nc(NCCCC)nc(N(CCCCCCCC)CCCCCCCC)n1,Generated,2682.2380000000016,31,41,41,1.5,C164H282N26O4
CCOC1OC(CO)C(OC2OC(COCCOC3OC(CO)C(OC4OC(CON5C(=O)c6ccc7c8ccc9c%10c(ccc(c%11ccc(c6c7%11)C5=O)c%108)C(=O)N(OCC5OC(OC6C(CO)OC(OCCOCC7OC(OC8C(CO)OC(OCC)C(O)C8O)C(O)C(O)C7O)C(O)C6O)C(O)C(O)C5O)C9=O)C(O)C(O)C4O)C(O)C3O)C(O)C(O)C2O)C(O)C1O,CCOC1OC(CO)C(OC2OC(CO)C(O)C(O)C2O)C(O)C1O,Generated,1863.6940000000013,6,25,26,2.0,C80H106N2O48
CCCCCCCCC=CCCCCCCCCCCCCCCCCC=CCCCCCCCCN1C(=O)c2ccc3c4ccc5c6c(ccc(c7ccc(c2c37)C1=O)c64)C(=O)N(CCCCCCCCC=CCCCCCCCCCCCCCCCCC=CCCCCCCCC)C5=O,CCCCCCCCC=CCCCCCCCC,Generated,1392.2340000000004,14,18,17,0.0,C96H146N2O4
O=C1c2ccc3c4ccc5c6c(ccc(c7ccc(c2c37)C(=O)N1c1ccc2c(c1)Cc1cc(-c3ccc7c(c3)Cc3ccccc3-7)ccc1-2)c64)C(=O)N(c1ccc2c(c1)Cc1cc(-c3ccc4c(c3)Cc3ccccc3-4)ccc1-2)C5=O,c1ccc2c(c1)Cc1ccccc1-2,Generated,1047.1819999999998,0,13,15,6.0,C76H42N2O4
CCCCNc1nc(N)nc(NCCCCCCCCCCCCCCCCNc2nc(N)nc(NCCCCCCCCCCCCN3C(=O)c4ccc5c6ccc7c8c(ccc(c9ccc(c4c59)C3=O)c86)C(=O)N(CCCCCCCCCCCCNc3nc(N)nc(NCCCCCCCCCCCCCCCCNc4nc(N)nc(NCCCC)n4)n3)C7=O)n2)n1,CCCCCCCCCCCCNc1nc(N)nc(NCCCC)n1,Generated,1784.5100000000014,16,25,25,1.5,C100H154N26O4
COCCOCCOCCOCCCOCCOCCOCCOCC(COCCOCCOCCOC)COCCOCCOCCOCN1C(=O)c2ccc3c4ccc5c6c(ccc(c7ccc(c2c37)C1=O)c64)C(=O)N(COCCOCCOCCOCC(COCCOCCOCCOC)COCCOCCOCCOCCCOCCOCCOCCOC)C5=O,COCCOCCOCCOCCCOCCOCCOCCOC,Generated,1856.158000000001,22,25,24,0.0,C92H146N2O36
O=C1c2ccc3c4ccc5c6c(ccc(c7ccc(c2c37)C(=O)N1OCC1OC(Oc2ccc(OCC3OC(Oc7ccccc7)C(O)C(O)C3O)cc2)C(O)C(O)C1O)c64)C(=O)N(OCC1OC(Oc2ccc(OCC3OC(Oc4ccccc4)C(O)C(O)C3O)cc2)C(O)C(O)C1O)C5=O,OCC1OC(Oc2ccccc2)C(O)C(O)C1O,Generated,1407.3060000000012,3,18,19,2.5,C72H66N2O28
CCN1CCN(C(=O)OC(C)(C)C)CCN(C(=O)OC(C)(C)C)CCN(C(=O)OC(C)(C)CCCN2CCN(C(=O)OC(C)(C)C)CCN(C(=O)OC(C)(C)C)CCN(C(=O)OC(C)(C)CN3C(=O)c4ccc5c6ccc7c8c(ccc(c9ccc(c4c59)C3=O)c86)C(=O)N(CC(C)(C)OC(=O)N3CCN(CCCC(C)(C)OC(=O)N4CCN(CC)CCN(C(=O)OC(C)(C)C)CCN(C(=O)OC(C)(C)C)CC4)CCN(C(=O)OC(C)(C)C)CCN(C(=O)OC(C)(C)C)CC3)C7=O)CC2)CC1,CCN1CCN(C(=O)OC(C)(C)C)CCN(C(=O)OC(C)(C)C)CCN(C(=O)OC(C)(C)C)CC1,Generated,2385.013999999997,1,35,35,1.0,C124H194N18O28
N#CC(=Cc1cc(-c2ccccc2)c(Cc2ccc(-c3cc(C=C(C#N)C(=O)O)sc3CN3C(=O)c4ccc5c6ccc7c8c(ccc(c9ccc(c4c59)C3=O)c86)C(=O)N(Cc3sc(C=C(C#N)C(=O)O)cc3-c3ccc(Cc4sc(C=C(C#N)C(=O)O)cc4-c4ccccc4)cc3)C7=O)cc2)s1)C(=O)O,Cc1sc(C=C(C#N)C(=O)O)cc1-c1ccccc1,Generated,1459.5899999999997,3,19,20,3.0,C84H46N6O12S4
CCCC(=O)OCCCCCCCCCCCCCCCCCCCC(=O)OCCCCCCCCCCCCCCCCN1C(=O)c2ccc3c4ccc5c6c(ccc(c7ccc(c2c37)C1=O)c64)C(=O)N(CCCCCCCCCCCCCCCCOC(=O)CCCCCCCCCCCCCCCCCCCOC(=O)CCC)C5=O,CCCCCCCCCCCCCCCCOC(=O)CCC,Generated,1632.4420000000007,17,22,21,0.0,C104H162N2O12
CCCC(=O)OCCCCCCCCCCCCCCCC(=O)OCCCCCCCCCCCCN1C(=O)c2ccc3c4ccc5c6c(ccc(c7ccc(c2c37)C1=O)c64)C(=O)N(CCCCCCCCCCCCOC(=O)CCCCCCCCCCCCCCCOC(=O)CCC)C5=O,CCCCCCCCCCCCOC(=O)CCC,Generated,1408.01,13,18,17,0.0,C88H130N2O12
CCCC(=O)OCCCCCCCCCCCCCCCCCC(=O)OCCCCCCCCCCCCCCN1C(=O)c2ccc3c4ccc5c6c(ccc(c7ccc(c2c37)C1=O)c64)C(=O)N(CCCCCCCCCCCCCCOC(=O)CCCCCCCCCCCCCCCCCOC(=O)CCC)C5=O,CCCCCCCCCCCCCCOC(=O)CCC,Generated,1520.2260000000003,15,20,19,0.0,C96H146N2O12
CCOCCOCCOCCSCOCCCOCCOCCOCCSCOCN1C(=O)c2ccc3c4ccc5c6c(ccc(c7ccc(c2c37)C1=O)c64)C(=O)N(COCSCCOCCOCCOCCCOCSCCOCCOCCOCC)C5=O,CCOCCOCCOCCSCOC,Generated,1335.6860000000001,12,15,14,0.0,C64H90N2O20S4
O=C1c2ccc3c4ccc5c6c(ccc(c7ccc(c2c37)C(=O)N1c1ccc(CNCCN(Cc2ccc(-c3ccc(CNCCN(Cc7ccccc7)Cc7ccccn7)nc3)cc2)Cc2ccccn2)nc1)c64)C(=O)N(c1ccc(CNCCN(Cc2ccc(-c3ccc(CNCCN(Cc4ccccc4)Cc4ccccn4)nc3)cc2)Cc2ccccn2)nc1)C5=O,c1ccc(CN(CCNCc2ccccn2)Cc2ccccn2)cc1,Generated,1712.0940000000005,9,25,27,4.5,C108H98N18O4
CCCCCCCCCCCCN(CCCCCCCC)c1nc(NCC)nc(NCCCCCCCCCCCCCCNc2nc(NCCCCCCCCCCCCN3C(=O)c4ccc5c6ccc7c8c(ccc(c9ccc(c4c59)C3=O)c86)C(=O)N(CCCCCCCCCCCCNc3nc(NCCCCCCCCCCCCCCNc4nc(NCC)nc(N(CCCCCCCC)CCCCCCCCCCCC)n4)nc(N(CCCCCCCC)CCCCCCCCCCCC)n3)C7=O)nc(N(CCCCCCCC)CCCCCCCCCCCC)n2)n1,CCCCCCCCCCCCNc1nc(NCC)nc(N(CCCCCCCC)CCCCCCCCCCCC)n1,Generated,2794.454000000002,33,43,43,1.5,C172H298N26O4
CCCCCCCCN(CCCCCCCC)c1nc(NCC)nc(NCCCCCCCCCCCCCCNc2nc(NCCCCCCCCCCCCN3C(=O)c4ccc5c6ccc7c8c(ccc(c9ccc(c4c59)C3=O)c86)C(=O)N(CCCCCCCCCCCCNc3nc(NCCCCCCCCCCCCCCNc4nc(NCC)nc(N(CCCCCCCC)CCCCCCCC)n4)nc(N(CCCCCCCC)CCCCCCCC)n3)C7=O)nc(N(CCCCCCCC)CCCCCCCC)n2)n1,CCCCCCCCCCCCNc1nc(NCC)nc(N(CCCCCCCC)CCCCCCCC)n1,Generated,2570.0220000000013,29,39,39,1.5,C156H266N26O4
CCCCCCCCCCCCCCCCC(CCCCCC)CCCCCCCCCN1C(=O)c2ccc3c4ccc5c6c(ccc(c7ccc(c2c37)C1=O)c64)C(=O)N(CCCCCCCCCC(CCCCCC)CCCCCCCCCCCCCCCC)C5=O,CCCCCCCCCCCCCCCC,Generated,1288.0819999999997,13,16,15,0.0,C88H138N2O4
O=C1c2ccc3c4ccc5c6c(ccc(c7ccc(c2c37)C(=O)N1c1cc2c(cc1-c1ccc3c(c1)OCCOCCOCCOCCO3)OCCOCCOCCOCCO2)c64)C(=O)N(c1cc2c(cc1-c1ccc3c(c1)OCCOCCOCCOCCO3)OCCOCCOCCOCCO2)C5=O,c1ccc2c(c1)OCCOCCOCCOCCO2,Generated,1455.5260000000003,0,19,20,4.5,C80H82N2O24
CCC[N+](C)(C)CCCCCCCCCCCCCCC[N+](C)(C)CCCCCCCCCCCCN1C(=O)c2ccc3c4ccc5c6c(ccc(c7ccc(c2c37)C1=O)c64)C(=O)N(CCCCCCCCCCCC[N+](C)(C)CCCCCCCCCCCCCCC[N+](C)(C)CCC)C5=O,CCCCCCCCCCCC[N+](C)(C)CCC,Generated,1408.2819999999995,13,18,17,0.0,C92H154N6O4+4
CCC[N+](C)(C)CCCCCCCCCCCCCCCCCCC[N+](C)(C)CCCCCCCCCCCCCCCCN1C(=O)c2ccc3c4ccc5c6c(ccc(c7ccc(c2c37)C1=O)c64)C(=O)N(CCCCCCCCCCCCCCCC[N+](C)(C)CCCCCCCCCCCCCCCCCCC[N+](C)(C)CCC)C5=O,CCCCCCCCCCCCCCCC[N+](C)(C)CCC,Generated,1632.7140000000002,17,22,21,0.0,C108H186N6O4+4
CCN(CCC(=O)NCCN)CCC(=O)NCCNCCN(CCC(=O)NCCN)CCC(=O)NCCNN1C(=O)c2ccc3c4ccc5c6c(ccc(c7ccc(c2c37)C1=O)c64)C(=O)N(NCCNC(=O)CCN(CCNCCNC(=O)CCN(CC)CCC(=O)NCCN)CCC(=O)NCCN)C5=O,CCN(CCC(=O)NCCN)CCC(=O)NCCN,Generated,1475.8140000000008,11,19,18,0.0,C72H110N22O12
CCNC(=O)c1cc(OCCC(C)C)c(OCCC(C)C)c(OCCC(C)CCCNC(=O)c2cc(OCCC(C)C)c(OCCC(C)C)c(OCCC(C)CN3C(=O)c4ccc5c6ccc7c8c(ccc(c9ccc(c4c59)C3=O)c86)C(=O)N(CC(C)CCOc3cc(C(=O)NCCCC(C)CCOc4cc(C(=O)NCC)cc(OCCC(C)C)c4OCCC(C)C)cc(OCCC(C)C)c3OCCC(C)C)C7=O)c2)c1,CCNC(=O)c1cc(OCCC(C)C)c(OCCC(C)C)c(OCCC(C)C)c1,Generated,2012.6699999999987,14,29,29,1.5,C120H166N6O20
CCCCOCCOCCOc1cc(CC)cc(OCCOCCOCCCCCCc2cc(OCCOCCOCCCC)cc(OCCOCCOCCCCN3C(=O)c4ccc5c6ccc7c8c(ccc(c9ccc(c4c59)C3=O)c86)C(=O)N(CCCCOCCOCCOc3cc(CCCCCCOCCOCCOc4cc(CC)cc(OCCOCCOCCCC)c4)cc(OCCOCCOCCCC)c3)C7=O)c2)c1,CCCCOCCOCCOc1cc(CC)cc(OCCOCCOCCCC)c1,Generated,2088.6659999999997,21,30,30,1.5,C120H170N2O28
CCc1cc(OCCOCCOCCOC)cc(OCCOCCOCCOCCCc2cc(OCCOCCOCCOC)cc(OCCOCCOCCOCN3C(=O)c4ccc5c6ccc7c8c(ccc(c9ccc(c4c59)C3=O)c86)C(=O)N(COCCOCCOCCOc3cc(CCCOCCOCCOCCOc4cc(CC)cc(OCCOCCOCCOC)c4)cc(OCCOCCOCCOC)c3)C7=O)c2)c1,CCc1cc(OCCOCCOCCOC)cc(OCCOCCOCCOC)c1,Generated,2104.4419999999996,21,30,30,1.5,C112H154N2O36
CCc1cc(OCCOCCOC)cc(OCCOCCOCCCc2cc(OCCOCCOC)cc(OCCOCCOCN3C(=O)c4ccc5c6ccc7c8c(ccc(c9ccc(c4c59)C3=O)c86)C(=O)N(COCCOCCOc3cc(CCCOCCOCCOc4cc(CC)cc(OCCOCCOC)c4)cc(OCCOCCOC)c3)C7=O)c2)c1,CCc1cc(OCCOCCOC)cc(OCCOCCOC)c1,Generated,1752.0180000000003,15,24,24,1.5,C96H122N2O28
COCCOCCOCC(CCCO)COCCOCCOCOCCCC(COCCOCCOC)COCCOCCOCN1C(=O)c2ccc3c4ccc5c6c(ccc(c7ccc(c2c37)C1=O)c64)C(=O)N(COCCOCCOCC(CCCOCOCCOCCOCC(CCCO)COCCOCCOC)COCCOCCOC)C5=O,COCCOCCOCC(CCCO)COCCOCCOC,Generated,1736.054000000001,19,23,22,0.0,C88H138N2O32
CC(C)c1cc(-c2ccc(C=O)cc2)cc(C(C)Cc2c(C(C)C)cc(-c3ccc(C=O)cc3)cc2C(C)CN2C(=O)c3ccc4c5ccc6c7c(ccc(c8ccc(c3c48)C2=O)c75)C(=O)N(CC(C)c2cc(-c3ccc(C=O)cc3)cc(C(C)C)c2CC(C)c2cc(-c3ccc(C=O)cc3)cc(C(C)C)c2)C6=O)c1,CC(C)c1cc(-c2ccc(C=O)cc2)cc(C(C)C)c1,Generated,1447.8259999999987,4,20,21,3.0,C100H90N2O8
CC(C)c1cc(-c2ccncc2)cc(C(C)Cc2c(C(C)C)cc(-c3ccncc3)cc2C(C)CN2C(=O)c3ccc4c5ccc6c7c(ccc(c8ccc(c3c48)C2=O)c75)C(=O)N(CC(C)c2cc(-c3ccncc3)cc(C(C)C)c2CC(C)c2cc(-c3ccncc3)cc(C(C)C)c2)C6=O)c1,CC(C)c1cc(-c2ccncc2)cc(C(C)C)c1,Generated,1339.737999999999,3,18,19,3.0,C92H86N6O4
CCCCCCOc1cccc(OCCCCCCc2cc(OCCCCCC)c(OCCCCCC)c(OCCCCCCN3C(=O)c4ccc5c6ccc7c8c(ccc(c9ccc(c4c59)C3=O)c86)C(=O)N(CCCCCCOc3cc(CCCCCCOc4cccc(OCCCCCC)c4OCCCCCC)cc(OCCCCCC)c3OCCCCCC)C7=O)c2)c1OCCCCCC,CCCCCCOc1cccc(OCCCCCC)c1OCCCCCC,Generated,1896.6780000000003,18,27,27,1.5,C120H170N2O16
CCCCCCCOc1cccc(OCCCCCCCc2cc(OCCCCCCC)c(OCCCCCCC)c(OCCCCCCCN3C(=O)c4ccc5c6ccc7c8c(ccc(c9ccc(c4c59)C3=O)c86)C(=O)N(CCCCCCCOc3cc(CCCCCCCOc4cccc(OCCCCCCC)c4OCCCCCCC)cc(OCCCCCCC)c3OCCCCCCC)C7=O)c2)c1OCCCCCCC,CCCCCCCOc1cccc(OCCCCCCC)c1OCCCCCCC,Generated,2065.0020000000004,21,30,30,1.5,C132H194N2O16
O=C(CCC(CN1C(=O)c2ccc3c4ccc5c6c(ccc(c7ccc(c2c37)C1=O)c64)C(=O)N(CC(CCC(=O)OCCCCOc1ccc(N=Nc2ccc(OCCCCS)cc2)cc1)C(=O)OCCCCOc1ccc(N=Nc2ccc(OCCCCS)cc2)cc1)C5=O)C(=O)OCCCCOc1ccc(N=Nc2ccc(OCCCCS)cc2)cc1)OCCCCOc1ccc(N=Nc2ccc(OCCCCS)cc2)cc1,CCC(=O)OCCCCOc1ccc(N=Nc2ccc(OCCCCS)cc2)cc1,Generated,2104.5699999999997,14,30,31,3.0,C116H122N10O20S4
O=C(CCC(CN1C(=O)c2ccc3c4ccc5c6c(ccc(c7ccc(c2c37)C1=O)c64)C(=O)N(CC(CCC(=O)OCCCCCCOc1ccc(N=Nc2ccc(OCCCCCCS)cc2)cc1)C(=O)OCCCCCCOc1ccc(N=Nc2ccc(OCCCCCCS)cc2)cc1)C5=O)C(=O)OCCCCCCOc1ccc(N=Nc2ccc(OCCCCCCS)cc2)cc1)OCCCCCCOc1ccc(N=Nc2ccc(OCCCCCCS)cc2)cc1,CCC(=O)OCCCCCCOc1ccc(N=Nc2ccc(OCCCCCCS)cc2)cc1,Generated,2329.0019999999995,18,34,35,3.0,C132H154N10O20S4
O=C(CCC(CN1C(=O)c2ccc3c4ccc5c6c(ccc(c7ccc(c2c37)C1=O)c64)C(=O)N(CC(CCC(=O)OCCCCCCCCOc1ccc(N=Nc2ccc(OCCCCCCCCS)cc2)cc1)C(=O)OCCCCCCCCOc1ccc(N=Nc2ccc(OCCCCCCCCS)cc2)cc1)C5=O)C(=O)OCCCCCCCCOc1ccc(N=Nc2ccc(OCCCCCCCCS)cc2)cc1)OCCCCCCCCOc1ccc(N=Nc2ccc(OCCCCCCCCS)cc2)cc1,CCC(=O)OCCCCCCCCOc1ccc(N=Nc2ccc(OCCCCCCCCS)cc2)cc1,Generated,2553.433999999999,22,38,39,3.0,C148H186N10O20S4
CCCCCCCCCCCCc1cccc(CCCCCCCCCCCCc2cc(CCCCCCCCCCCC)c(CCCCCCCCCCCC)c(CCCCCCCCCCCCN3C(=O)c4ccc5c6ccc7c8c(ccc(c9ccc(c4c59)C3=O)c86)C(=O)N(CCCCCCCCCCCCc3cc(CCCCCCCCCCCCc4cccc(CCCCCCCCCCCC)c4CCCCCCCCCCCC)cc(CCCCCCCCCCCC)c3CCCCCCCCCCCC)C7=O)c2)c1CCCCCCCCCCCC,CCCCCCCCCCCCc1cccc(CCCCCCCCCCCC)c1CCCCCCCCCCCC,Generated,2714.634,33,42,42,1.5,C192H314N2O4
CCCCCCCCC(CO)CCCCCCCCCCOCC(CCCCCCCC)CCCCCCCCCCN1C(=O)c2ccc3c4ccc5c6c(ccc(c7ccc(c2c37)C1=O)c64)C(=O)N(CCCCCCCCCCC(CCCCCCCC)COCCCCCCCCCCC(CO)CCCCCCCC)C5=O,CCCCCCCCCCC(CO)CCCCCCCC,Generated,1576.5100000000007,17,21,20,0.0,C104H170N2O8
CCCOC(COCCOC)COCCOCCCCOC(COCCOC)COCCOCN1C(=O)c2ccc3c4ccc5c6c(ccc(c7ccc(c2c37)C1=O)c64)C(=O)N(COCCOCC(COCCOC)OCCCCOCCOCC(COCCOC)OCCC)C5=O,CCCOC(COCCOC)COCCOC,Generated,1383.6299999999999,13,17,16,0.0,C72H106N2O24
CCCOC(COCCOCCOC)COCCOCCOCCCCOC(COCCOCCOC)COCCOCCOCN1C(=O)c2ccc3c4ccc5c6c(ccc(c7ccc(c2c37)C1=O)c64)C(=O)N(COCCOCCOCC(COCCOCCOC)OCCCCOCCOCCOCC(COCCOCCOC)OCCC)C5=O,CCCOC(COCCOCCOC)COCCOCCOC,Generated,1736.0540000000008,19,23,22,0.0,C88H138N2O32
C=CCOCC(COCC=C)(COCC=CCCCOCC(COCC=C)(COCC=C)COCC=CN1C(=O)c2ccc3c4ccc5c6c(ccc(c7ccc(c2c37)C1=O)c64)C(=O)N(C=CCOCC(COCC=C)(COCC=C)COCCCC=CCOCC(COCC=C)(COCC=C)COCCC)C5=O)COCCC,C=CCOCC(COCC=C)(COCC=C)COCCC,Generated,1575.9820000000007,16,21,20,0.0,C92H122N2O20
C=CCOCC(COCC=C)(COCC=CCCNC(=O)C(COCC=C)(COCC=C)COCC=CN1C(=O)c2ccc3c4ccc5c6c(ccc(c7ccc(c2c37)C1=O)c64)C(=O)N(C=CCOCC(COCC=C)(COCC=C)C(=O)NCCC=CCOCC(COCC=C)(COCC=C)C(=O)NCC)C5=O)C(=O)NCC,C=CCOCC(COCC=C)(COCC=C)C(=O)NCC,Generated,1571.8700000000006,14,21,20,0.0,C88H110N6O20
CCCCCC[N+]1(c2ccc(CCCCCC[N+]3(c4ccc(N5C(=O)c6ccc7c8ccc9c%10c(ccc(c%11ccc(c6c7%11)C5=O)c%108)C(=O)N(c5ccc([N+]6(CCCCCCc7ccc([N+]8(CCCCCC)CCCCC8)cc7)CCCCC6)cc5)C9=O)cc4)CCCCC3)cc2)CCCCC1,CCCCCC[N+]1(c2ccccc2)CCCCC1,Generated,1367.9619999999993,6,18,19,2.5,C92H114N6O4+4
CCCCCCCCCCCCOC(=O)C=CCCCCCCCCCCCCOC(=O)C=CN1C(=O)c2ccc3c4ccc5c6c(ccc(c7ccc(c2c37)C1=O)c64)C(=O)N(C=CC(=O)OCCCCCCCCCCCCC=CC(=O)OCCCCCCCCCCCC)C5=O,C=CC(=O)OCCCCCCCCCCCC,Generated,1343.8380000000002,12,17,16,0.0,C84H114N2O12
CC(C)CC(=O)OCc1ccc(C(CC(C(=O)OCc2ccc(C(CN3C(=O)c4ccc5c6ccc7c8c(ccc(c9ccc(c4c59)C3=O)c86)C(=O)N(CC(ON(C(c3ccccc3)C(C)C)C(C)(C)C)c3ccc(COC(=O)C(CC(ON(C(c4ccccc4)C(C)C)C(C)(C)C)c4ccc(COC(=O)CC(C)C)cc4)C(C)C)cc3)C7=O)ON(C(c3ccccc3)C(C)C)C(C)(C)C)cc2)C(C)C)ON(C(c2ccccc2)C(C)C)C(C)(C)C)cc1,CC(C)CC(=O)OCc1ccc(C(C)ON(C(c2ccccc2)C(C)C)C(C)(C)C)cc1,Generated,2140.8499999999967,10,32,33,3.0,C136H166N6O16
Cc1sc(C)c(C2=C(c3c(C)sc(Cc4ccc(N5C(=O)C(c6c(C)sc(C)c6C)=C(c6c(C)sc(CN7C(=O)c8ccc9c%10ccc%11c%12c(ccc(c%13ccc(c8c9%13)C7=O)c%12%10)C(=O)N(Cc7sc(C)c(C8=C(c9c(C)sc(C)c9C)C(=O)N(c9ccc(Cc%10sc(C)c(C%12=C(c%13c(C)sc(C)c%13C)C(=O)N(c%13ccccc%13)C%12=O)c%10C)cc9)C8=O)c7C)C%11=O)c6C)C5=O)cc4)c3C)C(=O)N(c3ccccc3)C2=O)c1C,Cc1sc(C)c(C2=C(c3c(C)sc(C)c3C)C(=O)N(c3ccccc3)C2=O)c1C,Generated,2068.6379999999976,3,29,32,5.5,C120H94N6O12S8
Cc1ccc(-c2ccc(C3CC(c4ccc(Cc5ccc(-c6ccc(C7CC(c8ccc(N9C(=O)c%10ccc%11c%12ccc%13c%14c(ccc(c%15ccc(c%10c%11%15)C9=O)c%14%12)C(=O)N(c9ccc(C%10CC(c%11ccc(-c%12ccc(Cc%14ccc(C%15CC(c%16ccc(-c%17ccc(C)cc%17)cc%16)N(c%16ccccc%16)O%15)cc%14)cc%12)cc%11)N(c%11ccccc%11)O%10)cc9)C%13=O)cc8)ON7c7ccccc7)cc6)cc5)cc4)ON3c3ccccc3)cc2)cc1,Cc1ccc(-c2ccc(C3CC(c4ccccc4)ON3c3ccccc3)cc2)cc1,Generated,1948.3459999999998,4,30,34,7.0,C136H102N6O8
CC(=CC(C(=O)OCCCCCCCCCCCOC(=O)C(C)=CN1C(=O)c2ccc3c4ccc5c6c(ccc(c7ccc(c2c37)C1=O)c64)C(=O)N(C=C(C)C(=O)OCCCCCCCCCCCOC(=O)C(C=C(C)C(=O)OCCCCCCCCCCCOC(=O)CC(C)C)C(C)C)C5=O)C(C)C)C(=O)OCCCCCCCCCCCOC(=O)CC(C)C,C=C(C)C(=O)OCCCCCCCCCCCOC(=O)CC(C)C,Generated,1744.3059999999991,15,24,23,0.0,C104H146N2O20
CCCCCC[N+]1(c2ccccc2)CCCC(C)(CCCCCCC[N+]2(c3ccccc3)CCCC(C)(CN3C(=O)c4ccc5c6ccc7c8c(ccc(c9ccc(c4c59)C3=O)c86)C(=O)N(CC3(C)CCC[N+](CCCCCCCC4(C)CCC[N+](CCCCCC)(c5ccccc5)C4)(c4ccccc4)C3)C7=O)C2)C1,CCCCCC[N+]1(c2ccccc2)CCCC(C)(C)C1,Generated,1480.1779999999999,6,20,21,2.5,C100H130N6O4+4
Cc1cc(C)c(Cc2c(C)c(C)c(N=Cc3cccs3)c(CN3C(=O)c4ccc5c6ccc7c8c(ccc(c9ccc(c4c59)C3=O)c86)C(=O)N(Cc3c(C)c(Cc4c(C)cc(C)c(C)c4N=Cc4cccs4)c(C)c(C)c3N=Cc3cccs3)C7=O)c2C)c(N=Cc2cccs2)c1C,Cc1cc(C)c(C)c(N=Cc2cccs2)c1C,Generated,1355.789999999999,2,17,18,3.0,C84H70N6O4S4
CCC(=O)OCCCCCCCCCCCCCCCCCCC(C)C(=O)OCCCCCCCCCCCCCCCCCCN1C(=O)c2ccc3c4ccc5c6c(ccc(c7ccc(c2c37)C1=O)c64)C(=O)N(CCCCCCCCCCCCCCCCCCOC(=O)C(C)CCCCCCCCCCCCCCCCCCOC(=O)CC)C5=O,CCCCCCCCCCCCCCCCCCOC(=O)CC,Generated,1688.5500000000006,18,23,22,0.0,C108H170N2O12
CCCCC(CC)COc1cc(C)cc(OCC(CC)CCCCCc2cc(OCC(CC)CCCC)cc(OCC(CC)CCCCN3C(=O)c4ccc5c6ccc7c8c(ccc(c9ccc(c4c59)C3=O)c86)C(=O)N(CCCCC(CC)COc3cc(CCCCCC(CC)COc4cc(C)cc(OCC(CC)CCCC)c4)cc(OCC(CC)CCCC)c3)C7=O)c2)c1,CCCCC(CC)COc1cc(C)cc(OCC(CC)CCCC)c1,Generated,1776.5739999999996,14,25,25,1.5,C116H162N2O12
CCOC(=O)c1ccccc1-c1c2ccc(=[N+](CC)CC)cc-2oc2cc(N(CC)CCCCOC(=O)c3ccccc3-c3c4ccc(=[N+](CC)CC)cc-4oc4cc(N(CC)CCN5C(=O)c6ccc7c8ccc9c%10c(ccc(c%11ccc(c6c7%11)C5=O)c%108)C(=O)N(CCN(CC)c5ccc6c(-c7ccccc7C(=O)OCCCCN(CC)c7ccc8c(-c%10ccccc%10C(=O)OCC)c%10ccc(=[N+](CC)CC)cc-%10oc8c7)c7ccc(=[N+](CC)CC)cc-7oc6c5)C9=O)ccc34)ccc12,CCOC(=O)c1ccccc1-c1c2ccc(=[N+](CC)CC)cc-2oc2cc(N(CC)CC)ccc12,Generated,2268.773999999997,8,35,38,8.0,C144H142N10O16+4
CC(C)CCC(=O)OCCCCCCCCCC=CC(CC(C)C)C(=O)OCCCCCCCCCC=CN1C(=O)c2ccc3c4ccc5c6c(ccc(c7ccc(c2c37)C1=O)c64)C(=O)N(C=CCCCCCCCCCOC(=O)C(C=CCCCCCCCCCOC(=O)CCC(C)C)CC(C)C)C5=O,C=CCCCCCCCCCOC(=O)CCC(C)C,Generated,1456.0539999999996,13,19,18,0.0,C92H130N2O12
CC(NC(=O)C(C)NC(=O)C(CC(=O)CNC(=O)C(C)NC(=O)C(C)NC(=O)C(CN1C(=O)c2ccc3c4ccc5c6c(ccc(c7ccc(c2c37)C1=O)c64)C(=O)N(CC(NC(=O)C(N)CCC(=O)O)C(=O)NC(C)C(=O)NC(C)C(=O)NCC(=O)CC(NC(=O)C(N)CCC(=O)O)C(=O)NC(C)C(=O)NC(C)C(=O)NCC=O)C5=O)NC(=O)C(N)CCC(=O)O)NC(=O)C(N)CCC(=O)O)C(=O)NCC=O,CC(NC(=O)C(N)CCC(=O)O)C(=O)NC(C)C(=O)NC(C)C(=O)NCC=O,Generated,1987.970000000001,12,28,27,0.0,C88H110N22O32
O=C1c2ccc3c4ccc5c6c(ccc(c7ccc(c2c37)C(=O)N1c1cc(-c2ccc(-c3cc(-c7ccccc7)c7nsnc7c3)cc2)c2nsnc2c1)c64)C(=O)N(c1cc(-c2ccc(-c3cc(-c4ccccc4)c4nsnc4c3)cc2)c2nsnc2c1)C5=O,c1ccc(-c2cccc3nsnc23)cc1,Generated,1231.3979999999997,1,15,17,6.5,C72H34N10O4S4
O=C1c2ccc3c4ccc5c6c(ccc(c7ccc(c2c37)C(=O)N1c1cc(-c2ccc(-c3cc(-c7ccccc7)c7nonc7c3)cc2)c2nonc2c1)c64)C(=O)N(c1cc(-c2ccc(-c3cc(-c4ccccc4)c4nonc4c3)cc2)c2nonc2c1)C5=O,c1ccc(-c2cccc3nonc23)cc1,Generated,1167.1259999999997,1,15,17,6.5,C72H34N10O8
O=C1c2ccc3c4ccc5c6c(ccc(c7ccc(c2c37)C(=O)N1c1cc(-c2ccc(-c3cc(-c7cccnc7)c7nonc7c3)nc2)c2nonc2c1)c64)C(=O)N(c1cc(-c2ccc(-c3cc(-c4cccnc4)c4nonc4c3)nc2)c2nonc2c1)C5=O,c1cncc(-c2cccc3nonc23)c1,Generated,1171.0779999999997,1,15,17,6.5,C68H30N14O8
O=C1c2ccc3c4ccc5c6c(ccc(c7ccc(c2c37)C(=O)N1c1cc(-c2ccc(-c3cc(-c7cccnc7)c7nsnc7c3)nc2)c2nsnc2c1)c64)C(=O)N(c1cc(-c2ccc(-c3cc(-c4cccnc4)c4nsnc4c3)nc2)c2nsnc2c1)C5=O,c1cncc(-c2cccc3nsnc23)c1,Generated,1235.3499999999997,1,15,17,6.5,C68H30N14O4S4
CCOC(=O)C1=CSC(=C2SC(SC)=C(SCCCOC(=O)C3=CSC(=C4SC(SC)=C(SCN5C(=O)c6ccc7c8ccc9c%10c(ccc(c%11ccc(c6c7%11)C5=O)c%108)C(=O)N(CSC5=C(SC)SC(=C6SC=C(C(=O)OCCCSC7=C(SC)SC(=C8SC=C(C(=O)OCC)S8)S7)S6)S5)C9=O)S4)S3)S2)S1,CCOC(=O)C1=CSC(=C2SC(SC)=C(SC)S2)S1,Generated,1856.7579999999991,4,19,20,2.0,C68H50N2O12S24
CCC(=O)OCCCCCCCCCCCCC(C)C(=O)OCCCCCCCCCCCCN1C(=O)c2ccc3c4ccc5c6c(ccc(c7ccc(c2c37)C1=O)c64)C(=O)N(CCCCCCCCCCCCOC(=O)C(C)CCCCCCCCCCCCOC(=O)CC)C5=O,CCCCCCCCCCCCOC(=O)CC,Generated,1351.9019999999996,12,17,16,0.0,C84H122N2O12
CCCCCCCCCCCCOc1cc(C)cc(OCCCCCCCCCCCCCc2cc(OCCCCCCCCCCCC)cc(OCCCCCCCCCCCCN3C(=O)c4ccc5c6ccc7c8c(ccc(c9ccc(c4c59)C3=O)c86)C(=O)N(CCCCCCCCCCCCOc3cc(CCCCCCCCCCCCCOc4cc(C)cc(OCCCCCCCCCCCC)c4)cc(OCCCCCCCCCCCC)c3)C7=O)c2)c1,CCCCCCCCCCCCOc1cc(C)cc(OCCCCCCCCCCCC)c1,Generated,2225.437999999999,24,33,33,1.5,C148H226N2O12
O=C1c2ccc3c4ccc5c6c(ccc(c7ccc(c2c37)C(=O)N1c1cc(-c2ccccc2CC2COc3cscc3O2)ccc1CC1COc2cscc2O1)c64)C(=O)N(c1cc(-c2ccccc2CC2COc3cscc3O2)ccc1CC1COc2cscc2O1)C5=O,c1ccc(CC2COc3cscc3O2)cc1,Generated,1311.5059999999999,2,16,18,6.0,C76H50N2O12S4
CCCCCCC(CC)CCCCCCCCCCC(CCCCCC)CCCCCCCCN1C(=O)c2ccc3c4ccc5c6c(ccc(c7ccc(c2c37)C1=O)c64)C(=O)N(CCCCCCCCC(CCCCCC)CCCCCCCCCCC(CC)CCCCCC)C5=O,CCCCCCCCC(CC)CCCCCC,Generated,1344.1899999999996,13,17,16,0.0,C92H146N2O4
CCCCCCCCC(CCCCCCCCCCc1ccc(OCC(CCCCCCCC)CCCCCCCCCCN2C(=O)c3ccc4c5ccc6c7c(ccc(c8ccc(c3c48)C2=O)c75)C(=O)N(CCCCCCCCCCC(CCCCCCCC)COc2ccc(CCCCCCCCCCC(CCCCCCCC)COc3ccccc3)cc2)C6=O)cc1)COc1ccccc1,CCCCCCCCCCC(CCCCCCCC)COc1ccccc1,Generated,1880.9020000000005,19,27,27,1.5,C128H186N2O8
CC(C)c1cc(CCCCCCCCc2c(C(C)C)cc(CCCCCCCCN3C(=O)c4ccc5c6ccc7c8c(ccc(c9ccc(c4c59)C3=O)c86)C(=O)N(CCCCCCCCc3cc(C(C)C)c(CCCCCCCCc4cc(C(C)C)cc(C(C)C)c4)c(C(C)C)c3)C7=O)cc2C(C)C)cc(C(C)C)c1,CCCCCCCCc1cc(C(C)C)cc(C(C)C)c1,Generated,1480.2579999999978,9,20,20,1.5,C104H138N2O4
CCCCCCCCCCCCCCCCCCCCCCCCCCCCCCCCCCCCCCCCN1C(=O)c2ccc3c4ccc5c6c(ccc(c7ccc(c2c37)C1=O)c64)C(=O)N(CCCCCCCCCCCCCCCCCCCCCCCCCCCCCCCCCCCCCCCC)C5=O,CCCCCCCCCCCCCCCCCCCC,Generated,1512.5140000000008,17,20,19,0.0,C104H170N2O4
O=C1c2ccc3c4ccc5c6c(ccc(c7ccc(c2c37)C(=O)N1c1cc(-c2ccccc2OCC2COc3cscc3O2)ccc1OCC1COc2cscc2O1)c64)C(=O)N(c1cc(-c2ccccc2OCC2COc3cscc3O2)ccc1OCC1COc2cscc2O1)C5=O,c1ccc(OCC2COc3cscc3O2)cc1,Generated,1375.502,3,17,19,6.0,C76H50N2O16S4
O=C(O)CCC(CCC(=O)O)(CCC(=O)O)NC(=O)CCCCCC(=O)CCC(CN1C(=O)c2ccc3c4ccc5c6c(ccc(c7ccc(c2c37)C1=O)c64)C(=O)N(CC(CCC(=O)CCCCCC(=O)NC(CCC(=O)O)(CCC(=O)O)CCC(=O)O)C(=O)CCCCCC(=O)NC(CCC(=O)O)(CCC(=O)O)CCC(=O)O)C5=O)C(=O)CCCCCC(=O)NC(CCC(=O)O)(CCC(=O)O)CCC(=O)O,CCC(=O)CCCCCC(=O)NC(CCC(=O)O)(CCC(=O)O)CCC(=O)O,Generated,1988.1140000000012,17,28,27,0.0,C100H126N6O36
CCCCCCCCC(C)CCCCCCCCCCC(CCCCCCCC)CCCCCCCCCN1C(=O)c2ccc3c4ccc5c6c(ccc(c7ccc(c2c37)C1=O)c64)C(=O)N(CCCCCCCCCC(CCCCCCCC)CCCCCCCCCCC(C)CCCCCCCC)C5=O,CCCCCCCCCC(C)CCCCCCCC,Generated,1456.406,15,19,18,0.0,C100H162N2O4
CC(O)COC(C)COCCCCCCCCCCCCCOC(C)COC(C)COCCCCCCCCCCCCCN1C(=O)c2ccc3c4ccc5c6c(ccc(c7ccc(c2c37)C1=O)c64)C(=O)N(CCCCCCCCCCCCCOCC(C)OCC(C)OCCCCCCCCCCCCCOCC(C)OCC(C)O)C5=O,CCCCCCCCCCCCCOCC(C)OCC(C)O,Generated,1648.3940000000002,17,22,21,0.0,C100H162N2O16
CCC(=O)OCCOCCOCCOCCOCC(C)C(=O)OCCOCCOCCOCCOCN1C(=O)c2ccc3c4ccc5c6c(ccc(c7ccc(c2c37)C1=O)c64)C(=O)N(COCCOCCOCCOCCOC(=O)C(C)COCCOCCOCCOCCOC(=O)CC)C5=O,CCC(=O)OCCOCCOCCOCCOC,Generated,1439.5620000000001,13,18,17,0.0,C72H98N2O28
CCc1ccc(C2=S=C(c3cc(C)c(-c4ccc(OCCCc5ccc(C6=S=C(c7cc(C)c(-c8ccc(OCN9C(=O)c%10ccc%11c%12ccc%13c%14c(ccc(c%15ccc(c%10c%11%15)C9=O)c%14%12)C(=O)N(COc9ccc(-c%10sc(C%11=S=C(c%12ccc(CCCOc%14ccc(-c%15sc(C%16=S=C(c%17ccc(CC)cc%17)C=C%16)cc%15C)cc%14)cc%12)C=C%11)cc%10C)cc9)C%13=O)cc8)s7)C=C6)cc5)cc4)s3)C=C2)cc1,CCc1ccc(C2=S=C(c3cc(C)c(-c4ccc(OC)cc4)s3)C=C2)cc1,Generated,1944.5819999999992,5,27,30,5.5,C120H90N2O8S8
CC(C)(C)c1ccc2c(c1)C(C)(C)c1cc(C(C)(C)Cc3cc(C(C)(C)C)cc4c3Oc3c(-c5ccccc5)cc(C(C)(C)CN5C(=O)c6ccc7c8ccc9c%10c(ccc(c%11ccc(c6c7%11)C5=O)c%108)C(=O)N(CC(C)(C)c5cc(-c6ccccc6)c6c(c5)C(C)(C)c5cc(C(C)(C)C)cc(CC(C)(C)c7cc(-c8ccccc8)c8c(c7)C(C)(C)c7cc(C(C)(C)C)ccc7O8)c5O6)C9=O)cc3C4(C)C)cc(-c3ccccc3)c1O2,CC(C)(C)c1ccc2c(c1)C(C)(C)c1cc(C(C)(C)C)cc(-c3ccccc3)c1O2,Generated,1976.649999999997,1,30,33,7.5,C140H138N2O8
CC(C)OCCOCCOCCOCCOCCOC(CN)CCC(C)OCCOCCOCCOCCOCCOC(CN)CN1C(=O)c2ccc3c4ccc5c6c(ccc(c7ccc(c2c37)C1=O)c64)C(=O)N(CC(CN)OCCOCCOCCOCCOCCOC(C)CCC(CN)OCCOCCOCCOCCOCCOC(C)C)C5=O,CC(C)OCCOCCOCCOCCOCCOC(C)CN,Generated,1732.1180000000008,18,23,22,0.0,C88H142N6O28
CC(C)OCCOCCOCCOCCOC(CN)CCC(C)OCCOCCOCCOCCOC(CN)CN1C(=O)c2ccc3c4ccc5c6c(ccc(c7ccc(c2c37)C1=O)c64)C(=O)N(CC(CN)OCCOCCOCCOCCOC(C)CCC(CN)OCCOCCOCCOCCOC(C)C)C5=O,CC(C)OCCOCCOCCOCCOC(C)CN,Generated,1555.9060000000004,15,20,19,0.0,C80H126N6O24
CCOCCOCCOCCOCCOCCNCCOCCOCCOCCOCCOCCNN1C(=O)c2ccc3c4ccc5c6c(ccc(c7ccc(c2c37)C1=O)c64)C(=O)N(NCCOCCOCCOCCOCCOCCNCCOCCOCCOCCOCCOCC)C5=O,CCOCCOCCOCCOCCOCCN,Generated,1443.6900000000005,15,18,17,0.0,C72H110N6O24
O=C1c2ccc3c4ccc5c6c(ccc(c7ccc(c2c37)C(=O)N1COCCOCCOCCOc1ccc(COCCOCCOCCOc2ccccc2)cc1)c64)C(=O)N(COCCOCCOCCOc1ccc(COCCOCCOCCOc2ccccc2)cc1)C5=O,COCCOCCOCCOc1ccccc1,Generated,1343.4859999999999,10,17,17,1.5,C76H82N2O20
CCOCCOCCOCCOCCOCCOCCNCCOCCOCCOCCOCCOCCOCCNN1C(=O)c2ccc3c4ccc5c6c(ccc(c7ccc(c2c37)C1=O)c64)C(=O)N(NCCOCCOCCOCCOCCOCCOCCNCCOCCOCCOCCOCCOCCOCC)C5=O,CCOCCOCCOCCOCCOCCOCCN,Generated,1619.902000000001,18,21,20,0.0,C80H126N6O28
CCN(CCN=Cc1cccs1)CCN=C(CCN(CCN=Cc1cccs1)CCN=C(c1cccs1)N1C(=O)c2ccc3c4ccc5c6c(ccc(c7ccc(c2c37)C1=O)c64)C(=O)N(C(=NCCN(CCN=Cc1cccs1)CCC(=NCCN(CC)CCN=Cc1cccs1)c1cccs1)c1cccs1)C5=O)c1cccs1,CCN(CCN=Cc1cccs1)CCN=Cc1cccs1,Generated,1660.2859999999998,9,21,22,3.0,C88H86N14O4S8
CC(C=CC=C(C)C=Cc1ccc(-c2ccccc2)cc1)=CC=CC=C(C=CC=C(C)C=CC1=C(C)CCCC1(C)C)Cc1ccc(-c2ccc(C=CC(C)=CC=CC(C)=CC=CC=C(C=CC=C(C)C=CC3=C(C)CCCC3(C)C)CN3C(=O)c4ccc5c6ccc7c8c(ccc(c9ccc(c4c59)C3=O)c86)C(=O)N(CC(C=CC=C(C)C=CC3=C(C)CCCC3(C)C)=CC=CC=C(C)C=CC=C(C)C=Cc3ccc(-c4ccc(CC(C=CC=C(C)C=CC5=C(C)CCCC5(C)C)=CC=CC=C(C)C=CC=C(C)C=Cc5ccc(-c6ccccc6)cc5)cc4)cc3)C7=O)cc2)cc1,CC(C=CC=C(C)C=CC1=C(C)CCCC1(C)C)=CC=CC=C(C)C=CC=C(C)C=Cc1ccc(-c2ccccc2)cc1,Generated,2649.781999999991,11,43,45,4.0,C196H202N2O4
CCOC(=O)OC(CCC(C)CCCC(C)C)CCC(C)CCCC(C)CCCOC(=O)OC(CCC(C)CCCC(C)C)CCC(C)CCCC(C)CN1C(=O)c2ccc3c4ccc5c6c(ccc(c7ccc(c2c37)C1=O)c64)C(=O)N(CC(C)CCCC(C)CCC(CCC(C)CCCC(C)C)OC(=O)OCCCC(C)CCCC(C)CCC(CCC(C)CCCC(C)C)OC(=O)OCC)C5=O,CCOC(=O)OC(CCC(C)CCCC(C)C)CCC(C)CCCC(C)C,Generated,1920.869999999999,16,27,26,0.0,C120H194N2O16
CCC[n+]1ccn(CCCCCCCCCCCCCCC[n+]2ccn(CCCCCCCCCCCCN3C(=O)c4ccc5c6ccc7c8c(ccc(c9ccc(c4c59)C3=O)c86)C(=O)N(CCCCCCCCCCCCn3cc[n+](CCCCCCCCCCCCCCCn4cc[n+](CCC)c4)c3)C7=O)c2)c1,CCCCCCCCCCCCn1cc[n+](CCC)c1,Generated,1500.2580000000003,13,20,20,1.5,C96H142N10O4+4
CCSC1=C(C)SC(=C2SC(SC)=C(SCCCSC3=C(C)SC(=C4SC(SC)=C(SCN5C(=O)c6ccc7c8ccc9c%10c(ccc(c%11ccc(c6c7%11)C5=O)c%108)C(=O)N(CSC5=C(SC)SC(=C6SC(C)=C(SCCCSC7=C(SC)SC(=C8SC(C)=C(SCC)S8)S7)S6)S5)C9=O)S4)S3)S2)S1,CCSC1=C(C)SC(=C2SC(SC)=C(SC)S2)S1,Generated,1865.0979999999988,4,18,19,2.0,C68H58N2O4S28
CCCCCCCCCCCCSC1=C(C)SC(=C2SC(SC)=C(SCCCCCCCCCCCCCSC3=C(C)SC(=C4SC(SC)=C(SCN5C(=O)c6ccc7c8ccc9c%10c(ccc(c%11ccc(c6c7%11)C5=O)c%108)C(=O)N(CSC5=C(SC)SC(=C6SC(C)=C(SCCCCCCCCCCCCCSC7=C(SC)SC(=C8SC(C)=C(SCCCCCCCCCCCC)S8)S7)S6)S5)C9=O)S4)S3)S2)S1,CCCCCCCCCCCCSC1=C(C)SC(=C2SC(SC)=C(SC)S2)S1,Generated,2426.177999999999,14,28,29,2.0,C108H138N2O4S28
CC(C)c1cc(-c2ccc(C=O)nc2)cc(C(C)Cc2c(C(C)C)cc(-c3ccc(C=O)nc3)cc2C(C)CN2C(=O)c3ccc4c5ccc6c7c(ccc(c8ccc(c3c48)C2=O)c75)C(=O)N(CC(C)c2cc(-c3ccc(C=O)nc3)cc(C(C)C)c2CC(C)c2cc(-c3ccc(C=O)nc3)cc(C(C)C)c2)C6=O)c1,CC(C)c1cc(-c2ccc(C=O)nc2)cc(C(C)C)c1,Generated,1451.7779999999989,4,20,21,3.0,C96H86N6O8
CCCCCCc1cc(C#Cc2ccccc2)c(C#Cc2ccccc2)cc1CCCCCCc1cccc(C#Cc2cc(CCCCCC)c(CCCCCCN3C(=O)c4ccc5c6ccc7c8c(ccc(c9ccc(c4c59)C3=O)c86)C(=O)N(CCCCCCc3cc(C#Cc4ccccc4)c(C#Cc4cccc(CCCCCCc5cc(C#Cc6ccccc6)c(C#Cc6ccccc6)cc5CCCCCC)c4)cc3CCCCCC)C7=O)cc2C#Cc2ccccc2)c1,CCCCCCc1cc(C#Cc2ccccc2)c(C#Cc2ccccc2)cc1CCCCCC,Generated,2169.001999999998,10,34,36,4.5,C160H154N2O4
O=C(O)CNC(=O)CCCC(=O)NCCCCCCC(CCC(=O)NCC(=O)O)C(=O)NCCCCCCN1C(=O)c2ccc3c4ccc5c6c(ccc(c7ccc(c2c37)C1=O)c64)C(=O)N(CCCCCCNC(=O)C(CCCCCCNC(=O)CCCC(=O)NCC(=O)O)CCC(=O)NCC(=O)O)C5=O,CCCCCCNC(=O)CCCC(=O)NCC(=O)O,Generated,1471.6700000000003,11,19,18,0.0,C76H98N10O20
CCCCCCCCCCCCOc1cccc(OCCCCCCCCCCCCc2cc(OCCCCCCCCCCCC)c(OCCCCCCCCCCCC)c(OCCCCCCCCCCCCN3C(=O)c4ccc5c6ccc7c8c(ccc(c9ccc(c4c59)C3=O)c86)C(=O)N(CCCCCCCCCCCCOc3cc(CCCCCCCCCCCCOc4cccc(OCCCCCCCCCCCC)c4OCCCCCCCCCCCC)cc(OCCCCCCCCCCCC)c3OCCCCCCCCCCCC)C7=O)c2)c1OCCCCCCCCCCCC,CCCCCCCCCCCCOc1cccc(OCCCCCCCCCCCC)c1OCCCCCCCCCCCC,Generated,2906.6219999999994,36,45,45,1.5,C192H314N2O16
CCCCCCCCCCCCCCCCCCCCCCCCCCCC(CCCCCCCCCCCCC)CCCCCCCCCCCCCN1C(=O)c2ccc3c4ccc5c6c(ccc(c7ccc(c2c37)C1=O)c64)C(=O)N(CCCCCCCCCCCCCC(CCCCCCCCCCCCC)CCCCCCCCCCCCCCCCCCCCCCCCCCC)C5=O,CCCCCCCCCCCCCCCCCCCCCCCCCCC,Generated,1905.2700000000011,24,27,26,0.0,C132H226N2O4
CCCCC(CC)CCCCCCCCCC(CCCCCCCN1C(=O)c2ccc3c4ccc5c6c(ccc(c7ccc(c2c37)C1=O)c64)C(=O)N(CCCCCCCC(CCCCCCCCCC(CC)CCCC)CC(CC)CCCC)C5=O)CC(CC)CCCC,CCCCCCCCCC(CC)CCCC,Generated,1288.0819999999985,12,16,15,0.0,C88H138N2O4
CCCCCCc1cc(C#Cc2ccccc2)c(C#Cc2ccc(C#Cc3cc(CCCCCC)c(CCCCCC)cc3C#CN3C(=O)c4ccc5c6ccc7c8c(ccc(c9ccc(c4c59)C3=O)c86)C(=O)N(C#Cc3cc(CCCCCC)c(CCCCCC)cc3C#Cc3ccc(C#Cc4cc(CCCCCC)c(CCCCCC)cc4C#Cc4ccccc4)cc3)C7=O)cc2)cc1CCCCCC,C#Cc1cc(CCCCCC)c(CCCCCC)cc1C#Cc1ccccc1,Generated,1864.6099999999997,10,28,29,3.0,C136H138N2O4
CCC(CCCCc1cccc(-n2c(=O)c3cc4c(=O)n(CC(CC)CCCCN5C(=O)c6ccc7c8ccc9c%10c(ccc(c%11ccc(c6c7%11)C5=O)c%108)C(=O)N(CCCCC(CC)Cn5c(=O)c6cc7c(=O)n(-c8cccc(CCCCC(CC)Cn%10c(=O)c%11cc%12c(=O)n(-c%13ccccc%13)c(=O)c%12cc%11c%10=O)c8)c(=O)c7cc6c5=O)C9=O)c(=O)c4cc3c2=O)c1)Cn1c(=O)c2cc3c(=O)n(-c4ccccc4)c(=O)c3cc2c1=O,CCCCC(CC)Cn1c(=O)c2cc3c(=O)n(-c4ccccc4)c(=O)c3cc2c1=O,Generated,2000.1539999999995,7,30,33,8.0,C120H98N10O20
CCC(CCCCc1cccc(N2C(=O)c3ccc4c5c(ccc(c35)C2=O)C(=O)N(CC(CC)CCCCN2C(=O)c3ccc5c6ccc7c8c(ccc(c9ccc(c3c59)C2=O)c86)C(=O)N(CCCCC(CC)CN2C(=O)c3ccc5c6c(ccc(c36)C2=O)C(=O)N(c2cccc(CCCCC(CC)CN3C(=O)c6ccc8c9c(ccc(c69)C3=O)C(=O)N(c3ccccc3)C8=O)c2)C5=O)C7=O)C4=O)c1)CN1C(=O)c2ccc3c4c(ccc(c24)C1=O)C(=O)N(c1ccccc1)C3=O,CCCCC(CC)CN1C(=O)c2ccc3c4c(ccc(c24)C1=O)C(=O)N(c1ccccc1)C3=O,Generated,2200.3939999999975,7,34,38,8.5,C136H106N10O20
CC(NC(=O)C(C)NC(=O)C(CCC(=O)O)NC(=O)C(CCC(=O)O)NC(=O)C(N)CCC(=O)O)C(=O)NC(CC(=O)CNC(=O)C(CN1C(=O)c2ccc3c4ccc5c6c(ccc(c7ccc(c2c37)C1=O)c64)C(=O)N(CC(NC(=O)C(C)NC(=O)C(C)NC(=O)C(CCC(=O)O)NC(=O)C(CCC(=O)O)NC(=O)C(N)CCC(=O)O)C(=O)NCC(=O)CC(NC(=O)C(C)NC(=O)C(C)NC(=O)C(CCC(=O)O)NC(=O)C(CCC(=O)O)NC(=O)C(N)CCC(=O)O)C(=O)NCC=O)C5=O)NC(=O)C(C)NC(=O)C(C)NC(=O)C(CCC(=O)O)NC(=O)C(CCC(=O)O)NC(=O)C(N)CCC(=O)O)C(=O)NCC=O,CC(NC(=O)C(C)NC(=O)C(C)NC(=O)C(CCC(=O)O)NC(=O)C(CCC(=O)O)NC(=O)C(N)CCC(=O)O)C(=O)NCC=O,Generated,3020.8899999999926,22,46,45,0.0,C128H166N30O56
O=C1c2ccc3c4ccc5c6c(ccc(c7ccc(c2c37)C(=O)N1CCCCCCCCCCCCCCCc1cc(CCCCCCO)ccc1CCCCCCCCCCCCCCCc1cccc(CCCCCCO)c1)c64)C(=O)N(CCCCCCCCCCCCCCCc1cc(CCCCCCO)ccc1CCCCCCCCCCCCCCCc1cccc(CCCCCCO)c1)C5=O,CCCCCCCCCCCCCCCc1cccc(CCCCCCO)c1,Generated,1937.010000000001,20,28,28,1.5,C132H194N2O8
CCNC(=O)OC1CCC2(C)C(=CCC3C2CCC2(C)C(C(C)CCCC(C)CCCNC(=O)OC4CCC5(C)C(=CCC6C5CCC5(C)C(C(C)CCCC(C)CN7C(=O)c8ccc9c%10ccc%11c%12c(ccc(c%13ccc(c8c9%13)C7=O)c%12%10)C(=O)N(CC(C)CCCC(C)C7CCC8C9CC=C%10CC(OC(=O)NCCCC(C)CCCC(C)C%12CCC%13C%14CC=C%15CC(OC(=O)NCC)CCC%15(C)C%14CCC%12%13C)CCC%10(C)C9CCC78C)C%11=O)CCC65)C4)CCC32)C1,CCNC(=O)OC1CCC2(C)C(=CCC3C2CCC2(C)C(C(C)CCCC(C)C)CCC32)C1,Generated,2213.261999999999,7,33,36,6.0,C144H206N6O12
CC1(C)c2ccccc2C(C)(C)N1OCc1ccc2c(c1)C(C)(C)N(OCN1C(=O)c3ccc4c5ccc6c7c(ccc(c8ccc(c3c48)C1=O)c75)C(=O)N(CON1C(C)(C)c3ccc(CON4C(C)(C)c5ccccc5C4(C)C)cc3C1(C)C)C6=O)C2(C)C,CON1C(C)(C)c2ccccc2C1(C)C,Generated,1203.4939999999986,1,15,16,4.5,C76H78N6O8
CCCCCCCCCCCCOC(=O)C(C)=CCCCCCCCCCCCCOC(=O)C(C)=CN1C(=O)c2ccc3c4ccc5c6c(ccc(c7ccc(c2c37)C1=O)c64)C(=O)N(C=C(C)C(=O)OCCCCCCCCCCCCC=C(C)C(=O)OCCCCCCCCCCCC)C5=O,C=C(C)C(=O)OCCCCCCCCCCCC,Generated,1399.9460000000004,12,18,17,0.0,C88H122N2O12
CCN(CCN=Cc1ccccc1O)CCN=Cc1ccccc1OCCN(CCN=Cc1ccccc1O)CCN=Cc1ccccc1ON1C(=O)c2ccc3c4ccc5c6c(ccc(c7ccc(c2c37)C1=O)c64)C(=O)N(Oc1ccccc1C=NCCN(CCN=Cc1ccccc1O)CCOc1ccccc1C=NCCN(CC)CCN=Cc1ccccc1O)C5=O,CCN(CCN=Cc1ccccc1O)CCN=Cc1ccccc1O,Generated,1740.0460000000005,9,25,26,3.0,C104H102N14O12
CC(C)(C)CN=C(O)CC1(CCCC(C)(C)CN=C(O)CC2(CCN3C(=O)c4ccc5c6ccc7c8c(ccc(c9ccc(c4c59)C3=O)c86)C(=O)N(CCC3(CC(O)=NCC(C)(C)CCCC4(CC(O)=NCC(C)(C)C)C(O)=NC(=O)N=C4O)C(O)=NC(=O)N=C3O)C7=O)C(O)=NC(=O)N=C2O)C(O)=NC(=O)N=C1O,CCC1(CC(O)=NCC(C)(C)C)C(O)=NC(=O)N=C1O,Generated,1515.6019999999999,4,20,20,1.0,C76H86N14O20
CCC(CCCCc1cc(C(C)(C)C)c(NC(O)=Nc2nc(O)cc(C(CC)CCCCN3C(=O)c4ccc5c6ccc7c8c(ccc(c9ccc(c4c59)C3=O)c86)C(=O)N(CCCCC(CC)c3cc(O)nc(N=C(O)Nc4cc(C(C)(C)C)c(CCCCC(CC)c5cc(O)nc(N=C(O)Nc6cc(C(C)(C)C)ccc6C(C)(C)C)n5)cc4C(C)(C)C)n3)C7=O)n2)cc1C(C)(C)C)c1cc(O)nc(N=C(O)Nc2cc(C(C)(C)C)ccc2C(C)(C)C)n1,CCCCC(CC)c1cc(O)nc(N=C(O)Nc2cc(C(C)(C)C)ccc2C(C)(C)C)n1,Generated,2144.8179999999966,7,32,33,3.0,C128H162N18O12
Nc1nc2c(nc(C#Cc3ccccc3)n2CCCCCCCCc2ccc(C#Cc3nc4c(=O)[nH]c(N)nc4n3CCCCCCCCN3C(=O)c4ccc5c6ccc7c8c(ccc(c9ccc(c4c59)C3=O)c86)C(=O)N(CCCCCCCCn3c(C#Cc4ccc(CCCCCCCCn5c(C#Cc6ccccc6)nc6c(=O)[nH]c(N)nc65)cc4)nc4c(=O)[nH]c(N)nc43)C7=O)cc2)c(=O)[nH]1,CCCCCCCCn1c(C#Cc2ccccc2)nc2c(=O)[nH]c(N)nc21,Generated,1836.1500000000005,7,27,29,6.5,C108H102N22O8
CC(C)(C)CC(O)=Nc1cccc(N=C(O)c2cccc(C(O)=Nc3cccc(N=C(O)CC(C)(C)Cc4cc(C(O)=Nc5cccc(N=C(O)CC(C)(C)C)n5)cc(C(O)=Nc5cccc(N=C(O)CC(C)(C)CN6C(=O)c7ccc8c9ccc%10c%11c(ccc(c%12ccc(c7c8%12)C6=O)c%119)C(=O)N(CC(C)(C)CC(O)=Nc6cccc(N=C(O)c7cc(CC(C)(C)CC(O)=Nc8cccc(N=C(O)c9cccc(C(O)=Nc%11cccc(N=C(O)CC(C)(C)C)n%11)c9)n8)cc(C(O)=Nc8cccc(N=C(O)CC(C)(C)C)n8)c7)n6)C%10=O)n5)c4)n3)c2)n1,CC(C)(C)CC(O)=Nc1cccc(N=C(O)c2cccc(C(O)=Nc3cccc(N=C(O)CC(C)(C)C)n3)c2)n1,Generated,2560.9139999999957,8,40,42,4.5,C144H146N26O20
Cc1cc(C)cc(-c2ccc(CCCCCc3cc(C)c(-c4ccnc(C(=O)O)c4)cc3Cc3c(C)cc(-c4ccc(CCCCCc5cc(C)c(-c6ccnc(C(=O)O)c6)cc5CN5C(=O)c6ccc7c8ccc9c%10c(ccc(c%11ccc(c6c7%11)C5=O)c%108)C(=O)N(Cc5cc(-c6ccnc(C(=O)O)c6)c(C)cc5CCCCCc5ccc(-c6cc(C)c(Cc7cc(-c8ccnc(C(=O)O)c8)c(C)cc7CCCCCc7ccc(-c8cc(C)cc(C)c8)cc7)c(C)c6)cc5)C9=O)cc4)cc3C)cc2)c1,Cc1cc(C)cc(-c2ccc(CCCCCc3cc(C)c(-c4ccnc(C(=O)O)c4)cc3C)cc2)c1,Generated,2292.8819999999955,9,36,39,6.0,C156H142N6O12
O=C1c2ccc3c4ccc5c6c(ccc(c7ccc(c2c37)C(=O)N1CCCCOCCCNCCS(=O)c1ccc(CCCCOCCCNCCS(=O)c2ccccc2)cc1)c64)C(=O)N(CCCCOCCCNCCS(=O)c1ccc(CCCCOCCCNCCS(=O)c2ccccc2)cc1)C5=O,CCCCOCCCNCCS(=O)c1ccccc1,Generated,1516.0380000000002,11,19,19,1.5,C84H102N6O12S4
CC(C)(CCc1ccc(S(=O)CCNC(C)(C)CCC(C)(C)CCN2C(=O)c3ccc4c5ccc6c7c(ccc(c8ccc(c3c48)C2=O)c75)C(=O)N(CCC(C)(C)CCC(C)(C)NCCS(=O)c2ccc(CCC(C)(C)CCC(C)(C)NCCS(=O)c3ccccc3)cc2)C6=O)cc1)CCC(C)(C)NCCS(=O)c1ccccc1,CCC(C)(C)CCC(C)(C)NCCS(=O)c1ccccc1,Generated,1620.365999999999,9,21,21,1.5,C96H126N6O8S4
Cc1cc(Cc2ccc(S(=O)CCNc3cc(C)cc(CN4C(=O)c5ccc6c7ccc8c9c(ccc(c%10ccc(c5c6%10)C4=O)c97)C(=O)N(Cc4cc(C)cc(NCCS(=O)c5ccc(Cc6cc(C)cc(NCCS(=O)c7ccccc7)c6)cc5)c4)C8=O)c3)cc2)cc(NCCS(=O)c2ccccc2)c1,Cc1cc(C)cc(NCCS(=O)c2ccccc2)c1,Generated,1475.8939999999998,5,19,20,3.0,C88H78N6O8S4
COCCN(CCOCc1ccc(S(=O)CCN(CCOC)CCOCN2C(=O)c3ccc4c5ccc6c7c(ccc(c8ccc(c3c48)C2=O)c75)C(=O)N(COCCN(CCOC)CCS(=O)c2ccc(COCCN(CCOC)CCS(=O)c3ccccc3)cc2)C6=O)cc1)CCS(=O)c1ccccc1,COCCN(CCOC)CCS(=O)c1ccccc1,Generated,1523.9259999999997,10,19,19,1.5,C80H94N6O16S4
CCCCN(CCCCc1ccc(S(=O)CCN(CCCC)CCCCN2C(=O)c3ccc4c5ccc6c7c(ccc(c8ccc(c3c48)C2=O)c75)C(=O)N(CCCCN(CCCC)CCS(=O)c2ccc(CCCCN(CCCC)CCS(=O)c3ccccc3)cc2)C6=O)cc1)CCS(=O)c1ccccc1,CCCCN(CCCC)CCS(=O)c1ccccc1,Generated,1508.1499999999996,10,19,19,1.5,C88H110N6O8S4
O=C1c2ccc3c4ccc5c6c(ccc(c7ccc(c2c37)C(=O)N1C=CS(=O)c1ccc2cc(C=CS(=O)c3ccc7ccccc7c3)ccc2c1)c64)C(=O)N(C=CS(=O)c1ccc2cc(C=CS(=O)c3ccc4ccccc4c3)ccc2c1)C5=O,C=CS(=O)c1ccc2ccccc2c1,Generated,1191.402,2,14,15,5.0,C72H42N2O8S4
CCCOC(COC(C)(C)CCC(C)(C)C)CC(C)COC(COC(C)(C)CCC(C)(C)C)CN1C(=O)c2ccc3c4ccc5c6c(ccc(c7ccc(c2c37)C1=O)c64)C(=O)N(CC(COC(C)(C)CCC(C)(C)C)OCC(C)CC(COC(C)(C)CCC(C)(C)C)OCCC)C5=O,CCCOC(C)COC(C)(C)CCC(C)(C)C,Generated,1359.9659999999988,8,17,16,0.0,C84H130N2O12
O=C1c2ccc3c4ccc5c6c(ccc(c7ccc(c2c37)C(=O)N1CCS(=O)c1ccc2cc(CCS(=O)c3ccc7ccccc7c3)ccc2c1)c64)C(=O)N(CCS(=O)c1ccc2cc(CCS(=O)c3ccc4ccccc4c3)ccc2c1)C5=O,CCS(=O)c1ccc2ccccc2c1,Generated,1199.466,2,14,15,5.0,C72H50N2O8S4
CCCc1cccc(OCCCCCCOC(=O)C=Cc2ccc(OCCCCCCOC(=O)C=CN3C(=O)c4ccc5c6ccc7c8c(ccc(c9ccc(c4c59)C3=O)c86)C(=O)N(C=CC(=O)OCCCCCCOc3ccc(C=CC(=O)OCCCCCCOc4cccc(CCC)c4)c(CCC)c3)C7=O)cc2CCC)c1,C=CC(=O)OCCCCCCOc1cccc(CCC)c1,Generated,1543.9019999999994,11,21,21,1.5,C96H106N2O16
Cc1cc(C)cc(-c2ccc(CCc3ccc(C(O)=CC(=O)Cc4c(C)cc(-c5ccc(CCc6ccc(C(O)=CC(=O)CN7C(=O)c8ccc9c%10ccc%11c%12c(ccc(c%13ccc(c8c9%13)C7=O)c%12%10)C(=O)N(CC(=O)C=C(O)c7ccc(CCc8ccc(-c9cc(C)c(CC(=O)C=C(O)c%10ccc(CCc%12ccc(-c%13cc(C)cc(C)c%13)cc%12)cc%10)c(C)c9)cc8)cc7)C%11=O)cc6)cc5)cc4C)cc3)cc2)c1,CC(=O)C=C(O)c1ccc(CCc2ccc(-c3cc(C)cc(C)c3)cc2)cc1,Generated,1864.257999999999,6,28,30,4.5,C128H106N2O12
CCCCCCOS(=O)(=O)c1ccc(CCCCCCCOS(=O)(=O)c2ccc(CN3C(=O)c4ccc5c6ccc7c8c(ccc(c9ccc(c4c59)C3=O)c86)C(=O)N(Cc3ccc(S(=O)(=O)OCCCCCCCc4ccc(S(=O)(=O)OCCCCCC)cc4)cc3)C7=O)cc2)cc1,CCCCCCOS(=O)(=O)c1ccc(C)cc1,Generated,1407.758,7,17,17,1.5,C76H82N2O16S4
CCCCN(CCCCCCCCOC(=O)C(C)=CCc1ccc(N(CCCC)CCCCCCCCOC(=O)C(C)=CN2C(=O)c3ccc4c5ccc6c7c(ccc(c8ccc(c3c48)C2=O)c75)C(=O)N(C=C(C)C(=O)OCCCCCCCCN(CCCC)c2ccc(CC=C(C)C(=O)OCCCCCCCCN(CCCC)c3ccc(C)cc3)cc2)C6=O)cc1)c1ccc(C)cc1,C=C(C)C(=O)OCCCCCCCCN(CCCC)c1ccc(C)cc1,Generated,1820.506,14,26,26,1.5,C116H150N6O12
CCOCCOCCOCCOCCOCCOCCOCCOCCOCCOCCOCCON1C(=O)c2ccc3c4ccc5c6c(ccc(c7ccc(c2c37)C1=O)c64)C(=O)N(OCCOCCOCCOCCOCCOCCOCCOCCOCCOCCOCCOCC)C5=O,CCOCCOCCOCCOCCOCCO,Generated,1447.6260000000004,15,18,17,0.0,C72H106N2O28
