SMILES,HeavyAtoms,NumBonds,NumRings,MW
Cc1cc(C)cc(N2C(=O)c3ccc4c5ccc6c7c(ccc(c8ccc(c3c48)C2=O)c75)C(=O)N(c2cc(C)cc(C)c2)C6=O)c1,46,54,9,598.6580000000002
O=C1c2ccc3c4ccc5c6c(ccc(c7ccc(c2c37)C(=O)N1c1ccc(N=Nc2ccccc2)cc1)c64)C(=O)N(c1ccc(N=Nc2ccccc2)cc1)C5=O,58,68,11,750.7740000000001
O=C1NC(=O)c2ccc3c4ccc5c6c(ccc(c7ccc1c2c73)c64)C(=O)NC5=O,30,36,7,390.3540000000001
CN1C(=O)c2ccc3c4ccc5c6c(ccc(c7ccc(c2c37)C1=O)c64)C(=O)N(C)C5=O,32,38,7,418.4080000000002
COc1ccc(N2C(=O)c3ccc4c5ccc6c7c(ccc(c8ccc(c3c48)C2=O)c75)C(=O)N(c2ccc(OC)cc2)C6=O)cc1,46,54,9,602.6020000000002
CCOc1ccc(N2C(=O)c3ccc4c5ccc6c7c(ccc(c8ccc(c3c48)C2=O)c75)C(=O)N(c2ccc(OCC)cc2)C6=O)cc1,48,56,9,630.6560000000002
Nc1ccc(N2C(=O)c3ccc4c5ccc6c7c(ccc(c8ccc(c3c48)C2=O)c75)C(=O)N(c2ccc(N)cc2)C6=O)cc1,44,52,9,572.5800000000003
O=C1c2ccc3c4ccc5c6c(ccc(c7ccc(c2c37)C(=O)N1CCN1CCCCC1)c64)C(=O)N(CCN1CCCCC1)C5=O,46,54,9,612.7299999999999
CN(C)CCN1C(=O)c2ccc3c4ccc5c6c(ccc(c7ccc(c2c37)C1=O)c64)C(=O)N(CCN(C)C)C5=O,40,46,7,532.6000000000004
C[N+](C)(C)CCN1C(=O)c2ccc3c4ccc5c6c(ccc(c7ccc(c2c37)C1=O)c64)C(=O)N(CC[N+](C)(C)C)C5=O,42,48,7,562.6700000000003
COCCOCCOCC(COCCOCCOC)N1C(=O)c2ccc3c4ccc5c6c(ccc(c7ccc(c2c37)C1=O)c64)C(=O)N(C(COCCOCCOC)COCCOCCOC)C5=O,68,74,7,947.0439999999995
O=C1c2ccc3c4ccc5c6c(cc(N7CCCCC7)c(c7ccc(c2c37)C(=O)N1CCOCCN1CCCCC1)c64)C(=O)N(CCOCCN1CCCCC1)C5=O,58,67,10,783.9699999999992
O=C1c2ccc3c4ccc5c6c(ccc(c7ccc(c2c37)C(=O)N1c1ccccc1)c64)C(=O)N(c1ccccc1)C5=O,42,50,9,542.5500000000003
CCCCCCCCN1C(=O)c2ccc3c4ccc5c6c(ccc(c7ccc(c2c37)C1=O)c64)C(=O)N(CCCCCCCC)C5=O,46,52,7,614.786
CCCCCCN1C(=O)c2ccc3c4ccc5c6c(ccc(c7ccc(c2c37)C1=O)c64)C(=O)N(CCCCCC)C5=O,42,48,7,558.6780000000003
CC(C)c1cccc(C(C)C)c1N1C(=O)c2ccc3c4ccc5c6c(ccc(c7ccc(c2c37)C1=O)c64)C(=O)N(c1c(C(C)C)cccc1C(C)C)C5=O,54,62,9,710.874
O=C1c2ccc3c4ccc5c6c(ccc(c7ccc(c2c37)C(=O)N1CCc1ccccc1)c64)C(=O)N(CCc1ccccc1)C5=O,46,54,9,598.6580000000004
CC(C)(C)c1ccc(C(C)(C)C)c(N2C(=O)c3ccc4c5ccc6c7c(ccc(c8ccc(c3c48)C2=O)c75)C(=O)N(c2cc(C(C)(C)C)ccc2C(C)(C)C)C6=O)c1,58,66,9,766.9819999999999
O=C1c2ccc3c4ccc5c6c(ccc(c7ccc(c2c37)C(=O)N1CCNCCO)c64)C(=O)N(CCNCCO)C5=O,42,48,7,564.5980000000003
O=C1CCCCCC(=O)NCCCN2CCN(CCCN3C(=O)c4ccc5c6ccc7c8c(ccc(c9ccc(c4c59)C3=O)c86)C(=O)N(CCCN3CCN(CCCN1)CC3)C7=O)CC2,65,74,20,881.0909999999991
CN(C)CCCN1C(=O)c2ccc3c4ccc5c6c(ccc(c7ccc(c2c37)C1=O)c64)C(=O)N(CCCN(C)C)C5=O,42,48,7,560.6540000000003
NCCN1C(=O)c2ccc3c4ccc5c6c(ccc(c7ccc(c2c37)C1=O)c64)C(=O)N(CCN)C5=O,36,42,7,476.49200000000036
O=C1c2ccc3c4ccc5c6c(ccc(c7ccc(c2c37)C(=O)N1Cc1ccccc1)c64)C(=O)N(Cc1ccccc1)C5=O,44,52,9,570.6040000000004
CCCCCN1C(=O)c2ccc3c4ccc5c6c(ccc(c7ccc(c2c37)C1=O)c64)C(=O)N(CCCCC)C5=O,40,46,7,530.6240000000005
CCCCCCCN1C(=O)c2ccc3c4ccc5c6c(ccc(c7ccc(c2c37)C1=O)c64)C(=O)N(CCCCCCC)C5=O,44,50,7,586.7320000000002
N#CSc1cccc(N2C(=O)c3ccc4c5ccc6c7c(ccc(c8ccc(c3c48)C2=O)c75)C(=O)N(c2cccc(SC#N)c2)C6=O)c1,48,56,9,656.7040000000003
O=C1c2ccc3c4c(N5CCCCC5)cc5c6c(ccc(c7c(N8CCCCC8)cc(c2c37)C(=O)N1CCN1CCCCC1)c64)C(=O)N(CCN1CCCCC1)C5=O,58,68,11,778.9979999999991
NCCNCCNCN1C(=O)c2ccc3c4ccc5c6c(ccc(c7ccc(c2c37)C1=O)c64)C(=O)N(CNCCNCCN)C5=O,46,52,7,620.7139999999999
CC(=O)NCCNCCNCN1C(=O)c2ccc3c4ccc5c6c(ccc(c7ccc(c2c37)C1=O)c64)C(=O)N(CNCCNCCNC(C)=O)C5=O,52,58,7,704.7879999999999
NCCCNCCN1C(=O)c2ccc3c4ccc5c6c(ccc(c7ccc(c2c37)C1=O)c64)C(=O)N(CCNCCCN)C5=O,44,50,7,590.6840000000001
CC(=O)NCCCNCCCCNCCN1C(=O)c2ccc3c4ccc5c6c(ccc(c7ccc(c2c37)C1=O)c64)C(=O)N(CCNCCCCNCCCNC(C)=O)C5=O,60,66,7,817.0039999999996
CC(C)NCCNCN1C(=O)c2ccc3c4ccc5c6c(ccc(c7ccc(c2c37)C1=O)c64)C(=O)N(CNCCNC(C)C)C5=O,46,52,7,618.738
CN(C)CCCNCCN1C(=O)c2ccc3c4ccc5c6c(ccc(c7ccc(c2c37)C1=O)c64)C(=O)N(CCNCCCN(C)C)C5=O,48,54,7,646.7919999999999
CC(=O)NCCCNCCN1C(=O)c2ccc3c4ccc5c6c(ccc(c7ccc(c2c37)C1=O)c64)C(=O)N(CCNCCCNC(C)=O)C5=O,50,56,7,674.7579999999999
CN1CCN(c2cc3c4c(ccc5c6c(N7CCN(C)CC7)cc7c8c(ccc(c2c45)c86)C(=O)N(CCN2CCCCC2)C7=O)C(=O)N(CCN2CCCCC2)C3=O)CC1,60,70,11,809.0279999999998
CN(C)CCCN1CCN(c2cc3c4c(ccc5c6ccc7c8c(ccc(c2c45)c86)C(=O)N(CCN2CCCCC2)C7=O)C(=O)N(CCN2CCCCC2)C3=O)CC1,58,67,10,782.0019999999993
NCCCNCCCCNCCCN1C(=O)c2ccc3c4ccc5c6c(ccc(c7ccc(c2c37)C1=O)c64)C(=O)N(CCCNCCCCNCCCN)C5=O,56,62,7,760.9839999999996
O=C1c2ccc3c4ccc5c6c(ccc(c7ccc(c2c37)C(=O)N1CCCN1CCOCC1)c64)C(=O)N(CCCN1CCOCC1)C5=O,48,56,9,644.728
CCCCCCCCCCCCCN1C(=O)c2ccc3c4ccc5c6c(ccc(c7ccc(c2c37)C1=O)c64)C(=O)N(CCCCCCCCCCCCC)C5=O,56,62,7,755.0559999999994
CCC(CC)N1C(=O)c2ccc3c4ccc5c6c(ccc(c7ccc(c2c37)C1=O)c64)C(=O)N(C(CC)CC)C5=O,40,46,7,530.6240000000004
CCCN1C(=O)c2ccc3c4ccc5c6c(ccc(c7ccc(c2c37)C1=O)c64)C(=O)N(CCC)C5=O,36,42,7,474.5160000000003
COc1ccc(CN2C(=O)c3ccc4c5ccc6c7c(ccc(c8ccc(c3c48)C2=O)c75)C(=O)N(Cc2ccc(OC)cc2)C6=O)cc1,48,56,9,630.6560000000003
O=C1c2ccc3c4ccc5c6c(ccc(c7ccc(c2c37)C(=O)N1CCc1ccccn1)c64)C(=O)N(CCc1ccccn1)C5=O,46,54,9,600.6340000000004
O=C1c2ccc3c4ccc5c6c(ccc(c7ccc(c2c37)C(=O)N1CCN1CCOCC1)c64)C(=O)N(CCN1CCOCC1)C5=O,46,54,9,616.6740000000001
CN1CCCC1CCN1C(=O)c2ccc3c4ccc5c6c(ccc(c7ccc(c2c37)C1=O)c64)C(=O)N(CCC1CCCN1C)C5=O,46,54,9,612.73
NCCCNCCCCNCCN1C(=O)c2ccc3c4ccc5c6c(ccc(c7ccc(c2c37)C1=O)c64)C(=O)N(CCNCCCCNCCCN)C5=O,54,60,7,732.9299999999996
O=C1c2ccc3c4c(N5CCCCC5)cc5c6c(cc(N7CCCCC7)c(c7ccc(c2c37)C(=O)N1CCOCCN1CCCCC1)c64)C(=O)N(CCOCCN1CCCCC1)C5=O,64,74,11,867.1039999999988
CN1CCN(CCOCCN2C(=O)c3ccc4c5c(N6CCCCC6)cc6c7c(ccc(c8c(N9CCCCC9)cc(c3c48)C2=O)c75)C(=O)N(CCOCCN2CCN(C)CC2)C6=O)CC1,66,76,11,897.1339999999989
CN(C)CCOCCN1C(=O)c2ccc3c4c(N5CCCCC5)cc5c6c(ccc(c7c(N8CCCCC8)cc(c2c37)C1=O)c64)C(=O)N(CCOCCN(C)C)C5=O,58,66,9,786.9739999999993
CNCCOCCN1C(=O)c2ccc3c4c(N5CCCCC5)cc5c6c(ccc(c7c(N8CCCCC8)cc(c2c37)C1=O)c64)C(=O)N(CCOCCNC)C5=O,56,64,9,758.9199999999994
O=C1c2ccc3c4c(N5CCCCC5)cc5c6c(ccc(c7c(N8CCCCC8)cc(c2c37)C(=O)N1CCOCCN1CCCCC1)c64)C(=O)N(CCOCCN1CCCCC1)C5=O,64,74,11,867.1039999999988
NCCCN1C(=O)c2ccc3c4ccc5c6c(ccc(c7ccc(c2c37)C1=O)c64)C(=O)N(CCCN)C5=O,38,44,7,504.54600000000045
Cc1cccc(C)c1N1C(=O)c2ccc3c4ccc5c6c(ccc(c7ccc(c2c37)C1=O)c64)C(=O)N(c1c(C)cccc1C)C5=O,46,54,9,598.6580000000002
CCCCCCC(CCCCCC)N1C(=O)c2ccc3c4ccc5c6c(ccc(c7ccc(c2c37)C1=O)c64)C(=O)N(C(CCCCCC)CCCCCC)C5=O,56,62,7,755.0559999999995
CCCCCCCCCCCCN1C(=O)c2ccc3c4ccc5c6c(ccc(c7ccc(c2c37)C1=O)c64)C(=O)N(CCCCCCCCCCCC)C5=O,54,60,7,727.0019999999995
CCCCCCCCCCCCCCCCCCN1C(=O)c2ccc3c4ccc5c6c(ccc(c7ccc(c2c37)C1=O)c64)C(=O)N(CCCCCCCCCCCCCCCCCC)C5=O,66,72,7,895.3259999999989
CCCCN1C(=O)c2ccc3c4ccc5c6c(ccc(c7ccc(c2c37)C1=O)c64)C(=O)N(CCCC)C5=O,38,44,7,502.5700000000004
Nc1cccc(N2C(=O)c3ccc4c5ccc6c7c(ccc(c8ccc(c3c48)C2=O)c75)C(=O)N(c2cccc(N)c2)C6=O)c1,44,52,9,572.5800000000002
Cc1ccc(N2C(=O)c3ccc4c5ccc6c7c(ccc(c8ccc(c3c48)C2=O)c75)C(=O)N(c2ccc(C)cc2)C6=O)cc1,44,52,9,570.6040000000003
CC(C)C(C(C)C)N1C(=O)c2ccc3c4ccc5c6c(ccc(c7ccc(c2c37)C1=O)c64)C(=O)N(C(C(C)C)C(C)C)C5=O,44,50,7,586.7320000000002
CCCCCCCCCC(CCCCCCCCC)N1C(=O)c2ccc3c4ccc5c6c(ccc(c7ccc(c2c37)C1=O)c64)C(=O)N(C(CCCCCCCCC)CCCCCCCCC)C5=O,68,74,7,923.379999999999
O=C1c2ccc3c4ccc5c6c(ccc(c7ccc(c2c37)C(=O)N1CCc1ccncc1)c64)C(=O)N(CCc1ccncc1)C5=O,46,54,9,600.6340000000002
O=C1c2ccc3c4ccc5c6c(ccc(c7ccc(c2c37)C(=O)N1c1ccncc1)c64)C(=O)N(c1ccncc1)C5=O,42,50,9,544.5260000000002
CCCCCCCCCCC(CCCCCCCC)CN1C(=O)c2ccc3c4ccc5c6c(ccc(c7ccc(c2c37)C1=O)c64)C(=O)N(CC(CCCCCCCC)CCCCCCCCCC)C5=O,70,76,7,951.4339999999988
CC(C)c1cccc(C(C)C)c1N1C(=O)c2ccc3c4c(N5CCCC5)cc5c6c(ccc(c7c(N8CCCC8)cc(c2c37)C1=O)c64)C(=O)N(c1c(C(C)C)cccc1C(C)C)C5=O,64,74,11,849.0879999999994
CCCCCCCCN1C(=O)c2ccc3c4c(C#N)cc5c6c(cc(C#N)c(c7ccc(c2c37)C1=O)c64)C(=O)N(CCCCCCCC)C5=O,50,56,7,664.8059999999998
CCCCCCCCN1C(=O)c2ccc3c4c(C#N)cc5c6c(ccc(c7c(C#N)cc(c2c37)C1=O)c64)C(=O)N(CCCCCCCC)C5=O,50,56,7,664.8059999999999
CCN(CC)CCc1c2c3c(ccc4c5ccc6c7c(ccc(c(c1CCN(CC)CC)c34)c75)C(=O)NC6=O)C(=O)NC2=O,44,50,7,588.7080000000004
O=C1c2ccc3c4ccc5c6c(ccc(c7ccc(c2c37)C(=O)N1c1ccccn1)c64)C(=O)N(c1ccccn1)C5=O,42,50,9,544.5260000000003
CCCOCCN1C(=O)c2ccc3c4ccc5c6c(ccc(c7ccc(c2c37)C1=O)c64)C(=O)N(CCOCCC)C5=O,42,48,7,562.6220000000003
O=C1c2ccc3c4ccc5c6c(ccc(c7ccc(c2c37)C(=O)N1CCCc1ccccc1)c64)C(=O)N(CCCc1ccccc1)C5=O,48,56,9,626.7120000000003
CC(C)c1cccc(C(C)C)c1N1C(=O)c2ccc3c4c(Oc5ccc(C(C)(C)C)cc5)cc5c6c(ccc(c7c(Oc8ccc(C(C)(C)C)cc8)cc(c2c37)C1=O)c64)C(=O)N(c1c(C(C)C)cccc1C(C)C)C5=O,76,86,11,1007.2839999999998
CN(C)CCCNCCCN1C(=O)c2ccc3c4ccc5c6c(ccc(c7ccc(c2c37)C1=O)c64)C(=O)N(CCCNCCCN(C)C)C5=O,50,56,7,674.8459999999998
CCCCCCCCN1C(=O)c2c(-c3ccccc3)cc3c4cc(-c5ccccc5)c5c6c(c(-c7ccccc7)cc(c7cc(-c8ccccc8)c(c2c37)C1=O)c64)C(=O)N(CCCCCCCC)C5=O,70,80,11,919.1780000000003
COCCCN1C(=O)c2ccc3c4ccc5c6c(ccc(c7ccc(c2c37)C1=O)c64)C(=O)N(CCCOC)C5=O,40,46,7,534.5680000000004
Cc1cc(C)c(N2C(=O)c3ccc4c5ccc6c7c(ccc(c8ccc(c3c48)C2=O)c75)C(=O)N(c2c(C)cc(C)cc2C)C6=O)c(C)c1,48,56,9,626.7120000000001
O=C1c2ccc3c4ccc5c6c(ccc(c7ccc(c2c37)C(=O)N1c1ccc(Nc2ccccc2)cc1)c64)C(=O)N(c1ccc(Nc2ccccc2)cc1)C5=O,56,66,11,724.7760000000002
O=C1c2ccc3c4ccc5c6c(ccc(c7ccc(c2c37)C(=O)N1CCO)c64)C(=O)N(CCO)C5=O,36,42,7,478.4600000000003
O=C1c2ccc3c4ccc5c6c(ccc(c7ccc(c2c37)C(=O)N1C1CCCCC1)c64)C(=O)N(C1CCCCC1)C5=O,42,50,9,554.6460000000003
CC(C)(C)c1ccc(C(C)(C)C)c(N2C(=O)c3ccc4c5ccc6c7c(cc([N+](=O)[O-])c(c8ccc(c3c48)C2=O)c75)C(=O)N(c2cc(C(C)(C)C)ccc2C(C)(C)C)C6=O)c1,61,69,9,811.9789999999999
CCCCC(CCCC)N1C(=O)c2ccc3c4ccc5c6c(cc([N+](=O)[O-])c(c7ccc(c2c37)C1=O)c64)C(=O)N(C(CCCC)CCCC)C5=O,51,57,7,687.8369999999999
CCCCCCC(CCCCCC)N1C(=O)c2ccc3c4ccc5c6c(cc([N+](=O)[O-])c(c7ccc(c2c37)C1=O)c64)C(=O)N(C(CCCCCC)CCCCCC)C5=O,59,65,7,800.0529999999994
CCCCCCC(CCCCCC)N1C(=O)c2ccc3c4ccc5c6c(cc(N(C)C)c(c7ccc(c2c37)C1=O)c64)C(=O)N(C(CCCCCC)CCCCCC)C5=O,59,65,7,798.1249999999993
C=CCN1C(=O)c2ccc3c4ccc5c6c(ccc(c7ccc(c2c37)C1=O)c64)C(=O)N(CC=C)C5=O,36,42,7,470.4840000000003
O=C1c2ccc3c4ccc5c6c(ccc(c7ccc(c2c37)C(=O)N1C1CCCC1)c64)C(=O)N(C1CCCC1)C5=O,40,48,9,526.5920000000004
O=C1c2ccc3c4ccc5c6c(ccc(c7ccc(c2c37)C(=O)N1C1CCCCCCCCCCC1)c64)C(=O)N(C1CCCCCCCCCCC1)C5=O,54,62,9,722.9699999999995
CCCC(CCC)N1C(=O)c2ccc3c4ccc5c6c(ccc(c7ccc(c2c37)C1=O)c64)C(=O)N(C(CCC)CCC)C5=O,44,50,7,586.7320000000002
CCCCC(CCCC)N1C(=O)c2ccc3c4ccc5c6c(ccc(c7ccc(c2c37)C1=O)c64)C(=O)N(C(CCCC)CCCC)C5=O,48,54,7,642.8399999999998
CCCCCC(CCCCC)N1C(=O)c2ccc3c4ccc5c6c(ccc(c7ccc(c2c37)C1=O)c64)C(=O)N(C(CCCCC)CCCCC)C5=O,52,58,7,698.9479999999996
CCCCCCC(CCCCCC)N1C(=O)c2ccc3c4ccc5c6c(cc(OC)c(c7ccc(c2c37)C1=O)c64)C(=O)N(C(CCCCCC)CCCCCC)C5=O,58,64,7,785.0819999999994
CCCCCCC(CCCCCC)N1C(=O)c2ccc3c4cc(N5CCCC5)c5c6c(c7[nH]c(-c8ccccc8)nc7c(c7ccc(c2c37)C1=O)c64)C(=O)N(C(CCCCCC)CCCCCC)C5=O,70,79,10,940.2859999999991
CCCCCCC(CCCCCC)N1C(=O)c2ccc3c4c2c(c(N2CCCC2)cc4c2ccc4c5c(c6[nH]c(-c7ccccc7)nc6c3c52)C(=O)N(C(CCCCCC)CCCCCC)C4=O)C1=O,70,79,10,940.285999999999
CCCCN1C(=O)c2cc(Oc3ccccc3)c3c4c(Oc5ccccc5)cc5c6c(cc(Oc7ccccc7)c(c7c(Oc8ccccc8)cc(c2c37)C1=O)c64)C(=O)N(CCCC)C5=O,66,76,11,870.9580000000003
CC(C)c1cccc(C(C)C)c1N1C(=O)c2ccc3c4ccc5c6c(cc(O)c(c7ccc(c2c37)C1=O)c64)C(=O)N(c1c(C(C)C)cccc1C(C)C)C5=O,55,63,9,726.8730000000002
CC(C)c1cccc(C(C)C)c1N1C(=O)c2ccc3c4ccc5c6c(cc(-c7ccccc7)c(c7ccc(c2c37)C1=O)c64)C(=O)N(c1c(C(C)C)cccc1C(C)C)C5=O,60,69,10,786.9720000000001
O=C(O)CCC(CCC(=O)O)(CCC(=O)O)NC(=O)CCCCCN1C(=O)c2ccc3c4ccc5c6c(ccc(c7ccc(c2c37)C1=O)c64)C(=O)N(CCCCCC(=O)NC(CCC(=O)O)(CCC(=O)O)CCC(=O)O)C5=O,78,84,7,1077.1059999999998
CCCCN1C(=O)c2ccc3c4c(N5CCOCC5)cc5c6c(cc(N7CCOCC7)c(c7ccc(c2c37)C1=O)c64)C(=O)N(CCCC)C5=O,50,58,9,672.7819999999999
C#Cc1ccc(N2C(=O)c3ccc4c5c(Oc6ccc(C(C)(C)CC(C)(C)C)cc6)cc6c7c(ccc(c8c(Oc9ccc(C(C)(C)CC(C)(C)C)cc9)cc(c3c48)C2=O)c75)C(=O)N(c2ccc(C#C)cc2)C6=O)cc1,76,86,11,999.2199999999997
CC(C)(C)c1cc(Oc2cc3c4c(ccc5c6c(Oc7cc(C(C)(C)C)cc(C(C)(C)C)c7)cc7c8c(ccc(c2c45)c86)C(=O)NC7=O)C(=O)NC3=O)cc(C(C)(C)C)c1,60,68,9,798.9799999999998
CC(CN1C(=O)c2ccc3c4ccc5c6c(ccc(c7ccc(c2c37)C1=O)c64)C(=O)N(CC(C)N(C)C)C5=O)N(C)C,42,48,7,560.6540000000002
CCCCCCc1cc2c3cc(CCCCCC)c4c5c(c(CCCCCC)cc(c6cc(CCCCCC)c7c(c1C(=O)N(C(CC)CC)C7=O)c26)c53)C(=O)N(C(CC)CC)C4=O,64,70,7,867.2719999999994
CCC(CC)N1C(=O)c2c(CCC3CCCCC3)cc3c4cc(CCC5CCCCC5)c5c6c(c(CCC7CCCCC7)cc(c7cc(CCC8CCCCC8)c(c2c37)C1=O)c64)C(=O)N(C(CC)CC)C5=O,72,82,11,971.4239999999991
O=C1c2ccc3c4c5cc6c7c(ccc(c8c(cc(c2c38)C(=O)N1C1CCCCC1)Oc1cccc(c1)OCCOCCOc1cccc(c1)O5)c74)C(=O)N(C1CCCCC1)C6=O,63,74,13,840.9290000000002
CC(C)(C)c1ccc(Oc2cc3c4c(ccc5c6c(Oc7ccc(C(C)(C)C)cc7)cc7c8c(ccc(c2c45)c86)C(=O)N(CCO)C7=O)C(=O)N(CCO)C3=O)cc1,58,66,9,774.8699999999999
CCCCN1C(=O)c2ccc3c4c(N5CCCCC5)cc5c6c(ccc(c7c(N8CCCCC8)cc(c2c37)C1=O)c64)C(=O)N(CCCC)C5=O,50,58,9,668.8379999999997
CC(C)C(C(C)C)N1C(=O)c2ccc3c4ccc5c6c(cc(C#Cc7ccccc7)c(c7ccc(c2c37)C1=O)c64)C(=O)N(C(C(C)C)C(C)C)C5=O,52,59,8,686.8520000000002
CC(C)c1cccc(C(C)C)c1Oc1cc2c3c(ccc4c5c(Oc6c(C(C)C)cccc6C(C)C)cc6c7c(ccc(c1c34)c75)C(=O)N(C1CCCCC1)C6=O)C(=O)N(C1CCCCC1)C2=O,68,78,11,907.1639999999996
CC(C)c1cccc(C(C)C)c1N1C(=O)c2ccc3c4ccc5c6c(cc(O)c(c7c(O)cc(c2c37)C1=O)c64)C(=O)N(c1c(C(C)C)cccc1C(C)C)C5=O,56,64,9,742.8720000000002
CC(C)c1cccc(C(C)C)c1N1C(=O)c2ccc3c4c(-n5cnc6ccccc65)cc5c6c(cc(O)c(c7c(O)cc(c2c37)C1=O)c64)C(=O)N(c1c(C(C)C)cccc1C(C)C)C5=O,65,75,11,858.9950000000001
O=C1c2ccc3c4ccc5c6c(ccc(c7ccc(c2c37)C(=O)N1c1cccnc1)c64)C(=O)N(c1cccnc1)C5=O,42,50,9,544.5260000000003
O=C1c2ccc3c4ccc5c6c(cc([N+](=O)[O-])c(c7ccc(c2c37)C(=O)N1C1CCCCC1)c64)C(=O)N(C1CCCCC1)C5=O,45,53,9,599.6430000000004
CCCCN1C(=O)c2ccc3c4c(Oc5ccccc5)cc5c6c(ccc(c7c(Oc8ccccc8)cc(c2c37)C1=O)c64)C(=O)N(CCCC)C5=O,52,60,9,686.7640000000005
CCC(CC)N1C(=O)c2ccc3c4c([N+](=O)[O-])cc5c6c(ccc(c7c(-c8ccc(C=O)cc8)cc(c2c37)C1=O)c64)C(=O)N(C(CC)CC)C5=O,51,58,8,679.7290000000004
CCC(CC)N1C(=O)c2ccc3c4ccc5c6c(cc(-c7ccc(C=O)cc7)c(c7ccc(c2c37)C1=O)c64)C(=O)N(C(CC)CC)C5=O,48,55,8,634.7320000000004
CC(C)c1cccc(C(C)C)c1N1C(=O)c2ccc3c4ccc5c6c(cc(-c7ccc(C=O)cc7)c(c7ccc(c2c37)C1=O)c64)C(=O)N(c1c(C(C)C)cccc1C(C)C)C5=O,62,71,10,814.9820000000001
CCCCCCC(CCCCCC)N1C(=O)c2ccc3c4ccc5c6c(cc(-c7cc8cc(C(C)(C)C)cc9ccc%10cc(C(C)(C)C)cc7c%10c98)c(c7ccc(c2c37)C1=O)c64)C(=O)N(C(CCCCCC)CCCCCC)C5=O,80,90,11,1067.5119999999988
CC(C)c1cccc(C(C)C)c1Oc1cc2c3c(ccc4c5ccc6c7c(ccc(c1c34)c75)C(=O)N(C1CCCCC1)C6=O)C(=O)N(C1CCCCC1)C2=O,55,64,10,730.9049999999995
CC(C)(C)c1cc(-c2ccc(N3C(=O)c4ccc5c6ccc7c8c(ccc(c9ccc(c4c59)C3=O)c86)C(=O)N(c3ccc(-c4cc(C(C)(C)C)cc(C(C)(C)C)c4)cc3)C7=O)cc2)cc(C(C)(C)C)c1,70,80,11,919.1779999999998
CCOCCCN1C(=O)c2ccc3c4ccc5c6c(ccc(c7ccc(c2c37)C1=O)c64)C(=O)N(CCCOCC)C5=O,42,48,7,562.6220000000003
Nc1ccc(N2C(=O)c3ccc4c5ccc6c7c(ccc(c8ccc(c3c48)C2=O)c75)C(=O)N(c2ccc(N)c(S(=O)(=O)O)c2)C6=O)cc1S(=O)(=O)O,52,60,9,732.7080000000004
CCOC(CC)N1C(=O)c2ccc3c4ccc5c6c(ccc(c7ccc(c2c37)C1=O)c64)C(=O)N(C(CC)OCC)C5=O,42,48,7,562.6220000000003
O=C1c2ccc3c4ccc5c6c(ccc(c7ccc(c2c37)C(=O)N1c1cccc(S)c1)c64)C(=O)N(c1cccc(S)c1)C5=O,44,52,9,606.6840000000004
NCC(CN)CCC(=O)NCCCN1C(=O)c2ccc3c4ccc5c6c(ccc(c7ccc(c2c37)C1=O)c64)C(=O)N(CCCNC(=O)CCC(CN)CN)C5=O,56,62,7,760.8959999999997
Cc1cccc(N2C(=O)c3ccc4c5ccc6c7c(ccc(c8ccc(c3c48)C2=O)c75)C(=O)N(c2cccc(C)c2C)C6=O)c1C,46,54,9,598.6580000000001
O=C(O)c1cc(N2C(=O)c3ccc4c5ccc6c7c(ccc(c8ccc(c3c48)C2=O)c75)C(=O)N(c2ccc(O)c(C(=O)O)c2)C6=O)ccc1O,50,58,9,662.5660000000005
Cc1ccc(N2C(=O)c3ccc4c5ccc6c7c(ccc(c8ccc(c3c48)C2=O)c75)C(=O)N(c2ccc(C)c(C)c2)C6=O)cc1C,46,54,9,598.6580000000002
CCCCC(CCCC)N1C(=O)c2ccc3c4ccc5c6c(cc(N(C)C)c(c7ccc(c2c37)C1=O)c64)C(=O)N(C(CCCC)CCCC)C5=O,51,57,7,685.9089999999998
COCCOCCC(CO)(CCOCCOC)CN1C(=O)c2ccc3c4ccc5c6c(ccc(c7ccc(c2c37)C1=O)c64)C(=O)N(CC(CO)(CCOCCOC)CCOCCOC)C5=O,66,72,7,915.0459999999996
CCCCCCC(CO)(CCCCCC)CN1C(=O)c2ccc3c4ccc5c6c(ccc(c7ccc(c2c37)C1=O)c64)C(=O)N(CC(CO)(CCCCCC)CCCCCC)C5=O,62,68,7,843.1619999999994
COCCC(CO)(CCOC)CN1C(=O)c2ccc3c4ccc5c6c(ccc(c7ccc(c2c37)C1=O)c64)C(=O)N(CC(CO)(CCOC)CCOC)C5=O,54,60,7,738.834
N#Cc1cc2c3c(ccc4c5c(N6CCCC6)cc6c7c(ccc(c1c34)c75)C(=O)N(C1CCCCC1)C6=O)C(=O)N(C1CCCCC1)C2=O,49,58,10,648.763
O=C1c2ccc3c4c(N5CCCC5)cc5c6c(ccc(c7c(N8CCCC8)cc(c2c37)C(=O)N1C1CCCCC1)c64)C(=O)N(C1CCCCC1)C5=O,52,62,11,692.8599999999998
CCCC(CCC)C(CN1C(=O)c2ccc3c4ccc5c6c(ccc(c7ccc(c2c37)C1=O)c64)C(=O)N(CC(C(CCC)CCC)C(CCC)CCC)C5=O)C(CCC)CCC,62,68,7,839.2179999999993
CCCCC(CCCC)C(CN1C(=O)c2ccc3c4ccc5c6c(ccc(c7ccc(c2c37)C1=O)c64)C(=O)N(CC(C(CCCC)CCCC)C(CCCC)CCCC)C5=O)C(CCCC)CCCC,70,76,7,951.4339999999988
CCCCCC(CCCCC)C(CN1C(=O)c2ccc3c4ccc5c6c(ccc(c7ccc(c2c37)C1=O)c64)C(=O)N(CC(C(CCCCC)CCCCC)C(CCCCC)CCCCC)C5=O)C(CCCCC)CCCCC,78,84,7,1063.6499999999985
CCCCCCCC(C(CCCCCC)n1ccnc1)N1C(=O)c2ccc3c4ccc5c6c(ccc(c7ccc(c2c37)C1=O)c64)C(=O)N(C(CCCCCCC)C(CCCCCC)n1ccnc1)C5=O,70,78,9,943.2899999999992
O=C1NC(=O)c2c3ccccc3c3c4c2c1ccc4c1ccc2c4c(c5ccccc5c3c41)C(=O)NC2=O,38,46,9,490.4740000000003
CCCCC(CCCC)C(CO)CN1C(=O)c2ccc3c4ccc5c6c(ccc(c7ccc(c2c37)C1=O)c64)C(=O)N(CC(CO)C(CCCC)CCCC)C5=O,56,62,7,758.9999999999998
CCCCC(CCCC)C(CO)CN1C(=O)c2ccc3c4ccc5c6c(cc(OC)c(c7ccc(c2c37)C1=O)c64)C(=O)N(CC(CO)C(CCCC)CCCC)C5=O,58,64,7,789.0259999999997
CCCCc1ccc(N2C(=O)c3ccc4c5ccc6c7c(ccc(c8ccc(c3c48)C2=O)c75)C(=O)N(c2ccc(CCCC)cc2)C6=O)cc1,50,58,9,654.7660000000001
O=C1c2ccc3c4ccc5c6c(ccc(c7ccc(c2c37)C(=O)N1CCS(=O)(=O)O)c64)C(=O)N(CCS(=O)(=O)O)C5=O,42,48,7,606.5900000000004
O=C1c2ccc3c4ccc5c6c(ccc(c7ccc(c2c37)C(=O)N1CCN1CCCC1)c64)C(=O)N(CCN1CCCC1)C5=O,44,52,9,584.676
CCOC(=O)CN1C(=O)c2ccc3c4ccc5c6c(ccc(c7ccc(c2c37)C1=O)c64)C(=O)N(CC(=O)OCC)C5=O,42,48,7,562.5340000000003
CCCCCCCCC(CCCCCCCC)N1C(=O)c2ccc3c4ccc5c6c(ccc(c7ccc(c2c37)C1=O)c64)C(=O)N(C(CCCCCCCC)CCCCCCCC)C5=O,64,70,7,867.2719999999991
O=C1c2ccc3c4c(Oc5ccccc5)cc5c6c(ccc(c7c(Oc8ccccc8)cc(c2c37)C(=O)N1C1CCCCC1)c64)C(=O)N(C1CCCCC1)C5=O,56,66,11,738.8400000000005
O=C1c2ccc3c4ccc5c6c(ccc(c7ccc(c2c37)C(=O)N1CO)c64)C(=O)N(CO)C5=O,34,40,7,450.40600000000023
CC(C)c1cccc(C(C)C)c1N1C(=O)c2ccc3c4c(-c5ccc(C=O)cc5)cc5c6c(ccc(c7c(-c8ccc(C=O)cc8)cc(c2c37)C1=O)c64)C(=O)N(c1c(C(C)C)cccc1C(C)C)C5=O,70,80,11,919.09
COc1ccc(-c2cc3c4c(ccc5c6c(-c7ccc(OC)cc7)cc7c8c(ccc(c2c45)c86)C(=O)N(c2c(C(C)C)cccc2C(C)C)C7=O)C(=O)N(c2c(C(C)C)cccc2C(C)C)C3=O)cc1,70,80,11,923.122
CC(C)(CO)CN1C(=O)c2ccc3c4ccc5c6c(ccc(c7ccc(c2c37)C1=O)c64)C(=O)N(CC(C)(C)CO)C5=O,42,48,7,562.6220000000004
CC(C)c1cccc(C(C)C)c1N1C(=O)c2ccc3c4c(-c5ccccc5)cc5c6c(ccc(c7c(-c8ccccc8)cc(c2c37)C1=O)c64)C(=O)N(c1c(C(C)C)cccc1C(C)C)C5=O,66,76,11,863.07
CC(C)c1cccc(C(C)C)c1N1C(=O)c2ccc3c4c(Oc5ccc(CCN)cc5)cc5c6c(ccc(c7c(Oc8ccc(CCN)cc8)cc(c2c37)C1=O)c64)C(=O)N(c1c(C(C)C)cccc1C(C)C)C5=O,74,84,11,981.2059999999996
O=C(O)c1ccc(N2C(=O)c3ccc4c5ccc6c7c(ccc(c8ccc(c3c48)C2=O)c75)C(=O)N(c2ccc(C(=O)O)cc2)C6=O)cc1,48,56,9,630.5680000000003
Cc1cccc(N2C(=O)c3ccc4c5ccc6c7c(ccc(c8ccc(c3c48)C2=O)c75)C(=O)N(c2cccc(C)c2)C6=O)c1,44,52,9,570.6040000000003
CC(C)CN1C(=O)c2ccc3c4ccc5c6c(ccc(c7ccc(c2c37)C1=O)c64)C(=O)N(CC(C)C)C5=O,38,44,7,502.57000000000033
O=C1c2ccc3c4ccc5c6c(ccc(c7ccc(c2c37)C(=O)N1c1cc(S(=O)(=O)O)cc(S(=O)(=O)O)c1)c64)C(=O)N(c1cc(S(=O)(=O)O)cc(S(=O)(=O)O)c1)C5=O,58,66,9,862.8060000000004
NCCCCN1C(=O)c2ccc3c4ccc5c6c(ccc(c7ccc(c2c37)C1=O)c64)C(=O)N(CCCCN)C5=O,40,46,7,532.6000000000004
NCCOCCOCCN1C(=O)c2ccc3c4ccc5c6c(ccc(c7ccc(c2c37)C1=O)c64)C(=O)N(CCOCCOCCN)C5=O,48,54,7,652.704
O=C1c2ccc3c4ccc5c6c(ccc(c7ccc(c2c37)C(=O)N1CCCCCCO)c64)C(=O)N(CCCCCCO)C5=O,44,50,7,590.6760000000002
Cc1cccc(CCN2C(=O)c3ccc4c5ccc6c7c(ccc(c8ccc(c3c48)C2=O)c75)C(=O)N(CCc2cccc(C)c2)C6=O)c1,48,56,9,626.7120000000003
CCN(CC)CCCN1C(=O)c2ccc3c4ccc5c6c(ccc(c7ccc(c2c37)C1=O)c64)C(=O)N(CCCN(CC)CC)C5=O,46,52,7,616.7620000000001
O=C1c2ccc3c4ccc5c6c(ccc(c7ccc(c2c37)C(=O)N1c1ccc(S(=O)(=O)O)cc1)c64)C(=O)N(c1ccc(S(=O)(=O)O)cc1)C5=O,50,58,9,702.6780000000006
CCCCCCCCCCN1C(=O)c2ccc3c4ccc5c6c(ccc(c7ccc(c2c37)C1=O)c64)C(=O)N(CCCCCCCCCC)C5=O,50,56,7,670.8939999999997
CCN(CC)CCN1C(=O)c2ccc3c4ccc5c6c(ccc(c7ccc(c2c37)C1=O)c64)C(=O)N(CCN(CC)CC)C5=O,44,50,7,588.7080000000002
CC[N+](C)(CC)CCN1C(=O)c2ccc3c4ccc5c6c(ccc(c7ccc(c2c37)C1=O)c64)C(=O)N(CC[N+](C)(CC)CC)C5=O,46,52,7,618.778
C[N+](C)(C)CCCN1C(=O)c2ccc3c4ccc5c6c(ccc(c7ccc(c2c37)C1=O)c64)C(=O)N(CCC[N+](C)(C)C)C5=O,44,50,7,590.7240000000003
CCCCCCCC(CCCCCCC)N1C(=O)c2ccc3c4ccc5c6c(ccc(c7ccc(c2c37)C1=O)c64)C(=O)N(C(CCCCCCC)CCCCCCC)C5=O,60,66,7,811.1639999999993
CCCCCCCCCCC(CCCCCCCCCC)N1C(=O)c2ccc3c4ccc5c6c(ccc(c7ccc(c2c37)C1=O)c64)C(=O)N(C(CCCCCCCCCC)CCCCCCCCCC)C5=O,72,78,7,979.4879999999988
O=C1c2ccc3c4ccc5c6c(ccc(c7ccc(c2c37)C(=O)N1c1ccc(O)cc1)c64)C(=O)N(c1ccc(O)cc1)C5=O,44,52,9,574.5480000000005
CCN1C(=O)c2ccc3c4ccc5c6c(ccc(c7ccc(c2c37)C1=O)c64)C(=O)N(CC)C5=O,34,40,7,446.4620000000003
O=C1c2ccc3c4c(N5CCCCC5)cc5c6c(ccc(c7c(N8CCCCC8)cc(c2c37)C(=O)N1C1CCCCC1)c64)C(=O)N(C1CCCCC1)C5=O,54,64,11,720.9139999999996
NCCCNCCCN1C(=O)c2ccc3c4ccc5c6c(ccc(c7ccc(c2c37)C1=O)c64)C(=O)N(CCCNCCCN)C5=O,46,52,7,618.7379999999999
O=C1c2ccc3c4ccc5c6c(ccc(c7ccc(c2c37)C(=O)N1CCCO)c64)C(=O)N(CCCO)C5=O,38,44,7,506.5140000000004
CC(O)CN1C(=O)c2ccc3c4ccc5c6c(ccc(c7ccc(c2c37)C1=O)c64)C(=O)N(CC(C)O)C5=O,38,44,7,506.5140000000003
O=C1c2ccc3c4ccc5c6c(ccc(c7ccc(c2c37)C(=O)N1CCOCCO)c64)C(=O)N(CCOCCO)C5=O,42,48,7,566.5660000000004
CC(c1ccccc1)N1C(=O)c2ccc3c4ccc5c6c(ccc(c7ccc(c2c37)C1=O)c64)C(=O)N(CCc1ccccc1)C5=O,46,54,9,598.6580000000004
CCCCCCC#Cc1cc2c3c(ccc4c5c(C#CCCCCCC)cc6c7c(ccc(c1c34)c75)C(=O)N(C1CCCCC1)C6=O)C(=O)N(C1CCCCC1)C2=O,58,66,9,771.014
CNCCCN1C(=O)c2ccc3c4ccc5c6c(ccc(c7ccc(c2c37)C1=O)c64)C(=O)N(CCCNC)C5=O,40,46,7,532.6000000000004
CC(C)C(C(C)C)N1C(=O)c2ccc3c4ccc5c6c(cc(N7CCCCC7)c(c7ccc(c2c37)C1=O)c64)C(=O)N(C(C(C)C)C(C)C)C5=O,50,57,8,669.8659999999999
CCC(CC)N1C(=O)c2ccc3c4ccc5c6c(cc(N7CCCCC7)c(c7ccc(c2c37)C1=O)c64)C(=O)N(C(CC)CC)C5=O,46,53,8,613.758
Cc1ccc(C(C)(C)C)c(N2C(=O)c3ccc4c5ccc6c7c(ccc(c8ccc(c3c48)C2=O)c75)C(=O)N(c2cc(C(C)(C)C)ccc2C)C6=O)c1,52,60,9,682.82
O=C1c2ccc3c4ccc5c6c(ccc(c7ccc(c2c37)C(=O)N1COCO)c64)C(=O)N(COCO)C5=O,38,44,7,510.45800000000037
O=C1c2ccc3c4ccc5c6c(ccc(c7ccc(c2c37)C(=O)N1Cc1ccncc1)c64)C(=O)N(Cc1ccncc1)C5=O,44,52,9,572.5800000000003
O=C1c2ccc3c4ccc5c6c(ccc(c7ccc(c2c37)C(=O)N1CCCCO)c64)C(=O)N(CCCCO)C5=O,40,46,7,534.5680000000004
O=C1c2ccc3c4ccc5c6c(ccc(c7ccc(c2c37)C(=O)N1Cc1cccc2ccccc12)c64)C(=O)N(Cc1cccc2ccccc12)C5=O,52,62,11,670.7240000000002
O=C1c2ccc3c4ccc5c6c(cc7c(c8c(cc(c2c38)C(=O)N1CCc1ccccc1)S7(=O)=O)c64)C(=O)N(CCc1ccccc1)C5=O,49,58,10,660.7070000000001
Cc1ccc(CCN2C(=O)c3ccc4c5ccc6c7c(ccc(c8ccc(c3c48)C2=O)c75)C(=O)N(CCc2ccc(C)cc2)C6=O)cc1,48,56,9,626.7120000000003
Cc1ccccc1CCN1C(=O)c2ccc3c4ccc5c6c(ccc(c7ccc(c2c37)C1=O)c64)C(=O)N(CCc1ccccc1C)C5=O,48,56,9,626.7120000000003
Cc1ccc(CN2C(=O)c3ccc4c5ccc6c7c(ccc(c8ccc(c3c48)C2=O)c75)C(=O)N(Cc2ccc(C)cc2)C6=O)cc1,46,54,9,598.6580000000002
Cc1cccc(CN2C(=O)c3ccc4c5ccc6c7c(ccc(c8ccc(c3c48)C2=O)c75)C(=O)N(Cc2cccc(C)c2)C6=O)c1,46,54,9,598.6580000000002
C[n+]1ccc(CCN2C(=O)c3ccc4c5ccc6c7c(ccc(c8ccc(c3c48)C2=O)c75)C(=O)N(CCc2cc[n+](C)cc2)C6=O)cc1,48,56,9,630.7040000000003
C[n+]1ccc(CN2C(=O)c3ccc4c5ccc6c7c(ccc(c8ccc(c3c48)C2=O)c75)C(=O)N(Cc2cc[n+](C)cc2)C6=O)cc1,46,54,9,602.6500000000003
COc1cccc(CCN2C(=O)c3ccc4c5ccc6c7c(ccc(c8ccc(c3c48)C2=O)c75)C(=O)N(CCc2cccc(OC)c2)C6=O)c1,50,58,9,658.7100000000003
COc1ccccc1CCN1C(=O)c2ccc3c4ccc5c6c(ccc(c7ccc(c2c37)C1=O)c64)C(=O)N(CCc1ccccc1OC)C5=O,50,58,9,658.7100000000003
COc1cccc(CN2C(=O)c3ccc4c5ccc6c7c(ccc(c8ccc(c3c48)C2=O)c75)C(=O)N(Cc2cccc(OC)c2)C6=O)c1,48,56,9,630.6560000000003
COc1ccccc1CN1C(=O)c2ccc3c4ccc5c6c(ccc(c7ccc(c2c37)C1=O)c64)C(=O)N(Cc1ccccc1OC)C5=O,48,56,9,630.6560000000003
COCCOCC(C)(C)OC(=O)N1C(=O)c2ccc3c4ccc5c6c(ccc(c7ccc(c2c37)C1=O)c64)C(=O)N(C(=O)OC(C)(C)COCCOC)C5=O,54,60,7,738.746
C=CC(=O)OCCCCCCN1C(=O)c2ccc3c4ccc5c6c(ccc(c7ccc(c2c37)C1=O)c64)C(=O)N(CCCCCCOC(=O)C=C)C5=O,52,58,7,698.7719999999998
C=CC(=O)OCCCN1C(=O)c2ccc3c4ccc5c6c(ccc(c7ccc(c2c37)C1=O)c64)C(=O)N(CCCOC(=O)C=C)C5=O,46,52,7,614.6100000000002
C=CC(=O)OCCN1C(=O)c2ccc3c4ccc5c6c(ccc(c7ccc(c2c37)C1=O)c64)C(=O)N(CCOC(=O)C=C)C5=O,44,50,7,586.5560000000003
C=CC(=O)OCN1C(=O)c2ccc3c4ccc5c6c(ccc(c7ccc(c2c37)C1=O)c64)C(=O)N(COC(=O)C=C)C5=O,42,48,7,558.5020000000003
C=C(C)C(=O)OCCCCCN1C(=O)c2ccc3c4c(Oc5ccccc5)cc5c6c(ccc(c7c(Oc8ccccc8)cc(c2c37)C1=O)c64)C(=O)N(CCCCCOC(=O)C(=C)C)C5=O,66,74,9,882.9659999999999
Cc1cc2c3c(cc(C)c4c5c(C)cc6c7c(cc(C)c(c1c34)c75)C(=O)N(c1ccccc1)C6=O)C(=O)N(c1ccccc1)C2=O,46,54,9,598.6580000000002
CC(C)c1ccc(C(C)C)c(N2C(=O)c3ccc4c5ccc6c7c(ccc(c8ccc(c3c48)C2=O)c75)C(=O)N(c2cc(C(C)C)ccc2C(C)C)C6=O)c1,54,62,9,710.874
CC(C)c1cccc(C(C)C)c1N1C(=O)c2ccc3c4c(Oc5ccc(CCO)cc5)cc5c6c(ccc(c7c(Oc8ccc(CCO)cc8)cc(c2c37)C1=O)c64)C(=O)N(c1c(C(C)C)cccc1C(C)C)C5=O,74,84,11,983.1739999999999
O=C1c2ccc3c4ccc5c6c(ccc(c7ccc(c2c37)C(=O)N1c1ccc([N+](=O)[O-])cc1)c64)C(=O)N(c1ccc([N+](=O)[O-])cc1)C5=O,48,56,9,632.5440000000003
Cc1cc2c3c(cc(C)c4c5c(C)cc6c7c(cc(C)c(c1c34)c75)C(=O)N(c1c(C(C)C)cccc1C(C)C)C6=O)C(=O)N(c1c(C(C)C)cccc1C(C)C)C2=O,58,66,9,766.982
Cc1cc2c3c(cc(C)c4c5c(C)cc6c7c(cc(C)c(c1c34)c75)C(=O)N(C)C6=O)C(=O)N(C)C2=O,36,42,7,474.5160000000003
CCc1ccc(CC)c(N2C(=O)c3ccc4c5ccc6c7c(ccc(c8ccc(c3c48)C2=O)c75)C(=O)N(c2cc(CC)ccc2CC)C6=O)c1,50,58,9,654.7660000000001
NCN1C(=O)c2ccc3c4ccc5c6c(ccc(c7ccc(c2c37)C1=O)c64)C(=O)N(CN)C5=O,34,40,7,448.4380000000003
Cc1ccc(C)c(N2C(=O)c3ccc4c5ccc6c7c(ccc(c8ccc(c3c48)C2=O)c75)C(=O)N(c2cc(C)ccc2C)C6=O)c1,46,54,9,598.6580000000002
Cc1cc(C)c(N2C(=O)c3ccc4c5ccc6c7c(ccc(c8ccc(c3c48)C2=O)c75)C(=O)N(c2cc(C)c(C)cc2C)C6=O)cc1C,48,56,9,626.7120000000001
CC(C)c1cccc(C(C)C)c1Oc1cc2c3c(ccc4c5c(Oc6c(C(C)C)cccc6C(C)C)cc6c7c(ccc(c1c34)c75)C(=O)N(c1c(C(C)C)cccc1C(C)C)C6=O)C(=O)N(c1c(C(C)C)cccc1C(C)C)C2=O,80,90,11,1063.3919999999996
CCCCC(C)N1C(=O)c2ccc3c4c(C#N)cc5c6c(ccc(c7c(C#N)cc(c2c37)C1=O)c64)C(=O)N(C(C)CCCC)C5=O,46,52,7,608.6980000000002
CCCCC=Cc1cc2c3c(ccc4c5c(C=CCCCC)cc6c7c(ccc(c1c34)c75)C(=O)N(C1CCCCC1)C6=O)C(=O)N(C1CCCCC1)C2=O,54,62,9,718.9380000000001
CCCCCCc1cc2c3c(ccc4c5c(CCCCCC)cc6c7c(ccc(c1c34)c75)C(=O)N(C1CCCCC1)C6=O)C(=O)N(C1CCCCC1)C2=O,54,62,9,722.9700000000001
CCCCCCCCC(=S)NN1C(=O)c2ccc3c4ccc5c6c(ccc(c7ccc(c2c37)C1=O)c64)C(=O)N(NC(=S)CCCCCCCC)C5=O,52,58,7,732.9719999999998
Cc1c2c3c(c(C)c(C)c4c5c(C)c(C)c6c7c(c(C)c(C)c(c(c1C)c34)c75)C(=O)N(C)C6=O)C(=O)N(C)C2=O,40,46,7,530.6240000000003
CC(C)(C)c1cccc(C(C)(C)C)c1N1C(=O)c2ccc3c4ccc5c6c(ccc(c7ccc(c2c37)C1=O)c64)C(=O)N(c1c(C(C)(C)C)cccc1C(C)(C)C)C5=O,58,66,9,766.9819999999999
NN1C(=O)c2ccc3c4ccc5c6c(ccc(c7ccc(c2c37)C1=O)c64)C(=O)N(N)C5=O,32,38,7,420.3840000000002
Cc1cc2c3c(ccc4c5c(C)cc6c7c(ccc(c1c34)c75)C(=O)N(C)C6=O)C(=O)N(C)C2=O,34,40,7,446.4620000000002
O=C(Oc1cc2c3c(ccc4c5ccc6c7c(ccc(c1c34)c75)C(=O)NC6=O)C(=O)NC2=O)C(=O)C(O)CO,39,45,7,522.4250000000003
CC1(C)C2CCC1(CS(=O)(=O)ON1C(=O)c3ccc4c5ccc6c7c(ccc(c8ccc(c3c48)C1=O)c75)C(=O)N(OS(=O)(=O)CC13CCC(CC1=O)C3(C)C)C6=O)C(=O)C2,60,70,11,850.9239999999999
Cc1cc(C)cc(-c2c3c4c(ccc5c6ccc7c8c(ccc(c(c2-c2cc(C)cc(C)c2)c45)c86)C(=O)NC7=O)C(=O)NC3=O)c1,46,54,9,598.6580000000002
CCCCC#Cc1cc2c3c(ccc4c5c(C#CCCCC#N)cc6c7c(ccc(c1c34)c75)C(=O)N(C1CCCCC1)C6=O)C(=O)N(C1CCCCC1)C2=O,55,63,9,725.8890000000001
Cc1cc(N2C(=O)c3ccc4c5ccc6c7c(ccc(c8ccc(c3c48)C2=O)c75)C(=O)N(c2cc(C)c(C)c(C)c2C)C6=O)c(C)c(C)c1C,50,58,9,654.7660000000001
O=C1NC(=O)c2ccc3c4c(-c5ccccc5)c(-c5ccccc5)c5c6c(ccc(c7ccc1c2c73)c64)C(=O)NC5=O,42,50,9,542.5500000000002
CCCCC=Cc1cc2c3c(ccc4c5c(C=CCCCC)cc6c7c(ccc(c1c34)c75)C(=O)N(c1cc(C)cc(C)c1)C6=O)C(=O)N(c1cc(C)cc(C)c1)C2=O,58,66,9,762.95
Nc1ccccc1N1C(=O)c2ccc3c4ccc5c6c(ccc(c7ccc(c2c37)C1=O)c64)C(=O)N(c1ccccc1N)C5=O,44,52,9,572.5800000000002
CCc1cc2c3c(ccc4c5c(CC)cc6c7c(ccc(c1c34)c75)C(=O)N(C)C6=O)C(=O)N(C)C2=O,36,42,7,474.5160000000003
CCc1cccc(CC)c1N1C(=O)c2ccc3c4ccc5c6c(ccc(c7ccc(c2c37)C1=O)c64)C(=O)N(c1c(CC)cccc1CC)C5=O,50,58,9,654.7660000000001
CCCCC(CCCC)(CN1C(=O)c2ccc3c4ccc5c6c(ccc(c7ccc(c2c37)C1=O)c64)C(=O)N(CC(CCCC)(CCCC)c1ccccc1)C5=O)c1ccccc1,62,70,9,823.0899999999997
CCC(C)N1C(=O)c2ccc3c4ccc5c6c(ccc(c7ccc(c2c37)C1=O)c64)C(=O)N(C(C)CC)C5=O,38,44,7,502.57000000000033
CCCCCCCNN1C(=O)c2ccc3c4ccc5c6c(ccc(c7ccc(c2c37)C1=O)c64)C(=O)N(NCCCCCCC)C5=O,46,52,7,616.762
CCCCCCCCOc1cc2c3c(ccc4c5c(OCCCCCCCC)cc6c7c(ccc(c1c34)c75)C(=O)N(CCCCC)C6=O)C(=O)N(CCCCC)C2=O,58,64,7,787.0539999999999
[C-]#[N+]c1cc2c3c(cc(C#N)c4c5ccc6c7c(ccc(c1c34)c75)C(=O)N(C)C6=O)C(=O)N(C)C2=O,36,42,7,468.4280000000003
[C-]#[N+]c1cc2c3c(ccc4c5c(C#N)cc6c7c(ccc(c1c34)c75)C(=O)N(C)C6=O)C(=O)N(C)C2=O,36,42,7,468.4280000000002
CN1C(=O)c2ccc3c4ccc5c6c(c7ccccc7c(c64)c4c6ccccc6c(c2c34)C1=O)C(=O)N(C)C5=O,40,48,9,518.5280000000004
CN1C(=O)c2ccc3c4c2c(c2ccccc2c4c2ccc4c5c(c6ccccc6c3c52)C(=O)N(C)C4=O)C1=O,40,48,9,518.5280000000004
CC(C)Cc1ccc(C(C)(C)C)cc1N1C(=O)c2ccc3c4ccc5c6c(ccc(c7ccc(c2c37)C1=O)c64)C(=O)N(c1cc(C(C)(C)C)ccc1CC(C)C)C5=O,58,66,9,766.9819999999999
C=CCCCCCCCCC(CCCCCCCCC=C)N1C(=O)c2ccc3c4ccc5c6c(ccc(c7ccc(c2c37)C1=O)c64)C(=O)N(C(CCCCCCCCC=C)CCCCCCCCC=C)C5=O,72,78,7,971.423999999999
O=C1c2ccc3c4ccc5c6c(ccc(c7ccc(c2c37)C(=O)N1CCOCCOCCOCCOc1cccnc1)c64)C(=O)N(CCOCCOCCOCCOc1cccnc1)C5=O,66,74,9,896.9499999999996
CS(=O)(=O)OCCOCCOCCOCCN1C(=O)c2ccc3c4ccc5c6c(ccc(c7ccc(c2c37)C1=O)c64)C(=O)N(CCOCCOCCOCCOS(C)(=O)=O)C5=O,62,68,7,898.9619999999998
CC(=O)SCCOCCOCCOCCN1C(=O)c2ccc3c4ccc5c6c(ccc(c7ccc(c2c37)C1=O)c64)C(=O)N(CCOCCOCCOCCSC(C)=O)C5=O,60,66,7,858.9879999999997
O=C1c2ccc3c4ccc5c6c(ccc(c7ccc(c2c37)C(=O)N1CCOCCOCCOCCO)c64)C(=O)N(CCOCCOCCOCCO)C5=O,54,60,7,742.778
CC(C)N1C(=O)c2ccc3c4ccc5c6c(ccc(c7ccc(c2c37)C1=O)c64)C(=O)N(C(C)C)C5=O,36,42,7,474.51600000000025
[C-]#[N+]c1cc2c3c(cc([N+]#[C-])c4c5ccc6c7c(ccc(c1c34)c75)C(=O)N(C(CCCCCCC)CCCCCCC)C6=O)C(=O)N(C(CCCCCCC)CCCCCCC)C2=O,64,70,7,861.1839999999992
CC(C)N1C(=O)c2ccc3c4c(C#N)cc5c6c(cc(C#N)c(c7ccc(c2c37)C1=O)c64)C(=O)N(C(C)C)C5=O,40,46,7,524.5360000000003
[C-]#[N+]c1cc2c3c(ccc4c5c(C#N)cc6c7c(ccc(c1c34)c75)C(=O)N(C(C)C)C6=O)C(=O)N(C(C)C)C2=O,40,46,7,524.5360000000003
[C-]#[N+]c1cc2c3c(ccc4c5c(C#N)cc6c7c(ccc(c1c34)c75)C(=O)N(C(CCCCCCC)CCCCCCC)C6=O)C(=O)N(C(CCCCCCC)CCCCCCC)C2=O,64,70,7,861.1839999999992
CN(C)c1ccc(N2C(=O)c3ccc4c5ccc6c7c(ccc(c8ccc(c3c48)C2=O)c75)C(=O)N(c2ccc(N(C)C)cc2)C6=O)cc1,48,56,9,628.6880000000001
CCCCCCCCN1C(=O)c2c(CCc3ccccc3)cc3c4cc(CCc5ccccc5)c5c6c(c(CCc7ccccc7)cc(c7cc(CCc8ccccc8)c(c2c37)C1=O)c64)C(=O)N(CCCCCCCC)C5=O,78,88,11,1031.3939999999996
CCC(CC)N1C(=O)c2ccc3c4c(OCCOC)cc5c6c(ccc(c7c(C#Cc8ccc(-c9cc(-c%10ccccn%10)nc(-c%10ccccn%10)c9)cc8)cc(c2c37)C1=O)c64)C(=O)N(C(CC)CC)C5=O,71,81,11,936.0809999999998
CCCCC(C)N1C(=O)c2ccc3c4c(-c5cc6c(s5)-c5sc(C)cc5C65OCCO5)cc5c6c(ccc(c7c(C)cc(c2c37)C1=O)c64)C(=O)N(C(C)CCCC)C5=O,59,69,11,821.033
CCCCC(C)N1C(=O)c2ccc3c4c(-c5cc6c(s5)-c5sc(C)cc5C6=O)cc5c6c(ccc(c7c(C)cc(c2c37)C1=O)c64)C(=O)N(C(C)CCCC)C5=O,56,65,10,776.9800000000001
CC(C)c1cccc(C(C)C)c1N1C(=O)c2ccc3c4ccc5c6c(cc(-c7ccc(-c8cccs8)s7)c(c7ccc(c2c37)C1=O)c64)C(=O)N(c1c(C(C)C)cccc1C(C)C)C5=O,64,74,11,875.128
[C-]#[N+]c1cc2c3c(cc(C)c4c5ccc6c7c(ccc(c1c34)c75)C(=O)N(C)C6=O)C(=O)N(C)C2=O,35,41,7,457.4450000000002
[C-]#[N+]c1cc2c3c(ccc4c5c(C)cc6c7c(ccc(c1c34)c75)C(=O)N(C)C6=O)C(=O)N(C)C2=O,35,41,7,457.4450000000002
CCCCC#Cc1cc2c3c(ccc4c5c(C#CCCCC)cc6c7c(ccc(c1c34)c75)C(=O)N(CC(CC)CCCC)C6=O)C(=O)N(CC(CC)CCCC)C2=O,58,64,7,775.0459999999999
CCCCCCCCc1ccc(N2C(=O)c3ccc4c5ccc6c7c(ccc(c8ccc(c3c48)C2=O)c75)C(=O)N(c2ccc(CCCCCCCC)cc2)C6=O)cc1,58,66,9,766.9819999999997
CCCCCCC(C)N1C(=O)c2ccc3c4ccc5c6c(ccc(c7ccc(c2c37)C1=O)c64)C(=O)N(C(C)CCCCCC)C5=O,46,52,7,614.786
CCCCCC(C)N1C(=O)c2ccc3c4ccc5c6c(ccc(c7ccc(c2c37)C1=O)c64)C(=O)N(C(C)CCCCC)C5=O,44,50,7,586.7320000000001
CCCCCCCC(C)N1C(=O)c2ccc3c4ccc5c6c(ccc(c7ccc(c2c37)C1=O)c64)C(=O)N(C(C)CCCCCCC)C5=O,48,54,7,642.8399999999998
CCCCC(C)N1C(=O)c2ccc3c4ccc5c6c(ccc(c7ccc(c2c37)C1=O)c64)C(=O)N(C(C)CCCC)C5=O,42,48,7,558.6780000000002
CCCCCCC(C)N1C(=O)c2ccc3c4ccc5c6c(ccc(c7ccc(c2c37)C1=O)c64)C(=O)N(C(C)CCCCCC)C5=O,46,52,7,614.786
CCCCCC(C)N1C(=O)c2ccc3c4ccc5c6c(ccc(c7ccc(c2c37)C1=O)c64)C(=O)N(C(C)CCCCC)C5=O,44,50,7,586.7320000000001
CC(C)CC(C)N1C(=O)c2ccc3c4ccc5c6c(ccc(c7ccc(c2c37)C1=O)c64)C(=O)N(C(C)CC(C)C)C5=O,42,48,7,558.6780000000002
[C-]#[N+]c1cc2c3c(ccc4c5c(C#N)cc6c7c(ccc(c1c34)c75)C(=O)N(C(C)CCCC)C6=O)C(=O)N(C(C)CCCC)C2=O,46,52,7,608.6980000000002
CCCc1cccc(C(C)C)c1N1C(=O)c2ccc3c4c(Oc5ccccc5)cc5c6c(ccc(c7c(Oc8ccccc8)cc(c2c37)C1=O)c64)C(=O)N(c1c(CCC)cccc1C(C)C)C5=O,68,78,11,895.068
CCCc1cccc(C(C)C)c1N1C(=O)c2ccc3c4c(Oc5ccc(C(C)(C)CC(C)(C)C)cc5)cc5c6c(ccc(c7c(Oc8ccccc8)cc(c2c37)C1=O)c64)C(=O)N(c1c(CCC)cccc1C(C)C)C5=O,76,86,11,1007.2839999999997
CCCc1cccc(C(C)C)c1N1C(=O)c2ccc3c4c(Oc5ccc(OCCO)cc5)cc5c6c(ccc(c7c(Oc8ccc(OCCO)cc8)cc(c2c37)C1=O)c64)C(=O)N(c1c(CCC)cccc1C(C)C)C5=O,76,86,11,1015.1719999999998
CCCc1cccc(C(C)C)c1N1C(=O)c2ccc3c4c(Oc5ccc(S(=O)(=O)O)cc5)cc5c6c(ccc(c7c(Oc8ccccc8)cc(c2c37)C1=O)c64)C(=O)N(c1c(CCC)cccc1C(C)C)C5=O,72,82,11,975.1320000000001
CCCc1cccc(C(C)C)c1N1C(=O)c2ccc3c4c(Oc5c(C(C)C)cccc5C(C)C)cc5c6c(ccc(c7c(Oc8c(C(C)C)cccc8C(C)C)cc(c2c37)C1=O)c64)C(=O)N(c1c(CCC)cccc1C(C)C)C5=O,80,90,11,1063.3919999999996
CCN1C(=O)c2ccc3c4c(N5CCCCC5)cc5c6c(ccc(c7c(N8CCCCC8)cc(c2c37)C1=O)c64)C(=O)N(CC)C5=O,46,54,9,612.73
CN1C(=O)c2ccc3c4c(-c5cccc([N+](=O)[O-])c5)cc5c6c(ccc(c7c(-c8cccc([N+](=O)[O-])c8)cc(c2c37)C1=O)c64)C(=O)N(C)C5=O,50,58,9,660.5980000000002
CN1C(=O)c2ccc3c4c(-c5ccccc5)cc5c6c(ccc(c7c(-c8ccccc8)cc(c2c37)C1=O)c64)C(=O)N(C)C5=O,44,52,9,570.6040000000003
Cc1ccc(-c2cc3c4c(ccc5c6c(-c7ccc(C)cc7)cc7c8c(ccc(c2c45)c86)C(=O)N(C)C7=O)C(=O)N(C)C3=O)cc1,46,54,9,598.6580000000001
CC[NH+](CC)CCN1C(=O)c2ccc3c4ccc5c6c(ccc(c7ccc(c2c37)C1=O)c64)C(=O)N(CC[NH+](CC)CC)C5=O,44,50,7,590.7240000000002
C[n+]1cccc(N2C(=O)c3ccc4c5ccc6c7c(ccc(c8ccc(c3c48)C2=O)c75)C(=O)N(c2ccc[n+](C)c2)C6=O)c1,44,52,9,574.5960000000002
CCc1cccc(CCN2C(=O)c3ccc4c5ccc6c7c(ccc(c8ccc(c3c48)C2=O)c75)C(=O)N(CCc2cccc(CC)c2)C6=O)c1,50,58,9,654.7660000000001
CCc1ccc(CCN2C(=O)c3ccc4c5ccc6c7c(ccc(c8ccc(c3c48)C2=O)c75)C(=O)N(CCc2ccc(CC)cc2)C6=O)cc1,50,58,9,654.7660000000001
Cc1ccccc1CN1C(=O)c2ccc3c4ccc5c6c(ccc(c7ccc(c2c37)C1=O)c64)C(=O)N(Cc1ccccc1C)C5=O,46,54,9,598.6580000000002
Cc1ccc(CCN2C(=O)c3ccc4c5ccc6c7c(ccc(c8ccc(c3c48)C2=O)c75)C(=O)N(CCc2ccc(C)c(C)c2)C6=O)cc1C,50,58,9,654.7660000000002
CCCCN1C(=O)c2cc(Oc3ccc(O)cc3)c3c4c(Oc5ccc(O)cc5)cc5c6c(cc(Oc7ccc(O)cc7)c(c7c(Oc8ccc(O)cc8)cc(c2c37)C1=O)c64)C(=O)N(CCCC)C5=O,70,80,11,934.9540000000003
O=C(O)c1cc(C(=O)O)cc(N2C(=O)c3ccc4c5ccc6c7c(ccc(c8ccc(c3c48)C2=O)c75)C(=O)N(c2cc(C(=O)O)cc(C(=O)O)c2)C6=O)c1,54,62,9,718.5860000000002
O=C1NC(=O)c2c(-c3ccccc3)cc3c4cc(-c5ccccc5)c5c6c(c(-c7ccccc7)cc(c7cc(-c8ccccc8)c1c2c73)c64)C(=O)NC5=O,54,64,11,694.7460000000002
O=C1c2ccc3c4ccc5c6c(ccc(c7ccc(c2c37)C(=O)N1C1=CC=CCC1)c64)C(=O)N(C1=CC=CCC1)C5=O,42,50,9,546.5820000000002
O=C1c2ccc3c4ccc5c6c(ccc(c7ccc(c2c37)C(=O)N1c1ccccc1C1CCCC1)c64)C(=O)N(c1ccccc1C1CCCC1)C5=O,52,62,11,678.788
CC(C)c1cc(C2CCCC2)cc(C(C)C)c1N1C(=O)c2ccc3c4ccc5c6c(ccc(c7ccc(c2c37)C1=O)c64)C(=O)N(c1c(C(C)C)cc(C2CCCC2)cc1C(C)C)C5=O,64,74,11,847.1119999999995
CCCN(CCC)CCN1C(=O)c2ccc3c4ccc5c6c(ccc(c7ccc(c2c37)C1=O)c64)C(=O)N(CCN(CCC)CCC)C5=O,48,54,7,644.8159999999999
CC(C)c1cccc(C(C)C)c1N1C(=O)c2ccc3c4c(N5CCCCC5)cc5c6c(ccc(c7c(N8CCCCC8)cc(c2c37)C1=O)c64)C(=O)N(c1c(C(C)C)cccc1C(C)C)C5=O,66,76,11,877.1419999999993
CC(C)c1cccc(C(C)C)c1N1C(=O)c2ccc3c4c(N5CCCC(C)(C)C5)cc5c6c(ccc(c7c(N8CCCC(C)(C)C8)cc(c2c37)C1=O)c64)C(=O)N(c1c(C(C)C)cccc1C(C)C)C5=O,70,80,11,933.2499999999992
CC1CC(C)CN(c2cc3c4c(ccc5c6c(N7CC(C)CC(C)C7)cc7c8c(ccc(c2c45)c86)C(=O)N(c2c(C(C)C)cccc2C(C)C)C7=O)C(=O)N(c2c(C(C)C)cccc2C(C)C)C3=O)C1,70,80,11,933.2499999999998
CCCCC(CC)CN1C(=O)c2cc(Oc3ccccc3)c3c4c(Oc5ccccc5)cc5c6c(cc(Oc7ccccc7)c(c7c(Oc8ccccc8)cc(c2c37)C1=O)c64)C(=O)N(CC(CC)CCCC)C5=O,74,84,11,983.1740000000003
CCC(C)OCC(C)N1C(=O)c2ccc3c4ccc5c6c(ccc(c7ccc(c2c37)C1=O)c64)C(=O)N(C(C)COC(C)CC)C5=O,46,52,7,618.7300000000001
CCCC(C)N1C(=O)c2ccc3c4ccc5c6c(ccc(c7ccc(c2c37)C1=O)c64)C(=O)N(C(C)CCC)C5=O,40,46,7,530.6240000000004
CCCCC(C)N1C(=O)c2ccc3c4c(C#N)cc5c6c(ccc(c7c(C)cc(c2c37)C1=O)c64)C(=O)N(C(C)CCCC)C5=O,45,51,7,597.7150000000003
CCCC(C)N1C(=O)c2ccc3c4c(C#N)cc5c6c(ccc(c7c(C#N)cc(c2c37)C1=O)c64)C(=O)N(C(C)CCC)C5=O,44,50,7,580.6440000000002
CCC(CC)N1C(=O)c2ccc3c4c(C#N)cc5c6c(ccc(c7c(C)cc(c2c37)C1=O)c64)C(=O)N(C(CC)CC)C5=O,43,49,7,569.6610000000003
CCCC(C)N1C(=O)c2ccc3c4c(C#N)cc5c6c(ccc(c7c(C)cc(c2c37)C1=O)c64)C(=O)N(C(C)CCC)C5=O,43,49,7,569.6610000000003
CCCC(CC)N1C(=O)c2ccc3c4c(C#N)cc5c6c(ccc(c7c(C)cc(c2c37)C1=O)c64)C(=O)N(C(CC)CCC)C5=O,45,51,7,597.7150000000003
Cc1cc2c3c(ccc4c5c(C#N)cc6c7c(ccc(c1c34)c75)C(=O)N(C(C)CC(C)C)C6=O)C(=O)N(C(C)CC(C)C)C2=O,45,51,7,597.7150000000003
CCC(C)N1C(=O)c2ccc3c4c(C#N)cc5c6c(ccc(c7c(C)cc(c2c37)C1=O)c64)C(=O)N(C(C)CC)C5=O,41,47,7,541.6070000000003
Cc1cc2c3c(ccc4c5c(C#N)cc6c7c(ccc(c1c34)c75)C(=O)N(C(C)c1ccccc1)C6=O)C(=O)N(C(C)c1ccccc1)C2=O,49,57,9,637.6950000000003
CCCCCCc1c(CCCCCC)c2c(C)csc2c2sc(-c3cc4c5c(ccc6c7c(C)cc8c9c(ccc(c3c56)c97)C(=O)N(c3cc(C)c(C)c(C)c3)C8=O)C(=O)N(c3cc(C)c(C)c(C)c3)C4=O)cc12,74,85,12,1011.3659999999996
COc1ccc(-c2cc3c4c(ccc5c6c(-c7ccc(C=O)cc7)cc7c8c(ccc(c2c45)c86)C(=O)N(c2c(C(C)C)cccc2C(C)C)C7=O)C(=O)N(c2c(C(C)C)cccc2C(C)C)C3=O)cc1,70,80,11,921.106
COc1ccc(-c2cc3c4c(ccc5c6c(-c7ccc(CO)cc7)cc7c8c(ccc(c2c45)c86)C(=O)N(c2c(C(C)C)cccc2C(C)C)C7=O)C(=O)N(c2c(C(C)C)cccc2C(C)C)C3=O)cc1,70,80,11,923.122
CC(C)c1cccc(C(C)C)c1-c1c2c3c(cc(Oc4ccccc4)c4c5c(Oc6ccccc6)cc6c7c(cc(Oc8ccccc8)c(c(c1Oc1ccccc1)c34)c75)C(=O)NC6=O)C(=O)NC2=O,70,81,12,919.0020000000002
COCCOC(C)COCCCN1C(=O)c2ccc3c4ccc5c6c(ccc(c7ccc(c2c37)C1=O)c64)C(=O)N(CCCOCC(C)OCCOC)C5=O,54,60,7,738.8340000000001
COCCOCCOCCOCCOC(C)COCCCN1C(=O)c2ccc3c4ccc5c6c(ccc(c7ccc(c2c37)C1=O)c64)C(=O)N(CCCOCC(C)OCCOCCOCCOCCOC)C5=O,72,78,7,1003.1519999999994
CCC(CC)N1C(=O)c2ccc3c4ccc5c6c(cc(C#S(C)(C)C)c(c7ccc(c2c37)C1=O)c64)C(=O)N(C(CC)CC)C5=O,45,51,7,618.7990000000003
CCCC(CC)N1C(=O)c2ccc3c4c(C#N)cc5c6c(ccc(c7c(C#N)cc(c2c37)C1=O)c64)C(=O)N(C(CC)CCC)C5=O,46,52,7,608.6980000000002
CCCC(CC)N1C(=O)c2ccc3c4c(C#N)cc5c6c(ccc(c7c(C#N)cc(c2c37)C1=O)c64)C(=O)N(C(CC)CCC)C5=O,46,52,7,608.6980000000002
CCCC(C)N1C(=O)c2ccc3c4c(C#N)cc5c6c(ccc(c7c(C#N)cc(c2c37)C1=O)c64)C(=O)N(C(C)CCC)C5=O,44,50,7,580.6440000000002
CCCC(C)N1C(=O)c2ccc3c4c(C#N)cc5c6c(ccc(c7c(C#N)cc(c2c37)C1=O)c64)C(=O)N(C(C)CCC)C5=O,44,50,7,580.6440000000002
CCCCC(C)N1C(=O)c2ccc3c4c(C#N)cc5c6c(ccc(c7c(C#N)cc(c2c37)C1=O)c64)C(=O)N(C(C)CCCC)C5=O,46,52,7,608.6980000000002
CCCCC(C)N1C(=O)c2ccc3c4c(SC#N)cc5c6c(ccc(c7c(N=C=S)cc(c2c37)C1=O)c64)C(=O)N(C(C)CCCC)C5=O,48,54,7,672.8320000000002
CCCCN(CCCC)CCCN1C(=O)c2ccc3c4ccc5c6c(ccc(c7ccc(c2c37)C1=O)c64)C(=O)N(CCCN(CCCC)CCCC)C5=O,54,60,7,728.9779999999995
CCCCCCC(CC)CN1C(=O)c2ccc3c4ccc5c6c(ccc(c7ccc(c2c37)C1=O)c64)C(=O)N(CC(CC)CCCCCC)C5=O,50,56,7,670.8939999999998
CCC(CC)N1C(=O)c2ccc3c4ccc5c6c(cc(SCCC(=O)NC(CC7=CCc8ccccc87)C(=O)O)c(c7ccc(c2c37)C1=O)c64)C(=O)N(C(CC)CC)C5=O,60,68,9,819.98
CCC(CC)N1C(=O)c2ccc3c4c(SCC(NC(C)=O)C(C)=O)cc5c6c(ccc(c7c(OCCOC)cc(c2c37)C1=O)c64)C(=O)N(C(CC)CC)C5=O,55,61,7,763.913
CCC(CC)N1C(=O)c2ccc3c4ccc5c6c(cc(SCCC(=O)O)c(c7ccc(c2c37)C1=O)c64)C(=O)N(C(CC)CC)C5=O,46,52,7,634.7540000000002
CCC(CC)N1C(=O)c2ccc3c4c(SCC(NC(C)=O)C(=O)NC(Cc5ccccc5)C(=O)O)cc5c6c(ccc(c7c(OCCOC)cc(c2c37)C1=O)c64)C(=O)N(C(CC)CC)C5=O,66,73,8,913.062
CCC(CC)N1C(=O)c2ccc3c4ccc5c6c(cc(SCCC(=O)NC(Cc7c[nH]c8ccccc78)C(=O)O)c(c7ccc(c2c37)C1=O)c64)C(=O)N(C(CC)CC)C5=O,60,68,9,820.9680000000001
O=C1c2ccc3c4c(Oc5ccc(S(=O)(=O)O)cc5)cc5c6c(ccc(c7c(Oc8ccccc8)cc(c2c37)C(=O)N1CCCO)c64)C(=O)N(CCCO)C5=O,56,64,9,770.7719999999999
CC(C)c1ccccc1N1C(=O)c2ccc3c4c(Oc5ccc(C(C)(C)CC(C)(C)C)cc5)cc5c6c(ccc(c7c(Oc8ccccc8)cc(c2c37)C1=O)c64)C(=O)N(c1ccccc1C(C)C)C5=O,70,80,11,923.122
CC(C)c1ccccc1N1C(=O)c2ccc3c4c(Oc5ccc(S(=O)(=O)O)cc5)cc5c6c(ccc(c7c(Oc8ccccc8)cc(c2c37)C1=O)c64)C(=O)N(c1ccccc1C(C)C)C5=O,66,76,11,890.9700000000004
O=C1c2ccc3c4c(Oc5ccc(S(=O)(=O)O)cc5)cc5c6c(ccc(c7c(Oc8ccc(S(=O)(=O)O)cc8)cc(c2c37)C(=O)N1CCCO)c64)C(=O)N(CCCO)C5=O,60,68,9,850.8360000000001
N#Cc1cc2c3c(ccc4c5ccc6c7c(ccc(c1c34)c75)C(=O)NC6=O)C(=O)NC2=O,32,38,7,415.36400000000015
CC(C)c1ccccc1N1C(=O)c2ccc3c4c(Oc5c(C(C)C)cccc5C(C)C)cc5c6c(ccc(c7c(Oc8c(C(C)C)cccc8C(C)C)cc(c2c37)C1=O)c64)C(=O)N(c1ccccc1C(C)C)C5=O,74,84,11,979.2299999999997
COc1ccc(CN2C(=O)c3ccc4c5cc(C#N)c6c7c(ccc(c8cc(C#N)c(c3c48)C2=O)c75)C(=O)N(Cc2ccc(OC)cc2)C6=O)cc1,52,60,9,680.6760000000002
CCN(CC)c1cc2c3ccc4c5c(c(N(CC)CC)cc(c6ccc7c(c1C(=O)N(Cc1ccc(OC)cc1)C7=O)c62)c53)C(=O)N(Cc1ccc(OC)cc1)C4=O,58,66,9,772.9019999999999
CC(C)c1cc(C(C)C)cc(N2C(=O)c3ccc4c5ccc6c7c(ccc(c8ccc(c3c48)C2=O)c75)C(=O)N(c2cc(C(C)C)cc(C(C)C)c2)C6=O)c1,54,62,9,710.874
CCCCC(CC)CCCc1cc2c3c(ccc4c5c(CCCC(CC)CCCC)cc6c7c(ccc(c1c34)c75)C(=O)NC6=O)C(=O)NC2=O,50,56,7,670.8940000000002
CCCCCCCCc1cc2c3ccc4c5c(ccc(c6c(C#N)c(C#N)c7c(c1C(=O)NC7=O)c26)c53)C(=O)NC4=O,42,48,7,552.5900000000003
CC(C)c1cccc(C(C)C)c1N1C(=O)c2ccc3c4c(Oc5ccc(S(=O)[O-])cc5)cc5c6c(ccc(c7c(Oc8ccc(S(=O)[O-])cc8)cc(c2c37)C1=O)c64)C(=O)N(c1c(C(C)C)cccc1C(C)C)C5=O,74,84,11,1021.1820000000001
CCc1c(C)c2c3c(c(C)c(C)c4c5c(C)c(C)c6c7c(c(C)c(C)c(c1c34)c75)C(=O)N(C)C6=O)C(=O)N(C)C2=O,41,47,7,544.6510000000003
Cc1cc(C)cc(-c2cc3c4c(ccc5c6ccc7c8c(ccc(c2c45)c86)C(=O)NC7=O)C(=O)NC3=O)c1,38,45,8,494.50600000000026
CCCCCC(C)N1C(=O)c2ccc3c4c(C#N)cc5c6c(ccc(c7c(C#N)cc(c2c37)C1=O)c64)C(=O)N(C(C)CCCCC)C5=O,48,54,7,636.752
CC(C)c1cccc(C(C)C)c1-c1c2c3c(ccc4c5ccc6c7c(ccc(c(c1-c1c(C(C)C)cccc1C(C)C)c34)c75)C(=O)NC6=O)C(=O)NC2=O,54,62,9,710.8740000000001
Cc1cc(C)c(C)c(N2C(=O)c3ccc4c5ccc6c7c(ccc(c8ccc(c3c48)C2=O)c75)C(=O)N(c2c(C)c(C)cc(C)c2C)C6=O)c1C,50,58,9,654.7660000000001
O=C(O)c1cccc(N2C(=O)c3ccc4c5ccc6c7c(ccc(c8ccc(c3c48)C2=O)c75)C(=O)N(c2cccc(C(=O)O)c2)C6=O)c1,48,56,9,630.5680000000004
O=C1c2ccc3c4ccc5c6c(ccc(c7ccc(c2c37)C(=O)N1C=Cc1ccccc1)c64)C(=O)N(C=Cc1ccccc1)C5=O,46,54,9,594.6260000000003
O=C1NC(=O)c2cc(N3CCCCC3)c3c4ccc5c6c(cc(N7CCCCC7)c(c7ccc1c2c73)c64)C(=O)NC5=O,42,50,9,556.6220000000004
CC(C)(C)CN1C(=O)c2ccc3c4ccc5c6c(ccc(c7ccc(c2c37)C1=O)c64)C(=O)N(CC(C)(C)C)C5=O,40,46,7,530.6240000000004
CCCN1C(=O)c2ccc3c4c(-c5ccccc5)cc5c6c(ccc(c7c(-c8ccccc8)cc(c2c37)C1=O)c64)C(=O)N(CCC)C5=O,48,56,9,626.7120000000003
CC(C)(C)c1ccc(N2C(=O)c3ccc4c5ccc6c7c(ccc(c8ccc(c3c48)C2=O)c75)C(=O)N(c2ccc(C(C)(C)C)cc2)C6=O)cc1,50,58,9,654.7660000000002
O=C1c2ccc3c4ccc5c6c(ccc(c7ccc(c2c37)C(=O)N1Cc1cccnc1)c64)C(=O)N(Cc1cccnc1)C5=O,44,52,9,572.5800000000004
CCCCCCCCCCCCCCCc1cc(O)ccc1N1C(=O)c2ccc3c4ccc5c6c(ccc(c7ccc(c2c37)C1=O)c64)C(=O)N(c1ccc(O)cc1CCCCCCCCCCCCCCC)C5=O,74,82,9,995.357999999999
O=C1c2ccc3c4ccc5c6c(cc(N7CCCCC7)c(c7ccc(c2c37)C(=O)N1C1CCCCC1)c64)C(=O)N(C1CCCCC1)C5=O,48,57,10,637.78
Cc1ccccc1N1C(=O)c2ccc3c4ccc5c6c(ccc(c7ccc(c2c37)C1=O)c64)C(=O)N(c1ccccc1C)C5=O,44,52,9,570.6040000000003
CC(C)c1cccc(C(C)C)c1N1C(=O)c2ccc3c4c(Oc5ccccc5)cc5c6c(ccc(c7c(Oc8ccccc8)cc(c2c37)C1=O)c64)C(=O)N(c1c(C(C)C)cccc1C(C)C)C5=O,68,78,11,895.0680000000001
CN(C)CC(C)(C)CN1C(=O)c2ccc3c4ccc5c6c(ccc(c7ccc(c2c37)C1=O)c64)C(=O)N(CC(C)(C)CN(C)C)C5=O,46,52,7,616.7620000000002
O=C1c2ccc3c4ccc5c6c(ccc(c7ccc(c2c37)C(=O)N1c1ccc(S)cc1)c64)C(=O)N(c1ccc(S)cc1)C5=O,44,52,9,606.6840000000004
CC(C)CC(C(=O)O)N1C(=O)c2ccc3c4ccc5c6c(ccc(c7ccc(c2c37)C1=O)c64)C(=O)N(C(CC(C)C)C(=O)O)C5=O,46,52,7,618.6420000000003
Cc1cc(C(C)(C)C)cc(C)c1N1C(=O)c2ccc3c4ccc5c6c(ccc(c7ccc(c2c37)C1=O)c64)C(=O)N(c1c(C)cc(C(C)(C)C)cc1C)C5=O,54,62,9,710.8739999999999
C[N+](C)([O-])CCCN1C(=O)c2ccc3c4ccc5c6c(ccc(c7ccc(c2c37)C1=O)c64)C(=O)N(CCC[N+](C)(C)[O-])C5=O,44,50,7,592.6520000000004
NCCCCCCN1C(=O)c2ccc3c4ccc5c6c(ccc(c7ccc(c2c37)C1=O)c64)C(=O)N(CCCCCCN)C5=O,44,50,7,588.7080000000001
O=C(O)CCCCN1C(=O)c2ccc3c4ccc5c6c(ccc(c7ccc(c2c37)C1=O)c64)C(=O)N(CCCCC(=O)O)C5=O,44,50,7,590.5880000000003
O=C(O)CCCCCN1C(=O)c2ccc3c4ccc5c6c(ccc(c7ccc(c2c37)C1=O)c64)C(=O)N(CCCCCC(=O)O)C5=O,46,52,7,618.6420000000002
CCCCCN1C(=O)c2cc(Oc3ccc(C)cc3)c3c4c(Oc5ccc(C)cc5)cc5c6c(cc(Oc7ccc(C)cc7)c(c7c(Oc8ccc(C)cc8)cc(c2c37)C1=O)c64)C(=O)N(CCCCC)C5=O,72,82,11,955.1200000000001
O=C1c2ccc3c4c(S(=O)(=O)O)cc5c6c(ccc(c7c(S(=O)(=O)O)cc(c2c37)C(=O)N1c1ccc(S(=O)(=O)O)cc1)c64)C(=O)N(c1ccc(S(=O)(=O)O)cc1)C5=O,58,66,9,862.8060000000007
CCCCCCC(CCCCCC)N1C(=O)c2c(OC)cc3c4cc(OC)c5c6c(c(OC)cc(c7cc(OC)c(c2c37)C1=O)c64)C(=O)N(C(CCCCCC)CCCCCC)C5=O,64,70,7,875.1599999999995
C=CC(=O)OCCOCCOCCOCCN1C(=O)c2ccc3c4ccc5c6c(ccc(c7ccc(c2c37)C1=O)c64)C(=O)N(CCOCCOCCOCCOC(=O)C=C)C5=O,62,68,7,850.8739999999997
CC(C)(C)c1ccc(Oc2cc3c4c(ccc5c6c(Oc7ccc(C(C)(C)C)cc7)cc7c8c(ccc(c2c45)c86)C(=O)N(C2CCCCC2)C7=O)C(=O)N(C2CCCCC2)C3=O)cc1,64,74,11,851.0559999999997
CCCCC(CC)CN1C(=O)c2ccc3c4c(-c5cccs5)cc5c6c(ccc(c7c(-c8cccs8)cc(c2c37)C1=O)c64)C(=O)N(CC(CC)CCCC)C5=O,56,64,9,779.04
CCCCCC(CC)N1C(=O)c2ccc3c4ccc5c6c(ccc(c7ccc(c2c37)C1=O)c64)C(=O)N(C(CC)CCCCC)C5=O,46,52,7,614.786
CCCCCCCCCCCCCCCc1cc(OCCO)ccc1N1C(=O)c2ccc3c4ccc5c6c(ccc(c7ccc(c2c37)C1=O)c64)C(=O)N(c1ccc(OCCO)cc1CCCCCCCCCCCCCCC)C5=O,80,88,9,1083.463999999999
O=C(O)CCCN1C(=O)c2ccc3c4ccc5c6c(ccc(c7ccc(c2c37)C1=O)c64)C(=O)N(CCCC(=O)O)C5=O,42,48,7,562.5340000000004
CCC(CC)N1C(=O)c2ccc3c4ccc5c6c(cc(C#Cc7ccc(C)cc7)c(c7ccc(c2c37)C1=O)c64)C(=O)N(C(CC)CC)C5=O,49,56,8,644.7710000000003
Cc1ccc(C#Cc2cc3c4c(ccc5c6ccc7c8c(ccc(c2c45)c86)C(=O)N(C(C(C)C)C(C)C)C7=O)C(=O)N(C(C(C)C)C(C)C)C3=O)cc1,53,60,8,700.8790000000001
Cc1ccc(Oc2cc3c4c(ccc5c6c(Oc7ccc(C)cc7)cc7c8c(ccc(c2c45)c86)C(=O)N(c2ccc(O)cc2)C7=O)C(=O)N(c2ccc(O)cc2)C3=O)cc1,60,70,11,786.796
CC(C)c1ccccc1N1C(=O)c2ccc3c4c(Oc5ccc(S(=O)(=O)O)cc5)cc5c6c(ccc(c7c(Oc8ccc(S(=O)(=O)O)cc8)cc(c2c37)C1=O)c64)C(=O)N(c1ccccc1C(C)C)C5=O,70,80,11,971.0340000000004
CC(C)c1cccc(C(C)C)c1N1C(=O)c2ccc3c4c(C#CC(C)(C)C)cc5c6c(ccc(c7c(C#CC(C)(C)C)cc(c2c37)C1=O)c64)C(=O)N(c1c(C(C)C)cccc1C(C)C)C5=O,66,74,9,871.1339999999997
O=C1c2ccc3c4ccc5c6c(ccc(c7ccc(c2c37)C(=O)N1c1ccccc1CCO)c64)C(=O)N(c1ccccc1CCO)C5=O,48,56,9,630.6560000000002
O=C1c2ccc3c4ccc5c6c(ccc(c7ccc(c2c37)C(=O)N1c1cccc(O)c1)c64)C(=O)N(c1cccc(O)c1)C5=O,44,52,9,574.5480000000003
O=C1c2ccc3c4ccc5c6c(ccc(c7ccc(c2c37)C(=O)N1c1ccc(CO)cc1)c64)C(=O)N(c1ccccc1CO)C5=O,46,54,9,602.6020000000002
CCc1cccc(C)c1N1C(=O)c2ccc3c4ccc5c6c(cc(C(=O)O)c(c7ccc(c2c37)C1=O)c64)C(=O)N(c1c(C)cccc1CC)C5=O,51,59,9,670.7210000000002
CCC(CO)N1C(=O)c2ccc3c4ccc5c6c(ccc(c7ccc(c2c37)C1=O)c64)C(=O)N(C(CC)CO)C5=O,40,46,7,534.5680000000003
CCC(C(=O)O)N1C(=O)c2ccc3c4ccc5c6c(ccc(c7ccc(c2c37)C1=O)c64)C(=O)N(C(CC)C(=O)O)C5=O,42,48,7,562.5340000000003
O=C1NC(=O)c2c3ccccc3c3c4ccc5c6c(c7ccccc7c(c7ccc1c2c73)c64)C(=O)NC5=O,38,46,9,490.4740000000003
CCCCCCN1C(=O)c2ccc3c4c(Oc5cc(C(C)c6cc(OC)c(OC)cc6C)c(C)cc5OC)cc5c6c(ccc(c7c(OC)cc(c2c37)C1=O)c64)C(=O)N(CCCCCC)C5=O,67,75,9,903.085
CCc1c(C)c2c3c(c(C)c(CC)c4c5c(CC)c(C)c6c7c(c(C)c(CC)c(c1c34)c75)C(=O)N(CC)C6=O)C(=O)N(CC)C2=O,46,52,7,614.7860000000003
CC(=O)c1cccc(C(C)=O)c1N1C(=O)c2ccc3c4ccc5c6c(ccc(c7ccc(c2c37)C1=O)c64)C(=O)N(c1c(C(C)=O)cccc1C(C)=O)C5=O,54,62,9,710.6980000000001
CC(C)c1cccc(C(C)C)c1N1C(=O)c2ccc3c4c(-c5cccs5)cc5c6c(ccc(c7c(-c8cccs8)cc(c2c37)C1=O)c64)C(=O)N(c1c(C(C)C)cccc1C(C)C)C5=O,64,74,11,875.128
CCCCCCCCOc1cc2c3c(cc(OCCCCCCCC)c4c5ccc6c7c(ccc(c1c34)c75)C(=O)N(CCCCC)C6=O)C(=O)N(CCCCC)C2=O,58,64,7,787.0539999999996
CCCCCCCCOc1cc2c3c(ccc4c5ccc6c7c(cc(OCCCCCCCC)c(c1c34)c75)C(=O)N(CCCCC)C6=O)C(=O)N(CCCCC)C2=O,58,64,7,787.0539999999996
CCCCCN1C(=O)c2ccc3c4ccc5c6c(cc(OCC(CC)CCCC)c(c7c(OCC(CC)CCCC)cc(c2c37)C1=O)c64)C(=O)N(CCCCC)C5=O,58,64,7,787.0539999999996
CCCCCC(C)Oc1cc2c3c(ccc4c5ccc6c7c(cc(OC(C)CCCCC)c(c1c34)c75)C(=O)N(CCCCC)C6=O)C(=O)N(CCCCC)C2=O,56,62,7,758.9999999999998
CCCCCc1ccc(N2C(=O)c3ccc4c5ccc6c7c(cc(OCC(CC)CCCC)c(c8c(OCC(CC)CCCC)cc(c3c48)C2=O)c75)C(=O)N(c2ccc(CCCCC)cc2)C6=O)cc1,70,78,9,939.2499999999992
CCCCCN1C(=O)c2ccc3c4ccc5c6c(cc(OCCC)c(c7c(OCCC)cc(c2c37)C1=O)c64)C(=O)N(CCCCC)C5=O,48,54,7,646.7840000000001
CCCCCN1C(=O)c2ccc3c4ccc5c6c(cc(OC)c(c7c(OC)cc(c2c37)C1=O)c64)C(=O)N(CCCCC)C5=O,44,50,7,590.6760000000004
CCCCCCCCOc1cc2c3c(ccc4c5c(C)cc6c7c(ccc(c1c34)c75)C(=O)N(CCCCC)C6=O)C(=O)N(CCCCC)C2=O,50,56,7,672.866
Cc1cc2c3c(cc(C)c4c5c(C(C)(C)C)cc6c7c(cc(C(C)(C)C)c(c1c34)c75)C(=O)N(C)C6=O)C(=O)N(C)C2=O,42,48,7,558.6780000000003
Cc1cc2c3c(cc(C(C)(C)C)c4c5c(C)cc6c7c(cc(C(C)(C)C)c(c1c34)c75)C(=O)N(C)C6=O)C(=O)N(C)C2=O,42,48,7,558.6780000000003
CN1C(=O)c2ccc3c4c(C(C)(C)C)cc5c6c(cc(C(C)(C)C)c(c7ccc(c2c37)C1=O)c64)C(=O)N(C)C5=O,40,46,7,530.6240000000004
CN1C(=O)c2ccc3c4c(C(C)(C)C)cc5c6c(ccc(c7c(C(C)(C)C)cc(c2c37)C1=O)c64)C(=O)N(C)C5=O,40,46,7,530.6240000000004
Cc1cc2c3c(ccc4c5c(C)cc6c7c(ccc(c1c34)c75)C(=O)NC6=O)C(=O)NC2=O,32,38,7,418.4080000000002
Cc1cc2c3c(cc(C)c4c5ccc6c7c(ccc(c1c34)c75)C(=O)NC6=O)C(=O)NC2=O,32,38,7,418.40800000000013
O=C1c2ccc3c4ccc5c6c(cc(N7CCCCC7)c(c7c(N8CCCCC8)cc(c2c37)C(=O)N1C1CCCCC1)c64)C(=O)N(C1CCCCC1)C5=O,54,64,11,720.9139999999996
O=C1c2ccc3c4c(N5CCCCC5)cc5c6c(cc(N7CCCCC7)c(c7c(N8CCCCC8)cc(c2c37)C(=O)N1C1CCCCC1)c64)C(=O)N(C1CCCCC1)C5=O,60,71,12,804.0479999999992
CCCCCCC(CCCCCC)N1C(=O)c2ccc3c4c(N5CCOCC5)cc5c6c(cc(N7CCOCC7)c(c7c(N8CCOCC8)cc(c2c37)C1=O)c64)C(=O)N(C(CCCCCC)CCCCCC)C5=O,74,83,10,1010.3739999999985
CCCCCCC(CCCCCC)N1C(=O)c2ccc3c4c(N5CCCCC5)cc5c6c(cc(N7CCCCC7)c(c7c(N8CCCCC8)cc(c2c37)C1=O)c64)C(=O)N(C(CCCCCC)CCCCCC)C5=O,74,83,10,1004.4579999999983
CCCCCCC(CCCCCC)N1C(=O)c2ccc3c4ccc5c6c(cc(N7CCCCC7)c(c7c(N8CCCCC8)cc(c2c37)C1=O)c64)C(=O)N(C(CCCCCC)CCCCCC)C5=O,68,76,9,921.3239999999987
CCCCCCC(CCCCCC)N1C(=O)c2ccc3c4c(OCC)cc5c6c(cc(OCC)c(c7ccc(c2c37)C1=O)c64)C(=O)N(C(CCCCCC)CCCCCC)C5=O,62,68,7,843.1619999999994
CCCCCCC(CCCCCC)N1C(=O)c2ccc3c4ccc5c6c(cc(OC(C)CC)c(c7ccc(c2c37)C1=O)c64)C(=O)N(C(CCCCCC)CCCCCC)C5=O,61,67,7,827.1629999999993
CCCCCCC(CCCCCC)N1C(=O)c2ccc3c4c(OCCc5ccccc5)cc5c6c(cc(OCCc7ccccc7)c(c7ccc(c2c37)C1=O)c64)C(=O)N(C(CCCCCC)CCCCCC)C5=O,74,82,9,995.3579999999993
CCCCCCC(CCCCCC)N1C(=O)c2ccc3c4c(OCCCCCCCCO)cc5c6c(cc(OCCCCCCCCO)c(c7ccc(c2c37)C1=O)c64)C(=O)N(C(CCCCCC)CCCCCC)C5=O,76,82,7,1043.4839999999986
CCCCCCC(CCCCCC)N1C(=O)c2c(OCCCC)cc3c4cc(OCCCC)c5c6c(c(OCCCC)cc(c7cc(OCCCC)c(c2c37)C1=O)c64)C(=O)N(C(CCCCCC)CCCCCC)C5=O,76,82,7,1043.4839999999988
CCCCCCC(CCCCCC)N1C(=O)c2ccc3c4ccc5c6c(cc(OCCOCCOCCO)c(c7ccc(c2c37)C1=O)c64)C(=O)N(C(CCCCCC)CCCCCC)C5=O,66,72,7,903.2139999999991
CCCCCCC(CCCCCC)N1C(=O)c2ccc3c4ccc5c6c(cc(OCCO)c(c7ccc(c2c37)C1=O)c64)C(=O)N(C(CCCCCC)CCCCCC)C5=O,60,66,7,815.1079999999994
CCCCCCSc1cc2c3c(cc(SCCCCCC)c4c5ccc6c7c(ccc(c1c34)c75)C(=O)N(c1cc(C(C)(C)C)ccc1C(C)(C)C)C6=O)C(=O)N(c1cc(C(C)(C)C)ccc1C(C)(C)C)C2=O,72,80,9,999.4399999999994
CCCCCCC(CCCCCC)N1C(=O)c2ccc3c4ccc5c6c(cc(N7CCCCC7)c(c7ccc(c2c37)C1=O)c64)C(=O)N(C(CCCCCC)CCCCCC)C5=O,62,69,8,838.189999999999
CCCCCCSc1cc2c3c(ccc4c5ccc6c7c(ccc(c1c34)c75)C(=O)N(C(CCCCCC)CCCCCC)C6=O)C(=O)N(C(CCCCCC)CCCCCC)C2=O,63,69,7,871.2849999999991
CCCCCCSc1cc2c3c(ccc4c5ccc6c7c(ccc(c1c34)c75)C(=O)N(c1cc(C(C)(C)C)ccc1C(C)(C)C)C6=O)C(=O)N(c1cc(C(C)(C)C)ccc1C(C)(C)C)C2=O,65,73,9,883.2109999999997
CCCCCCC(CCCCCC)N1C(=O)c2ccc3c4ccc5c6c(cc(OCCCCCCCCO)c(c7ccc(c2c37)C1=O)c64)C(=O)N(C(CCCCCC)CCCCCC)C5=O,66,72,7,899.269999999999
CCCCCCC(CCCCCC)N1C(=O)c2ccc3c4c(SC(C)CC)cc5c6c(cc(SC(C)CC)c(c7ccc(c2c37)C1=O)c64)C(=O)N(C(CCCCCC)CCCCCC)C5=O,66,72,7,931.4059999999993
CCCCCCCCCCOc1cc2c3c(cc(OCCCC)c4c5ccc6c7c(ccc(c1c34)c75)C(=O)N(C(CCCCCC)CCCCCC)C6=O)C(=O)N(C(CCCCCC)CCCCCC)C2=O,72,78,7,983.4319999999987
CCCCCCC(CCCCCC)N1C(=O)c2ccc3c4c(N5CCCCC5)cc5c6c(ccc(c7c(N8CCCCC8)cc(c2c37)C1=O)c64)C(=O)N(C(CCCCCC)CCCCCC)C5=O,68,76,9,921.3239999999987
CCCCCCC(CCCCCC)N1C(=O)c2ccc3c4c(N5CCCCC5)cc5c6c(cc(N7CCCCC7)c(c7ccc(c2c37)C1=O)c64)C(=O)N(C(CCCCCC)CCCCCC)C5=O,68,76,9,921.3239999999987
CCCCCCSc1cc2c3c(cc(SCCCCCC)c4c5ccc6c7c(ccc(c1c34)c75)C(=O)N(C(CCCCCC)CCCCCC)C6=O)C(=O)N(C(CCCCCC)CCCCCC)C2=O,70,76,7,987.5139999999988
CCCCCCC(CCCCCC)N1C(=O)c2ccc3c4ccc5c6c(cc(SCc7ccccc7)c(c7ccc(c2c37)C1=O)c64)C(=O)N(C(CCCCCC)CCCCCC)C5=O,64,71,8,877.2479999999994
CCCCCCC(CCCCCC)N1C(=O)c2ccc3c4ccc5c6c(cc(SC(C)(C)C)c(c7ccc(c2c37)C1=O)c64)C(=O)N(C(CCCCCC)CCCCCC)C5=O,61,67,7,843.2309999999993
CCCCCCSc1cc2c3c(cc(OCCCC)c4c5ccc6c7c(ccc(c1c34)c75)C(=O)N(C(CCCCCC)CCCCCC)C6=O)C(=O)N(C(CCCCCC)CCCCCC)C2=O,68,74,7,943.3919999999989
CCCCCCC(CCCCCC)N1C(=O)c2ccc3c4ccc5c6c(cc(OCC)c(c7ccc(c2c37)C1=O)c64)C(=O)N(C(CCCCCC)CCCCCC)C5=O,59,65,7,799.1089999999994
CCCCCCC(CCCCCC)N1C(=O)c2ccc3c4c(OC(C)CC)cc5c6c(cc(OC(C)CC)c(c7ccc(c2c37)C1=O)c64)C(=O)N(C(CCCCCC)CCCCCC)C5=O,66,72,7,899.2699999999993
CCCCCCC(CCCCCC)N1C(=O)c2ccc3c4ccc5c6c(cc(OCCCC)c(c7ccc(c2c37)C1=O)c64)C(=O)N(C(CCCCCC)CCCCCC)C5=O,61,67,7,827.1629999999992
CCCCCCC(CCCCCC)N1C(=O)c2ccc3c4ccc5c6c(cc(OCCc7ccccc7)c(c7ccc(c2c37)C1=O)c64)C(=O)N(C(CCCCCC)CCCCCC)C5=O,65,72,8,875.2069999999993
CCCCCCC(CCCCCC)N1C(=O)c2ccc3c4c(OCCCC)cc5c6c(cc(OCCCC)c(c7ccc(c2c37)C1=O)c64)C(=O)N(C(CCCCCC)CCCCCC)C5=O,66,72,7,899.2699999999991
CCCCCCCCSc1cc2c3c(ccc4c5ccc6c7c(ccc(c1c34)c75)C(=O)N(C(CCCCCC)CCCCCC)C6=O)C(=O)N(C(CCCCCC)CCCCCC)C2=O,65,71,7,899.3389999999989
CCCCCCC(CCCCCC)N1C(=O)c2ccc3c4ccc5c6c(cc(OCc7ccccc7)c(c7ccc(c2c37)C1=O)c64)C(=O)N(C(CCCCCC)CCCCCC)C5=O,64,71,8,861.1799999999994
CCCCCCC(CCCCCC)N1C(=O)c2ccc3c4c(SC(C)(C)C)cc5c6c(cc(SC(C)(C)C)c(c7ccc(c2c37)C1=O)c64)C(=O)N(C(CCCCCC)CCCCCC)C5=O,66,72,7,931.4059999999993
CCCCCCC(CCCCCC)N1C(=O)c2ccc3c4c(OCC(C)C)cc5c6c(cc(OCC(C)C)c(c7ccc(c2c37)C1=O)c64)C(=O)N(C(CCCCCC)CCCCCC)C5=O,66,72,7,899.2699999999993
CCCCCCC(CCCCCC)N1C(=O)c2ccc3c4ccc5c6c(cc(SC(C)CC)c(c7ccc(c2c37)C1=O)c64)C(=O)N(C(CCCCCC)CCCCCC)C5=O,61,67,7,843.2309999999993
CCCCCCCCSc1cc2c3c(cc(SCCCCCCCC)c4c5ccc6c7c(ccc(c1c34)c75)C(=O)N(C(CCCCCC)CCCCCC)C6=O)C(=O)N(C(CCCCCC)CCCCCC)C2=O,74,80,7,1043.621999999999
CCCCCCC(CCCCCC)N1C(=O)c2ccc3c4c(N5CCN(C)CC5)cc5c6c(ccc(c7c(N8CCN(C)CC8)cc(c2c37)C1=O)c64)C(=O)N(C(CCCCCC)CCCCCC)C5=O,70,78,9,951.3539999999987
CCCCCCC(CCCCCC)N1C(=O)c2ccc3c4ccc5c6c(cc(N7CCN(C)CC7)c(c7ccc(c2c37)C1=O)c64)C(=O)N(C(CCCCCC)CCCCCC)C5=O,63,70,8,853.204999999999
CCCCCCC(CCCCCC)N1C(=O)c2ccc3c4ccc5c6c(cc(Nc7ccccc7)c(c7ccc(c2c37)C1=O)c64)C(=O)N(C(CCCCCC)CCCCCC)C5=O,63,70,8,846.1689999999994
CCCCCCCCCCSc1cc2c3c(ccc4c5ccc6c7c(ccc(c1c34)c75)C(=O)N(C(CCCCCC)CCCCCC)C6=O)C(=O)N(C(CCCCCC)CCCCCC)C2=O,67,73,7,927.3929999999988
CCCCCCC(CCCCCC)N1C(=O)c2ccc3c4c(OC)cc5c6c(cc(OC)c(c7ccc(c2c37)C1=O)c64)C(=O)N(C(CCCCCC)CCCCCC)C5=O,60,66,7,815.1079999999995
CCCCCCC(CCCCCC)N1C(=O)c2ccc3c4ccc5c6c(cc(OCC(C)C)c(c7ccc(c2c37)C1=O)c64)C(=O)N(C(CCCCCC)CCCCCC)C5=O,61,67,7,827.1629999999993
CCCCCCCCCCOc1cc2c3c(ccc4c5ccc6c7c(ccc(c1c34)c75)C(=O)N(C(CCCCCC)CCCCCC)C6=O)C(=O)N(C(CCCCCC)CCCCCC)C2=O,67,73,7,911.3249999999988
CCCCCCC(CCCCCC)N1C(=O)c2ccc3c4c(N5CCOCC5)cc5c6c(cc(N7CCOCC7)c(c7ccc(c2c37)C1=O)c64)C(=O)N(C(CCCCCC)CCCCCC)C5=O,68,76,9,925.2679999999989
CCCCCCC(CCCCCC)N1C(=O)c2ccc3c4c(N5CCOCC5)cc5c6c(ccc(c7c(N8CCOCC8)cc(c2c37)C1=O)c64)C(=O)N(C(CCCCCC)CCCCCC)C5=O,68,76,9,925.2679999999989
CCCCCCC(CCCCCC)N1C(=O)c2ccc3c4c(N5CCNCC5)cc5c6c(cc(N7CCN(C)CC7)c(c7ccc(c2c37)C1=O)c64)C(=O)N(C(CCCCCC)CCCCCC)C5=O,69,77,9,937.3269999999987
CCCCCCC(CCCCCC)N1C(=O)c2ccc3c4c(SCc5ccccc5)cc5c6c(cc(SCc7ccccc7)c(c7ccc(c2c37)C1=O)c64)C(=O)N(C(CCCCCC)CCCCCC)C5=O,72,80,9,999.4399999999994
CCCCC(C)N1C(=O)c2ccc3c4c(C#N)cc5c6c(cc(C#N)c(c7ccc(c2c37)C1=O)c64)C(=O)N(C(C)CCCC)C5=O,46,52,7,608.6980000000001
CC(C)=CCCC(C)CCOc1ccc(CN2C(=O)c3ccc4c5c(C#N)cc6c7c(ccc(c8c(C#N)cc(c3c48)C2=O)c75)C(=O)N(Cc2ccc(OCCC(C)CCC=C(C)C)cc2)C6=O)cc1,70,78,9,929.1299999999995
N#Cc1cc2c3c(ccc4c5c(C#N)cc6c7c(ccc(c1c34)c75)C(=O)N(c1ccc(Cc3ccccc3)cc1)C6=O)C(=O)N(c1ccc(Cc3ccccc3)cc1)C2=O,60,70,11,772.82
CCCCCCCOc1ccc(N2C(=O)c3ccc4c5c(C#N)cc6c7c(cc(C#N)c(c8ccc(c3c48)C2=O)c75)C(=O)N(c2ccc(OCCCCCCC)cc2)C6=O)cc1,62,70,9,820.9459999999998
CCCCCCCCCCCCc1ccc(N2C(=O)c3ccc4c5c(C#N)cc6c7c(cc(C#N)c(c8ccc(c3c48)C2=O)c75)C(=O)N(c2ccc(CCCCCCCCCCCC)cc2)C6=O)cc1,70,78,9,929.2179999999993
N#Cc1cc2c3c(ccc4c5c(C#N)cc6c7c(ccc(c1c34)c75)C(=O)N(c1ccc(-c3ccccc3)cc1)C6=O)C(=O)N(c1ccc(-c3ccccc3)cc1)C2=O,58,68,11,744.7660000000002
CCCCC(CC)N1C(=O)c2ccc3c4c(C#N)cc5c6c(ccc(c7c(C#N)cc(c2c37)C1=O)c64)C(=O)N(C(CC)CCCC)C5=O,48,54,7,636.752
CCC(CC)N1C(=O)c2ccc3c4c(C#N)cc5c6c(cc(C#N)c(c7ccc(c2c37)C1=O)c64)C(=O)N(C(CC)CC)C5=O,44,50,7,580.6440000000003
N#Cc1cc2c3c(cc(C#N)c4c5ccc6c7c(ccc(c1c34)c75)C(=O)N(c1ccc(Cc3ccccc3)cc1)C6=O)C(=O)N(c1ccc(Cc3ccccc3)cc1)C2=O,60,70,11,772.82
CCCCC(CC)N1C(=O)c2ccc3c4c(C#N)cc5c6c(cc(C#N)c(c7ccc(c2c37)C1=O)c64)C(=O)N(C(CC)CCCC)C5=O,48,54,7,636.7520000000001
N#Cc1cc2c3c(cc(C#N)c4c5ccc6c7c(ccc(c1c34)c75)C(=O)N(c1ccc(-c3ccccc3)cc1)C6=O)C(=O)N(c1ccc(-c3ccccc3)cc1)C2=O,58,68,11,744.7660000000002
CC(C)=CCCC(C)CCc1ccc(N2C(=O)c3ccc4c5c(C#N)cc6c7c(cc(C#N)c(c8ccc(c3c48)C2=O)c75)C(=O)N(c2ccc(CCC(C)CCC=C(C)C)cc2)C6=O)cc1,66,74,9,869.0779999999997
CCCCCCCCCCCCc1ccc(N2C(=O)c3ccc4c5c(C#N)cc6c7c(ccc(c8c(C#N)cc(c3c48)C2=O)c75)C(=O)N(c2ccc(CCCCCCCCCCCC)cc2)C6=O)cc1,70,78,9,929.2179999999992
N#Cc1cc2c3c(ccc4c5c(C#N)cc6c7c(ccc(c1c34)c75)C(=O)N(Cc1ccccc1)C6=O)C(=O)N(Cc1ccccc1)C2=O,48,56,9,620.6240000000001
CCCCCC(CC)N1C(=O)c2ccc3c4c(C#N)cc5c6c(cc(C#N)c(c7ccc(c2c37)C1=O)c64)C(=O)N(C(CC)CCCCC)C5=O,50,56,7,664.8059999999998
N#Cc1cc2c3c(cc(C#N)c4c5ccc6c7c(ccc(c1c34)c75)C(=O)N(Cc1ccccc1)C6=O)C(=O)N(Cc1ccccc1)C2=O,48,56,9,620.6240000000004
CCC(C)c1ccc(N2C(=O)c3ccc4c5c(C#N)cc6c7c(ccc(c8c(C#N)cc(c3c48)C2=O)c75)C(=O)N(c2ccc(C(C)CC)cc2)C6=O)cc1,54,62,9,704.7860000000001
CCC(C)c1ccc(N2C(=O)c3ccc4c5c(C#N)cc6c7c(cc(C#N)c(c8ccc(c3c48)C2=O)c75)C(=O)N(c2ccc(C(C)CC)cc2)C6=O)cc1,54,62,9,704.7860000000001
CCCCCCCOc1ccc(N2C(=O)c3ccc4c5c(C#N)cc6c7c(ccc(c8c(C#N)cc(c3c48)C2=O)c75)C(=O)N(c2ccc(OCCCCCCC)cc2)C6=O)cc1,62,70,9,820.9459999999997
CCCCCC(CC)N1C(=O)c2ccc3c4c(C#N)cc5c6c(ccc(c7c(C#N)cc(c2c37)C1=O)c64)C(=O)N(C(CC)CCCCC)C5=O,50,56,7,664.8059999999998
CCCC(CC)N1C(=O)c2ccc3c4c(C#N)cc5c6c(cc(C#N)c(c7ccc(c2c37)C1=O)c64)C(=O)N(C(CC)CCC)C5=O,46,52,7,608.6980000000002
CC(C)CC(C)N1C(=O)c2ccc3c4c(C#N)cc5c6c(cc(C#N)c(c7ccc(c2c37)C1=O)c64)C(=O)N(C(C)CC(C)C)C5=O,46,52,7,608.6980000000002
CC(C)=CCCC(C)CCOc1ccc(CN2C(=O)c3ccc4c5c(C#N)cc6c7c(cc(C#N)c(c8ccc(c3c48)C2=O)c75)C(=O)N(Cc2ccc(OCCC(C)CCC=C(C)C)cc2)C6=O)cc1,70,78,9,929.1299999999997
CCCC(C)N1C(=O)c2ccc3c4c(C#N)cc5c6c(cc(C#N)c(c7ccc(c2c37)C1=O)c64)C(=O)N(C(C)CCC)C5=O,44,50,7,580.6440000000003
CC(C)=CCCC(C)CCc1ccc(N2C(=O)c3ccc4c5c(C#N)cc6c7c(ccc(c8c(C#N)cc(c3c48)C2=O)c75)C(=O)N(c2ccc(CCC(C)CCC=C(C)C)cc2)C6=O)cc1,66,74,9,869.0779999999997
CCCCC(CC)CN1C(=O)c2cc(C#N)c3c4c(C#N)cc5c6c(cc(C#N)c(c7c(C#N)cc(c2c37)C1=O)c64)C(=O)N(CC(CC)CCCC)C5=O,54,60,7,714.8259999999998
CC(C)c1cccc(C(C)C)c1N1C(=O)c2ccc3c4c(C#N)cc5c6c(cc(C#N)c(c7ccc(c2c37)C1=O)c64)C(=O)N(c1c(C(C)C)cccc1C(C)C)C5=O,58,66,9,760.894
CC(C)c1cccc(C(C)C)c1N1C(=O)c2ccc3c4c(C#N)cc5c6c(ccc(c7c(C#N)cc(c2c37)C1=O)c64)C(=O)N(c1c(C(C)C)cccc1C(C)C)C5=O,58,66,9,760.8939999999999
CC(C)c1cccc(C(C)C)c1N1C(=O)c2cc(C#N)c3c4c(C#N)cc5c6c(cc(C#N)c(c7c(C#N)cc(c2c37)C1=O)c64)C(=O)N(c1c(C(C)C)cccc1C(C)C)C5=O,62,70,9,810.9139999999999
CCCCC(CC)N1C(=O)c2cc(N=C=S)c3c4c(N=C=S)cc5c6c(cc(SC#N)c(c7c(SC#N)cc(c2c37)C1=O)c64)C(=O)N(C(CC)CCCC)C5=O,56,62,7,815.0399999999998
CCCCC(C)N1C(=O)c2ccc3c4c(SC#N)cc5c6c(ccc(c7c(N=C=S)cc(c2c37)C1=O)c64)C(=O)N(C(C)CCCC)C5=O,48,54,7,672.8320000000002
CCCCC(C)N1C(=O)c2ccc3c4c(N=C=S)cc5c6c(cc(SC#N)c(c7ccc(c2c37)C1=O)c64)C(=O)N(C(C)CCCC)C5=O,48,54,7,672.8320000000002
CCCCC(C)N1C(=O)c2cc(N=C=S)c3c4c(N=C=S)cc5c6c(cc(SC#N)c(c7c(SC#N)cc(c2c37)C1=O)c64)C(=O)N(C(C)CCCC)C5=O,54,60,7,786.986
CCCCC(CC)N1C(=O)c2ccc3c4c(SC#N)cc5c6c(ccc(c7c(N=C=S)cc(c2c37)C1=O)c64)C(=O)N(C(CC)CCCC)C5=O,50,56,7,700.886
CCCCC(CC)N1C(=O)c2ccc3c4c(N=C=S)cc5c6c(cc(SC#N)c(c7ccc(c2c37)C1=O)c64)C(=O)N(C(CC)CCCC)C5=O,50,56,7,700.8860000000001
CCCCC(CC)CN1C(=O)c2ccc3c4c(N=C=S)cc5c6c(cc(SC#N)c(c7ccc(c2c37)C1=O)c64)C(=O)N(CC(CC)CCCC)C5=O,52,58,7,728.9399999999999
CCCCC(CC)CN1C(=O)c2ccc3c4c(SC#N)cc5c6c(ccc(c7c(N=C=S)cc(c2c37)C1=O)c64)C(=O)N(CC(CC)CCCC)C5=O,52,58,7,728.9399999999998
CCCCC(CC)CN1C(=O)c2cc(N=C=S)c3c4c(N=C=S)cc5c6c(cc(SC#N)c(c7c(SC#N)cc(c2c37)C1=O)c64)C(=O)N(CC(CC)CCCC)C5=O,58,64,7,843.0939999999999
CCCCC(C)N1C(=O)c2cc(C#N)c3c4c(C#N)cc5c6c(cc(C#N)c(c7c(C#N)cc(c2c37)C1=O)c64)C(=O)N(C(C)CCCC)C5=O,50,56,7,658.7179999999998
COc1ccc(CCN2C(=O)c3ccc4c5ccc6c7c(ccc(c8ccc(c3c48)C2=O)c75)C(=O)N(CCc2ccc(OC)cc2)C6=O)cc1,50,58,9,658.7100000000003
Cc1ccc2c(c1)C(=O)c1cc(-c3cc4c5c(ccc6c7c(C)cc8c9c(ccc(c3c56)c97)C(=O)N(C)C8=O)C(=O)N(C)C4=O)ccc1-2,48,57,10,624.6520000000003
Cc1cc2sc3cc(-c4cc5c6c(ccc7c8c(C)cc9c%10c(ccc(c4c67)c%108)C(=O)N(C)C9=O)C(=O)N(C)C5=O)sc3c2s1,45,54,10,640.7670000000003
Cc1ccc(Sc2cc3c4c(ccc5c6c(Sc7ccc(C)cc7)cc7c8c(ccc(c2c45)c86)C(=O)N(c2c(C(C)C)cccc2C(C)C)C7=O)C(=O)N(c2c(C(C)C)cccc2C(C)C)C3=O)cc1,70,80,11,955.2579999999997
Cc1ccc(Sc2cc3c4c(ccc5c6c(Sc7ccc(C8CCCC8)cc7)cc7c8c(ccc(c2c45)c86)C(=O)N(c2c(C(C)C)cccc2C(C)C)C7=O)C(=O)N(c2c(C(C)C)cccc2C(C)C)C3=O)cc1,74,85,12,1009.3499999999995
Cc1cc(N2C(=O)c3ccc4c5c(C)cc6c7c(ccc(c8c(C)cc(c3c48)C2=O)c75)C(=O)N(c2cc(C)c(C)c(C)c2)C6=O)cc(C)c1C,50,58,9,654.7660000000001
Cc1cc2c3c(ccc4c5c(C)cc6c7c(ccc(c1c34)c75)C(=O)N(CC(C)C)C6=O)C(=O)N(CC(C)C)C2=O,40,46,7,530.6240000000003
CCC(C)C(C)(CC)CC(c1ccccc1)C(C)(CC)CCN1C(=O)c2ccc3c4ccc5c6c(ccc(c7ccc(c2c37)C1=O)c64)C(=O)N(CCC(C)(CC)C(CC(C)(CC)C(C)CC)c1ccccc1)C5=O,74,82,9,991.4139999999996
Cc1cc2c3c(ccc4c5c(N=C=S)cc6c7c(ccc(c1c34)c75)C(=O)N(CCc1ccccc1)C6=O)C(=O)N(CCc1ccccc1)C2=O,50,58,9,669.7620000000001
CC(=N)c1cc2c3c(ccc4c5c(-c6nc(N(C)C)nc(N(C)C)n6)cc6c7c(ccc(c1c34)c75)C(=O)N(c1c(C(C)C)cccc1C(C)C)C6=O)C(=O)N(c1c(C(C)C)cccc1C(C)C)C2=O,69,78,10,917.1269999999995
CC(C)c1cccc(C(C)C)c1N1C(=O)c2ccc3c4c(-c5cccs5)cc5c6c(ccc(c7c(C8=CC=CSC8)cc(c2c37)C1=O)c64)C(=O)N(c1c(C(C)C)cccc1C(C)C)C5=O,65,75,11,889.155
CCC(CC)N1C(=O)c2ccc3c4c(OC(C)(C)CCOC(C)(C)CC)cc5c6c(ccc(c7c(C)cc(c2c37)C1=O)c64)C(=O)N(C(CC)CC)C5=O,53,59,7,716.9189999999999
CC(C)c1cccc(C(C)C)c1N1C(=O)c2ccc3c4c(Oc5ccc(C(C)(C)C)cc5)cc5c6c(ccc(c7c(O)cc(c2c37)C1=O)c64)C(=O)N(c1c(C(C)C)cccc1C(C)C)C5=O,66,75,10,875.078
CCC(CC)N1C(=O)c2ccc3c4ccc5c6c(cc(SCCC(=O)On7c(O)ccc7O)c(c7ccc(c2c37)C1=O)c64)C(=O)N(C(CC)CC)C5=O,53,60,8,731.8270000000002
Cc1cccc(C)c1-c1c2c3c(ccc4c5ccc6c7c(ccc(c(c1-c1c(C)cccc1C)c34)c75)C(=O)NC6=O)C(=O)NC2=O,46,54,9,598.6580000000002
[C-]#[N+]c1cc2c3c(ccc4c5c(C#N)cc6c7c(ccc(c1c34)c75)C(=O)N(C(C)CCCCC)C6=O)C(=O)N(C(C)CCCCC)C2=O,48,54,7,636.752
CCCCC(C)N1C(=O)c2ccc3c4c(N=C=S)cc5c6c(ccc(c7c(C)cc(c2c37)C1=O)c64)C(=O)N(C(C)CCCC)C5=O,46,52,7,629.7820000000003
[C-]#[N+]c1cc2c3c(ccc4c5c(C#N)cc6c7c(ccc(c1c34)c75)C(=O)N(C(CC)CCC)C6=O)C(=O)N(C(CC)CCC)C2=O,46,52,7,608.6980000000002
[C-]#[N+]c1cc2c3c(ccc4c5c(C#N)cc6c7c(ccc(c1c34)c75)C(=O)N(C(C)CCCCC)C6=O)C(=O)N(C(C)CCCCC)C2=O,48,54,7,636.752
[C-]#[N+]c1cc2c3c(ccc4c5c(C#N)cc6c7c(ccc(c1c34)c75)C(=O)N(C(C)CCC)C6=O)C(=O)N(C(C)CCC)C2=O,44,50,7,580.6440000000002
CCCCCCCC(CCCCCCC)N1C(=O)c2c(C)cc3c4cc(C)c5c6c(c(C)cc(c7cc(C)c(c2c37)C1=O)c64)C(=O)N(C(CCCCCCC)CCCCCCC)C5=O,64,70,7,867.2719999999993
C=CC=C(SC)c1cc2c3c(ccc4c5c(-c6cccs6)cc6c7c(ccc(c1c34)c75)C(=O)N(CC(CC)CCCC)C6=O)C(=O)N(CC(CC)CCCC)C2=O,57,64,8,795.0829999999999
CCc1cc2c3c(ccc4c5ccc6c7c(ccc(c1c34)c75)C(=O)NC6=O)C(=O)NC2=O,32,38,7,418.40800000000013
Cc1cc2c3c(ccc4c5ccc6c7c(ccc(c1c34)c75)C(=O)NC6=O)C(=O)NC2=O,31,37,7,404.3810000000001
[C-]#[N+]c1cc2c3c(ccc4c5c(C#N)cc6c7c(ccc(c1c34)c75)C(=O)N(C(C)CCCC)C6=O)C(=O)N(C(C)CCCC)C2=O,46,52,7,608.6980000000002
NS(=O)(=O)c1ccc(N2C(=O)c3ccc4c5ccc6c7c(ccc(c8ccc(c3c48)C2=O)c75)C(=O)N(c2ccc(S(N)(=O)=O)cc2)C6=O)cc1,50,58,9,700.7100000000003
CCCCCCCCCCCCCCCCCCSc1ccc(N2C(=O)c3ccc4c5ccc6c7c(ccc(c8ccc(c3c48)C2=O)c75)C(=O)N(c2ccc(SCCCCCCCCCCCCCCCCCC)cc2)C6=O)cc1,80,88,9,1111.655999999999
CCCCCCCCCCCCCCCCCCN1C(=O)c2ccc3c4c([N+](=O)[O-])cc5c6c(ccc(c7c([N+](=O)[O-])cc(c2c37)C1=O)c64)C(=O)N(CCCCCCCCCCCCCCCCCC)C5=O,72,78,7,985.3199999999989
Nc1ccc(S(=O)(=O)c2ccc(N3C(=O)c4ccc5c6ccc7c8c(ccc(c9ccc(c4c59)C3=O)c86)C(=O)N(c3ccc(S(=O)(=O)c4ccc(N)cc4)cc3)C7=O)cc2)cc1,62,72,11,852.9060000000002
CCCCCCCCCCSc1ccc(N2C(=O)c3ccc4c5ccc6c7c(ccc(c8ccc(c3c48)C2=O)c75)C(=O)N(c2ccc(SCCCCCCCCCC)cc2)C6=O)cc1,64,72,9,887.2239999999996
CN1CCCC(CN2C(=O)c3ccc4c5ccc6c7c(ccc(c8ccc(c3c48)C2=O)c75)C(=O)N(CC2CCCN(C)C2)C6=O)C1,46,54,9,612.73
CN1CCC(CN2C(=O)c3ccc4c5ccc6c7c(ccc(c8ccc(c3c48)C2=O)c75)C(=O)N(CC2CCN(C)CC2)C6=O)CC1,46,54,9,612.73
O=C1c2ccc3c4ccc5c6c(ccc(c7ccc(c2c37)C(=O)N1Cc1ccc(N2CCCCC2)cc1)c64)C(=O)N(Cc1ccc(N2CCCCC2)cc1)C5=O,56,66,11,736.8719999999997
CN(C)CCCCN1C(=O)c2ccc3c4ccc5c6c(ccc(c7ccc(c2c37)C1=O)c64)C(=O)N(CCCCN(C)C)C5=O,44,50,7,588.7080000000002
CC(C)c1cccc(C(C)C)c1N1C(=O)c2ccc3c4c(-c5nc(N(C)C)nc(N(C)C)n5)cc5c6c(ccc(c7c(-c8nc(N(C)C)nc(N(C)C)n8)cc(c2c37)C1=O)c64)C(=O)N(c1c(C(C)C)cccc1C(C)C)C5=O,78,88,11,1041.2739999999992
CCCCCCC(CCCCCC)N1C(=O)c2c(CO)cc3c4cc(OC)c5c6c(c(OC)cc(c7cc(CO)c(c2c37)C1=O)c64)C(=O)N(C(CCCCCC)CCCCCC)C5=O,64,70,7,875.1599999999994
Cc1cc2c3c(c(C(C)(C)C)cc4c5c(C)cc6c7c(cc(C(C)(C)C)c(c1c34)c75)C(=O)N(C)C6=O)C(=O)N(C)C2=O,42,48,7,558.6780000000003
CCCCCCCCCCCCC(N)N1C(=O)c2ccc3c4c([N+](=O)[O-])cc5c6c(ccc(c7c([N+](=O)[O-])cc(c2c37)C1=O)c64)C(=O)N(C(N)CCCCCCCCCCCC)C5=O,64,70,7,875.0799999999994
CC(N)N1C(=O)c2ccc3c4c([N+](=O)[O-])cc5c6c(ccc(c7c([N+](=O)[O-])cc(c2c37)C1=O)c64)C(=O)N(C(C)N)C5=O,42,48,7,566.4860000000003
CCCCC(C)N1C(=O)c2ccc3c4c(SC#N)cc5c6c(ccc(c7c(SC#N)cc(c2c37)C1=O)c64)C(=O)N(C(C)CCCC)C5=O,48,54,7,672.8320000000002
CCCCC(C)N1C(=O)c2ccc3c4c(N=C=S)cc5c6c(ccc(c7c(N=C=S)cc(c2c37)C1=O)c64)C(=O)N(C(C)CCCC)C5=O,48,54,7,672.8320000000002
N#CSc1cc2c3c(ccc4c5c(SC#N)cc6c7c(ccc(c1c34)c75)C(=O)N(CCc1ccccc1)C6=O)C(=O)N(CCc1ccccc1)C2=O,52,60,9,712.8120000000002
C=C(C(=O)OC(C)(C)C)C1CCC(Nc2ccc(-c3cc4c5c(ccc6c7ccc8c9c(ccc(c3c56)c97)C(=O)N(C3CCCCC3)C8=O)C(=O)N(C3CCCCC3)C4=O)cc2)CC1,64,74,11,854.0599999999995
CCCCCCC(CCCCCC)N1C(=O)c2ccc3c4ccc5c6c(cc(-c7cnc(N8CCNCC8)nc7)c(c7ccc(c2c37)C1=O)c64)C(=O)N(C(CCCCCC)CCCCCC)C5=O,68,76,9,917.2519999999989
CCCCCCC(CCCCCC)N1C(=O)c2ccc3c4ccc5c6c(cc(-c7ccc(N8CCN(C(=O)OC(C)(C)C)CC8)cc7)c(c7ccc(c2c37)C1=O)c64)C(=O)N(C(CCCCCC)CCCCCC)C5=O,75,83,9,1015.3929999999989
CCCCCCC(CCCCCC)N1C(=O)c2ccc3c4ccc5c6c(cc(-c7ccc(N8CCN(C(=O)OC(C)(C)C)CC8)nc7)c(c7ccc(c2c37)C1=O)c64)C(=O)N(C(CCCCCC)CCCCCC)C5=O,75,83,9,1016.3809999999988
CCCCCCC(CCCCCC)N1C(=O)c2ccc3c4ccc5c6c(cc(-c7ccc(N8CCNCC8)nc7)c(c7ccc(c2c37)C1=O)c64)C(=O)N(C(CCCCCC)CCCCCC)C5=O,68,76,9,916.263999999999
CCCCCCC(CCCCCC)N1C(=O)c2ccc3c4ccc5c6c(cc(-c7cnc(N8CCN(C(=O)OC(C)(C)C)CC8)nc7)c(c7ccc(c2c37)C1=O)c64)C(=O)N(C(CCCCCC)CCCCCC)C5=O,75,83,9,1017.3689999999988
CCCCCCC(CCCCCC)N1C(=O)c2ccc3c4ccc5c6c(cc(-c7ccc(N8CCNCC8)cc7)c(c7ccc(c2c37)C1=O)c64)C(=O)N(C(CCCCCC)CCCCCC)C5=O,68,76,9,915.275999999999
CCCCC(CC)CN1C(=O)c2ccc3c4c(N5CCCC(C)C5)cc5c6c(ccc(c7c(N8CCCC(C)C8)cc(c2c37)C1=O)c64)C(=O)N(CC(CC)CCCC)C5=O,60,68,9,809.1079999999993
CCCC(CCC)N1C(=O)c2ccc3c4ccc5c6c(c(C)cc(c7ccc(c2c37)C1=O)c64)C(=O)N(C(CCC)CCC)C5=O,45,51,7,600.7590000000001
CCOCCOc1cc2c3c(ccc4c5ccc6c7c(ccc(c1c34)c75)C(=O)N(C(CC)CC)C6=O)C(=O)N(C(CC)CC)C2=O,46,52,7,618.7300000000001
CCC(CC)N1C(=O)c2ccc3c4c(OC(C)(C)CCOC(C)(C)C)cc5c6c(ccc(c7c(C#Cc8ccc(-c9cc(-c%10ccccn%10)nc(-c%10ccccn%10)c9)cc8)cc(c2c37)C1=O)c64)C(=O)N(C(CC)CC)C5=O,77,87,11,1020.2429999999996
CCOc1cc2c3c(ccc4c5c(C#Cc6ccc(-c7cc(-c8ccccn8)nc(-c8ccccn8)c7)cc6)cc6c7c(ccc(c1c34)c75)C(=O)N(C(CC)CC)C6=O)C(=O)N(C(CC)CC)C2=O,69,79,11,906.0549999999998
COc1cc2c3c(ccc4c5ccc6c7c(cc(OC)c(c1c34)c75)C(=O)N(C)C6=O)C(=O)N(C)C2=O,36,42,7,478.46000000000026
CCc1cc2c3c(ccc4c5c(C)cc6c7c(ccc(c1c34)c75)C(=O)NC6=O)C(=O)NC2=O,33,39,7,432.4350000000002
O=C(NCCN1C(=O)c2ccc3c4ccc5c6c(ccc(c7ccc(c2c37)C1=O)c64)C(=O)N(CCNC(=O)c1ccccc1)C5=O)c1ccccc1,52,60,9,684.7080000000001
CN1C(=O)c2cc(N=C=S)c3c4c(N=C=S)cc5c6c(cc(SC#N)c(c7c(SC#N)cc(c2c37)C1=O)c64)C(=O)N(C)C5=O,44,50,7,646.716
CN1C(=O)c2ccc3c4c(SC#N)cc5c6c(ccc(c7c(N=C=S)cc(c2c37)C1=O)c64)C(=O)N(C)C5=O,38,44,7,532.5620000000002
CN1C(=O)c2ccc3c4c(N=C=S)cc5c6c(cc(SC#N)c(c7ccc(c2c37)C1=O)c64)C(=O)N(C)C5=O,38,44,7,532.5620000000002
CCN1C(=O)c2ccc3c4c(SC#N)cc5c6c(ccc(c7c(N=C=S)cc(c2c37)C1=O)c64)C(=O)N(CC)C5=O,40,46,7,560.6160000000002
CCN1C(=O)c2ccc3c4c(N=C=S)cc5c6c(cc(SC#N)c(c7ccc(c2c37)C1=O)c64)C(=O)N(CC)C5=O,40,46,7,560.6160000000003
CCN1C(=O)c2cc(N=C=S)c3c4c(N=C=S)cc5c6c(cc(SC#N)c(c7c(SC#N)cc(c2c37)C1=O)c64)C(=O)N(CC)C5=O,46,52,7,674.77
C#Cc1cc2c3c(ccc4c5c(C#C)cc6c7c(ccc(c1c34)c75)C(=O)N(C(C)C)C6=O)C(=O)N(C(C)C)C2=O,40,46,7,522.5600000000003
CCCCC(C)N1C(=O)c2ccc3c4c(N=C=S)cc5c6c(cc(N=C=S)c(c7ccc(c2c37)C1=O)c64)C(=O)N(C(C)CCCC)C5=O,48,54,7,672.8320000000002
CCCCC(C)N1C(=O)c2ccc3c4c(N=C=S)cc5c6c(ccc(c7c(N=C=S)cc(c2c37)C1=O)c64)C(=O)N(C(C)CCCC)C5=O,48,54,7,672.8320000000002
CCCCC(C)N1C(=O)c2cc(N=C=S)c3c4c(N=C=S)cc5c6c(cc(N=C=S)c(c7c(N=C=S)cc(c2c37)C1=O)c64)C(=O)N(C(C)CCCC)C5=O,54,60,7,786.986
N#Cc1cc2c3c(cc(C#N)c4c5ccc6c7c(ccc(c1c34)c75)C(=O)N(CN)C6=O)C(=O)N(CN)C2=O,38,44,7,498.4580000000003
N#Cc1cc2c3c(ccc4c5c(C#N)cc6c7c(ccc(c1c34)c75)C(=O)N(CN)C6=O)C(=O)N(CN)C2=O,38,44,7,498.4580000000003
CCCCC(CC)CN1C(=O)c2ccc3c4c(N=C=S)cc5c6c(cc(N=C=S)c(c7ccc(c2c37)C1=O)c64)C(=O)N(CC(CC)CCCC)C5=O,52,58,7,728.9399999999999
CCCCC(CC)CN1C(=O)c2ccc3c4c(N=C=S)cc5c6c(ccc(c7c(N=C=S)cc(c2c37)C1=O)c64)C(=O)N(CC(CC)CCCC)C5=O,52,58,7,728.9399999999998
CCCCC(CC)CN1C(=O)c2cc(N=C=S)c3c4c(N=C=S)cc5c6c(cc(N=C=S)c(c7c(N=C=S)cc(c2c37)C1=O)c64)C(=O)N(CC(CC)CCCC)C5=O,58,64,7,843.094
CCCCC(CC)N1C(=O)c2ccc3c4c(N=C=S)cc5c6c(ccc(c7c(N=C=S)cc(c2c37)C1=O)c64)C(=O)N(C(CC)CCCC)C5=O,50,56,7,700.886
NCN1C(=O)c2cc(N=C=S)c3c4c(N=C=S)cc5c6c(cc(N=C=S)c(c7c(N=C=S)cc(c2c37)C1=O)c64)C(=O)N(CN)C5=O,46,52,7,676.746
NCN1C(=O)c2ccc3c4c(N=C=S)cc5c6c(cc(N=C=S)c(c7ccc(c2c37)C1=O)c64)C(=O)N(CN)C5=O,40,46,7,562.5920000000001
NCN1C(=O)c2ccc3c4c(N=C=S)cc5c6c(ccc(c7c(N=C=S)cc(c2c37)C1=O)c64)C(=O)N(CN)C5=O,40,46,7,562.5920000000001
CCCCC(CC)N1C(=O)c2cc(N=C=S)c3c4c(N=C=S)cc5c6c(cc(N=C=S)c(c7c(N=C=S)cc(c2c37)C1=O)c64)C(=O)N(C(CC)CCCC)C5=O,56,62,7,815.04
CC(C)N1C(=O)c2ccc3c4c(C(=O)O)cc5c6c(ccc(c7c(C(=O)O)cc(c2c37)C1=O)c64)C(=O)N(C(C)C)C5=O,42,48,7,562.5340000000003
N#Cc1cc2c3c(cc(C#N)c4c5c(C#N)cc6c7c(cc(C#N)c(c1c34)c75)C(=O)N(CN)C6=O)C(=O)N(CN)C2=O,42,48,7,548.4780000000002
CCCCN1C(=O)c2ccc3c4c(C#N)cc5c6c(ccc(c7c(C#N)cc(c2c37)C1=O)c64)C(=O)N(CCCC)C5=O,42,48,7,552.5900000000004
CCCNCN1C(=O)c2ccc3c4c(C#N)cc5c6c(ccc(c7c(C#N)cc(c2c37)C1=O)c64)C(=O)N(CNCCC)C5=O,44,50,7,582.6200000000002
CCCCC(CC)N1C(=O)c2ccc3c4c(N=C=S)cc5c6c(cc(N=C=S)c(c7ccc(c2c37)C1=O)c64)C(=O)N(C(CC)CCCC)C5=O,50,56,7,700.8860000000001
CC1=C(N2C(=O)c3ccc4c5ccc6c7c(ccc(c8ccc(c3c48)C2=O)c75)C(=O)N(C2=C(C)C=CCC2C)C6=O)C(C)CC=C1,46,54,9,602.6900000000002
CC1CCCC(C)C1N1C(=O)c2ccc3c4ccc5c6c(ccc(c7ccc(c2c37)C1=O)c64)C(=O)N(C1C(C)CCCC1C)C5=O,46,54,9,610.7540000000002
CCC(CC)N1C(=O)c2ccc3c4ccc5c6c(cc([N+](=O)[O-])c(c7ccc(c2c37)C1=O)c64)C(=O)N(C(CC)CC)C5=O,43,49,7,575.6210000000004
COc1ccc(Oc2cc3c4c(ccc5c6c(Oc7ccc(OC)cc7)cc7c8c(ccc(c2c45)c86)C(=O)N(c2c(C(C)C)cccc2C(C)C)C7=O)C(=O)N(c2c(C(C)C)cccc2C(C)C)C3=O)cc1,72,82,11,955.12
C#CCOc1cc2c3c(ccc4c5ccc6c7c(ccc(c1c34)c75)C(=O)N(C1CCCCC1)C6=O)C(=O)N(C1CCCCC1)C2=O,46,54,9,608.6940000000001
Cc1cc(C)c(Oc2cc3c4c(ccc5c6c(Oc7c(C)cc(C)cc7C)cc7c8c(ccc(c2c45)c86)C(=O)N(c2c(C(C)C)cccc2C(C)C)C7=O)C(=O)N(c2c(C(C)C)cccc2C(C)C)C3=O)c(C)c1,74,84,11,979.2299999999996
C=CCc1ccccc1Oc1cc2c3c(ccc4c5c(Oc6ccccc6CC=C)cc6c7c(ccc(c1c34)c75)C(=O)N(c1c(C(C)C)cccc1C(C)C)C6=O)C(=O)N(c1c(C(C)C)cccc1C(C)C)C2=O,74,84,11,975.1979999999998
CCCCCCC(CCCC)CN1C(=O)c2ccc3c4ccc5c6c(ccc(c7ccc(c2c37)C1=O)c64)C(=O)N(CC(CCCC)CCCCCC)C5=O,54,60,7,727.0019999999996
CCCCc1cc(C)c(N2C(=O)c3ccc4c5ccc6c7c(ccc(c8ccc(c3c48)C2=O)c75)C(=O)N(c2c(C)cc(CCCC)cc2C)C6=O)c(C)c1,54,62,9,710.8739999999999
Cc1cccc(C)c1-c1cc(C)c(N2C(=O)c3ccc4c5ccc6c7c(ccc(c8ccc(c3c48)C2=O)c75)C(=O)N(c2c(C)cc(-c3c(C)cccc3C)cc2C)C6=O)c(C)c1,62,72,11,806.9619999999999
CC(=O)CCc1cc(C)c(N2C(=O)c3ccc4c5ccc6c7c(ccc(c8ccc(c3c48)C2=O)c75)C(=O)N(c2c(C)cc(CCC(C)=O)cc2C)C6=O)c(C)c1,56,64,9,738.8399999999998
CC(C)N1C(=O)c2ccc3c4c(C#N)cc5c6c(ccc(c7c(C#N)cc(c2c37)C1=O)c64)C(=O)N(C(C)C)C5=O,40,46,7,524.5360000000003
CC(C)NC(=O)c1ccc(Nc2ccc(N3C(=O)c4ccc5c6ccc7c8c(ccc(c9ccc(c4c59)C3=O)c86)C(=O)N(c3ccc(Nc4ccc(C(=O)NC(C)C)cc4)cc3)C7=O)cc2)cc1,68,78,11,894.988
CN1C(=O)c2ccc3c4c([N+](=O)[O-])cc5c6c(ccc(c7c([N+](=O)[O-])cc(c2c37)C1=O)c64)C(=O)N(C)C5=O,38,44,7,508.40200000000027
CC(C)N1C(=O)c2ccc3c4c([N+](=O)[O-])cc5c6c(ccc(c7c([N+](=O)[O-])cc(c2c37)C1=O)c64)C(=O)N(C(C)C)C5=O,42,48,7,564.5100000000003
CSc1ccc(N2C(=O)c3ccc4c5ccc6c7c(ccc(c8ccc(c3c48)C2=O)c75)C(=O)N(c2ccc(SC)cc2)C6=O)cc1,46,54,9,634.7380000000003
CC(C)NS(=O)(=O)c1ccc(N2C(=O)c3ccc4c5ccc6c7c(ccc(c8ccc(c3c48)C2=O)c75)C(=O)N(c2ccc(S(=O)(=O)NC(C)C)cc2)C6=O)cc1,56,64,9,784.8720000000002
CC#CCC(C)(c1cc2c3c(ccc4c5c(-c6cc7sc8cc(C(C)(CCC)CCC(C)C)sc8c7s6)cc6c7c(ccc(c1c34)c75)C(=O)N(CC(C)C)C6=O)C(=O)N(CC(C)C)C2=O)C(CC)CC,70,79,10,987.4099999999994
CCC(CC)N1C(=O)c2ccc3c4ccc5c6c(cc(OCCOC)c(c7ccc(c2c37)C1=O)c64)C(=O)N(C(CC)CC)C5=O,45,51,7,604.7030000000002
CCC(CC)N1C(=O)c2ccc3c4ccc5c6c(cc(OCCCOC)c(c7ccc(c2c37)C1=O)c64)C(=O)N(C(CC)CC)C5=O,46,52,7,618.7300000000001
CNC(=O)c1ccc(Nc2ccc(N3C(=O)c4ccc5c6ccc7c8c(ccc(c9ccc(c4c59)C3=O)c86)C(=O)N(c3ccc(Nc4ccc(C(=O)NC)cc4)cc3)C7=O)cc2)cc1,64,74,11,838.8800000000001
CCCCCCC(CCCCCC)N1C(=O)c2ccc3c4ccc5c6c(c7[nH]c(-c8ccc(C=O)cc8)nc7c(c7ccc(c2c37)C1=O)c64)C(=O)N(C(CCCCCC)CCCCCC)C5=O,67,75,9,899.1889999999994
CCC(CC)N1C(=O)c2ccc3c4c(-c5ccc(-c6cc(-c7ccccn7)nc(-c7ccccn7)c6)cc5)cc5c6c(ccc(c7c(O)cc(c2c37)C1=O)c64)C(=O)N(C(CC)CC)C5=O,65,75,11,853.979
C=CC=CC(=CC=C)Oc1cc2c3c(cc(Oc4ccccc4)c4c5c(OC(C=CC)=CC=C)cc6c7c(cc(Oc8ccccc8)c(c1c34)c75)C(=O)NC6=O)C(=O)NC2=O,61,69,9,802.8390000000003
CC=CC(=CC)Oc1cc2c3c(cc(Oc4ccccc4)c4c5c(OC(C=CC)=CC)cc6c7c(cc(Oc8ccccc8)c(c1c34)c75)C(=O)NC6=O)C(=O)NC2=O,58,66,9,766.8060000000003
C=C(C=CC=CC)Oc1cc2c3c(cc(OC(C=CC)=CC)c4c5c(Oc6ccccc6)cc6c7c(cc(OC(C=CC)=CC)c(c1c34)c75)C(=O)NC6=O)C(=O)NC2=O,59,66,8,782.8490000000002
C=CC=C(C=CC)Oc1cc2c3c(cc(Oc4ccccc4)c4c5c(OC(C=CC)=CC)cc6c7c(cc(Oc8ccccc8)c(c1c34)c75)C(=O)NC6=O)C(=O)NC2=O,59,67,9,778.8170000000003
C=CC=CC(=CC=C)Oc1cc2c3c(cc(Oc4ccccc4)c4c5c(OC(C=CC)=CC=C)cc6c7c(cc(OC(C=CC=CC)=CC)c(c1c34)c75)C(=O)NC6=O)C(=O)NC2=O,63,70,8,832.909
C=CCC(C)(CC)c1ccc(-c2cc3c4c(ccc5c6cc(-c7ccc(-c8cc9sc(C(C)(CC=CC)CCC)cc9s8)s7)c7c8c(ccc(c2c45)c86)C(=O)N(CC(C)C)C7=O)C(=O)N(CC(C)C)C3=O)s1,72,82,11,1025.4399999999994
CCC(C)C(CO)N1C(=O)c2ccc3c4ccc5c6c(ccc(c7ccc(c2c37)C1=O)c64)C(=O)N(C(CO)C(C)CC)C5=O,44,50,7,590.6760000000002
CC(C)CC(CO)N1C(=O)c2ccc3c4ccc5c6c(ccc(c7ccc(c2c37)C1=O)c64)C(=O)N(C(CO)CC(C)C)C5=O,44,50,7,590.6760000000003
CCCCN1C(=O)c2ccc3c4c(-c5c(CC)cccc5CC)cc5c6c(ccc(c7c(-c8c(CC)cccc8CC)cc(c2c37)C1=O)c64)C(=O)N(CCCC)C5=O,58,66,9,766.9819999999999
CCCCC(CC)COc1cc2c3c(ccc4c5ccc6c7c(cc(OCC(CC)CCCC)c(c1c34)c75)C(=O)N(C)C6=O)C(=O)N(C)C2=O,50,56,7,674.838
O=C1c2ccc3c4ccc5c6c(ccc(c7ccc(c2c37)C(=O)N1C(CO)Cc1ccccc1)c64)C(=O)N(C(CO)Cc1ccccc1)C5=O,50,58,9,658.7100000000003
C[N+](C)(C)CCOC(=O)CCCCCCCCCCN1C(=O)c2ccc3c4c(N5CCCC5)cc5c6c(ccc(c7c(N8CCCC8)cc(c2c37)C1=O)c64)C(=O)N(CCCCCCCCCCC(=O)OCC[N+](C)(C)C)C5=O,78,86,9,1069.4419999999989
C[N+](C)(C)CCOC(=O)CCCCCCCCCCN1C(=O)c2ccc3c4c(N5CCCC5)cc5c6c(ccc(c7c(C8CCCCC8)cc(c2c37)C1=O)c64)C(=O)N(CCCCCCCCCCC(=O)OCC[N+](C)(C)C)C5=O,79,87,9,1082.4809999999989
CC(C)(C)C1CCC(C(C)(C)C)C(N2C(=O)c3ccc4c5ccc6c7c(ccc(c8ccc(c3c48)C2=O)c75)C(=O)N(C2CC(C(C)(C)C)CCC2C(C)(C)C)C6=O)C1,58,66,9,779.0779999999997
CC(C)C1CCC(C(C)C)C(N2C(=O)c3ccc4c5ccc6c7c(ccc(c8ccc(c3c48)C2=O)c75)C(=O)N(C2CC(C(C)C)CCC2C(C)C)C6=O)C1,54,62,9,722.97
[C-]#[N+]c1cc2c3c(ccc4c5c(C#N)cc6c7c(ccc(c1c34)c75)C(=O)N(C(CC)CCC)C6=O)C(=O)N(C(CC)CCC)C2=O,46,52,7,608.6980000000002
[C-]#[N+]c1cc2c3c(ccc4c5c(C#N)cc6c7c(ccc(c1c34)c75)C(=O)N(C(C)CCC)C6=O)C(=O)N(C(C)CCC)C2=O,44,50,7,580.6440000000002
CCCCCCC(CCCC)CCN1C(=O)c2ccc3c4c(C)cc5c6c(ccc(c7c(C)cc(c2c37)C1=O)c64)C(=O)N(CCC(CCCC)CCCCCC)C5=O,58,64,7,783.1099999999994
CCCCCCCCN1C(=O)c2ccc3c4c(C)cc5c6c(ccc(c7c(C)cc(c2c37)C1=O)c64)C(=O)N(CCCCCCCC)C5=O,48,54,7,642.84
[C-]#[N+]c1cc2c3c(ccc4c5c(C#N)cc6c7c(ccc(c1c34)c75)C(=O)N(CC(CC)CCCC)C6=O)C(=O)N(CC(CC)CCCC)C2=O,50,56,7,664.8059999999998
[C-]#[N+]c1cc2c3c(cc(C#N)c4c5ccc6c7c(ccc(c1c34)c75)C(=O)N(CC(CC)CCCC)C6=O)C(=O)N(CC(CC)CCCC)C2=O,50,56,7,664.8059999999999
[C-]#[N+]c1cc2c3c(ccc4c5c(C#N)cc6c7c(ccc(c1c34)c75)C(=O)N(C(CC)CCCC)C6=O)C(=O)N(C(CC)CCCC)C2=O,48,54,7,636.752
[C-]#[N+]c1cc2c3c(cc(C#N)c4c5ccc6c7c(ccc(c1c34)c75)C(=O)N(C(C)CCCC)C6=O)C(=O)N(C(C)CCCC)C2=O,46,52,7,608.6980000000001
[C-]#[N+]c1cc2c3c(cc(C#N)c4c5c(C#N)cc6c7c(cc([N+]#[C-])c(c1c34)c75)C(=O)N(C(C)CCCC)C6=O)C(=O)N(C(C)CCCC)C2=O,50,56,7,658.7179999999998
[C-]#[N+]c1cc2c3c(ccc4c5c(C#N)cc6c7c(ccc(c1c34)c75)C(=O)N(c1c(C(C)C)cccc1C(C)C)C6=O)C(=O)N(c1c(C(C)C)cccc1C(C)C)C2=O,58,66,9,760.8939999999999
[C-]#[N+]c1cc2c3c(cc(C#N)c4c5ccc6c7c(ccc(c1c34)c75)C(=O)N(c1c(C(C)C)cccc1C(C)C)C6=O)C(=O)N(c1c(C(C)C)cccc1C(C)C)C2=O,58,66,9,760.894
[C-]#[N+]c1cc2c3c(cc(C#N)c4c5ccc6c7c(ccc(c1c34)c75)C(=O)N(C(CC)CCCC)C6=O)C(=O)N(C(CC)CCCC)C2=O,48,54,7,636.7520000000001
[C-]#[N+]c1cc2c3c(cc(C#N)c4c5c(C#N)cc6c7c(cc([N+]#[C-])c(c1c34)c75)C(=O)N(c1c(C(C)C)cccc1C(C)C)C6=O)C(=O)N(c1c(C(C)C)cccc1C(C)C)C2=O,62,70,9,810.9139999999999
[C-]#[N+]c1cc2c3c(cc(C#N)c4c5c(C#N)cc6c7c(cc([N+]#[C-])c(c1c34)c75)C(=O)N(CC(CC)CCCC)C6=O)C(=O)N(CC(CC)CCCC)C2=O,54,60,7,714.8259999999998
CC(C)(C)CC(C)(C)c1ccc(Oc2cc3c4c(ccc5c6c(Oc7ccc(C(C)(C)CC(C)(C)C)cc7)cc7c8c(ccc(c2c45)c86)C(=O)N(C2CCCCC2)C7=O)C(=O)N(C2CCCCC2)C3=O)cc1,72,82,11,963.2719999999995
CCCCN(CCCC)CCN1C(=O)c2ccc3c4ccc5c6c(ccc(c7ccc(c2c37)C1=O)c64)C(=O)N(CCN(CCCC)CCCC)C5=O,52,58,7,700.9239999999995
CCC(CC)N1C(=O)c2ccc3c4ccc5c6c(cc(OC)c(c7ccc(c2c37)C1=O)c64)C(=O)N(C(CC)CC)C5=O,42,48,7,560.6500000000003
C=CCN1C(=O)c2ccc3c4c(Oc5ccc(C(C)(C)CC(C)(C)C)cc5)cc5c6c(ccc(c7c(Oc8ccc(C(C)(C)CC(C)(C)C)cc8)cc(c2c37)C1=O)c64)C(=O)N(CC=C)C5=O,66,74,9,879.1099999999997
CCc1cc2c3c(ccc4c5ccc6c7c(cc(CC)c(c1c34)c75)C(=O)NC6=O)C(=O)NC2=O,34,40,7,446.4620000000002
CCC(C)(COC(C)(C)C)N1C(=O)c2ccc3c4ccc5c6c(ccc(c7ccc(c2c37)C1=O)c64)C(=O)N(C(C)(CC)COC(C)(C)C)C5=O,50,56,7,674.838
Cc1cc2c3c(ccc4c5c(N)cc6c7c(ccc(c1c34)c75)C(=O)N(c1c(C(C)C)cccc1C(C)C)C6=O)C(=O)N(c1c(C(C)C)cccc1C(C)C)C2=O,56,64,9,739.916
CN1C(=O)c2ccc3c4c(-c5ccc(C=CC6=C(C#N)C(=C(C#N)C#N)OC6(C)C)cc5)cc5c6c(ccc(c7c(-c8ccc(C=CC9=C(C#N)C(=C(C#N)C#N)OC9(C)C)cc8)cc(c2c37)C1=O)c64)C(=O)N(C)C5=O,76,86,11,989.0199999999996
C=CC(=O)CCCCC(CCCC)CN1C(=O)c2ccc3c4ccc5c6c(ccc(c7ccc(c2c37)C1=O)c64)C(=O)N(CC(CCCC)CCCCC(=O)C=C)C5=O,58,64,7,778.9899999999996
CCCCC(CCCCC[N+](=O)[O-])CN1C(=O)c2ccc3c4ccc5c6c(ccc(c7ccc(c2c37)C1=O)c64)C(=O)N(CC(CCCC)CCCCC[N+](=O)[O-])C5=O,58,64,7,788.9419999999996
CCCCC(CCCOC(C)=O)CN1C(=O)c2ccc3c4ccc5c6c(ccc(c7ccc(c2c37)C1=O)c64)C(=O)N(CC(CCCC)CCCOC(C)=O)C5=O,56,62,7,758.9119999999997
CCCCCCC(CCCCCCOC1CO1)CN1C(=O)c2ccc3c4ccc5c6c(ccc(c7ccc(c2c37)C1=O)c64)C(=O)N(CC(CCCCCC)CCCCCCOC1CO1)C5=O,66,74,9,899.1819999999993
CCCCC(CCCCC(C)=O)CN1C(=O)c2ccc3c4ccc5c6c(ccc(c7ccc(c2c37)C1=O)c64)C(=O)N(CC(CCCC)CCCCC(C)=O)C5=O,56,62,7,754.9679999999996
CCCCCCCC(CCCCCC)CCN1C(=O)c2ccc3c4ccc5c6c(ccc(c7ccc(c2c37)C1=O)c64)C(=O)N(CCC(CCCCCC)CCCCCCC)C5=O,62,68,7,839.2179999999993
CCCCCCC(CCCCCCOC)CN1C(=O)c2ccc3c4ccc5c6c(ccc(c7ccc(c2c37)C1=O)c64)C(=O)N(CC(CCCCCC)CCCCCCOC)C5=O,62,68,7,843.1619999999994
CCCCC(CCCCCC#N)CN1C(=O)c2ccc3c4ccc5c6c(ccc(c7ccc(c2c37)C1=O)c64)C(=O)N(CC(CCCC)CCCCCC#N)C5=O,56,62,7,748.9679999999995
CCCCC(CCC)N1C(=O)c2ccc3c4ccc5c6c(ccc(c7ccc(c2c37)C1=O)c64)C(=O)N(C(CCC)CCCC)C5=O,46,52,7,614.786
C=CCCCCCC(CCCC)CN1C(=O)c2ccc3c4ccc5c6c(ccc(c7ccc(c2c37)C1=O)c64)C(=O)N(CC(CCCC)CCCCCC=C)C5=O,56,62,7,751.0239999999995
CCCCCCC(CCCCCCSc1ccccc1)CN1C(=O)c2ccc3c4ccc5c6c(ccc(c7ccc(c2c37)C1=O)c64)C(=O)N(CC(CCCCCC)CCCCCCSc1ccccc1)C5=O,72,80,9,999.4399999999993
CCCCCC(CCCC)CCN1C(=O)c2ccc3c4ccc5c6c(ccc(c7ccc(c2c37)C1=O)c64)C(=O)N(CCC(CCCC)CCCCC)C5=O,54,60,7,727.0019999999996
CCC(CC)N1C(=O)c2ccc3c4c(SCC(NC(C)=O)C(=O)NC(Cc5ccccc5)C(=O)NC(Cc5ccccc5)C(=O)O)cc5c6c(ccc(c7c(OC(C)(C)CO)cc(c2c37)C1=O)c64)C(=O)N(C(CC)CC)C5=O,78,86,9,1074.266
CCOCC(C)(C)Oc1cc2c3c(ccc4c5c(SCC(NC(C)=O)C(=O)NC(Cc6ccccc6)C(=O)O)cc6c7c(ccc(c1c34)c75)C(=O)N(C(CC)CC)C6=O)C(=O)N(C(CC)CC)C2=O,69,76,8,955.1429999999999
CCN1C(=O)c2ccc3c4c(C#N)cc5c6c(ccc(c7c(C#N)cc(c2c37)C1=O)c64)C(=O)N(CC)C5=O,38,44,7,496.4820000000003
CCCCC(C)N1C(=O)c2ccc3c4c(N=C=S)cc5c6c(ccc(c7c(C)cc(c2c37)C1=O)c64)C(=O)N(C(C)CCCC)C5=O,46,52,7,629.7820000000003
Cc1ccc(N2C(=O)c3ccc4c5ccc6c7c(cc(OCC(C)C)c(c8c(OCC(C)C)cc(c3c48)C2=O)c75)C(=O)N(c2ccc(C)cc2)C6=O)cc1,54,62,9,714.8180000000001
CC(C)COc1cc2c3c(ccc4c5ccc6c7c(cc(OCC(C)C)c(c1c34)c75)C(=O)N(C)C6=O)C(=O)N(C)C2=O,42,48,7,562.6220000000003
Cc1cc2c3ccc4c5c(c(C(C)C)cc(c6ccc7c(c1C(=O)NC7=O)c26)c53)C(=O)NC4=O,34,40,7,446.46200000000016
O=C1c2ccc3c4c(N5CCCCC5)cc5c6c(cc(N7CCCCC7)c(c7ccc(c2c37)C(=O)N1C1CCCCC1)c64)C(=O)N(C1CCCCC1)C5=O,54,64,11,720.9139999999996
CCC(CC)N1C(=O)c2ccc3c4ccc5c6c(cc(OC(C)(C)CCOC(C)(C)C)c(c7ccc(c2c37)C1=O)c64)C(=O)N(C(CC)CC)C5=O,51,57,7,688.865
CS(=O)(=O)c1ccc(N2C(=O)c3ccc4c5ccc6c7c(ccc(c8ccc(c3c48)C2=O)c75)C(=O)N(c2ccc(S(C)(=O)=O)cc2)C6=O)cc1,50,58,9,698.7340000000003
CC(C)(C)c1ccc(N(c2ccc(-c3cc4c5c(ccc6c7ccc8c9c(ccc(c3c56)c97)C(=O)N(c3ccccc3)C8=O)C(=O)N(c3ccccc3)C4=O)cc2)c2ccc(C(C)(C)C)cc2)cc1,69,80,12,898.075
CC(C)C(C(C)C)N1C(=O)c2ccc3c4ccc5c6c(cc(N7CCN(C(=O)c8cc[n+](C)cc8)CC7)c(c7ccc(c2c37)C1=O)c64)C(=O)N(C(C(C)C)C(C)C)C5=O,59,67,9,790.9849999999998
CC=C(C)c1cc2c3c(ccc4c5c(C(C)CC)cc6c7c(ccc(c1c34)c75)C(=O)N(CCOCCC)C6=O)C(=O)N(CCOCCC)C2=O,50,56,7,672.8220000000001
Cc1csc(N2C(=O)c3ccc4c5ccc6c7c(ccc(c8ccc(c3c48)C2=O)c75)C(=O)N(c2nc(C)cs2)C6=O)n1,42,50,9,584.6380000000003
COC(=O)c1cnc(N2C(=O)c3ccc4c5ccc6c7c(ccc(c8ccc(c3c48)C2=O)c75)C(=O)N(c2ncc(C(=O)OC)s2)C6=O)s1,48,56,9,672.6560000000002
CCOC(=O)Cc1csc(N2C(=O)c3ccc4c5ccc6c7c(ccc(c8ccc(c3c48)C2=O)c75)C(=O)N(c2nc(CC(=O)OCC)cs2)C6=O)n1,52,60,9,728.764
Cc1nc(N2C(=O)c3ccc4c5ccc6c7c(ccc(c8ccc(c3c48)C2=O)c75)C(=O)N(c2nc(C)c(C)s2)C6=O)sc1C,44,52,9,612.6920000000002
Cc1cnc(N2C(=O)c3ccc4c5ccc6c7c(ccc(c8ccc(c3c48)C2=O)c75)C(=O)N(c2ncc(C)s2)C6=O)s1,42,50,9,584.6380000000003
COC(=O)c1ccc2nc(N3C(=O)c4ccc5c6ccc7c8c(ccc(c9ccc(c4c59)C3=O)c86)C(=O)N(c3nc4ccc(C(=O)OC)cc4o3)C7=O)oc2c1,56,66,11,740.6400000000001
O=C1c2ccc3c4ccc5c6c(ccc(c7ccc(c2c37)C(=O)N1c1nc2ccccc2s1)c64)C(=O)N(c1nc2ccccc2s1)C5=O,48,58,11,656.7040000000003
CCOC(=O)c1sc(N2C(=O)c3ccc4c5ccc6c7c(ccc(c8ccc(c3c48)C2=O)c75)C(=O)N(c2nc(-c3ccccc3)c(C(=O)OCC)s2)C6=O)nc1-c1ccccc1,62,72,11,852.9060000000001
CCCCCCCCOC(=O)Cc1csc(N2C(=O)c3ccc4c5ccc6c7c(ccc(c8ccc(c3c48)C2=O)c75)C(=O)N(c2nc(CC(=O)OCCCCCCCC)cs2)C6=O)n1,64,72,9,897.0879999999996
CCCCC(CC)COC(=O)Cc1csc(N2C(=O)c3ccc4c5ccc6c7c(ccc(c8ccc(c3c48)C2=O)c75)C(=O)N(c2nc(CC(=O)OCC(CC)CCCC)cs2)C6=O)n1,64,72,9,897.0879999999996
Cc1nc(N2C(=O)c3ccc4c5ccc6c7c(ccc(c8ccc(c3c48)C2=O)c75)C(=O)N(c2nc(C)c(C)o2)C6=O)oc1C,44,52,9,580.5560000000003
CCCCCCN1C(=O)c2ccc3c4c(N5CCCC5)cc5c6c(ccc(c7c(N8CCCC8)cc(c2c37)C1=O)c64)C(=O)N(CCCCCC)C5=O,52,60,9,696.8919999999997
Cc1ccc(C)c2sc(N3C(=O)c4ccc5c6ccc7c8c(ccc(c9ccc(c4c59)C3=O)c86)C(=O)N(c3nc4c(C)ccc(C)c4s3)C7=O)nc12,52,62,11,712.812
O=C1c2ccc3c4ccc5c6c(ccc(c7ccc(c2c37)C(=O)N1c1ccc2ccncc2c1)c64)C(=O)N(c1ccc2ccncc2c1)C5=O,50,60,11,644.6460000000002
O=C1c2ccc3c4ccc5c6c(ccc(c7ccc(c2c37)C(=O)N1c1ccc(-c2ccncc2)cc1)c64)C(=O)N(c1ccc(-c2ccncc2)cc1)C5=O,54,64,11,696.7220000000002
O=C1c2ccc3c4ccc5c6c(ccc(c7ccc(c2c37)C(=O)N1c1cccc2ncccc12)c64)C(=O)N(c1cccc2ncccc12)C5=O,50,60,11,644.6460000000002
CCCCCC(C)Oc1cc2c3c(ccc4c5ccc6c7c(cc(OC(C)C)c(c1c34)c75)C(=O)N(C)C6=O)C(=O)N(C)C2=O,44,50,7,590.6760000000003
Cc1cc(C(=O)O)cc(C)c1N1C(=O)c2ccc3c4ccc5c6c(ccc(c7ccc(c2c37)C1=O)c64)C(=O)N(c1c(C)cc(C(=O)O)cc1C)C5=O,52,60,9,686.6760000000003
CCC(C)N1C(=O)c2ccc3c4c(C#N)cc5c6c(cc(C#N)c(c7ccc(c2c37)C1=O)c64)C(=O)N(C(C)CC)C5=O,42,48,7,552.5900000000004
CCN(CC)c1cccc(N2C(=O)c3ccc4c5ccc6c7c(ccc(c8ccc(c3c48)C2=O)c75)C(=O)N(c2cccc(N(CC)CC)c2)C6=O)c1,52,60,9,684.796
CCOc1ccccc1N1C(=O)c2ccc3c4ccc5c6c(ccc(c7ccc(c2c37)C1=O)c64)C(=O)N(c1ccccc1OCC)C5=O,48,56,9,630.6560000000002
CC(C)Cc1ccccc1N1C(=O)c2ccc3c4ccc5c6c(ccc(c7ccc(c2c37)C1=O)c64)C(=O)N(c1ccccc1CC(C)C)C5=O,50,58,9,654.7660000000002
CC(=O)c1ccc(N2C(=O)c3ccc4c5ccc6c7c(ccc(c8ccc(c3c48)C2=O)c75)C(=O)N(c2ccc(C(C)=O)cc2)C6=O)cc1,48,56,9,626.6240000000003
CC(C)(C)c1cccc(N2C(=O)c3ccc4c5ccc6c7c(ccc(c8ccc(c3c48)C2=O)c75)C(=O)N(c2cccc(C(C)(C)C)c2)C6=O)c1,50,58,9,654.7660000000002
CC(C)Cc1cccc(CC(C)C)c1N1C(=O)c2ccc3c4ccc5c6c(ccc(c7ccc(c2c37)C1=O)c64)C(=O)N(c1c(CC(C)C)cccc1CC(C)C)C5=O,58,66,9,766.9819999999999
COC(=O)c1ccc2nc(N3C(=O)c4ccc5c6ccc7c8c(ccc(c9ccc(c4c59)C3=O)c86)C(=O)N(c3nc4ccc(C(=O)OC)cc4s3)C7=O)sc2c1,56,66,11,772.7760000000001
C[n+]1ccc(-c2cc[n+](CCCN3C(=O)c4ccc5c6ccc7c8c(ccc(c9ccc(c4c59)C3=O)c86)C(=O)N(CCC[n+]3ccc(-c4cc[n+](C)cc4)cc3)C7=O)cc2)cc1,62,72,11,814.9459999999999
CC(C)c1ccc(N2C(=O)c3ccc4c5ccc6c7c(ccc(c8ccc(c3c48)C2=O)c75)C(=O)N(c2ccc(C(C)C)cc2)C6=O)cc1,48,56,9,626.7120000000002
O=C1c2ccc3c4ccc5c6c(ccc(c7ccc(c2c37)C(=O)N1c1ccccc1O)c64)C(=O)N(c1ccccc1O)C5=O,44,52,9,574.5480000000003
CCN(CC)c1ccccc1N1C(=O)c2ccc3c4ccc5c6c(ccc(c7ccc(c2c37)C1=O)c64)C(=O)N(c1ccccc1N(CC)CC)C5=O,52,60,9,684.796
CC(C)CCN1C(=O)c2ccc3c4ccc5c6c(ccc(c7ccc(c2c37)C1=O)c64)C(=O)N(CCC(C)C)C5=O,40,46,7,530.6240000000004
CC(C)N(c1ccc(N2C(=O)c3ccc4c5ccc6c7c(ccc(c8ccc(c3c48)C2=O)c75)C(=O)N(c2ccc(N(C(C)C)C(C)C)cc2)C6=O)cc1)C(C)C,56,64,9,740.9040000000001
O=C1c2ccc3c4ccc5c6c(ccc(c7ccc(c2c37)C(=O)N1c1c(O)cccc1O)c64)C(=O)N(c1c(O)cccc1O)C5=O,46,54,9,606.5460000000005
CCC(C)c1cccc(N2C(=O)c3ccc4c5ccc6c7c(ccc(c8ccc(c3c48)C2=O)c75)C(=O)N(c2cccc(C(C)CC)c2)C6=O)c1,50,58,9,654.7660000000002
O=C1c2ccc3c4ccc5c6c(ccc(c7ccc(c2c37)C(=O)N1c1ccccc1[N+](=O)[O-])c64)C(=O)N(c1ccccc1[N+](=O)[O-])C5=O,48,56,9,632.5440000000002
CCCCc1cccc(N2C(=O)c3ccc4c5ccc6c7c(ccc(c8ccc(c3c48)C2=O)c75)C(=O)N(c2cccc(CCCC)c2)C6=O)c1,50,58,9,654.7660000000001
CCc1ccccc1N1C(=O)c2ccc3c4ccc5c6c(ccc(c7ccc(c2c37)C1=O)c64)C(=O)N(c1ccccc1CC)C5=O,46,54,9,598.6580000000001
O=C1c2ccc3c4ccc5c6c(ccc(c7ccc(c2c37)C(=O)N1c1c([N+](=O)[O-])cccc1[N+](=O)[O-])c64)C(=O)N(c1c([N+](=O)[O-])cccc1[N+](=O)[O-])C5=O,54,62,9,722.5380000000002
CCCN(CCC)c1ccc(N2C(=O)c3ccc4c5ccc6c7c(ccc(c8ccc(c3c48)C2=O)c75)C(=O)N(c2ccc(N(CCC)CCC)cc2)C6=O)cc1,56,64,9,740.9039999999999
COc1ccccc1N1C(=O)c2ccc3c4ccc5c6c(ccc(c7ccc(c2c37)C1=O)c64)C(=O)N(c1ccccc1OC)C5=O,46,54,9,602.6020000000002
CCCCc1cccc(CCCC)c1N1C(=O)c2ccc3c4ccc5c6c(ccc(c7ccc(c2c37)C1=O)c64)C(=O)N(c1c(CCCC)cccc1CCCC)C5=O,58,66,9,766.9819999999996
CCCc1ccccc1N1C(=O)c2ccc3c4ccc5c6c(ccc(c7ccc(c2c37)C1=O)c64)C(=O)N(c1ccccc1CCC)C5=O,48,56,9,626.7120000000001
CCOc1cccc(N2C(=O)c3ccc4c5ccc6c7c(ccc(c8ccc(c3c48)C2=O)c75)C(=O)N(c2cccc(OCC)c2)C6=O)c1,48,56,9,630.6560000000002
CCCc1cccc(N2C(=O)c3ccc4c5ccc6c7c(ccc(c8ccc(c3c48)C2=O)c75)C(=O)N(c2cccc(CCC)c2)C6=O)c1,48,56,9,626.7120000000001
CCCc1cccc(CCC)c1N1C(=O)c2ccc3c4ccc5c6c(ccc(c7ccc(c2c37)C1=O)c64)C(=O)N(c1c(CCC)cccc1CCC)C5=O,54,62,9,710.8739999999998
O=C1c2ccc3c4ccc5c6c(ccc(c7ccc(c2c37)C(=O)N1c1cccc([N+](=O)[O-])c1)c64)C(=O)N(c1cccc([N+](=O)[O-])c1)C5=O,48,56,9,632.5440000000003
CCc1cccc(N2C(=O)c3ccc4c5ccc6c7c(ccc(c8ccc(c3c48)C2=O)c75)C(=O)N(c2cccc(CC)c2)C6=O)c1,46,54,9,598.6580000000001
CCCc1ccc(N2C(=O)c3ccc4c5ccc6c7c(ccc(c8ccc(c3c48)C2=O)c75)C(=O)N(c2ccc(CCC)cc2)C6=O)cc1,48,56,9,626.7120000000001
CCN(CC)c1ccc(N2C(=O)c3ccc4c5ccc6c7c(ccc(c8ccc(c3c48)C2=O)c75)C(=O)N(c2ccc(N(CC)CC)cc2)C6=O)cc1,52,60,9,684.796
COc1cccc(N2C(=O)c3ccc4c5ccc6c7c(ccc(c8ccc(c3c48)C2=O)c75)C(=O)N(c2cccc(OC)c2)C6=O)c1,46,54,9,602.6020000000003
CCc1ccc(N2C(=O)c3ccc4c5ccc6c7c(ccc(c8ccc(c3c48)C2=O)c75)C(=O)N(c2ccc(CC)cc2)C6=O)cc1,46,54,9,598.6580000000001
COc1cccc(OC)c1N1C(=O)c2ccc3c4ccc5c6c(ccc(c7ccc(c2c37)C1=O)c64)C(=O)N(c1c(OC)cccc1OC)C5=O,50,58,9,662.6540000000002
CC(C)Cc1cccc(N2C(=O)c3ccc4c5ccc6c7c(ccc(c8ccc(c3c48)C2=O)c75)C(=O)N(c2cccc(CC(C)C)c2)C6=O)c1,50,58,9,654.7660000000002
CCCCc1ccccc1N1C(=O)c2ccc3c4ccc5c6c(ccc(c7ccc(c2c37)C1=O)c64)C(=O)N(c1ccccc1CCCC)C5=O,50,58,9,654.7660000000001
CN(C)c1cccc(N2C(=O)c3ccc4c5ccc6c7c(ccc(c8ccc(c3c48)C2=O)c75)C(=O)N(c2cccc(N(C)C)c2)C6=O)c1,48,56,9,628.6880000000001
CC(C)Cc1ccc(N2C(=O)c3ccc4c5ccc6c7c(ccc(c8ccc(c3c48)C2=O)c75)C(=O)N(c2ccc(CC(C)C)cc2)C6=O)cc1,50,58,9,654.7660000000002
CCC(C)c1ccc(N2C(=O)c3ccc4c5ccc6c7c(ccc(c8ccc(c3c48)C2=O)c75)C(=O)N(c2ccc(C(C)CC)cc2)C6=O)cc1,50,58,9,654.7660000000002
CC(C)c1cccc(N2C(=O)c3ccc4c5ccc6c7c(ccc(c8ccc(c3c48)C2=O)c75)C(=O)N(c2cccc(C(C)C)c2)C6=O)c1,48,56,9,626.7120000000002
CC(=O)Oc1ccc(N2C(=O)c3ccc4c5ccc6c7c(ccc(c8ccc(c3c48)C2=O)c75)C(=O)N(c2ccc(OC(C)=O)cc2)C6=O)cc1,50,58,9,658.6220000000003
O=C1c2ccc3c4ccc5c6c(ccc(c7ccc(c2c37)C(=O)N1c1ncc([N+](=O)[O-])s1)c64)C(=O)N(c1ncc([N+](=O)[O-])s1)C5=O,46,54,9,646.5780000000001
[C-]#[N+]c1cc2c3c(ccc4c5c(C#N)cc6c7c(ccc(c1c34)c75)C(=O)N(CCCC)C6=O)C(=O)N(CCCC)C2=O,42,48,7,552.5900000000004
CCC(CC)N1C(=O)c2ccc3c4c([N+](=O)[O-])cc5c6c(cc([N+](=O)[O-])c(c7ccc(c2c37)C1=O)c64)C(=O)N(C(CC)CC)C5=O,46,52,7,620.6180000000004
O=C1c2ccc3c4ccc5c6c(ccc(c7ccc(c2c37)C(=O)N1CCCSCCSCCS)c64)C(=O)N(CCCSCCSCCS)C5=O,50,56,7,779.1339999999999
O=C1c2ccc3c4ccc5c6c(ccc(c7ccc(c2c37)C(=O)N1N=Nc1ccc(N(CCO)CCO)cc1)c64)C(=O)N(N=Nc1ccc(N(CCO)CCO)cc1)C5=O,60,68,9,804.8199999999998
C=CC=CC(=CC)Oc1cc2c3c(cc(Oc4ccccc4)c4c5c(OC(C=CC=C)=CC)cc6c7c(cc(Oc8ccccc8)c(c1c34)c75)C(=O)NC6=O)C(=O)NC2=O,60,68,9,790.8280000000003
C=CC=CC(=CC)Oc1cc2c3c(cc(Oc4ccccc4)c4c5c(OC(C=CC)=CC=C)cc6c7c(cc(OC(C=C)=CC=CC)c(c1c34)c75)C(=O)NC6=O)C(=O)NC2=O,61,68,8,806.8710000000001
C#Cc1cccc(N2C(=O)c3ccc4c5ccc6c7c(ccc(c8ccc(c3c48)C2=O)c75)C(=O)N(c2cccc(C#C)c2)C6=O)c1,46,54,9,590.5940000000003
CCCCCC(C)N1C(=O)c2ccc3c4c(-c5cc6c(s5)-c5sc(C)cc5C6=O)cc5c6c(ccc(c7c(C)cc(c2c37)C1=O)c64)C(=O)N(C(C)CCCCC)C5=O,58,67,10,805.0339999999999
CCCCCC(C)N1C(=O)c2ccc3c4c(-c5cc6c(s5)-c5sc(C)cc5C65OCCO5)cc5c6c(ccc(c7c(C)cc(c2c37)C1=O)c64)C(=O)N(C(C)CCCCC)C5=O,61,71,11,849.0869999999998
CCCCCC(C)N1C(=O)c2ccc3c4c(-c5cc6sc(C)cc6s5)cc5c6c(ccc(c7c(C)cc(c2c37)C1=O)c64)C(=O)N(C(C)CCCCC)C5=O,54,62,9,753.002
CCCCC(CC)COc1cc2c3c(ccc4c5ccc6c7c(cc(OCC(C)C)c(c1c34)c75)C(=O)N(C)C6=O)C(=O)N(C)C2=O,46,52,7,618.7300000000002
CC(C)Oc1cc2c3c(ccc4c5ccc6c7c(cc(OC(C)C)c(c1c34)c75)C(=O)N(C)C6=O)C(=O)N(C)C2=O,40,46,7,534.5680000000003
CC(=O)COc1cc(C)c(N2C(=O)c3ccc4c5ccc6c7c(ccc(c8ccc(c3c48)C2=O)c75)C(=O)N(c2c(C)cc(OCC(C)=O)cc2C)C6=O)c(C)c1,56,64,9,742.784
Cc1cc(C(C)C)cc(C)c1N1C(=O)c2ccc3c4ccc5c6c(ccc(c7ccc(c2c37)C1=O)c64)C(=O)N(c1c(C)cc(C(C)C)cc1C)C5=O,52,60,9,682.82
O=C(O)c1c(S)cc(N2C(=O)c3ccc4c5ccc6c7c(ccc(c8ccc(c3c48)C2=O)c75)C(=O)N(c2cc(S)c(C(=O)O)c(S)c2)C6=O)cc1S,52,60,9,758.8360000000001
O=C1c2ccc3c4ccc5c6c(ccc(c7ccc(c2c37)C(=O)N1C(CCCCCCS)CCCCCCS)c64)C(=O)N(C(CCCCCCS)CCCCCCS)C5=O,60,66,7,883.3239999999996
CCNCCN1C(=O)c2ccc3c4ccc5c6c(ccc(c7ccc(c2c37)C1=O)c64)C(=O)N(CCNCC)C5=O,40,46,7,532.6000000000004
CCCCCCCCCC(CCCCCCCCC)N1C(=O)c2ccc3c4ccc5c6c(cc([N+](=O)[O-])c(c7ccc(c2c37)C1=O)c64)C(=O)N(C(CCCCCCCCC)CCCCCCCCC)C5=O,71,77,7,968.3769999999989
[C-]#[N+]c1cc2c3c(ccc4c5c(C#N)cc6c7c(ccc(c1c34)c75)C(=O)N(CCC(C)C)C6=O)C(=O)N(CCC(C)C)C2=O,44,50,7,580.6440000000002
C#CC#CC#CC#CCOc1cc2c3c(cc(OCC)c4c5c(OCC)cc6c7c(cc(OCC#CC#CC#CC#C)c(c1c34)c75)C(=O)N(C)C6=O)C(=O)N(C)C2=O,58,64,7,758.742
[C-]#[N+]c1cc2c3c(ccc4c5c(C)cc6c7c(ccc(c1c34)c75)C(=O)N(C(C)CCCC)C6=O)C(=O)N(C(C)CCCC)C2=O,45,51,7,597.7150000000003
[C-]#[N+]c1cc2c3c(ccc4c5c(C)cc6c7c(ccc(c1c34)c75)C(=O)N(CC(CC)CCCC)C6=O)C(=O)N(CC(CC)CCCC)C2=O,49,55,7,653.8229999999999
C#CC#CC#CC#CCOc1cc2c3c(cc(OCC#CC#CC#CC#C)c4c5c(OCC)cc6c7c(cc(OCC)c(c1c34)c75)C(=O)N(c1ccc(C)cc1)C6=O)C(=O)N(c1ccc(C)cc1)C2=O,70,78,9,910.9379999999998
Cc1cc2c3c(C)c(C)c4c5c(c(C)c(C)c(c6c(C)c(C)c7c(c1C(=O)N(C)C7=O)c26)c53)C(=O)N(C)C4=O,39,45,7,516.5970000000004
CC#CN1C(=O)c2ccc3c4ccc5c6c(ccc(c7ccc(c2c37)C1=O)c64)C(=O)N(C#CC)C5=O,36,42,7,466.4520000000003
Cc1ccsc1-c1cc2c3c(ccc4c5c(-c6sccc6C)cc6c7c(ccc(c1c34)c75)C(=O)N(c1c(C(C)C)cccc1C(C)C)C6=O)C(=O)N(c1c(C(C)C)cccc1C(C)C)C2=O,66,76,11,903.1819999999999
CC(C)c1ccccc1-c1cc2c3c(ccc4c5c(-c6ccccc6C(C)C)cc6c7c(ccc(c1c34)c75)C(=O)N(c1c(C(C)C)cccc1C(C)C)C6=O)C(=O)N(c1c(C(C)C)cccc1C(C)C)C2=O,72,82,11,947.2319999999999
CCC(CC)N1C(=O)c2cc(Oc3ccccc3C)c3c4c(Oc5ccccc5C)cc5c6c(cc(Oc7ccccc7C)c(c7c(Oc8ccccc8C)cc(c2c37)C1=O)c64)C(=O)N(C(CC)CC)C5=O,72,82,11,955.12
O=C1NC(=O)c2ccc3c4ccc5c6c(ccc(c7ccc1c2c73)c64)C(=O)[NH2+]C5=O,30,36,7,391.36200000000014
C=C(C)C(=O)OCC(CCCCCCCC)(CCCCCCCC)CN1C(=O)c2ccc3c4ccc5c6c(ccc(c7ccc(c2c37)C1=O)c64)C(=O)N(CC(CCCCCCCC)(CCCCCCCC)COC(=O)C(=C)C)C5=O,80,86,7,1091.5279999999987
O=C1NC(=O)c2ccc3c4c(N5CCCCC5)cc5c6c(ccc(c7ccc1c2c73)c64)C(=O)NC5=O,36,43,8,473.4880000000002
CCC(CC)C(C(CC)CC)N1C(=O)c2ccc3c4ccc5c6c(ccc(c7ccc(c2c37)C1=O)c64)C(=O)N(C(C(CC)CC)C(CC)CC)C5=O,52,58,7,698.9479999999999
CC(C)c1cccc(C(C)C)c1N1C(=O)c2ccc3c4ccc5c6c(cc(Sc7ccc(C(C)(C)C)cc7)c(c7ccc(c2c37)C1=O)c64)C(=O)N(c1c(C(C)C)cccc1C(C)C)C5=O,65,74,10,875.1469999999999
CN1C(=O)c2cc(C#N)c3c4c(C#N)cc5c6c(cc(C#N)c(c7c(C#N)cc(c2c37)C1=O)c64)C(=O)N(C)C5=O,40,46,7,518.4480000000003
COc1ccc(Oc2cc3c4c(ccc5c6ccc7c8c(ccc(c2c45)c86)C(=O)N(c2c(C(C)C)cccc2C(C)C)C7=O)C(=O)N(c2c(C(C)C)cccc2C(C)C)C3=O)c(C(C)(C)C)c1,67,76,10,889.1049999999999
CCCC(CCC)C(C(CCC)CCC)N1C(=O)c2ccc3c4ccc5c6c(ccc(c7ccc(c2c37)C1=O)c64)C(=O)N(C(C(CCC)CCC)C(CCC)CCC)C5=O,60,66,7,811.1639999999995
O=C1c2ccc3c4ccc5c6c(ccc(c7ccc(c2c37)C(=O)N1CCNCCCN1CCOCC1)c64)C(=O)N(CCNCCCN1CCOCC1)C5=O,54,62,9,730.8659999999996
COc1cc(C)ccc1Oc1cc2c3c(ccc4c5ccc6c7c(ccc(c1c34)c75)C(=O)N(c1c(C(C)C)cccc1C(C)C)C6=O)C(=O)N(c1c(C(C)C)cccc1C(C)C)C2=O,64,73,10,847.0239999999999
COc1ccc(Oc2cc3c4c(ccc5c6ccc7c8c(ccc(c2c45)c86)C(=O)N(c2c(C(C)C)cccc2C(C)C)C7=O)C(=O)N(c2c(C(C)C)cccc2C(C)C)C3=O)cc1,63,72,10,832.9970000000001
O=C1c2ccc3c4ccc5c6c(ccc(c7ccc(c2c37)C(=O)N1c1cc(S(=O)(=O)O)cc2cc(S(=O)(=O)O)cc(O)c12)c64)C(=O)N(c1cc(S(=O)(=O)O)cc2cc(S(=O)(=O)O)cc(O)c12)C5=O,68,78,11,994.9240000000004
COc1cc(C)ccc1Oc1cc2c3c(ccc4c5c(O)cc6c7c(ccc(c1c34)c75)C(=O)N(c1c(C(C)C)cccc1C(C)C)C6=O)C(=O)N(c1c(C(C)C)cccc1C(C)C)C2=O,65,74,10,863.0229999999999
CCCCC(CC)CN1C(=O)c2ccc3c4ccc5c6c(cc([N+](=O)[O-])c(c7ccc(c2c37)C1=O)c64)C(=O)N(CC(CC)CCCC)C5=O,49,55,7,659.783
C#CCN1C(=O)c2cc(Oc3ccc(C)cc3)c3c4c(Oc5ccc(C)cc5)cc5c6c(cc(Oc7ccc(C)cc7)c(c7c(Oc8ccc(C)cc8)cc(c2c37)C1=O)c64)C(=O)N(CC#C)C5=O,68,78,11,890.948
Cc1ccc(Oc2cc3c4c(cc(Oc5ccc(C)cc5)c5c6c(Oc7ccc(C)cc7)cc7c8c(cc(Oc9ccc(C)cc9)c(c2c45)c86)C(=O)N(C(CC(C)C)C(=O)O)C7=O)C(=O)N(C(CC(C)C)C(=O)O)C3=O)cc1,78,88,11,1043.138
CCCC(C(=O)O)N1C(=O)c2cc(Oc3cccc(CC)c3)c3c4c(Oc5cccc(CC)c5)cc5c6c(cc(Oc7cccc(CC)c7)c(c7c(Oc8cccc(CC)c8)cc(c2c37)C1=O)c64)C(=O)N(C(CCC)C(=O)O)C5=O,80,90,11,1071.1919999999998
CC=Cc1cc2c3c(ccc4c5c(C)cc6c7c(ccc(c1c34)c75)C(=O)N(C)C6=O)C(=O)N(C)C2=O,36,42,7,472.5000000000003
CC#Cc1cc2c3c(ccc4c5c(C)cc6c7c(ccc(c1c34)c75)C(=O)N(C)C6=O)C(=O)N(C)C2=O,36,42,7,470.48400000000026
CC(C)c1ccccc1Nc1cc2c3c(ccc4c5c(Nc6ccccc6C(C)C)cc6c7c(ccc(c1c34)c75)C(=O)N(c1c(C(C)C)cccc1C(C)C)C6=O)C(=O)N(c1c(C(C)C)cccc1C(C)C)C2=O,74,84,11,977.2619999999998
CC(C)c1cccc(C(C)C)c1N1C(=O)c2cc(O)c3c4c(Oc5ccccc5)cc5c6c(cc(Oc7ccccc7)c(c7c(Oc8ccccc8)cc(c2c37)C1=O)c64)C(=O)N(c1c(C(C)C)cccc1C(C)C)C5=O,76,87,12,1003.1640000000001
O=C1c2ccc3c4ccc5c6c(ccc(c7ccc(c2c37)C(=O)N1CCc1cccc(S(=O)(=O)O)c1)c64)C(=O)N(CCc1cccc(S(=O)(=O)O)c1)C5=O,54,62,9,758.7860000000002
COc1ccc(CN2C(=O)c3ccc4c5ccc6c7c(ccc(c8ccc(c3c48)C2=O)c75)C(=O)N(Cc2ccc(OC)c(S(=O)(=O)O)c2)C6=O)cc1S(=O)(=O)O,56,64,9,790.7840000000004
O=C(O)c1cccc(CN2C(=O)c3ccc4c5ccc6c7c(ccc(c8ccc(c3c48)C2=O)c75)C(=O)N(Cc2cccc(C(=O)O)c2)C6=O)c1,50,58,9,658.6220000000003
CCCN(CC)C(=O)C(CO)N1C(=O)c2cc(Oc3ccccc3)c3c4c(Oc5ccccc5)cc5c6c(cc(Oc7ccccc7)c(c7c(Oc8ccccc8)cc(c2c37)C1=O)c64)C(=O)N(C(CO)C(=O)N(CC)CCC)C5=O,80,90,11,1073.168
Cc1ccc(Oc2cc3c4c(cc(Oc5ccc(C)cc5C)c5c6c(Oc7ccc(C)cc7C)cc7c8c(cc(Oc9ccc(C)cc9C)c(c2c45)c86)C(=O)N(CC(=O)N(C)C)C7=O)C(=O)N(CC(=O)N(C)C)C3=O)c(C)c1,78,88,11,1041.1699999999994
CCOCCNC(=O)C(CO)N1C(=O)c2cc(Oc3ccccc3)c3c4c(Oc5ccccc5)cc5c6c(cc(Oc7ccccc7)c(c7c(Oc8ccccc8)cc(c2c37)C1=O)c64)C(=O)N(C(CO)C(=O)NCCOCC)C5=O,80,90,11,1077.112
CCCN(C)C(=O)CN1C(=O)c2cc(Oc3cccc(C)c3)c3c4c(Oc5cccc(C)c5)cc5c6c(cc(Oc7cccc(C)c7)c(c7c(Oc8cccc(C)c8)cc(c2c37)C1=O)c64)C(=O)N(CC(=O)N(C)CCC)C5=O,78,88,11,1041.1699999999998
CCCNC(=O)C(CC)N1C(=O)c2cc(Oc3cccc(C)c3)c3c4c(Oc5cccc(C)c5)cc5c6c(cc(Oc7cccc(C)c7)c(c7c(Oc8cccc(C)c8)cc(c2c37)C1=O)c64)C(=O)N(C(CC)C(=O)NCCC)C5=O,80,90,11,1069.224
Cc1ccc(Oc2cc3c4c(cc(Oc5ccc(C)cc5)c5c6c(Oc7ccc(C)cc7)cc7c8c(cc(Oc9ccc(C)cc9)c(c2c45)c86)C(=O)N(C(C)C(=O)O)C7=O)C(=O)N(C(C)C(=O)O)C3=O)cc1,72,82,11,958.976
O=C(O)C(CO)N1C(=O)c2cc(Oc3ccccc3)c3c4c(Oc5ccccc5)cc5c6c(cc(Oc7ccccc7)c(c7c(Oc8ccccc8)cc(c2c37)C1=O)c64)C(=O)N(C(CO)C(=O)O)C5=O,70,80,11,934.8660000000001
O=C(O)CN1C(=O)c2cc(Oc3ccccc3)c3c4c(Oc5ccccc5)cc5c6c(cc(Oc7ccccc7)c(c7c(Oc8ccccc8)cc(c2c37)C1=O)c64)C(=O)N(CC(=O)O)C5=O,66,76,11,874.8140000000002
CCOC(=O)CN1C(=O)c2cc(Oc3ccc(C)cc3)c3c4c(Oc5ccc(C)cc5)cc5c6c(cc(Oc7ccc(C)cc7)c(c7c(Oc8ccc(C)cc8)cc(c2c37)C1=O)c64)C(=O)N(CC(=O)OCC)C5=O,74,84,11,987.0300000000001
Cc1ccc(Oc2cc3c4c(cc(Oc5ccc(C)cc5)c5c6c(Oc7ccc(C)cc7)cc7c8c(cc(Oc9ccc(C)cc9)c(c2c45)c86)C(=O)N(CC(=O)O)C7=O)C(=O)N(CC(=O)O)C3=O)cc1,70,80,11,930.922
O=C1c2ccc3c4ccc5c6c(ccc(c7ccc(c2c37)C(=O)N1CC(O)CO)c64)C(=O)N(CC(O)CO)C5=O,40,46,7,538.5120000000004
CCN1C(=O)c2ccc3c4c(-c5ccccc5)cc5c6c(ccc(c7c(-c8ccccc8)cc(c2c37)C1=O)c64)C(=O)N(CC)C5=O,46,54,9,598.6580000000004
CCCCN1C(=O)c2ccc3c4c(-c5ccccc5)cc5c6c(ccc(c7c(-c8ccccc8)cc(c2c37)C1=O)c64)C(=O)N(CCCC)C5=O,50,58,9,654.7660000000004
CC(C)CN1C(=O)c2ccc3c4c(-c5ccccc5)cc5c6c(ccc(c7c(-c8ccccc8)cc(c2c37)C1=O)c64)C(=O)N(CC(C)C)C5=O,50,58,9,654.7660000000003
CCC(C)N1C(=O)c2ccc3c4c(-c5ccccc5)cc5c6c(ccc(c7c(-c8ccccc8)cc(c2c37)C1=O)c64)C(=O)N(C(C)CC)C5=O,50,58,9,654.7660000000004
CCC(CC)N1C(=O)c2ccc3c4c(-c5ccccc5)cc5c6c(ccc(c7c(-c8ccccc8)cc(c2c37)C1=O)c64)C(=O)N(C(CC)CC)C5=O,52,60,9,682.8200000000004
CCCC(CCC)N1C(=O)c2ccc3c4c(-c5ccccc5)cc5c6c(ccc(c7c(-c8ccccc8)cc(c2c37)C1=O)c64)C(=O)N(C(CCC)CCC)C5=O,56,64,9,738.9280000000001
CCCCC(CCCC)N1C(=O)c2ccc3c4c(-c5ccccc5)cc5c6c(ccc(c7c(-c8ccccc8)cc(c2c37)C1=O)c64)C(=O)N(C(CCCC)CCCC)C5=O,60,68,9,795.0359999999998
C=CC(=O)NCCOC(=O)C(CC(C)C)N1C(=O)c2ccc3c4ccc5c6c(ccc(c7ccc(c2c37)C1=O)c64)C(=O)N(C(CC(C)C)C(=O)OCCNC(=O)C=C)C5=O,60,66,7,812.8759999999999
C=C(C)C(=O)NCCOC(=O)C(CC(C)C)N1C(=O)c2ccc3c4ccc5c6c(ccc(c7ccc(c2c37)C1=O)c64)C(=O)N(C(CC(C)C)C(=O)OCCNC(=O)C(=C)C)C5=O,62,68,7,840.9299999999998
C=CC(=O)NCCOC(=O)CCC(=O)OCC(CC(C)C)N1C(=O)c2ccc3c4ccc5c6c(ccc(c7ccc(c2c37)C1=O)c64)C(=O)N(C(COC(=O)CCC(=O)OCCNC(=O)C=C)CC(C)C)C5=O,72,78,7,985.0559999999996
O=C1c2ccc3c4ccc5c6c(ccc(c7ccc(c2c37)C(=O)N1c1ccc(N=Nc2cccc(S(=O)(=O)O)c2)cc1)c64)C(=O)N(c1ccc(N=Nc2cccc(S(=O)(=O)O)c2)cc1)C5=O,66,76,11,910.9020000000002
CC(=O)NCCCCCC(=O)OCC(CC(C)C)N1C(=O)c2ccc3c4ccc5c6c(ccc(c7ccc(c2c37)C1=O)c64)C(=O)N(C(COC(=O)CCCCCNC(C)=O)CC(C)C)C5=O,66,72,7,901.0699999999996
CC#Cc1cc2c3c(ccc4c5c(C)cc6c7c(ccc(c1c34)c75)C(=O)N(CC(CCCCCCCC)CCCCCCCCCC)C6=O)C(=O)N(CC(CCCCCCCC)CCCCCCCCCC)C2=O,74,80,7,1003.5099999999987
O=C1c2ccc3c4ccc5c6c(ccc(c7ccc(c2c37)C(=O)N1c1cccs1)c64)C(=O)N(c1cccs1)C5=O,40,48,9,554.6080000000003
CCCCCCC(CCCCCC)N1C(=O)c2ccc3c4ccc5c6c(cc(C#N)c(c7ccc(c2c37)C1=O)c64)C(=O)N(C(CCCCCC)CCCCCC)C5=O,58,64,7,780.0659999999993
CCCCCCC(CCCCCC)N1C(=O)c2ccc3c4c(C#N)cc5c6c(ccc(c7c(C#N)cc(c2c37)C1=O)c64)C(=O)N(C(CCCCCC)CCCCCC)C5=O,60,66,7,805.0759999999993
CC(C)c1cccc(C(C)C)c1N1C(=O)c2ccc3c4c(Oc5ccc(OCCO)cc5)cc5c6c(ccc(c7c(Oc8ccc(OCCO)cc8)cc(c2c37)C1=O)c64)C(=O)N(c1c(C(C)C)cccc1C(C)C)C5=O,76,86,11,1015.1719999999999
Cc1cc(C)c(-c2cc3c4c(ccc5c6c(-c7c(C)cc(C)cc7C)cc7c8c(ccc(c2c45)c86)C(=O)N(C)C7=O)C(=O)N(C)C3=O)c(C)c1,50,58,9,654.7660000000002
CCCSc1cc2c3c(ccc4c5c(SCCC)cc6c7c(ccc(c1c34)c75)C(=O)N(C)C6=O)C(=O)N(C)C2=O,40,46,7,566.7040000000003
CN1C(=O)c2ccc3c4c(N5CCCC5)cc5c6c(ccc(c7c(N8CCCC8)cc(c2c37)C1=O)c64)C(=O)N(C)C5=O,42,50,9,556.6220000000003
CCCCCC(CC)CCCc1cc2c3c(ccc4c5c(CCCC(CC)CCCCC)cc6c7c(ccc(c1c34)c75)C(=O)N(C)C6=O)C(=O)N(C)C2=O,54,60,7,727.0020000000001
CCCN(CCC)c1cc2c3c(ccc4c5c(N(CCC)CCC)cc6c7c(ccc(c1c34)c75)C(=O)N(C)C6=O)C(=O)N(C)C2=O,46,52,7,616.7620000000003
Cc1cc(C)c(Oc2cc3c4c(ccc5c6c(Oc7c(C)cc(C)cc7C)cc7c8c(ccc(c2c45)c86)C(=O)N(C)C7=O)C(=O)N(C)C3=O)c(C)c1,52,60,9,686.7640000000001
C#Cc1cc2c3c(ccc4c5c(C#C)cc6c7c(ccc(c1c34)c75)C(=O)N(C)C6=O)C(=O)N(C)C2=O,36,42,7,466.4520000000002
CN1C(=O)c2ccc3c4c(Nc5ccccc5)cc5c6c(ccc(c7c(Nc8ccccc8)cc(c2c37)C1=O)c64)C(=O)N(C)C5=O,46,54,9,600.6340000000002
Cc1cccc(C)c1Oc1cc2c3c(ccc4c5c(Oc6c(C)cccc6C)cc6c7c(ccc(c1c34)c75)C(=O)N(C)C6=O)C(=O)N(C)C2=O,50,58,9,658.7100000000002
CCCCC(C#Cc1cc2c3c(ccc4c5c(C#CC(CCCC)CCCC)cc6c7c(ccc(c1c34)c75)C(=O)N(C)C6=O)C(=O)N(C)C2=O)CCCC,54,60,7,718.9380000000001
CN1C(=O)c2ccc3c4c(Oc5ccccc5)cc5c6c(ccc(c7c(Oc8ccccc8)cc(c2c37)C1=O)c64)C(=O)N(C)C5=O,46,54,9,602.6020000000003
CN1C(=O)c2ccc3c4c(N(C)C)cc5c6c(ccc(c7c(N(C)C)cc(c2c37)C1=O)c64)C(=O)N(C)C5=O,38,44,7,504.5460000000003
CCCCOc1ccccc1-c1cc2c3c(ccc4c5c(-c6ccccc6OCCCC)cc6c7c(ccc(c1c34)c75)C(=O)N(C)C6=O)C(=O)N(C)C2=O,54,62,9,714.818
CCOc1cc2c3c(ccc4c5c(OCC)cc6c7c(ccc(c1c34)c75)C(=O)N(C)C6=O)C(=O)N(C)C2=O,38,44,7,506.51400000000035
CCCCCCc1cc2c3c(ccc4c5c(CCCCCC)cc6c7c(ccc(c1c34)c75)C(=O)N(C)C6=O)C(=O)N(C)C2=O,44,50,7,586.7320000000004
CSc1cc2c3c(ccc4c5c(SC)cc6c7c(ccc(c1c34)c75)C(=O)N(C)C6=O)C(=O)N(C)C2=O,36,42,7,510.59600000000023
CN1C(=O)c2ccc3c4c(Sc5ccccc5)cc5c6c(ccc(c7c(Sc8ccccc8)cc(c2c37)C1=O)c64)C(=O)N(C)C5=O,46,54,9,634.7380000000002
CC(C)c1cccc(C(C)C)c1Oc1cc2c3c(ccc4c5c(Oc6c(C(C)C)cccc6C(C)C)cc6c7c(ccc(c1c34)c75)C(=O)N(C)C6=O)C(=O)N(C)C2=O,58,66,9,770.9259999999999
CN1C(=O)c2ccc3c4c(N(CCO)CCO)cc5c6c(ccc(c7c(N(CCO)CCO)cc(c2c37)C1=O)c64)C(=O)N(C)C5=O,46,52,7,624.6500000000002
C=CCc1ccc(Oc2cc3c4c(ccc5c6c(Oc7ccc(CC=C)cc7OC)cc7c8c(ccc(c2c45)c86)C(=O)N(C(CCCCC)CCCCC)C7=O)C(=O)N(C(CCCCC)CCCCC)C3=O)c(OC)c1,76,84,9,1023.3239999999993
C=CCc1ccc(Oc2cc3c4c(ccc5c6c(Oc7ccc(CC=C)cc7OC)cc7c8c(ccc(c2c45)c86)C(=O)N(c2c(C(C)C)cccc2C(C)C)C7=O)C(=O)N(c2c(C(C)C)cccc2C(C)C)C3=O)c(OC)c1,78,88,11,1035.2499999999995
COc1ccccc1Oc1cc2c3c(ccc4c5c(Oc6ccccc6OC)cc6c7c(ccc(c1c34)c75)C(=O)N(c1c(C(C)C)cccc1C(C)C)C6=O)C(=O)N(c1c(C(C)C)cccc1C(C)C)C2=O,72,82,11,955.12
[C-]#[N+]c1cc2c3c(ccc4c5c(C#N)cc6c7c(ccc(c1c34)c75)C(=O)N(C(C)CCC)C6=O)C(=O)N(C(C)CCC)C2=O,44,50,7,580.6440000000002
CCCCCC(CCCCC)N1C(=O)c2ccc3c4c(Oc5ccccc5OC)cc5c6c(ccc(c7c(Oc8ccccc8OC)cc(c2c37)C1=O)c64)C(=O)N(C(CCCCC)CCCCC)C5=O,70,78,9,943.1939999999996
CCCC(C)N1C(=O)c2ccc3c4c(N5CCCC5)cc5c6c(ccc(c7c(N8CCCC8)cc(c2c37)C1=O)c64)C(=O)N(C(C)CCC)C5=O,50,58,9,668.8379999999997
CCCCCC(CCCCC)N1C(=O)c2ccc3c4c(Oc5ccc(C(C)(C)C)cc5)cc5c6c(ccc(c7c(Oc8ccc(C(C)(C)C)cc8)cc(c2c37)C1=O)c64)C(=O)N(C(CCCCC)CCCCC)C5=O,74,82,9,995.3579999999994
CCCC(C)N1C(=O)c2ccc3c4c(N(c5ccccc5)c5ccccc5)cc5c6c(ccc(c7c(N(c8ccccc8)c8ccccc8)cc(c2c37)C1=O)c64)C(=O)N(C(C)CCC)C5=O,66,76,11,865.0460000000003
COc1ccc(Oc2cc3c4c(ccc5c6c(Oc7ccc(CO)cc7)cc7c8c(ccc(c2c45)c86)C(=O)N(c2c(C(C)C)cccc2C(C)C)C7=O)C(=O)N(c2c(C(C)C)cccc2C(C)C)C3=O)cc1,72,82,11,955.12
CCCCCC(CCCCC)N1C(=O)c2ccc3c4c(N5CCCCC5)cc5c6c(ccc(c7c(N(C)CC)cc(c2c37)C1=O)c64)C(=O)N(C(CCCCC)CCCCC)C5=O,62,69,8,839.1779999999991
CCCC(C)N1C(=O)c2ccc3c4c(Oc5ccc(C(C)(C)C)cc5)cc5c6c(ccc(c7c(Oc8ccc(C(C)(C)C)cc8)cc(c2c37)C1=O)c64)C(=O)N(C(C)CCC)C5=O,62,70,9,827.034
CCCCCCC(CCCCC)N1C(=O)c2ccc3c4ccc5c6c(ccc(c7ccc(c2c37)C1=O)c64)C(=O)N(C(CCCCC)CCCCCC)C5=O,54,60,7,727.0019999999996
C=CC(=O)OCCOC(=O)CCC(=O)OCC(CC(C)C)N1C(=O)c2ccc3c4ccc5c6c(ccc(c7ccc(c2c37)C1=O)c64)C(=O)N(C(COC(=O)CCC(=O)OCCOC(=O)C=C)CC(C)C)C5=O,72,78,7,987.0239999999997
O=C1c2ccc3c4ccc5c6c(ccc(c7ccc(c2c37)C(=O)N1C(CO)CO)c64)C(=O)N(C(CO)CO)C5=O,40,46,7,538.5120000000003
CN(C)N1C(=O)c2ccc3c4ccc5c6c(ccc(c7ccc(c2c37)C1=O)c64)C(=O)N(N(C)C)C5=O,36,42,7,476.49200000000025
O=C1c2ccc3c4ccc5c6c(ccc(c7ccc(c2c37)C(=O)N1CCS(=O)(=O)[O-])c64)C(=O)N(CCS(=O)(=O)[O-])C5=O,42,48,7,604.5740000000004
CC(C)(C)c1cc(N2C(=O)c3ccc4c5ccc6c7c(ccc(c8ccc(c3c48)C2=O)c75)C(=O)N(c2cc(C(C)(C)C)cc(C(C)(C)C)c2)C6=O)cc(C(C)(C)C)c1,58,66,9,766.9819999999999
C[N+]1(CCCN2C(=O)c3ccc4c5ccc6c7c(ccc(c8ccc(c3c48)C2=O)c75)C(=O)N(CCC[N+]2(C)CCOCC2)C6=O)CCOCC1,50,58,9,674.7979999999998
O=C(O)CN(CCN(CC(=O)O)C(=O)O)CC(=O)NCCN1C(=O)c2ccc3c4ccc5c6c(ccc(c7ccc(c2c37)C1=O)c64)C(=O)N(CCNC(=O)CN(CCN(CC(=O)O)C(=O)O)CC(=O)O)C5=O,72,78,7,996.896
CN(C)c1cc2c3c(ccc4c5ccc6c7c(ccc(c1c34)c75)C(=O)N(c1cc(C(C)(C)C)ccc1C(C)(C)C)C6=O)C(=O)N(c1cc(C(C)(C)C)ccc1C(C)(C)C)C2=O,61,69,9,810.0509999999998
CCCCC=Cc1cc2c3c(ccc4c5c(C=CCCCC)cc6c7c(ccc(c1c34)c75)C(=O)N(C1CCCCC1)C6=O)C(=O)N(C1CCCCC1)C2=O,54,62,9,718.9380000000001
O=C1c2ccc3c4ccc5c6c(ccc(c7ccc(c2c37)C(=O)N1CC1COCCOCCOCCOCCOCCO1)c64)C(=O)N(CC1COCCOCCOCCOCCOCCO1)C5=O,68,76,9,943.0119999999995
O=C(O)CN1C(=O)c2ccc3c4c(N5CCOCC5)cc5c6c(ccc(c7c(N8CCOCC8)cc(c2c37)C1=O)c64)C(=O)N(CC(=O)O)C5=O,50,58,9,676.6380000000004
COc1ccc(-c2cc3c4c(ccc5c6c(-c7ccc(OC)cc7OC)cc7c8c(ccc(c2c45)c86)C(=O)N(c2c(C(C)C)cccc2C(C)C)C7=O)C(=O)N(c2c(C(C)C)cccc2C(C)C)C3=O)c(OC)c1,74,84,11,983.1739999999999
O=C1c2ccc3c4c(N5CCOCC5)cc5c6c(cc(N7CCOCC7)c(c7ccc(c2c37)C(=O)N1CCN1CCCCC1)c64)C(=O)N(CCN1CCCCC1)C5=O,58,68,11,782.9419999999993
COc1ccc(OC)c(-c2cc3c4c(ccc5c6c(-c7cc(OC)ccc7OC)cc7c8c(ccc(c2c45)c86)C(=O)N(c2c(C(C)C)cccc2C(C)C)C7=O)C(=O)N(c2c(C(C)C)cccc2C(C)C)C3=O)c1,74,84,11,983.1739999999999
CCCCCCCCCCCCc1ccc(N2C(=O)c3ccc4c5c(N6CCCC6)cc6c7c(ccc(c8c(N9CCCC9)cc(c3c48)C2=O)c75)C(=O)N(c2ccc(CCCCCCCCCCCC)cc2)C6=O)cc1,76,86,11,1017.4119999999987
O=C(O)CC(C(=O)O)N1C(=O)c2ccc3c4c(N5CCOCC5)cc5c6c(ccc(c7c(N8CCOCC8)cc(c2c37)C1=O)c64)C(=O)N(C(CC(=O)O)C(=O)O)C5=O,58,66,9,792.7100000000003
CC(C)(C)c1ccc(Oc2cc3c4c(cc(Oc5ccc(C(C)(C)C)cc5)c5c6c(Oc7ccc(C(C)(C)C)cc7)cc7c8c(cc(Oc9ccc(C(C)(C)C)cc9)c(c2c45)c86)C(=O)NC7=O)C(=O)NC3=O)cc1,74,84,11,983.1739999999998
Cc1cc(C)c(-c2cc3c4c(ccc5c6c(-c7c(C)cc(C)cc7C)cc7c8c(ccc(c2c45)c86)C(=O)N(c2c(C(C)C)cccc2C(C)C)C7=O)C(=O)N(c2c(C(C)C)cccc2C(C)C)C3=O)c(C)c1,72,82,11,947.2319999999997
O=C(O)CN1C(=O)c2ccc3c4c(N5CCN(CCO)CC5)cc5c6c(ccc(c7c(N8CCN(CCO)CC8)cc(c2c37)C1=O)c64)C(=O)N(CC(=O)O)C5=O,56,64,9,762.7760000000002
CCCCC(CC)CN1C(=O)c2ccc3c4c(-c5ccccc5)cc5c6c(cc(-c7ccccc7)c(c7c(-c8ccccc8)cc(c2c37)C1=O)c64)C(=O)N(CC(CC)CCCC)C5=O,64,73,10,843.0799999999998
CCCCC(CC)CN1C(=O)c2cc(-c3ccccc3)c3c4c(-c5ccccc5)cc5c6c(cc(-c7ccccc7)c(c7c(-c8ccccc8)cc(c2c37)C1=O)c64)C(=O)N(CC(CC)CCCC)C5=O,70,80,11,919.1779999999999
CC(C)(C)c1ccc(Oc2cc3c4c(cc(Oc5ccc(C(C)(C)C)cc5)c5c6c(Oc7ccc(C(C)(C)C)cc7)cc7c8c(cc(Oc9ccc(C(C)(C)C)cc9)c(c2c45)c86)C(=O)N(CCN)C7=O)C(=O)N(CCN)C3=O)cc1,80,90,11,1069.3119999999992
CCCCC(CO)(CCCC)CN1C(=O)c2ccc3c4ccc5c6c(ccc(c7ccc(c2c37)C1=O)c64)C(=O)N(CC(CO)(CCCC)CCCC)C5=O,54,60,7,730.9459999999997
O=C1c2ccc3c4c(N5CCCCC5)cc5c6c(cc(N7CCCCC7)c(c7ccc(c2c37)C(=O)N1CCN1CCCCC1)c64)C(=O)N(CCN1CCCCC1)C5=O,58,68,11,778.9979999999991
O=C(O)CN(CCN(CC(=O)O)CC(=O)NCCN1C(=O)c2ccc3c4ccc5c6c(ccc(c7ccc(c2c37)C1=O)c64)C(=O)N(CCNC(=O)CN(CCN(CC(=O)O)CC(=O)O)CC(=O)O)C5=O)CC(=O)O,74,80,7,1024.9499999999998
N#Cc1ccc(N2C(=O)c3ccc4c5ccc6c7c(ccc(c8ccc(c3c48)C2=O)c75)C(=O)N(c2ccc(C#N)cc2)C6=O)cc1,46,54,9,592.5700000000002
O=C(O)CC(C(=O)O)N1C(=O)c2ccc3c4c(N5CCOCC5)cc5c6c(ccc(c7c(N8CCOCC8)cc(c2c37)C1=O)c64)C(=O)N(C(CC(=O)O)C(=O)O)C5=O,58,66,9,792.7100000000003
O=C1c2ccc3c4ccc5c6c(ccc(c7ccc(c2c37)C(=O)N1c1cccc2ccccc12)c64)C(=O)N(c1cccc2ccccc12)C5=O,50,60,11,642.6700000000002
O=C1c2ccc3c4ccc5c6c(ccc(c7ccc(c2c37)C(=O)N1c1ccccc1S(=O)(=O)O)c64)C(=O)N(c1ccccc1S(=O)(=O)O)C5=O,50,58,9,702.6780000000005
O=C1c2ccc3c4ccc5c6c(ccc(c7ccc(c2c37)C(=O)N1c1cccc(S(=O)(=O)O)c1)c64)C(=O)N(c1cccc(S(=O)(=O)O)c1)C5=O,50,58,9,702.6780000000003
CC[N+](CC)(CC)CCN1C(=O)c2ccc3c4ccc5c6c(ccc(c7ccc(c2c37)C1=O)c64)C(=O)N(CC[N+](CC)(CC)CC)C5=O,48,54,7,646.8319999999999
CC[N+](C)(C)CCCN1C(=O)c2ccc3c4ccc5c6c(ccc(c7ccc(c2c37)C1=O)c64)C(=O)N(CCC[N+](C)(C)CC)C5=O,46,52,7,618.778
CCCCCCCCCCCCCCN1C(=O)c2ccc3c4ccc5c6c(ccc(c7ccc(c2c37)C1=O)c64)C(=O)N(CCCCCCCCCCCCCC)C5=O,58,64,7,783.1099999999992
Cc1ccc(N2C(=O)c3ccc4c5ccc6c7c(ccc(c8ccc(c3c48)C2=O)c75)C(=O)N(c2ccc(C)c(S(=O)(=O)O)c2)C6=O)cc1S(=O)(=O)O,52,60,9,730.7320000000005
O=C(O)c1ccc(N2C(=O)c3ccc4c5ccc6c7c(ccc(c8ccc(c3c48)C2=O)c75)C(=O)N(c2ccc(C(=O)O)cc2O)C6=O)c(O)c1,50,58,9,662.5660000000004
O=C1c2ccc3c4c(N5CCOCC5)cc5c6c(ccc(c7c(N8CCOCC8)cc(c2c37)C(=O)N1C1CCCCC1)c64)C(=O)N(C1CCCCC1)C5=O,54,64,11,724.8579999999998
O=C1c2ccc3c4ccc5c6c(cc(N7CCCC7)c(c7ccc(c2c37)C(=O)N1C1CCCCC1)c64)C(=O)N(C1CCCCC1)C5=O,47,56,10,623.753
CCCCCCCCCCC#Cc1cc2c3c(ccc4c5c(C#CCCCCCCCCCC)cc6c7c(ccc(c1c34)c75)C(=O)N(CCCCCCCC)C6=O)C(=O)N(CCCCCCCC)C2=O,70,76,7,943.3699999999991
CC(C)(C)c1ccc(C(C)(C)C)c(N2C(=O)c3ccc4c5ccc6c7c(cc(N)c(c8ccc(c3c48)C2=O)c75)C(=O)N(c2cc(C(C)(C)C)ccc2C(C)(C)C)C6=O)c1,59,67,9,781.9969999999998
CCCCCCC(C(CCCCC)n1ccnc1)N1C(=O)c2ccc3c4ccc5c6c(ccc(c7ccc(c2c37)C1=O)c64)C(=O)N(C(CCCCCC)C(CCCCC)n1ccnc1)C5=O,66,74,9,887.1819999999994
CCCCCCCCCCCCOc1cc2c3c(ccc4c5c(N6CCOCC6)cc6c7c(ccc(c1c34)c75)C(=O)N(C1CCCCC1)C6=O)C(=O)N(C1CCCCC1)C2=O,61,70,10,824.0749999999996
CCCCCCCCCCCCOc1cc2c3c(ccc4c5c(OCCCCCCCCCCCC)cc6c7c(ccc(c1c34)c75)C(=O)N(C1CCCCC1)C6=O)C(=O)N(C1CCCCC1)C2=O,68,76,9,923.291999999999
O=C1c2ccc3c4c(Sc5ccccc5)cc5c6c(ccc(c7c(Sc8ccccc8)cc(c2c37)C(=O)N1C1CCCCC1)c64)C(=O)N(C1CCCCC1)C5=O,56,66,11,770.9760000000005
CCCCCCCCCCCCOc1cc2c3c(ccc4c5c(Oc6ccc(C(C)(C)C)cc6)cc6c7c(ccc(c1c34)c75)C(=O)N(C1CCCCC1)C6=O)C(=O)N(C1CCCCC1)C2=O,66,75,10,887.1739999999996
CCCCCCCCCCCCSc1cc2c3c(ccc4c5c(SCCCCCCCCCCCC)cc6c7c(ccc(c1c34)c75)C(=O)N(C1CCCCC1)C6=O)C(=O)N(C1CCCCC1)C2=O,68,76,9,955.427999999999
CCCCCCCCCCCCOc1cc2c3c(ccc4c5c(SCCCCCCCCCCCC)cc6c7c(ccc(c1c34)c75)C(=O)N(C1CCCCC1)C6=O)C(=O)N(C1CCCCC1)C2=O,68,76,9,939.359999999999
CC(C)c1cccc(C(C)C)c1N1C(=O)c2ccc3c4c(-c5ccccc5)cc5c6c(ccc(c7c(Oc8ccc(CCNC(=O)OC(C)(C)C)cc8)cc(c2c37)C1=O)c64)C(=O)N(c1c(C(C)C)cccc1C(C)C)C5=O,77,87,11,1022.2549999999998
CC(C)c1cccc(C(C)C)c1N1C(=O)c2ccc3c4c(Oc5ccc(CCNC(=O)OC(C)(C)C)cc5)cc5c6c(ccc(c7c(O)cc(c2c37)C1=O)c64)C(=O)N(c1c(C(C)C)cccc1C(C)C)C5=O,72,81,10,962.1559999999998
CCCCCCC(C)N1C(=O)c2cc(Oc3cccc(O)c3)c3c4c(Oc5cccc(O)c5)cc5c6c(cc(Oc7cccc(O)c7)c(c7c(Oc8cccc(O)c8)cc(c2c37)C1=O)c64)C(=O)N(C(C)CCCCCC)C5=O,78,88,11,1047.1700000000005
CCCCN1C(=O)c2cc(Oc3cccc(OC)c3)c3c4c(Oc5cccc(OC)c5)cc5c6c(cc(Oc7cccc(OC)c7)c(c7c(Oc8cccc(OC)c8)cc(c2c37)C1=O)c64)C(=O)N(CCCC)C5=O,74,84,11,991.0620000000001
CCCCCC[N+](C)(C)CCCN1C(=O)c2ccc3c4ccc5c6c(ccc(c7ccc(c2c37)C1=O)c64)C(=O)N(CCC[N+](C)(C)CCCCCC)C5=O,54,60,7,730.9939999999996
CC[N+](C)(CC)CCCN1C(=O)c2ccc3c4ccc5c6c(ccc(c7ccc(c2c37)C1=O)c64)C(=O)N(CCC[N+](C)(CC)CC)C5=O,48,54,7,646.8319999999999
O=C(O)CC(C(=O)O)N1C(=O)c2ccc3c4c(N5CCOCC5)cc5c6c(ccc(c7c(N8CCOCC8)cc(c2c37)C1=O)c64)C(=O)N(C(CC(=O)O)C(=O)O)C5=O,58,66,9,792.7100000000003
CC(C1CCCCC1)N1C(=O)c2ccc3c4ccc5c6c(ccc(c7ccc(c2c37)C1=O)c64)C(=O)N(C(C)C1CCCCC1)C5=O,46,54,9,610.754
CC(C1CCCCC1)N1C(=O)c2ccc3c4ccc5c6c(ccc(c7ccc(c2c37)C1=O)c64)C(=O)N(C(C)C1CCCCC1)C5=O,46,54,9,610.754
CC(c1cccc2ccccc12)N1C(=O)c2ccc3c4ccc5c6c(ccc(c7ccc(c2c37)C1=O)c64)C(=O)N(C(C)c1cccc2ccccc12)C5=O,54,64,11,698.7780000000001
CC(c1cccc2ccccc12)N1C(=O)c2ccc3c4ccc5c6c(ccc(c7ccc(c2c37)C1=O)c64)C(=O)N(C(C)c1cccc2ccccc12)C5=O,54,64,11,698.7780000000001
CC1C(CN2C(=O)c3ccc4c5ccc6c7c(ccc(c8ccc(c3c48)C2=O)c75)C(=O)N(CC2CC3CC(C2C)C3(C)C)C6=O)CC2CC1C2(C)C,52,62,13,690.884
CCCCN1C(=O)c2ccc3c4c(N5CCOCC5)cc5c6c(ccc(c7c(N8CCOCC8)cc(c2c37)C1=O)c64)C(=O)N(CCCC)C5=O,50,58,9,672.7819999999999
O=C1c2ccc3c4ccc5c6c(ccc(c7ccc(c2c37)C(=O)N1CC[NH+]1CCCCC1)c64)C(=O)N(CC[NH+]1CCCCC1)C5=O,46,54,9,614.746
C=CCCCCCCCCCC(CCCCCCCCC=C)N1C(=O)c2ccc3c4ccc5c6c(ccc(c7ccc(c2c37)C1=O)c64)C(=O)N(C(CCCCCCCCC=C)CCCCCCCCCC=C)C5=O,74,80,7,999.4779999999989
CC(C(=O)NC(CCC(=O)O)(CCC(=O)O)CCC(=O)O)N1C(=O)c2ccc3c4ccc5c6c(ccc(c7ccc(c2c37)C1=O)c64)C(=O)N(C(C)C(=O)NC(CCC(=O)O)(CCC(=O)O)CCC(=O)O)C5=O,72,78,7,992.9439999999998
NC(CCCCN1C(=O)c2ccc3c4ccc5c6c(ccc(c7ccc(c2c37)C1=O)c64)C(=O)N(CCCCC(N)C(=O)NC(CCC(=O)O)(CCC(=O)O)CCC(=O)O)C5=O)C(=O)NC(CCC(=O)O)(CCC(=O)O)CCC(=O)O,80,86,7,1107.136
CC(C(=O)NC(CCC(=O)O)(CCC(=O)O)CCC(=O)O)N1C(=O)c2ccc3c4ccc5c6c(ccc(c7ccc(c2c37)C1=O)c64)C(=O)N(C(C)C(=O)NC(CCC(=O)O)(CCC(=O)O)CCC(=O)O)C5=O,72,78,7,992.9439999999998
NC(CCCCN1C(=O)c2ccc3c4ccc5c6c(ccc(c7ccc(c2c37)C1=O)c64)C(=O)N(CCCCC(N)C(=O)NC(CCC(=O)O)(CCC(=O)O)CCC(=O)O)C5=O)C(=O)NC(CCC(=O)O)(CCC(=O)O)CCC(=O)O,80,86,7,1107.136
CCCCCCc1cc2c3c(ccc4c5ccc6c7c(ccc(c1c34)c75)C(=O)N(c1c(C(C)C)cccc1C(C)C)C6=O)C(=O)N(c1c(C(C)C)cccc1C(C)C)C2=O,60,68,9,795.036
CC(C)c1cccc(C(C)C)c1N1C(=O)c2ccc3c4c(Oc5ccc(C(C)(C)CC(C)(C)C)cc5)cc5c6c(ccc(c7c(Oc8ccccc8)cc(c2c37)C1=O)c64)C(=O)N(c1c(C(C)C)cccc1C(C)C)C5=O,76,86,11,1007.2839999999998
CC(C)c1cccc(C(C)C)c1N1C(=O)c2ccc3c4c(Oc5ccc(S(=O)(=O)O)cc5)cc5c6c(ccc(c7c(Oc8ccccc8)cc(c2c37)C1=O)c64)C(=O)N(c1c(C(C)C)cccc1C(C)C)C5=O,72,82,11,975.1320000000002
CC(C)c1cccc(C(C)C)c1N1C(=O)c2ccc3c4c(Oc5ccc(S(=O)(=O)O)cc5)cc5c6c(ccc(c7c(Oc8ccc(S(=O)(=O)O)cc8)cc(c2c37)C1=O)c64)C(=O)N(c1c(C(C)C)cccc1C(C)C)C5=O,76,86,11,1055.1960000000001
COc1cc2c3c(ccc4c5c(OC)cc6c7c(ccc(c1c34)c75)C(=O)N(c1c(C(C)C)cccc1C(C)C)C6=O)C(=O)N(c1c(C(C)C)cccc1C(C)C)C2=O,58,66,9,770.926
CCCCCCC(CCCCCC)N1C(=O)c2ccc3c4c(OC)cc5c6c(ccc(c7c(OC)cc(c2c37)C1=O)c64)C(=O)N(C(CCCCCC)CCCCCC)C5=O,60,66,7,815.1079999999995
COc1cc2c3c(ccc4c5c(OC)cc6c7c(ccc(c1c34)c75)C(=O)N(C)C6=O)C(=O)N(C)C2=O,36,42,7,478.46000000000026
CCN1C(=O)c2ccc3c4c(OC)cc5c6c(ccc(c7c(OC)cc(c2c37)C1=O)c64)C(=O)N(CC)C5=O,38,44,7,506.51400000000035
COc1cc2c3c(cc(OC)c4c5c(OC)cc6c7c(cc(OC)c(c1c34)c75)C(=O)N(c1c(C(C)C)cccc1C(C)C)C6=O)C(=O)N(c1c(C(C)C)cccc1C(C)C)C2=O,62,70,9,830.978
CCCCCCC(CCCCCC)N1C(=O)c2cc(OC)c3c4c(OC)cc5c6c(cc(OC)c(c7c(OC)cc(c2c37)C1=O)c64)C(=O)N(C(CCCCCC)CCCCCC)C5=O,64,70,7,875.1599999999996
COc1cc2c3c(cc(OC)c4c5c(OC)cc6c7c(cc(OC)c(c1c34)c75)C(=O)N(C)C6=O)C(=O)N(C)C2=O,40,46,7,538.5120000000003
CCN1C(=O)c2cc(OC)c3c4c(OC)cc5c6c(cc(OC)c(c7c(OC)cc(c2c37)C1=O)c64)C(=O)N(CC)C5=O,42,48,7,566.5660000000003
O=C1c2ccc3c4c(N5CCCCC5)cc5c6c(cc(N7CCCCC7)c(c7ccc(c2c37)C(=O)N1CCOCCO)c64)C(=O)N(CCOCCO)C5=O,54,62,9,732.8339999999997
O=C1c2ccc3c4c(N5CCCCC5)cc5c6c(ccc(c7c(N8CCCCC8)cc(c2c37)C(=O)N1CCOCCO)c64)C(=O)N(CCOCCO)C5=O,54,62,9,732.8340000000003
CS(=O)(=O)OCCOCCN1C(=O)c2ccc3c4c(N5CCCCC5)cc5c6c(ccc(c7c(N8CCCCC8)cc(c2c37)C1=O)c64)C(=O)N(CCOCCOS(C)(=O)=O)C5=O,62,70,9,889.0179999999993
CN(C)CCCN1CCN(c2cc3c4c(ccc5c6c(N7CCN(CCCN(C)C)CC7)cc7c8c(ccc(c2c45)c86)C(=O)N(CCN2CCCCC2)C7=O)C(=O)N(CCN2CCCCC2)C3=O)CC1,70,80,11,951.273999999999
C#Cc1cc2c3c(ccc4c5ccc6c7c(ccc(c1c34)c75)C(=O)N(C(CCCCCCC)CCCCCCC)C6=O)C(=O)N(C(CCCCCCC)CCCCCCC)C2=O,62,68,7,835.1859999999992
CCCCc1ccc(C)c(N2C(=O)c3ccc4c5ccc6c7c(ccc(c8ccc(c3c48)C2=O)c75)C(=O)N(c2cc(C)ccc2CCCC)C6=O)c1,52,60,9,682.8199999999999
CCCCCN1C(=O)c2ccc3c4c(Oc5ccc(C(C)(C)C)cc5)cc5c6c(ccc(c7c(Oc8ccc(C(C)(C)C)cc8)cc(c2c37)C1=O)c64)C(=O)N(CCCCC)C5=O,62,70,9,827.0340000000001
CCCCCCOc1ccc(Oc2cc3c4c(ccc5c6c(Oc7ccc(OCCCCCC)cc7)cc7c8c(ccc(c2c45)c86)C(=O)N(CCCCC)C7=O)C(=O)N(CCCCC)C3=O)cc1,68,76,9,915.1399999999995
CCCCCN1C(=O)c2ccc3c4c(C#N)cc5c6c(ccc(c7c(C#N)cc(c2c37)C1=O)c64)C(=O)N(CCCCC)C5=O,44,50,7,580.6440000000002
CCCCCCCCN1C(=O)c2ccc3c4c(-c5ccc([N+](=O)[O-])cc5)cc5c6c(ccc(c7c(-c8ccc([N+](=O)[O-])cc8)cc(c2c37)C1=O)c64)C(=O)N(CCCCCCCC)C5=O,64,72,9,856.976
CCCCCCCCN1C(=O)c2ccc3c4c(-c5ccccc5)cc5c6c(ccc(c7c(-c8ccccc8)cc(c2c37)C1=O)c64)C(=O)N(CCCCCCCC)C5=O,58,66,9,766.9820000000001
O=C1c2ccc3c4ccc5c6c(cc(Oc7cccnc7)c(c7ccc(c2c37)C(=O)N1C1CCCCC1)c64)C(=O)N(C1CCCCC1)C5=O,49,58,10,647.7310000000003
O=C1c2ccc3c4ccc5c6c(cc(Oc7ccc[n+]([O-])c7)c(c7ccc(c2c37)C(=O)N1C1CCCCC1)c64)C(=O)N(C1CCCCC1)C5=O,50,59,10,663.7300000000004
O=C1c2ccc3c4c(Oc5cccnc5)cc5c6c(ccc(c7c(Oc8cccnc8)cc(c2c37)C(=O)N1C1CCCCC1)c64)C(=O)N(C1CCCCC1)C5=O,56,66,11,740.8160000000004
O=C1c2ccc3c4c(Oc5ccc[n+]([O-])c5)cc5c6c(ccc(c7c(Oc8ccc[n+]([O-])c8)cc(c2c37)C(=O)N1C1CCCCC1)c64)C(=O)N(C1CCCCC1)C5=O,58,68,11,772.8140000000004
CCCCCCCCN1C(=O)c2ccc3c4c(-c5ccccc5)cc5c6c(cc(-c7ccccc7)c(c7ccc(c2c37)C1=O)c64)C(=O)N(CCCCCCCC)C5=O,58,66,9,766.9819999999997
CCCCCCCCN1C(=O)c2ccc3c4c(-c5ccc(N(C)C)cc5)cc5c6c(ccc(c7c(-c8ccc(N(C)C)cc8)cc(c2c37)C1=O)c64)C(=O)N(CCCCCCCC)C5=O,64,72,9,853.1199999999998
CCCCCCCCN1C(=O)c2ccc3c4c(-c5ccc(N(C)C)cc5)cc5c6c(cc(-c7ccc(N(C)C)cc7)c(c7ccc(c2c37)C1=O)c64)C(=O)N(CCCCCCCC)C5=O,64,72,9,853.1199999999995
CCCCCCCCN1C(=O)c2ccc3c4c(-c5cc(C(C)(C)C)cc(C(C)(C)C)c5)cc5c6c(ccc(c7c(-c8cc(C(C)(C)C)cc(C(C)(C)C)c8)cc(c2c37)C1=O)c64)C(=O)N(CCCCCCCC)C5=O,74,82,9,991.4139999999994
CCCCCCCCN1C(=O)c2ccc3c4c(-c5cc(C(C)(C)C)cc(C(C)(C)C)c5)cc5c6c(cc(-c7cc(C(C)(C)C)cc(C(C)(C)C)c7)c(c7ccc(c2c37)C1=O)c64)C(=O)N(CCCCCCCC)C5=O,74,82,9,991.4139999999992
CCCCCCCCN1C(=O)c2ccc3c4c(-c5ccc([N+](=O)[O-])cc5)cc5c6c(cc(-c7ccc([N+](=O)[O-])cc7)c(c7ccc(c2c37)C1=O)c64)C(=O)N(CCCCCCCC)C5=O,64,72,9,856.9759999999997
CCCCCCCCN1C(=O)c2ccc3c4c(-c5ccc(C#N)cc5)cc5c6c(ccc(c7c(-c8ccc(C#N)cc8)cc(c2c37)C1=O)c64)C(=O)N(CCCCCCCC)C5=O,62,70,9,817.0019999999998
CCCCCCCCN1C(=O)c2ccc3c4c(-c5ccc(C#N)cc5)cc5c6c(cc(-c7ccc(C#N)cc7)c(c7ccc(c2c37)C1=O)c64)C(=O)N(CCCCCCCC)C5=O,62,70,9,817.0019999999996
CCCCC(CC)CN1C(=O)c2ccc3c4c(C#Cc5ccc(C=O)cc5)cc5c6c(ccc(c7c(C#Cc8ccc(C=O)cc8)cc(c2c37)C1=O)c64)C(=O)N(CC(CC)CCCC)C5=O,66,74,9,871.0459999999998
CC(C(=O)O)N1C(=O)c2ccc3c4ccc5c6c(ccc(c7ccc(c2c37)C1=O)c64)C(=O)N(C(C)C(=O)O)C5=O,40,46,7,534.4800000000004
O=C(O)CCC(C(=O)O)N1C(=O)c2ccc3c4ccc5c6c(ccc(c7ccc(c2c37)C1=O)c64)C(=O)N(C(CCC(=O)O)C(=O)O)C5=O,48,54,7,650.5520000000002
CC(C(=O)O)N1C(=O)c2ccc3c4ccc5c6c(ccc(c7ccc(c2c37)C1=O)c64)C(=O)N(C(C)C(=O)O)C5=O,40,46,7,534.4800000000004
COCCOCCCCC(CCCCOCCOC)N1C(=O)c2ccc3c4ccc5c6c(ccc(c7ccc(c2c37)C1=O)c64)C(=O)N(C(CCCCOCCOC)CCCCOCCOC)C5=O,68,74,7,939.1559999999993
C#CCOc1ccc(Oc2cc3c4c(cc(Oc5ccc(OCC#C)cc5)c5c6c(Oc7ccc(OCC#C)cc7)cc7c8c(cc(Oc9ccc(OCC#C)cc9)c(c2c45)c86)C(=O)N(CC#C)C7=O)C(=O)N(CC#C)C3=O)cc1,80,90,11,1051.032
CCCCCCC(CCCCCC)N1C(=O)c2ccc3c4ccc5c6c(c(N7CCCC7)cc(c7ccc(c2c37)C1=O)c64)C(=O)N(C(CCCCCC)CCCCCC)C5=O,61,68,8,824.1629999999991
CC(C)c1cccc(C(C)C)c1N1C(=O)c2ccc3c4ccc5c6c(cc(-c7ccc8c(c7)C(=O)c7ccccc7C8=O)c(c7ccc(c2c37)C1=O)c64)C(=O)N(c1c(C(C)C)cccc1C(C)C)C5=O,70,81,12,917.074
CCCCCCCCC(CCCCCC)CN1C(=O)c2ccc3c4c(-c5ccc(O)c(O)c5)cc5c6c(ccc(c7c(-c8ccc(O)c(O)c8)cc(c2c37)C1=O)c64)C(=O)N(CC(CCCCCC)CCCCCCCC)C5=O,78,86,9,1055.4099999999992
Cc1c(C)c(N2C(=O)c3ccc4c5ccc6c7c(ccc(c8ccc(c3c48)C2=O)c75)C(=O)N(c2c(C)c(C)c(N)c(C)c2C)C6=O)c(C)c(C)c1N,52,60,9,684.7959999999999
CCCCCCCCN1C(=O)c2ccc3c4c(N5CCCC5CO)cc5c6c(ccc(c7c(-c8ccc(-c9cc(-c%10ccccn%10)nc(-c%10ccccn%10)c9)cc8)cc(c2c37)C1=O)c64)C(=O)N(CCCCCCCC)C5=O,77,88,12,1021.2749999999995
C=CCC(=O)OCC1CCCN1c1cc2c3c(ccc4c5c(N6CCCC6)cc6c7c(ccc(c1c34)c75)C(=O)N(CCCCCCCC)C6=O)C(=O)N(CCCCCCCC)C2=O,63,71,9,851.1009999999993
O=C1c2ccc3c4ccc5c6c(ccc(c7ccc(c2c37)C(=O)N1CCCN1CCCCC1)c64)C(=O)N(CCCN1CCCCC1)C5=O,48,56,9,640.7839999999998
CN(CCCN)CCCN1C(=O)c2ccc3c4ccc5c6c(ccc(c7ccc(c2c37)C1=O)c64)C(=O)N(CCCN(C)CCCN)C5=O,48,54,7,646.7919999999998
CN(CCCN1C(=O)c2ccc3c4ccc5c6c(ccc(c7ccc(c2c37)C1=O)c64)C(=O)N(CCCN(C)c1ccccc1)C5=O)c1ccccc1,52,60,9,684.7960000000004
C[N+](C)(C)CC[N+](C)(CCN1C(=O)c2ccc3c4ccc5c6c(ccc(c7ccc(c2c37)C1=O)c64)C(=O)N(CC[N+](C)(CC[N+](C)(C)C)CC[N+](C)(C)C)C5=O)CC[N+](C)(C)C,62,68,7,851.1939999999993
CN(C)CCN(CCN(C)C)CCN1C(=O)c2ccc3c4ccc5c6c(ccc(c7ccc(c2c37)C1=O)c64)C(=O)N(CCN(CCN(C)C)CCN(C)C)C5=O,56,62,7,760.9839999999996
CC[N+](CC)(CC)CCCN1C(=O)c2ccc3c4ccc5c6c(ccc(c7ccc(c2c37)C1=O)c64)C(=O)N(CCC[N+](CC)(CC)CC)C5=O,50,56,7,674.8859999999997
CC(C)c1cccc(C(C)C)c1N1C(=O)c2ccc3c4c(Oc5ccc(S(=O)O)cc5)cc5c6c(ccc(c7c(Oc8ccc(S(=O)O)cc8)cc(c2c37)C1=O)c64)C(=O)N(c1c(C(C)C)cccc1C(C)C)C5=O,74,84,11,1023.1980000000002
O=C1c2ccc3c4ccc5c6c(ccc(c7ccc(c2c37)C(=O)N1C1COCCOCCOCCOCCOCCO1)c64)C(=O)N(C1COCCOCCOCCOCCOCCO1)C5=O,66,74,9,914.9579999999995
[NH3+]CCN1C(=O)c2ccc3c4ccc5c6c(ccc(c7ccc(c2c37)C1=O)c64)C(=O)N(CC[NH3+])C5=O,36,42,7,478.5080000000003
COC(=O)CCN(CCC(=O)OC)CCN1C(=O)c2ccc3c4ccc5c6c(ccc(c7ccc(c2c37)C1=O)c64)C(=O)N(CCN(CCC(=O)OC)CCC(=O)OC)C5=O,60,66,7,820.8519999999997
Cc1cc(Cc2ccc(N3C(=O)c4ccc5c6ccc7c8c(ccc(c9ccc(c4c59)C3=O)c86)C(=O)N(c3ccc(Cc4ccc(N)c(C)c4)cc3C)C7=O)c(C)c2)ccc1N,62,72,11,808.9379999999998
CCCN1C(=O)c2cc(Oc3ccccc3)c3c4c(Oc5ccccc5)cc5c6c(cc(Oc7ccccc7)c(c7c(Oc8ccccc8)cc(c2c37)C1=O)c64)C(=O)N(CCC)C5=O,64,74,11,842.9040000000003
CCCN1C(=O)c2ccc3c4c(Oc5ccccc5)cc5c6c(ccc(c7c(Oc8ccccc8)cc(c2c37)C1=O)c64)C(=O)N(CCC)C5=O,50,58,9,658.7100000000004
CCCN1C(=O)c2ccc3c4c(Oc5ccc(C(C)(C)C)cc5)cc5c6c(ccc(c7c(Oc8ccc(C(C)(C)C)cc8)cc(c2c37)C1=O)c64)C(=O)N(CCC)C5=O,58,66,9,770.9260000000002
CC(C)(c1ccc(O)cc1)N1C(=O)c2ccc3c4ccc5c6c(ccc(c7ccc(c2c37)C1=O)c64)C(=O)N(C(C)(C)c1ccc(O)cc1)C5=O,50,58,9,658.7100000000003
CC(C)(C)OC(=O)N1C(=O)c2cc(Oc3ccccc3)c3c4c(Oc5ccccc5)cc5c6c(cc(Oc7ccccc7)c(c7c(Oc8ccccc8)cc(c2c37)C1=O)c64)C(=O)N(C(=O)OC(C)(C)C)C5=O,72,82,11,958.9760000000002
CCCN1C(=O)c2cc(Oc3ccc(C)cc3)c3c4c(Oc5ccc(C)cc5)cc5c6c(cc(Oc7ccc(C)cc7)c(c7c(Oc8ccc(C)cc8)cc(c2c37)C1=O)c64)C(=O)N(CCC)C5=O,68,78,11,899.0120000000001
CCCN1C(=O)c2cc(Oc3ccc(OC)cc3)c3c4c(Oc5ccc(OC)cc5)cc5c6c(cc(Oc7ccc(OC)cc7)c(c7c(Oc8ccc(OC)cc8)cc(c2c37)C1=O)c64)C(=O)N(CCC)C5=O,72,82,11,963.0080000000002
CCCN1C(=O)c2cc(Oc3ccc(O)cc3)c3c4c(Oc5ccc(O)cc5)cc5c6c(cc(Oc7ccc(O)cc7)c(c7c(Oc8ccc(O)cc8)cc(c2c37)C1=O)c64)C(=O)N(CCC)C5=O,68,78,11,906.9000000000003
CCCCCCCCCCCCCCCN1C(=O)c2ccc3c4ccc5c6c(ccc(c7ccc(c2c37)C1=O)c64)C(=O)N(CCCCCCCCCCCCCCC)C5=O,60,66,7,811.1639999999992
O=C1c2ccc3c4c(N5CCCCC5)cc5c6c(ccc(c7c(N8CCCCC8)cc(c2c37)C(=O)N1N1CCCCC1)c64)C(=O)N(N1CCCCC1)C5=O,54,64,11,722.8900000000001
O=C1c2ccc3c4ccc5c6c(ccc(c7ccc(c2c37)C(=O)N1CCN1CCNCC1)c64)C(=O)N(CCN1CCNCC1)C5=O,46,54,9,614.706
CC(C)(C)Oc1cc2c3c(cc(OC(C)(C)C)c4c5c(OC(C)(C)C)cc6c7c(cc(OC(C)(C)C)c(c1c34)c75)C(=O)N(CCCO)C6=O)C(=O)N(CCCO)C2=O,58,64,7,794.942
CCCN1C(=O)c2ccc3c4c(N5CCC(CCO)CC5)cc5c6c(ccc(c7c(N8CCC(CCO)CC8)cc(c2c37)C1=O)c64)C(=O)N(CCC)C5=O,54,62,9,728.8899999999999
COC(=O)c1cc(Nc2ccccc2)ccc1N1C(=O)c2ccc3c4ccc5c6c(ccc(c7ccc(c2c37)C1=O)c64)C(=O)N(c1ccc(Nc2ccccc2)cc1C(=O)OC)C5=O,64,74,11,840.8480000000002
CCCN1C(=O)c2cc(Oc3ccc(C(C)(C)C)cc3)c3c4c(Oc5ccc(C(C)(C)C)cc5)cc5c6c(cc(Oc7ccc(C(C)(C)C)cc7)c(c7c(Oc8ccc(C(C)(C)C)cc8)cc(c2c37)C1=O)c64)C(=O)N(CCC)C5=O,80,90,11,1067.3359999999993
O=Cc1ccc(CN2C(=O)c3ccc4c5ccc6c7c(ccc(c8ccc(c3c48)C2=O)c75)C(=O)N(Cc2ccc(C=O)cc2)C6=O)cc1,48,56,9,626.6240000000004
O=C1c2ccc3c4ccc5c6c(ccc(c7ccc(c2c37)C(=O)N1c1cc(O)ccc1O)c64)C(=O)N(c1cc(O)ccc1O)C5=O,46,54,9,606.5460000000005
CCN(CC)CCN1C(=O)c2ccc3c4ccc5c6c(ccc(c7ccc(c2c37)C1=O)c64)C(=O)N(CCN(CC)CC)C5=O,44,50,7,588.7080000000002
O=C1c2ccc3c4c(C#CCCN5CCCCC5)cc5c6c(ccc(c7c(C#CCCN8CCCCC8)cc(c2c37)C(=O)N1CCN1CCCCC1)c64)C(=O)N(CCN1CCCCC1)C5=O,66,76,11,883.1499999999993
O=C1c2ccc3c4ccc5c6c(ccc(c7ccc(c2c37)C(=O)N1c1cccc(S(=O)(=O)O)c1)c64)C(=O)N(c1ccccc1S(=O)(=O)O)C5=O,50,58,9,702.6780000000006
O=C1c2ccc3c4ccc5c6c(ccc(c7ccc(c2c37)C(=O)N1c1ccc(S(=O)(=O)O)cc1)c64)C(=O)N(c1ccccc1S(=O)(=O)O)C5=O,50,58,9,702.6780000000006
O=C1c2ccc3c4ccc5c6c(ccc(c7ccc(c2c37)C(=O)N1c1ccc(S(=O)(=O)O)cc1)c64)C(=O)N(c1cccc(S(=O)(=O)O)c1)C5=O,50,58,9,702.6780000000003
Cc1ccc(N2C(=O)c3ccc4c5ccc6c7c(ccc(c8ccc(c3c48)C2=O)c75)C(=O)N(c2ccc(C)cc2S(=O)(=O)O)C6=O)c(S(=O)(=O)O)c1,52,60,9,730.7320000000005
CC(c1ccccc1)N1C(=O)c2ccc3c4ccc5c6c(ccc(c7ccc(c2c37)C1=O)c64)C(=O)N(C(C)c1ccccc1)C5=O,46,54,9,598.6580000000004
CC(c1ccccc1)N1C(=O)c2ccc3c4ccc5c6c(ccc(c7ccc(c2c37)C1=O)c64)C(=O)N(C(C)c1ccccc1)C5=O,46,54,9,598.6580000000004
CCC(CO)(CCOC)CN1C(=O)c2ccc3c4ccc5c6c(ccc(c7ccc(c2c37)C1=O)c64)C(=O)N(CC(CC)(CO)CCOC)C5=O,50,56,7,678.782
CC(C)c1cccc(C(C)C)c1N1C(=O)c2ccc3c4c(Oc5ccncc5)cc5c6c(ccc(c7c(Oc8ccncc8)cc(c2c37)C1=O)c64)C(=O)N(c1c(C(C)C)cccc1C(C)C)C5=O,68,78,11,897.044
Cc1ccc(Oc2cc3c4c(cc(Oc5ccc(C)cc5)c5c6c(Oc7ccc(C)cc7)cc7c8c(cc(Oc9ccc(C)cc9)c(c2c45)c86)C(=O)N(CCO)C7=O)C(=O)N(CCO)C3=O)cc1,68,78,11,902.956
CCCCC(CC)CN1C(=O)c2ccc3c4c(Oc5cc(C(C)(C)C)cc(C(C)(C)C)c5)cc5c6c(ccc(c7c(Oc8cc(C(C)(C)C)cc(C(C)(C)C)c8)cc(c2c37)C1=O)c64)C(=O)N(CC(CC)CCCC)C5=O,76,84,9,1023.4119999999994
CCOC(=O)CC(=O)OCCOCCOCCOCCN1C(=O)c2ccc3c4ccc5c6c(ccc(c7ccc(c2c37)C1=O)c64)C(=O)N(CCOCCOCCOCCOC(=O)CC(=O)OCC)C5=O,70,76,7,970.9779999999995
O=C1c2ccc3c4ccc5c6c7ccc(c8ccc(c2c38)C(=O)N1CCOCCOCCOCCSSCCOCCOCCOCCN(C5=O)C7=O)c64,54,61,10,772.8980000000001
NCC1CCCC(CN2C(=O)c3ccc4c5ccc6c7c(ccc(c8ccc(c3c48)C2=O)c75)C(=O)N(CC2CCCC(CN)C2)C6=O)C1,48,56,9,640.784
O=C(NCCCCCCN1C(=O)c2ccc3c4ccc5c6c(ccc(c7ccc(c2c37)C1=O)c64)C(=O)N(CCCCCCNC(=O)c1ccccc1)C5=O)c1ccccc1,60,68,9,796.9239999999998
O=C(NCCCCCCCCCCCCN1C(=O)c2ccc3c4ccc5c6c(ccc(c7ccc(c2c37)C1=O)c64)C(=O)N(CCCCCCCCCCCCNC(=O)c1ccccc1)C5=O)c1ccccc1,72,80,9,965.2479999999993
O=C(NCC1CCCC(CN2C(=O)c3ccc4c5ccc6c7c(ccc(c8ccc(c3c48)C2=O)c75)C(=O)N(CC2CCCC(CNC(=O)c3ccccc3)C2)C6=O)C1)c1ccccc1,64,74,11,849.0000000000001
O=C(OCCCCCCN1C(=O)c2ccc3c4ccc5c6c(ccc(c7ccc(c2c37)C1=O)c64)C(=O)N(CCCCCCOC(=O)c1ccccc1)C5=O)c1ccccc1,60,68,9,798.8919999999997
O=C(OCCN1C(=O)c2ccc3c4ccc5c6c(ccc(c7ccc(c2c37)C1=O)c64)C(=O)N(CCOC(=O)c1ccccc1)C5=O)c1ccccc1,52,60,9,686.6760000000002
O=C1c2ccc3c4c(Oc5ccncc5)cc5c6c(ccc(c7c(Oc8ccncc8)cc(c2c37)C(=O)N1Cc1ccncc1)c64)C(=O)N(Cc1ccncc1)C5=O,58,68,11,758.7499999999999
O=C1c2ccc3c4ccc5c6c(ccc(c7ccc(c2c37)C(=O)N1CCS)c64)C(=O)N(CCS)C5=O,36,42,7,510.5960000000003
O=C1c2ccc3c4ccc5c6c(ccc(c7ccc(c2c37)C(=O)N1CCN(Cc1ccccn1)Cc1ccccn1)c64)C(=O)N(CCN(Cc1ccccn1)Cc1ccccn1)C5=O,64,74,11,840.9439999999998
CCCCCCCCCCCCN1C(=O)c2ccc3c4c(-c5cccs5)cc5c6c(ccc(c7c(-c8cccs8)cc(c2c37)C1=O)c64)C(=O)N(CCCCCCCCCCCC)C5=O,64,72,9,891.2559999999995
CCCCCCCCCCCCN1C(=O)c2ccc3c4c(-c5cc(OC)c(OC)c(OC)c5)cc5c6c(ccc(c7c(-c8cc(OC)c(OC)c(OC)c8)cc(c2c37)C1=O)c64)C(=O)N(CCCCCCCCCCCC)C5=O,78,86,9,1059.3539999999991
CCCCCCCCCCCCN1C(=O)c2ccc3c4c(-c5ccc6cc(OC)ccc6c5)cc5c6c(ccc(c7c(-c8ccc9cc(OC)ccc9c8)cc(c2c37)C1=O)c64)C(=O)N(CCCCCCCCCCCC)C5=O,78,88,11,1039.3699999999992
CCCCCCCCc1csc(-c2ccc(N3C(=O)c4ccc5c6ccc7c8c(ccc(c9ccc(c4c59)C3=O)c86)C(=O)N(c3ccc(-c4cc(CCCCCCCC)cs4)cc3)C7=O)cc2)c1,68,78,11,931.2359999999996
CN(C)c1cc2c3c(ccc4c5c(N(C)C)cc6c7c(ccc(c1c34)c75)C(=O)N(C1CCCCC1)C6=O)C(=O)N(C1CCCCC1)C2=O,48,56,9,640.7840000000001
CCCCCCc1cc2c3cc(CCCCCC)c4c5c(c(CCCCCC)cc(c6cc(CCCCCC)c7c(c1C(=O)N(c1c(C(C)C)cccc1C(C)C)C7=O)c26)c53)C(=O)N(c1c(C(C)C)cccc1C(C)C)C4=O,78,86,9,1047.5219999999993
CCC(CC)N1C(=O)c2c(CCc3ccccc3)cc3c4cc(CCc5ccccc5)c5c6c(c(CCc7ccccc7)cc(c7cc(CCc8ccccc8)c(c2c37)C1=O)c64)C(=O)N(C(CC)CC)C5=O,72,82,11,947.2319999999996
CCCCCC(CCCC)N1C(=O)c2ccc3c4ccc5c6c(ccc(c7ccc(c2c37)C1=O)c64)C(=O)N(C(CCCC)CCCCC)C5=O,50,56,7,670.8939999999998
CC(C)CC(CC(C)C)N1C(=O)c2ccc3c4ccc5c6c(ccc(c7ccc(c2c37)C1=O)c64)C(=O)N(C(CC(C)C)CC(C)C)C5=O,48,54,7,642.84
CC(C)(C)c1nnc(N2C(=O)c3ccc4c5ccc6c7c(ccc(c8ccc(c3c48)C2=O)c75)C(=O)N(c2nnc(C(C)(C)C)s2)C6=O)s1,48,56,9,670.7760000000001
CCCCCCCCCCCCN1C(=O)c2ccc3c4c(-c5ccc(C#N)cc5)cc5c6c(ccc(c7c(-c8ccc(C#N)cc8)cc(c2c37)C1=O)c64)C(=O)N(CCCCCCCCCCCC)C5=O,70,78,9,929.2179999999993
CCCCCCCCCCCCN1C(=O)c2ccc3c4c(-c5ccncc5)cc5c6c(ccc(c7c(-c8ccncc8)cc(c2c37)C1=O)c64)C(=O)N(CCCCCCCCCCCC)C5=O,66,74,9,881.1739999999994
CCCCCCCCCCCCN1C(=O)c2ccc3c4c(-c5cccc([N+](=O)[O-])c5)cc5c6c(ccc(c7c(-c8cccc([N+](=O)[O-])c8)cc(c2c37)C1=O)c64)C(=O)N(CCCCCCCCCCCC)C5=O,72,80,9,969.1919999999994
N#Cc1cc2c3c(ccc4c5c(C#N)cc6c7c(ccc(c1c34)c75)C(=O)N(c1ccc(C3C=CC=C3)cc1)C6=O)C(=O)N(c1ccc(C3C=CC=C3)cc1)C2=O,56,66,11,720.7440000000003
NCCCNCCCCNCCCNC(=O)CN1C(=O)c2ccc3c4ccc5c6c(ccc(c7ccc(c2c37)C1=O)c64)C(=O)N(CC(=O)NCCCNCCCCNCCCN)C5=O,64,70,7,875.0879999999992
NCCCNCCCCNCCCNC(=O)CCCCN1C(=O)c2ccc3c4ccc5c6c(ccc(c7ccc(c2c37)C1=O)c64)C(=O)N(CCCCC(=O)NCCCNCCCCNCCCN)C5=O,70,76,7,959.2499999999989
CCCCCCCCN1C(=O)c2ccc3c4c(-c5ccc(C#Cc6ccccc6)cc5)cc5c6c(ccc(c7c(-c8ccc(C#Cc9ccccc9)cc8)cc(c2c37)C1=O)c64)C(=O)N(CCCCCCCC)C5=O,74,84,11,967.2219999999999
CCCCCCCCN1C(=O)c2ccc3c4c(-c5ccc(C)cc5)cc5c6c(ccc(c7c(-c8ccc(C)cc8)cc(c2c37)C1=O)c64)C(=O)N(CCCCCCCC)C5=O,60,68,9,795.036
C=CCCCCCCCCCN1C(=O)c2ccc3c4ccc5c6c(ccc(c7ccc(c2c37)C1=O)c64)C(=O)N(CCCCCCCCCC=C)C5=O,52,58,7,694.9159999999996
C#Cc1ccc(N2C(=O)c3ccc4c5c(Oc6ccc(C(C)(C)C)cc6)cc6c7c(ccc(c8c(Oc9ccc(C(C)(C)C)cc9)cc(c3c48)C2=O)c75)C(=O)N(c2ccc(C#C)cc2)C6=O)cc1,68,78,11,887.0039999999998
CCCCC(CC)CN1C(=O)c2ccc3c4c(Oc5ccncc5)cc5c6c(ccc(c7c(Oc8ccncc8)cc(c2c37)C1=O)c64)C(=O)N(CC(CC)CCCC)C5=O,60,68,9,800.9559999999999
O=C1c2ccc3c4c5cc6c7c(ccc(c8c(cc(c2c38)C(=O)N1c1ccccc1)Oc1cccc(c1)OCCOCCOc1cccc(c1)O5)c74)C(=O)N(c1ccccc1)C6=O,63,74,13,828.8329999999999
O=C1c2ccc3c4ccc5c6c(ccc(c7ccc(c2c37)C(=O)N1c1ccc(C2=CC=CC2)cc1)c64)C(=O)N(c1ccc(C2=CC=CC2)cc1)C5=O,52,62,11,670.7240000000002
C=CCN1C(=O)c2cc(Oc3ccccc3)c3c4c(Oc5ccccc5)cc5c6c(cc(Oc7ccccc7)c(c7c(Oc8ccccc8)cc(c2c37)C1=O)c64)C(=O)N(CC=C)C5=O,64,74,11,838.8720000000003
CCCCC(CC)CN1C(=O)c2ccc3c4c(Oc5cc[nH+]cc5)cc5c6c(ccc(c7c(Oc8cc[nH+]cc8)cc(c2c37)C1=O)c64)C(=O)N(CC(CC)CCCC)C5=O,60,68,9,802.972
CNC(=S)N(C)CCN1C(=O)c2ccc3c4ccc5c6c(ccc(c7ccc(c2c37)C1=O)c64)C(=O)N(CCN(C)C(=S)NC)C5=O,46,52,7,650.7860000000002
CCN1C(=O)c2ccc3c4c(N5CCC(CCO)CC5)cc5c6c(ccc(c7c(N8CCC(CCO)CC8)cc(c2c37)C1=O)c64)C(=O)N(CC)C5=O,52,60,9,700.836
CC(C)(C)c1cc(-c2cc3c4c(ccc5c6ccc7c8c(ccc(c2c45)c86)C(=O)N(C2CCCCC2)C7=O)C(=O)N(C2CCCCC2)C3=O)cc(C(C)(C)C)c1O,57,66,10,758.9589999999996
CC(C)(C)c1cc(-c2cc3c4c(ccc5c6c(-c7cc(C(C)(C)C)c(O)c(C(C)(C)C)c7)cc7c8c(ccc(c2c45)c86)C(=O)N(C2CCCCC2)C7=O)C(=O)N(C2CCCCC2)C3=O)cc(C(C)(C)C)c1O,72,82,11,963.2719999999996
CCCCOc1cc(CCCN2C(=O)c3ccc4c5ccc6c7c(ccc(c8ccc(c3c48)C2=O)c75)C(=O)N(CCCc2cc(OCCCC)c(OCCCC)c(OCCCC)c2)C6=O)cc(OCCCC)c1OCCCC,78,86,9,1059.3539999999991
O=C(O)CCCCCCN1C(=O)c2ccc3c4ccc5c6c(ccc(c7ccc(c2c37)C1=O)c64)C(=O)N(CCCCCCC(=O)O)C5=O,48,54,7,646.696
CC(C)(C)OC(=O)CN1C(=O)c2ccc3c4ccc5c6c(ccc(c7ccc(c2c37)C1=O)c64)C(=O)N(CC(=O)OC(C)(C)C)C5=O,46,52,7,618.6420000000002
COCCOc1cc2c3c(ccc4c5c(Oc6ccncc6)cc6c7c(ccc(c1c34)c75)C(=O)N(C1CCCCC1)C6=O)C(=O)N(C1CCCCC1)C2=O,54,63,10,721.81
CCCCC(CC)CN1C(=O)c2ccc3c4c(Oc5ccc(C(C)(C)C)cc5)cc5c6c(ccc(c7c(Oc8ccc(C(C)(C)C)cc8)cc(c2c37)C1=O)c64)C(=O)N(CC(CC)CCCC)C5=O,68,76,9,911.1959999999997
O=C1c2ccc3c4c(Oc5ccncc5)cc5c6c(ccc(c7c(Oc8ccncc8)cc(c2c37)C(=O)N1C1CCCCC1)c64)C(=O)N(C1CCCCC1)C5=O,56,66,11,740.8160000000004
C#Cc1cc2c3c(ccc4c5c(C#C)cc6c7c(ccc(c1c34)c75)C(=O)N(c1c(C(C)C)cccc1C(C)C)C6=O)C(=O)N(c1c(C(C)C)cccc1C(C)C)C2=O,58,66,9,758.918
C#Cc1cc2c3c(ccc4c5c(C#C)cc6c7c(ccc(c1c34)c75)C(=O)N(CCCCCC)C6=O)C(=O)N(CCCCCC)C2=O,46,52,7,606.7220000000003
CC(C)c1cccc(C(C)C)c1N1C(=O)c2ccc3c4c(C#Cc5ccccc5)cc5c6c(ccc(c7c(C#Cc8ccccc8)cc(c2c37)C1=O)c64)C(=O)N(c1c(C(C)C)cccc1C(C)C)C5=O,70,80,11,911.1139999999999
CC(C(=O)OCCCCCCCCCCS)N1C(=O)c2ccc3c4ccc5c6c(ccc(c7ccc(c2c37)C1=O)c64)C(=O)N(C(C)C(=O)OCCCCCCCCCCS)C5=O,62,68,7,879.1539999999995
O=C1c2ccc3c4ccc5c6c(ccc(c7ccc(c2c37)C(=O)N1CCOC1OC(CO)C(OC2OC(CO)C(O)C(O)C2O)C(O)C1O)c64)C(=O)N(CCOC1OC(CO)C(OC2OC(CO)C(O)C(O)C2O)C(O)C1O)C5=O,80,90,11,1127.024000000001
C=C(C)C(=O)OCC(CC(C)C)N1C(=O)c2ccc3c4ccc5c6c(ccc(c7ccc(c2c37)C1=O)c64)C(=O)N(C(COC(=O)C(=C)C)CC(C)C)C5=O,54,60,7,726.8259999999999
O=C(O)CN1C(=O)c2ccc3c4c(N5CCCC5)cc5c6c(ccc(c7c(N8CCCC8)cc(c2c37)C1=O)c64)C(=O)N(CC(=O)O)C5=O,48,56,9,644.6400000000003
CN1C(=O)c2ccc3c4c(N5CCSCC5)cc5c6c(ccc(c7c(N8CCSCC8)cc(c2c37)C1=O)c64)C(=O)N(C)C5=O,44,52,9,620.7560000000001
CON1C(=O)c2ccc3c4ccc5c6c(ccc(c7ccc(c2c37)C1=O)c64)C(=O)N(OC)C5=O,34,40,7,450.40600000000023
CCC(C)CN1C(=O)c2ccc3c4ccc5c6c(ccc(c7ccc(c2c37)C1=O)c64)C(=O)N(CC(C)CC)C5=O,40,46,7,530.6240000000004
CC(C)(C)c1ccccc1N1C(=O)c2ccc3c4ccc5c6c(ccc(c7ccc(c2c37)C1=O)c64)C(=O)N(c1ccccc1C(C)(C)C)C5=O,50,58,9,654.7660000000002
CC1CCCCC1N1C(=O)c2ccc3c4ccc5c6c(ccc(c7ccc(c2c37)C1=O)c64)C(=O)N(C1CCCCC1C)C5=O,44,52,9,582.7000000000003
CCOC(CN1C(=O)c2ccc3c4ccc5c6c(ccc(c7ccc(c2c37)C1=O)c64)C(=O)N(CC(OCC)OCC)C5=O)OCC,46,52,7,622.6740000000002
CCCCCSC(CN1C(=O)c2ccc3c4ccc5c6c(ccc(c7ccc(c2c37)C1=O)c64)C(=O)N(CC(SCCCCC)SCCCCC)C5=O)SCCCCC,58,64,7,855.2699999999994
O=C(O)c1ccccc1N1C(=O)c2ccc3c4ccc5c6c(ccc(c7ccc(c2c37)C1=O)c64)C(=O)N(c1ccccc1C(=O)O)C5=O,48,56,9,630.5680000000003
C#Cc1ccc(Oc2cc3c4c(ccc5c6c(Oc7ccc(C#C)cc7)cc7c8c(ccc(c2c45)c86)C(=O)N(c2c(C(C)C)cccc2C(C)C)C7=O)C(=O)N(c2c(C(C)C)cccc2C(C)C)C3=O)cc1,72,82,11,943.112
CC(C)CCCC(C)N1C(=O)c2ccc3c4ccc5c6c(ccc(c7ccc(c2c37)C1=O)c64)C(=O)N(C(C)CCCC(C)C)C5=O,46,52,7,614.7860000000001
CCCc1cccc(CCC)c1N1C(=O)c2ccc3c4c(N5CCCCC5)cc5c6c(cc(N7CCCCC7)c(c7ccc(c2c37)C1=O)c64)C(=O)N(c1c(CCC)cccc1CCC)C5=O,66,76,11,877.141999999999
CCCCCCN1C(=O)c2ccc3c4c(N5CCCCC5)cc5c6c(ccc(c7c(N8CCCCC8)cc(c2c37)C1=O)c64)C(=O)N(CCCCCC)C5=O,54,62,9,724.9459999999996
CCCc1cccc(CCC)c1N1C(=O)c2ccc3c4c(N5CCCCC5)cc5c6c(ccc(c7c(N8CCCCC8)cc(c2c37)C1=O)c64)C(=O)N(c1c(CCC)cccc1CCC)C5=O,66,76,11,877.141999999999
CCCCCCN1C(=O)c2ccc3c4c(N5CCCCC5)cc5c6c(cc(N7CCCCC7)c(c7ccc(c2c37)C1=O)c64)C(=O)N(CCCCCC)C5=O,54,62,9,724.9459999999997
CCCCN1C(=O)c2ccc3c4c(N5CCCCC5)cc5c6c(cc(N7CCCCC7)c(c7ccc(c2c37)C1=O)c64)C(=O)N(CCCC)C5=O,50,58,9,668.8379999999997
O=C(O)CCCCCCCCCCCN1C(=O)c2ccc3c4ccc5c6c(ccc(c7ccc(c2c37)C1=O)c64)C(=O)N(CCCCCCCCCCCC(=O)O)C5=O,58,64,7,786.9659999999998
CCCCCCCCC=CCCCCCCCCN1C(=O)c2ccc3c4ccc5c6c(ccc(c7ccc(c2c37)C1=O)c64)C(=O)N(CCCCCCCCC=CCCCCCCCC)C5=O,66,72,7,891.2939999999991
CCCOCN1C(=O)c2ccc3c4ccc5c6c(ccc(c7ccc(c2c37)C1=O)c64)C(=O)N(COCCC)C5=O,40,46,7,534.5680000000004
CCCCCCCCCCCN1C(=O)c2ccc3c4ccc5c6c(ccc(c7ccc(c2c37)C1=O)c64)C(=O)N(CCCCCCCCCCC)C5=O,52,58,7,698.9479999999995
CC(C)c1cccc(C(C)C)c1N1C(=O)c2ccc3c4ccc5c6c(cc(Oc7ccccc7)c(c7ccc(c2c37)C1=O)c64)C(=O)N(c1c(C(C)C)cccc1C(C)C)C5=O,61,70,10,802.9710000000001
CC(C)c1cccc(C(C)C)c1N1C(=O)c2ccc3c4ccc5c6c(cc(Oc7ccc(C(C)(C)C)cc7)c(c7ccc(c2c37)C1=O)c64)C(=O)N(c1c(C(C)C)cccc1C(C)C)C5=O,65,74,10,859.079
CC(C)c1cccc(C(C)C)c1N1C(=O)c2ccc3c4ccc5c6c(cc(Oc7ccc(C(C)(C)CC(C)(C)C)cc7)c(c7ccc(c2c37)C1=O)c64)C(=O)N(c1c(C(C)C)cccc1C(C)C)C5=O,69,78,10,915.1869999999998
CCCCCCC(CCCCCC)N1C(=O)c2c(-c3cccs3)cc3c4cc(-c5cccs5)c5c6c(c(-c7cccs7)cc(c7cc(-c8cccs8)c(c2c37)C1=O)c64)C(=O)N(C(CCCCCC)CCCCCC)C5=O,76,86,11,1083.5639999999996
CC(C)(C)N1C(=O)c2ccc3c4ccc5c6c(cc(-c7ccc(C=O)cc7)c(c7ccc(c2c37)C1=O)c64)C(=O)N(C(C)(C)C)C5=O,46,53,8,606.6780000000003
CC(C)(C)N1C(=O)c2ccc3c4c(-c5ccc(C=O)cc5)cc5c6c(ccc(c7c(-c8ccc(C=O)cc8)cc(c2c37)C1=O)c64)C(=O)N(C(C)(C)C)C5=O,54,62,9,710.7860000000004
O=C(O)CC(C(=O)O)N1C(=O)c2ccc3c4ccc5c6c(ccc(c7ccc(c2c37)C1=O)c64)C(=O)N(C(CC(=O)O)C(=O)O)C5=O,46,52,7,622.4980000000004
C#Cc1cc2c3c(ccc4c5c(C#C)cc6c7c(ccc(c1c34)c75)C(=O)N(C(CCCCC)CCCCC)C6=O)C(=O)N(C(CCCCC)CCCCC)C2=O,56,62,7,746.9919999999996
CCCCCCCCCCCCN1C(=O)c2ccc3c4c(C#N)cc5c6c(ccc(c7c(C#N)cc(c2c37)C1=O)c64)C(=O)N(CCCCCCCCCCCC)C5=O,58,64,7,777.0219999999994
CCC(CC)N1C(=O)c2c(-c3ccc(C#N)cc3)cc3c4cc(-c5ccc(C#N)cc5)c5c6c(c(-c7ccc(C#N)cc7)cc(c7cc(-c8ccc(C#N)cc8)c(c2c37)C1=O)c64)C(=O)N(C(CC)CC)C5=O,72,82,11,935.0559999999997
CCCCCCOC(=O)CCCN1C(=O)c2ccc3c4ccc5c6c(ccc(c7ccc(c2c37)C1=O)c64)C(=O)N(CCCC(=O)OCCCCCC)C5=O,54,60,7,730.8579999999997
CCCCCCCCOC(=O)CCCN1C(=O)c2ccc3c4ccc5c6c(ccc(c7ccc(c2c37)C1=O)c64)C(=O)N(CCCC(=O)OCCCCCCCC)C5=O,58,64,7,786.9659999999994
CCCCOC(=O)CCCN1C(=O)c2ccc3c4ccc5c6c(ccc(c7ccc(c2c37)C1=O)c64)C(=O)N(CCCC(=O)OCCCC)C5=O,50,56,7,674.7499999999999
CCCCCCCCCCOC(=O)CCCN1C(=O)c2ccc3c4ccc5c6c(ccc(c7ccc(c2c37)C1=O)c64)C(=O)N(CCCC(=O)OCCCCCCCCCC)C5=O,62,68,7,843.0739999999994
CCCCCCCCCCCCCCCCOC(=O)CCCN1C(=O)c2ccc3c4ccc5c6c(ccc(c7ccc(c2c37)C1=O)c64)C(=O)N(CCCC(=O)OCCCCCCCCCCCCCCCC)C5=O,74,80,7,1011.3979999999989
CCCCCCCCCCCCOC(=O)CCCN1C(=O)c2ccc3c4ccc5c6c(ccc(c7ccc(c2c37)C1=O)c64)C(=O)N(CCCC(=O)OCCCCCCCCCCCC)C5=O,66,72,7,899.1819999999992
CCCCCCCCCCCCCCOC(=O)CCCN1C(=O)c2ccc3c4ccc5c6c(ccc(c7ccc(c2c37)C1=O)c64)C(=O)N(CCCC(=O)OCCCCCCCCCCCCCC)C5=O,70,76,7,955.289999999999
CCCCCCCCN1C(=O)c2ccc3c4c(-c5ccc(C#Cc6ccccc6)cc5)cc5c6c(cc(-c7ccc(C#Cc8ccccc8)cc7)c(c7ccc(c2c37)C1=O)c64)C(=O)N(CCCCCCCC)C5=O,74,84,11,967.2219999999996
O=C1c2ccc3c4c5cc6c7c(ccc(c8c(cc(c2c38)C(=O)N1C1CCCCC1)Oc1cccc(c1)OCCOCCOCCOc1cccc(c1)O5)c74)C(=O)N(C1CCCCC1)C6=O,66,77,13,884.9820000000001
O=C1c2ccc3c4c5cc6c7c(ccc(c8c(cc(c2c38)C(=O)N1C1CCCCC1)Oc1cccc(c1)OCCOCCOCCOCCOc1cccc(c1)O5)c74)C(=O)N(C1CCCCC1)C6=O,69,80,13,929.035
[N-]=[N+]=NCCOCCN1C(=O)c2ccc3c4ccc5c6c(ccc(c7ccc(c2c37)C1=O)c64)C(=O)N(CCOCCN=[N+]=[N-])C5=O,46,52,7,616.5939999999999
Cc1cc(N2C(=O)c3ccc4c5ccc6c7c(ccc(c8ccc(c3c48)C2=O)c75)C(=O)N(c2cc(C)c(N)cc2C)C6=O)c(C)cc1N,48,56,9,628.688
C[NH+](C)CC(C)(C)CN1C(=O)c2ccc3c4ccc5c6c(ccc(c7ccc(c2c37)C1=O)c64)C(=O)N(CC(C)(C)C[NH+](C)C)C5=O,46,52,7,618.7780000000001
O=C1c2ccc3c4ccc5c6c(ccc(c7ccc(c2c37)C(=O)N1CS)c64)C(=O)N(CS)C5=O,34,40,7,482.5420000000002
C=CCN1C(=O)c2ccc3c4c(-c5ccc(C(C)(C)C)cc5)cc5c6c(ccc(c7c(-c8ccc(C(C)(C)C)cc8)cc(c2c37)C1=O)c64)C(=O)N(CC=C)C5=O,56,64,9,734.896
Cc1cn(C2CC(O)C(CN3C(=O)c4ccc5c6ccc7c8c(ccc(c9ccc(c4c59)C3=O)c86)C(=O)N(CC3OC(n4cc(C)c(=O)[nH]c4=O)CC3O)C7=O)O2)c(=O)[nH]c1=O,62,72,11,838.7860000000002
O=C1c2ccc3c4ccc5c6c(ccc(c7ccc(c2c37)C(=O)N1c1ccc([S-])cc1)c64)C(=O)N(c1ccc([S-])cc1)C5=O,44,52,9,604.6680000000003
CC[NH+](CC)CCN1C(=O)c2ccc3c4c(N5CCCCC5)cc5c6c(ccc(c7c(N8CCCCC8)cc(c2c37)C1=O)c64)C(=O)N(CC[NH+](CC)CC)C5=O,56,64,9,756.9919999999994
CCN(CC)CCN1C(=O)c2ccc3c4c(N5CCCCC5)cc5c6c(ccc(c7c(N8CCCCC8)cc(c2c37)C1=O)c64)C(=O)N(CCN(CC)CC)C5=O,56,64,9,754.9759999999993
O=C([O-])CN1C(=O)c2ccc3c4ccc5c6c(ccc(c7ccc(c2c37)C1=O)c64)C(=O)N(CC(=O)[O-])C5=O,38,44,7,504.41000000000037
CC(C)C(C(=O)[O-])N1C(=O)c2ccc3c4ccc5c6c(ccc(c7ccc(c2c37)C1=O)c64)C(=O)N(C(C(=O)[O-])C(C)C)C5=O,44,50,7,588.5720000000002
CC(C)C(C(=O)O)N1C(=O)c2ccc3c4ccc5c6c(ccc(c7ccc(c2c37)C1=O)c64)C(=O)N(C(C(=O)O)C(C)C)C5=O,44,50,7,590.5880000000003
CC(C)CC(C(=O)[O-])N1C(=O)c2ccc3c4ccc5c6c(ccc(c7ccc(c2c37)C1=O)c64)C(=O)N(C(CC(C)C)C(=O)[O-])C5=O,46,52,7,616.6260000000002
CN(C)CCCCCCCCCCCCN1C(=O)c2ccc3c4ccc5c6c(ccc(c7ccc(c2c37)C1=O)c64)C(=O)N(CCCCCCCCCCCCN(C)C)C5=O,60,66,7,813.1399999999992
Cc1ccc(N2C(=O)c3ccc4c5ccc6c7c(ccc(c8ccc(c3c48)C2=O)c75)C(=O)N(c2ccc(C)cc2C)C6=O)c(C)c1,46,54,9,598.6580000000002
CC(C)c1cccc(C(C)C)c1N1C(=O)c2ccc3c4c2c(ccc4c2c4ccccc4c4c5c(c6ccccc6c3c52)C(=O)N(c2c(C(C)C)cccc2C(C)C)C4=O)C1=O,62,72,11,810.994
CC(C)c1cccc(C(C)C)c1N1C(=O)c2ccc3c4ccc5c6c(c7ccccc7c(c64)c4c6ccccc6c(c2c34)C1=O)C(=O)N(c1c(C(C)C)cccc1C(C)C)C5=O,62,72,11,810.994
CCCCCCN1C(=O)c2ccc3c4c2c(ccc4c2c4ccccc4c4c5c(c6ccccc6c3c52)C(=O)N(CCCCCC)C4=O)C1=O,50,58,9,658.7979999999999
O=C1c2ccc3c4c2c(ccc4c2c4ccccc4c4c5c(c6ccccc6c3c52)C(=O)N(CCO)C4=O)C(=O)N1CCO,44,52,9,578.5800000000003
O=C(O)C(Cc1ccc(O)c(O)c1)N1C(=O)c2ccc3c4ccc5c6c(ccc(c7ccc(c2c37)C1=O)c64)C(=O)N(C(Cc1ccc(O)c(O)c1)C(=O)O)C5=O,56,64,9,750.6720000000005
CCCCCCCCCCC(CCCCCC)N1C(=O)c2ccc3c4ccc5c6c(ccc(c7ccc(c2c37)C1=O)c64)C(=O)N(C(CCCCCC)CCCCCCCCCC)C5=O,64,70,7,867.2719999999993
NCCCN1CCN(CCCN2C(=O)c3ccc4c5ccc6c7c(ccc(c8ccc(c3c48)C2=O)c75)C(=O)N(CCCN2CCN(CCCN)CC2)C6=O)CC1,56,64,9,756.9519999999993
O=C(NCCCCC(C(=O)NN=Cc1ccccc1)N1C(=O)c2ccc3c4ccc5c6c(ccc(c7ccc(c2c37)C1=O)c64)C(=O)N(C(CCCCNC(=O)C1CSSC1)C(=O)NN=Cc1ccccc1)C5=O)C1CSSC1,78,88,11,1117.3699999999994
NCCN(CCN)CCN1C(=O)c2ccc3c4ccc5c6c(ccc(c7ccc(c2c37)C1=O)c64)C(=O)N(CCN(CCN)CCN)C5=O,48,54,7,648.7679999999998
CCCCN1C(=O)c2ccc3c4c(Oc5ccc(OC)cc5)cc5c6c(ccc(c7c(Oc8ccc(OC)cc8)cc(c2c37)C1=O)c64)C(=O)N(CCCC)C5=O,56,64,9,746.8160000000004
CCCCN1C(=O)c2ccc3c4c(Oc5ccc(C(C)(C)C)cc5C(C)(C)C)cc5c6c(ccc(c7c(Oc8ccc(C(C)(C)C)cc8C(C)(C)C)cc(c2c37)C1=O)c64)C(=O)N(CCCC)C5=O,68,76,9,911.1959999999998
CCCCN1C(=O)c2ccc3c4c(N5CCCC5)cc5c6c(ccc(c7c(N8CCCC8)cc(c2c37)C1=O)c64)C(=O)N(CCCC)C5=O,48,56,9,640.7839999999999
O=C(O)C(Cc1ccccc1)N1C(=O)c2ccc3c4ccc5c6c(ccc(c7ccc(c2c37)C1=O)c64)C(=O)N(C(Cc1ccccc1)C(=O)O)C5=O,52,60,9,686.6760000000003
O=C1c2ccc3c4ccc5c6c(ccc(c7ccc(c2c37)C(=O)N1c1ccc(OC2OC(CO)C(O)C(O)C2O)cc1)c64)C(=O)N(c1ccc(OC2OC(CO)C(O)C(O)C2O)cc1)C5=O,66,76,11,898.8300000000008
CC(C)c1cccc(C(C)C)c1N1C(=O)c2ccc3c4c(-c5ccc(C#N)cc5)cc5c6c(ccc(c7c(-c8ccc(C#N)cc8)cc(c2c37)C1=O)c64)C(=O)N(c1c(C(C)C)cccc1C(C)C)C5=O,70,80,11,913.0899999999998
CC(C)c1cccc(C(C)C)c1N1C(=O)c2ccc3c4c(-c5cccc(C#N)c5)cc5c6c(ccc(c7c(-c8cccc(C#N)c8)cc(c2c37)C1=O)c64)C(=O)N(c1c(C(C)C)cccc1C(C)C)C5=O,70,80,11,913.0899999999998
CCCCCCCCN1C(=O)c2cc(-c3ccccc3)c3c4c(-c5ccccc5)cc5c6c(cc(-c7ccccc7)c(c7c(-c8ccccc8)cc(c2c37)C1=O)c64)C(=O)N(CCCCCCCC)C5=O,70,80,11,919.1779999999998
CCCCCCCCN1C(=O)c2ccc3c4c(-c5cccc(C#N)c5)cc5c6c(ccc(c7c(-c8cccc(C#N)c8)cc(c2c37)C1=O)c64)C(=O)N(CCCCCCCC)C5=O,62,70,9,817.0019999999998
CCCCCCSc1cc2c3c(ccc4c5c(SCCCCCC)cc6c7c(ccc(c1c34)c75)C(=O)NC6=O)C(=O)NC2=O,44,50,7,622.8120000000004
CC(C)CCCC(C)CCN1C(=O)c2ccc3c4c(C#N)cc5c6c(ccc(c7c(C#N)cc(c2c37)C1=O)c64)C(=O)N(CCC(C)CCCC(C)C)C5=O,54,60,7,720.9139999999998
CN(C)C(Cc1ccccc1)CN1C(=O)c2ccc3c4ccc5c6c(ccc(c7ccc(c2c37)C1=O)c64)C(=O)N(CC(Cc1ccccc1)N(C)C)C5=O,54,62,9,712.85
C[N+](C)(C)C(Cc1ccccc1)CN1C(=O)c2ccc3c4ccc5c6c(ccc(c7ccc(c2c37)C1=O)c64)C(=O)N(CC(Cc1ccccc1)[N+](C)(C)C)C5=O,56,64,9,742.92
CCCCCCCCCCCCCCCCN1C(=O)c2ccc3c4ccc5c6c(ccc(c7ccc(c2c37)C1=O)c64)C(=O)N(CCCCCCCCCCCCCCCC)C5=O,62,68,7,839.2179999999992
CCCCCCCCCCCC[N+](C)(C)CCCN1C(=O)c2ccc3c4ccc5c6c(ccc(c7ccc(c2c37)C1=O)c64)C(=O)N(CCC[N+](C)(C)CCCCCCCCCCCC)C5=O,66,72,7,899.3179999999991
CCCCCCCCCCCCCCCC[N+](C)(C)CCCN1C(=O)c2ccc3c4ccc5c6c(ccc(c7ccc(c2c37)C1=O)c64)C(=O)N(CCC[N+](C)(C)CCCCCCCCCCCCCCCC)C5=O,74,80,7,1011.5339999999987
O=C(O)CCN1C(=O)c2ccc3c4ccc5c6c(ccc(c7ccc(c2c37)C1=O)c64)C(=O)N(CCC(=O)O)C5=O,40,46,7,534.4800000000005
NCCCCCCCCCCCCN1C(=O)c2ccc3c4ccc5c6c(ccc(c7ccc(c2c37)C1=O)c64)C(=O)N(CCCCCCCCCCCCN)C5=O,56,62,7,757.0319999999996
CN(C)CCCOc1cc2c3c(ccc4c5c(OCCCN(C)C)cc6c7c(ccc(c1c34)c75)C(=O)N(CCCN(C)C)C6=O)C(=O)N(CCCN(C)C)C2=O,56,62,7,762.9519999999998
NCCNC(=O)CCN(CCC(=O)NCCN)CCN1C(=O)c2ccc3c4ccc5c6c(ccc(c7ccc(c2c37)C1=O)c64)C(=O)N(CCN(CCC(=O)NCCN)CCC(=O)NCCN)C5=O,68,74,7,933.0839999999992
CC(C)N1C(=O)c2cc(Oc3ccc(C(C)(C)C)cc3)c3c4c(Oc5ccc(C(C)(C)C)cc5)cc5c6c(cc(Oc7ccc(C(C)(C)C)cc7)c(c7c(Oc8ccc(C(C)(C)C)cc8)cc(c2c37)C1=O)c64)C(=O)N(C(C)C)C5=O,80,90,11,1067.3359999999993
CCCCC#Cc1cc2c3c(ccc4c5c(C#CCCCC)cc6c7c(ccc(c1c34)c75)C(=O)N(C(CC)CC)C6=O)C(=O)N(C(CC)CC)C2=O,52,58,7,690.8840000000002
CCCCCCc1cc2c3c(ccc4c5c(CCCCCC)cc6c7c(ccc(c1c34)c75)C(=O)N(C(CC)CC)C6=O)C(=O)N(C(CC)CC)C2=O,52,58,7,698.9480000000003
CCCCCCc1cc2c3c(cc(CCCCCC)c4c5ccc6c7c(ccc(c1c34)c75)C(=O)N(C(CC)CC)C6=O)C(=O)N(C(CC)CC)C2=O,52,58,7,698.9479999999999
CC(C)c1cccc(C(C)C)c1N1C(=O)c2ccc3c4ccc5c6c(cc(-c7ccc8cc9ccccc9cc8c7)c(c7ccc(c2c37)C1=O)c64)C(=O)N(c1c(C(C)C)cccc1C(C)C)C5=O,68,79,12,887.092
CCOCCN1C(=O)c2ccc3c4ccc5c6c(ccc(c7ccc(c2c37)C1=O)c64)C(=O)N(CCOCC)C5=O,40,46,7,534.5680000000004
CC(CN1C(=O)c2ccc3c4ccc5c6c(ccc(c7ccc(c2c37)C1=O)c64)C(=O)N(CC(C)c1ccccc1)C5=O)c1ccccc1,48,56,9,626.7120000000003
CC(C)(C)OC(=O)NCCCCN1C(=O)c2ccc3c4ccc5c6c(ccc(c7ccc(c2c37)C1=O)c64)C(=O)N(CCCCNC(=O)OC(C)(C)C)C5=O,54,60,7,732.8339999999998
COC(=O)CN(CCCCN1C(=O)c2ccc3c4ccc5c6c(ccc(c7ccc(c2c37)C1=O)c64)C(=O)N(CCCCN(CC(=O)OC)CC(=O)OC)C5=O)CC(=O)OC,60,66,7,820.8519999999997
O=C1c2ccc3c4c(S(=O)(=O)O)cc5c6c(ccc(c7c(S(=O)(=O)O)cc(c2c37)C(=O)N1c1ccc2cc(S(=O)(=O)O)ccc2c1)c64)C(=O)N(c1ccc2cc(S(=O)(=O)O)ccc2c1)C5=O,66,76,11,962.9260000000005
CC(C)(C)c1ccc(Oc2cc3c4c(cc(Oc5ccc(C(C)(C)C)cc5)c5c6c(Oc7ccc(C(C)(C)C)cc7)cc7c8c(cc(Oc9ccc(C(C)(C)C)cc9)c(c2c45)c86)C(=O)N(CCO)C7=O)C(=O)N(CCO)C3=O)cc1,80,90,11,1071.2799999999993
O=C(O)C(C(=O)O)N1C(=O)c2ccc3c4ccc5c6c(ccc(c7ccc(c2c37)C1=O)c64)C(=O)N(C(C(=O)O)C(=O)O)C5=O,44,50,7,594.4440000000004
CCCC#Cc1cc2c3c(ccc4c5c(C#CCCC)cc6c7c(ccc(c1c34)c75)C(=O)N(CCCCCCCC)C6=O)C(=O)N(CCCCCCCC)C2=O,56,62,7,746.9919999999996
O=C1c2ccc3c4c([N+](=O)[O-])cc5c6c(ccc(c7c([N+](=O)[O-])cc(c2c37)C(=O)N1C1CCCCC1)c64)C(=O)N(C1CCCCC1)C5=O,48,56,9,644.6400000000004
CCCCCCCCN1C(=O)c2ccc3c4c([N+](=O)[O-])cc5c6c(ccc(c7c([N+](=O)[O-])cc(c2c37)C1=O)c64)C(=O)N(CCCCCCCC)C5=O,52,58,7,704.7800000000001
Nc1ccc(N2C(=O)c3ccc4c5c(-c6ccc([N+](=O)[O-])cc6)cc6c7c(ccc(c8c(-c9ccc([N+](=O)[O-])cc9)cc(c3c48)C2=O)c75)C(=O)N(c2ccc(N)cc2)C6=O)cc1,62,72,11,814.7699999999999
COCCOCCOc1cc(CCN2C(=O)c3ccc4c5ccc6c7c(ccc(c8ccc(c3c48)C2=O)c75)C(=O)N(CCc2cc(OCCOCCOC)cc(OCCOCCOC)c2)C6=O)cc(OCCOCCOC)c1,78,86,9,1071.1859999999995
CCCCOCCOCCOCCCN1C(=O)c2ccc3c4ccc5c6c(ccc(c7ccc(c2c37)C1=O)c64)C(=O)N(CCCOCCOCCOCCCC)C5=O,58,64,7,794.9419999999996
COCCOCCOCCOCCCN1C(=O)c2ccc3c4ccc5c6c(ccc(c7ccc(c2c37)C1=O)c64)C(=O)N(CCCOCCOCCOCCOC)C5=O,58,64,7,798.8859999999996
COCCOCCOCCCN1C(=O)c2ccc3c4ccc5c6c(ccc(c7ccc(c2c37)C1=O)c64)C(=O)N(CCCOCCOCCOC)C5=O,52,58,7,710.7799999999999
CC(C)c1cc(-c2ccc(C=O)cc2)cc(C(C)C)c1N1C(=O)c2ccc3c4ccc5c6c(ccc(c7ccc(c2c37)C1=O)c64)C(=O)N(c1c(C(C)C)cc(-c2ccc(C=O)cc2)cc1C(C)C)C5=O,70,80,11,919.09
CC(C)c1cc(-c2ccncc2)cc(C(C)C)c1N1C(=O)c2ccc3c4ccc5c6c(ccc(c7ccc(c2c37)C1=O)c64)C(=O)N(c1c(C(C)C)cc(-c2ccncc2)cc1C(C)C)C5=O,66,76,11,865.0459999999999
CCCCN1C(=O)c2ccc3c4c(Oc5ccc(C(C)(C)C)cc5)cc5c6c(ccc(c7c(Oc8ccc(C(C)(C)C)cc8)cc(c2c37)C1=O)c64)C(=O)N(CCCC)C5=O,60,68,9,798.9800000000001
O=C(O)CC(C(=O)O)N1C(=O)c2ccc3c4ccc5c6c(ccc(c7ccc(c2c37)C1=O)c64)C(=O)N(C(CC(=O)O)C(=O)O)C5=O,46,52,7,622.4980000000004
C=Cc1ccc(COC(=O)C(CC(C)C)N2C(=O)c3ccc4c5ccc6c7c(ccc(c8ccc(c3c48)C2=O)c75)C(=O)N(C(CC(C)C)C(=O)OCc2ccc(C=C)cc2)C6=O)cc1,64,72,9,850.968
C#Cc1cc2c3c(ccc4c5c(OCC)cc6c7c(ccc(c1c34)c75)C(=O)N(C(C)C)C6=O)C(=O)N(C(C)C)C2=O,41,47,7,542.5910000000002
CCCCCCCCCCC(CCCCCCCC)CON1C(=O)c2ccc3c4ccc5c6c(ccc(c7ccc(c2c37)C1=O)c64)C(=O)N(OCC(CCCCCCCC)CCCCCCCCCC)C5=O,72,78,7,983.4319999999989
CCCCC(CC)CN1C(=O)c2ccc3c4c(OCCOC)cc5c6c(ccc(c7c(OCCOC)cc(c2c37)C1=O)c64)C(=O)N(CC(CC)CCCC)C5=O,56,62,7,762.9439999999997
CCCCC(CC)CN1C(=O)c2ccc3c4c(OCCOC)cc5c6c(cc(OCCOC)c(c7ccc(c2c37)C1=O)c64)C(=O)N(CC(CC)CCCC)C5=O,56,62,7,762.9439999999998
CCCCCCCCN1C(=O)c2ccc3c4c(Oc5ccc(C(C)(C)C)cc5)cc5c6c(ccc(c7c(Oc8ccc(C(C)(C)C)cc8)cc(c2c37)C1=O)c64)C(=O)N(CCCCCCCC)C5=O,68,76,9,911.1959999999998
COCCOCC(COCCOC)OCCCN1C(=O)c2ccc3c4ccc5c6c(ccc(c7ccc(c2c37)C1=O)c64)C(=O)N(CCCOC(COCCOC)COCCOC)C5=O,64,70,7,886.9919999999996
C=CCOCC(COCC=C)(COCC=C)COCCCN1C(=O)c2ccc3c4ccc5c6c(ccc(c7ccc(c2c37)C1=O)c64)C(=O)N(CCCOCC(COCC=C)(COCC=C)COCC=C)C5=O,72,78,7,983.1679999999991
C=CCOCC(COCC=C)(COCC=C)C(=O)NCCN1C(=O)c2ccc3c4ccc5c6c(ccc(c7ccc(c2c37)C1=O)c64)C(=O)N(CCNC(=O)C(COCC=C)(COCC=C)COCC=C)C5=O,72,78,7,981.1119999999994
O=C1c2ccc3c4c([N+](=O)[O-])cc5c6c(cc([N+](=O)[O-])c(c7ccc(c2c37)C(=O)N1C1CCCCC1)c64)C(=O)N(C1CCCCC1)C5=O,48,56,9,644.6400000000004
CC(C)(CNC(=O)c1ccccc1)CN1C(=O)c2ccc3c4ccc5c6c(ccc(c7ccc(c2c37)C1=O)c64)C(=O)N(CC(C)(C)CNC(=O)c1ccccc1)C5=O,58,66,9,768.87
O=C(O)c1cc(C(=O)O)cc(N2C(=O)c3ccc4c5c(N6CCCC6)cc6c7c(ccc(c8c(N9CCCC9)cc(c3c48)C2=O)c75)C(=O)N(c2cc(C(=O)O)cc(C(=O)O)c2)C6=O)c1,64,74,11,856.8000000000001
COc1cc(C#Cc2cc3c4c(ccc5c6ccc7c8c(ccc(c2c45)c86)C(=O)N(C(C(C)C)C(C)C)C7=O)C(=O)N(C(C(C)C)C(C)C)C3=O)cc(OC)c1,56,63,8,746.9040000000001
CC(C)C(C(C)C)N1C(=O)c2ccc3c4ccc5c6c(cc(C#Cc7ccc(N(C)C)cc7)c(c7ccc(c2c37)C1=O)c64)C(=O)N(C(C(C)C)C(C)C)C5=O,55,62,8,729.921
C[N+](C)(C)CCCCN1C(=O)c2ccc3c4ccc5c6c(ccc(c7ccc(c2c37)C1=O)c64)C(=O)N(CCCC[N+](C)(C)C)C5=O,46,52,7,618.778
C[N+](C)(C)CCCCCCN1C(=O)c2ccc3c4ccc5c6c(ccc(c7ccc(c2c37)C1=O)c64)C(=O)N(CCCCCC[N+](C)(C)C)C5=O,50,56,7,674.8859999999997
NCCCCCCN1C(=O)c2ccc3c4c(OCCCN)cc5c6c(ccc(c7c(OCCCN)cc(c2c37)C1=O)c64)C(=O)N(CCCCCCN)C5=O,54,60,7,734.8979999999997
CC(ON(C(c1ccccc1)C(C)C)C(C)(C)C)c1ccc(CN2C(=O)c3ccc4c5ccc6c7c(ccc(c8ccc(c3c48)C2=O)c75)C(=O)N(Cc2ccc(C(C)ON(C(c3ccccc3)C(C)C)C(C)(C)C)cc2)C6=O)cc1,80,90,11,1065.3679999999997
CC(C)(C)c1cc(Oc2cc3c4c(ccc5c6c(Oc7cc(C(C)(C)C)cc(C(C)(C)C)c7)cc7c8c(ccc(c2c45)c86)C(=O)N(c2ccncc2)C7=O)C(=O)N(c2ccncc2)C3=O)cc(C(C)(C)C)c1,72,82,11,953.1519999999996
CCCCCCCC(CCCCCC)CN1C(=O)c2ccc3c4ccc5c6c(ccc(c7ccc(c2c37)C1=O)c64)C(=O)N(CC(CCCCCC)CCCCCCC)C5=O,60,66,7,811.1639999999993
CCCCCCCCc1cc2c3c(ccc4c5ccc6c7c(ccc(c1c34)c75)C(=O)N(c1c(C(C)C)cccc1C(C)C)C6=O)C(=O)N(c1c(C(C)C)cccc1C(C)C)C2=O,62,70,9,823.09
CCCCCCCCCCCCc1cc2c3c(ccc4c5ccc6c7c(ccc(c1c34)c75)C(=O)N(c1c(C(C)C)cccc1C(C)C)C6=O)C(=O)N(c1c(C(C)C)cccc1C(C)C)C2=O,66,74,9,879.198
CCCCCCCC(CCCCCC)CN1C(=O)c2ccc3c4ccc5c6c(cc(CCCCCC)c(c7ccc(c2c37)C1=O)c64)C(=O)N(CC(CCCCCC)CCCCCCC)C5=O,66,72,7,895.3259999999989
CCCCOCCOCCOCCc1cc2c3c(ccc4c5ccc6c7c(ccc(c1c34)c75)C(=O)N(c1c(C(C)C)cccc1C(C)C)C6=O)C(=O)N(c1c(C(C)C)cccc1C(C)C)C2=O,67,75,9,899.1409999999998
CCC(CC)N1C(=O)c2c(-c3ccc(OC)cc3)cc3c4cc(-c5ccc(OC)cc5)c5c6c(c(-c7ccc(OC)cc7)cc(c7cc(-c8ccc(OC)cc8)c(c2c37)C1=O)c64)C(=O)N(C(CC)CC)C5=O,72,82,11,955.12
CCC(CC)N1C(=O)c2c(-c3ccc(C)cc3)cc3c4cc(-c5ccc(C)cc5)c5c6c(c(-c7ccc(C)cc7)cc(c7cc(-c8ccc(C)cc8)c(c2c37)C1=O)c64)C(=O)N(C(CC)CC)C5=O,68,78,11,891.1239999999999
CCC(CC)N1C(=O)c2c(-c3ccc(N(C)C)cc3)cc3c4cc(-c5ccc(N(C)C)cc5)c5c6c(c(-c7ccc(N(C)C)cc7)cc(c7cc(-c8ccc(N(C)C)cc8)c(c2c37)C1=O)c64)C(=O)N(C(CC)CC)C5=O,76,86,11,1007.2919999999996
O=C1c2ccc3c4ccc5c6c(ccc(c7ccc(c2c37)C(=O)N1c1ccc(S(=O)(=O)[O-])cc1)c64)C(=O)N(c1ccc(S(=O)(=O)[O-])cc1)C5=O,50,58,9,700.6620000000005
O=C1c2ccc3c4ccc5c6c(ccc(c7ccc(c2c37)C(=O)N1N1CCCCC1)c64)C(=O)N(N1CCCCC1)C5=O,42,50,9,556.6220000000003
CCCCCCCCOCCCN1C(=O)c2ccc3c4ccc5c6c(ccc(c7ccc(c2c37)C1=O)c64)C(=O)N(CCCOCCCCCCCC)C5=O,54,60,7,730.9459999999996
CC(C)c1cccc(C(C)C)c1N1C(=O)c2ccc3c4c(-c5ccco5)cc5c6c(ccc(c7c(-c8ccco8)cc(c2c37)C1=O)c64)C(=O)N(c1c(C(C)C)cccc1C(C)C)C5=O,64,74,11,842.9920000000001
CC(C)c1cccc(C(C)C)c1N1C(=O)c2ccc3c4ccc5c6c(cc(-c7ccco7)c(c7ccc(c2c37)C1=O)c64)C(=O)N(c1c(C(C)C)cccc1C(C)C)C5=O,59,68,10,776.9330000000001
C[NH+](C)CCCN1C(=O)c2ccc3c4ccc5c6c(ccc(c7ccc(c2c37)C1=O)c64)C(=O)N(CCC[NH+](C)C)C5=O,42,48,7,562.6700000000003
O=C1c2ccc3c4ccc5c6c(ccc(c7ccc(c2c37)C(=O)N1CCCn1ccnc1)c64)C(=O)N(CCCn1ccnc1)C5=O,46,54,9,606.6420000000002
O=C1c2ccc3c4ccc5c6c(ccc(c7ccc(c2c37)C(=O)N1CCc1cccc2ccccc12)c64)C(=O)N(CCc1cccc2ccccc12)C5=O,54,64,11,698.778
O=C1c2ccc3c4ccc5c6c(ccc(c7ccc(c2c37)C(=O)N1CCc1ccsc1)c64)C(=O)N(CCc1ccsc1)C5=O,44,52,9,610.7160000000002
CCCCCCCCN1C(=O)c2ccc3c4ccc5c6c(cc(Oc7ccc(C8C=CC=C8)cc7)c(c7ccc(c2c37)C1=O)c64)C(=O)N(CCCCCCCC)C5=O,58,66,9,770.97
CCCCCCCCN1C(=O)c2ccc3c4c(Oc5ccc(C)cc5)cc5c6c(ccc(c7c(Oc8ccc(C)cc8)cc(c2c37)C1=O)c64)C(=O)N(CCCCCCCC)C5=O,62,70,9,827.034
CCCCCCCCN1C(=O)c2ccc3c4ccc5c6c(cc(Oc7ccc(C)cc7)c(c7ccc(c2c37)C1=O)c64)C(=O)N(CCCCCCCC)C5=O,54,61,8,720.91
Cc1c(C)c(N2C(=O)c3ccc4c5ccc6c7c(ccc(c8ccc(c3c48)C2=O)c75)C(=O)N(c2c(C)c(C)c(N=Cc3cccs3)c(C)c2C)C6=O)c(C)c(C)c1N=Cc1cccs1,64,74,11,873.0719999999999
CCCCCCCCCCCCCCCCCCOC(=O)C(C)N1C(=O)c2ccc3c4ccc5c6c(ccc(c7ccc(c2c37)C1=O)c64)C(=O)N(C(C)C(=O)OCCCCCCCCCCCCCCCCCC)C5=O,76,82,7,1039.4519999999986
CCCCCCCCN1C(=O)c2ccc3c4c(N5CCCC5)cc5c6c(ccc(c7c(N8CCCC8)cc(c2c37)C1=O)c64)C(=O)N(CCCCCCCC)C5=O,56,64,9,752.9999999999994
O=C1c2ccc3c4ccc5c6c(ccc(c7ccc(c2c37)C(=O)N1c1ccc(Oc2ccccc2)cc1)c64)C(=O)N(c1ccc(Oc2ccccc2)cc1)C5=O,56,66,11,726.7440000000003
CCCCCCCCN1C(=O)c2ccc3c4c(N5CCCCC5)cc5c6c(ccc(c7c(N8CCCCC8)cc(c2c37)C1=O)c64)C(=O)N(CCCCCCCC)C5=O,58,66,9,781.0539999999993
Cc1ccccc1Oc1cc2c3c(ccc4c5c(Oc6ccccc6C)cc6c7c(ccc(c1c34)c75)C(=O)N(C1CCCCC1)C6=O)C(=O)N(C1CCCCC1)C2=O,58,68,11,766.8939999999998
Cc1cccc(C)c1Oc1cc2c3c(ccc4c5c(Oc6c(C)cccc6C)cc6c7c(ccc(c1c34)c75)C(=O)N(C1CCCCC1)C6=O)C(=O)N(C1CCCCC1)C2=O,60,70,11,794.9479999999998
Cc1cc(-c2ccc(N3C(=O)c4ccc5c6ccc7c8c(ccc(c9ccc(c4c59)C3=O)c86)C(=O)N(c3ccc(-c4ccc(N)c(C)c4)cc3C)C7=O)c(C)c2)ccc1N,60,70,11,780.8839999999998
CCCCC#Cc1cc2c3c(ccc4c5c(C#CCCCC)cc6c7c(ccc(c1c34)c75)C(=O)N(C1CCCCC1)C6=O)C(=O)N(C1CCCCC1)C2=O,54,62,9,714.9060000000002
CCCCN1C(=O)c2cc(-c3ccccc3)c3c4c(-c5ccccc5)cc5c6c(cc(-c7ccccc7)c(c7c(-c8ccccc8)cc(c2c37)C1=O)c64)C(=O)N(CCCC)C5=O,62,72,11,806.962
CCCCCCCCN1C(=O)c2ccc3c4ccc5c6c(cc(C#N)c(c7c(C#N)cc(c2c37)C1=O)c64)C(=O)N(CCCCCCCC)C5=O,50,56,7,664.8059999999999
O=C1c2ccc3c4ccc5c6c(ccc(c7ccc(c2c37)C(=O)N1CC1C=CC=C1)c64)C(=O)N(CC1C=CC=C1)C5=O,42,50,9,546.5820000000003
O=C(Oc1ccc(N2C(=O)c3ccc4c5ccc6c7c(ccc(c8ccc(c3c48)C2=O)c75)C(=O)N(c2ccc(OC(=O)C3C=CC=C3)cc2)C6=O)cc1)C1C=CC=C1,58,68,11,758.7420000000003
O=C(OCCCCCCN1C(=O)c2ccc3c4ccc5c6c(ccc(c7ccc(c2c37)C1=O)c64)C(=O)N(CCCCCCOC(=O)C1C=CC=C1)C5=O)C1C=CC=C1,58,66,9,774.8699999999999
COCN1C(=O)c2ccc3c4ccc5c6c(ccc(c7ccc(c2c37)C1=O)c64)C(=O)N(COC)C5=O,36,42,7,478.4600000000003
CC(C)CC(C(=O)O)N1C(=O)c2ccc3c4ccc5c6c(ccc(c7ccc(c2c37)C1=O)c64)C(=O)N(C(CC(C)C)C(=O)O)C5=O,46,52,7,618.6420000000003
C=CCCCCCCCCCOC(=O)C(C)N1C(=O)c2ccc3c4ccc5c6c(ccc(c7ccc(c2c37)C1=O)c64)C(=O)N(C(C)C(=O)OCCCCCCCCCC=C)C5=O,62,68,7,839.0419999999995
C=CCCCCCCCCCOC(=O)C(CC(C)C)N1C(=O)c2ccc3c4ccc5c6c(ccc(c7ccc(c2c37)C1=O)c64)C(=O)N(C(CC(C)C)C(=O)OCCCCCCCCCC=C)C5=O,68,74,7,923.2039999999993
CCCCC(CC)COc1cc(CN2C(=O)c3ccc4c5ccc6c7c(ccc(c8ccc(c3c48)C2=O)c75)C(=O)N(Cc2cc(OCC(CC)CCCC)cc(OCC(CC)CCCC)c2)C6=O)cc(OCC(CC)CCCC)c1,80,88,9,1083.463999999999
NCCCn1cc[n+](CCCN2C(=O)c3ccc4c5ccc6c7c(ccc(c8ccc(c3c48)C2=O)c75)C(=O)N(CCC[n+]2ccn(CCCN)c2)C6=O)c1,54,62,9,722.8499999999997
CCCCN1C(=O)c2ccc3c4c(C(S)=CS)cc5c6c(ccc(c7c(C(S)=CS)cc(c2c37)C1=O)c64)C(=O)N(CCCC)C5=O,46,52,7,682.9140000000004
CCCCN1C(=O)c2ccc3c4c(C#CC5C=CC=C5)cc5c6c(ccc(c7c(C#CC8C=CC=C8)cc(c2c37)C1=O)c64)C(=O)N(CCCC)C5=O,52,60,9,678.7880000000004
CCCCN1C(=O)c2ccc3c4c(C5C=CC=C5)cc5c6c(cc(C7C=CC=C7)c(c7ccc(c2c37)C1=O)c64)C(=O)N(CCCC)C5=O,48,56,9,630.7440000000003
CCCCN1C(=O)c2ccc3c4c(C5C=CC=C5)cc5c6c(ccc(c7c(C8C=CC=C8)cc(c2c37)C1=O)c64)C(=O)N(CCCC)C5=O,48,56,9,630.7440000000004
CCC(CC)N1C(=O)c2ccc3c4ccc5c6c(cc(C#Cc7ccc8c(c7)c7ccccc7n8CC)c(c7ccc(c2c37)C1=O)c64)C(=O)N(C(CC)CC)C5=O,57,66,10,747.8950000000001
CCCCN1C(=O)c2ccc3c4ccc5c6c(cc(-c7ccc(C(=C(c8ccccc8)c8ccccc8)c8ccccc8)cc7)c(c7ccc(c2c37)C1=O)c64)C(=O)N(CCCC)C5=O,64,74,11,833.0000000000003
CCCCCCN1C(=O)c2ccc3c4ccc5c6c(c7nc(-c8ccccc8)[nH]c7c(c7ccc(c2c37)C1=O)c64)C(=O)N(CCCCCC)C5=O,51,59,9,674.8010000000004
CCCCCCCCCCCCOC(=O)C(C)N1C(=O)c2ccc3c4ccc5c6c(ccc(c7ccc(c2c37)C1=O)c64)C(=O)N(C(C)C(=O)OCCCCCCCCCCCC)C5=O,64,70,7,871.1279999999995
O=C1c2ccc3c4ccc5c6c(ccc(c7ccc(c2c37)C(=O)N1CCCS(=O)(=O)[O-])c64)C(=O)N(CCCS(=O)(=O)[O-])C5=O,44,50,7,632.6280000000003
O=C(CN1C(=O)c2ccc3c4ccc5c6c(ccc(c7ccc(c2c37)C1=O)c64)C(=O)N(CC(=O)NC(Cc1ccc(O)cc1)C(=O)O)C5=O)NC(Cc1ccc(O)cc1)C(=O)O,62,70,9,832.7780000000002
O=C(O)CC(NC(=O)CN1C(=O)c2ccc3c4ccc5c6c(ccc(c7ccc(c2c37)C1=O)c64)C(=O)N(CC(=O)NC(CC(=O)O)C(=O)O)C5=O)C(=O)O,54,60,7,736.6020000000002
CCCC(CC)CN1C(=O)c2ccc3c4c(-c5cc(C(C)(C)C)cc(C(C)(C)C)c5)cc5c6c(ccc(c7c(-c8cc(C(C)(C)C)cc(C(C)(C)C)c8)cc(c2c37)C1=O)c64)C(=O)N(CC(CC)CCC)C5=O,72,80,9,963.3599999999994
C[N+](C)(CCO)CCN1C(=O)c2ccc3c4ccc5c6c(ccc(c7ccc(c2c37)C1=O)c64)C(=O)N(CC[N+](C)(C)CCO)C5=O,46,52,7,622.7220000000002
CC(C)(C)OC(=O)CN1C(=O)c2ccc3c4c(-c5cccs5)cc5c6c(ccc(c7c(-c8cccs8)cc(c2c37)C1=O)c64)C(=O)N(CC(=O)OC(C)(C)C)C5=O,56,64,9,782.8960000000002
CC(C)(C)OC(=O)CN1C(=O)c2ccc3c4c(-c5ccc(-c6cccs6)s5)cc5c6c(ccc(c7c(-c8ccc(-c9cccs9)s8)cc(c2c37)C1=O)c64)C(=O)N(CC(=O)OC(C)(C)C)C5=O,66,76,11,947.1500000000001
O=C(O)CN1C(=O)c2ccc3c4c(-c5ccc(-c6cccs6)s5)cc5c6c(ccc(c7c(-c8ccc(-c9cccs9)s8)cc(c2c37)C1=O)c64)C(=O)N(CC(=O)O)C5=O,58,68,11,834.934
O=C(O)CN1C(=O)c2ccc3c4c(-c5cccs5)cc5c6c(ccc(c7c(-c8cccs8)cc(c2c37)C1=O)c64)C(=O)N(CC(=O)O)C5=O,48,56,9,670.6800000000002
O=C1c2ccc3c4ccc5c6c(ccc(c7ccc(c2c37)C(=O)N1c1ccc(OC2OC(CO)C(O)C(O)C2O)cc1)c64)C(=O)N(c1ccc(OC2OC(CO)C(O)C(O)C2O)cc1)C5=O,66,76,11,898.8300000000008
CCCCCCCCC(CCCCCC)CCN1C(=O)c2ccc3c4ccc5c6c(ccc(c7ccc(c2c37)C1=O)c64)C(=O)N(CCC(CCCCCC)CCCCCCCC)C5=O,64,70,7,867.2719999999991
O=C(O)C(Cc1cnc[nH]1)N1C(=O)c2ccc3c4ccc5c6c(ccc(c7ccc(c2c37)C1=O)c64)C(=O)N(C(Cc1cnc[nH]1)C(=O)O)C5=O,50,58,9,666.6060000000001
O=C(O)C(Cc1ccccc1)N1C(=O)c2ccc3c4ccc5c6c(ccc(c7ccc(c2c37)C1=O)c64)C(=O)N(C(Cc1ccccc1)C(=O)O)C5=O,52,60,9,686.6760000000003
CC(C)C(C(=O)O)N1C(=O)c2ccc3c4ccc5c6c(ccc(c7ccc(c2c37)C1=O)c64)C(=O)N(C(C(=O)O)C(C)C)C5=O,44,50,7,590.5880000000003
CCCCCCc1ccc(N2C(=O)c3ccc4c5ccc6c7c(ccc(c8ccc(c3c48)C2=O)c75)C(=O)N(c2ccc(CCCCCC)cc2)C6=O)cc1,54,62,9,710.8739999999999
CCCCCCCCc1ccc(N2C(=O)c3ccc4c5ccc6c7c(ccc(c8ccc(c3c48)C2=O)c75)C(=O)N(c2ccc(CCCCCCCC)cc2C(C)C)C6=O)c(C(C)C)c1,64,72,9,851.1439999999996
CCCCCCCCc1cc(C(C)C)c(N2C(=O)c3ccc4c5ccc6c7c(ccc(c8ccc(c3c48)C2=O)c75)C(=O)N(c2c(C(C)C)cc(CCCCCCCC)cc2C(C)C)C6=O)c(C(C)C)c1,70,78,9,935.3059999999995
CCCCCCCCCCCCCCCCCCCCN1C(=O)c2ccc3c4ccc5c6c(ccc(c7ccc(c2c37)C1=O)c64)C(=O)N(CCCCCCCCCCCCCCCCCCCC)C5=O,70,76,7,951.4339999999987
N#CCCOCCOCCOCCOCCCN1C(=O)c2ccc3c4ccc5c6c(ccc(c7ccc(c2c37)C1=O)c64)C(=O)N(CCCOCCOCCOCCOCCC#N)C5=O,64,70,7,876.9599999999995
CC(C)C(C(C)C)N1C(=O)c2ccc3c4ccc5c6c(c(N7CCCCC7)cc(c7ccc(c2c37)C1=O)c64)C(=O)N(C(C(C)C)C(C)C)C5=O,50,57,8,669.8659999999999
CCC(CC)N1C(=O)c2ccc3c4ccc5c6c(c(N7CCCCC7)cc(c7ccc(c2c37)C1=O)c64)C(=O)N(C(CC)CC)C5=O,46,53,8,613.758
CCCCN1C(=O)c2cc(Oc3ccc(OC)cc3)c3c4c(Oc5ccc(OC)cc5)cc5c6c(cc(Oc7ccc(OC)cc7)c(c7c(Oc8ccc(OC)cc8)cc(c2c37)C1=O)c64)C(=O)N(CCCC)C5=O,74,84,11,991.0620000000001
CCCCC(CC)CN1C(=O)c2ccc3c4c(-c5ccc(-c6cccs6)s5)cc5c6c(ccc(c7c(-c8ccc(-c9cccs9)s8)cc(c2c37)C1=O)c64)C(=O)N(CC(CC)CCCC)C5=O,66,76,11,943.2939999999999
CCC(C)(C)c1ccc(OCC(=O)O)c(N2C(=O)c3ccc4c5ccc6c7c(ccc(c8ccc(c3c48)C2=O)c75)C(=O)N(c2cc(C(C)(C)CC)ccc2OCC(=O)O)C6=O)c1,62,70,9,830.89
CCC(CC)N1C(=O)c2c(-c3ccccc3)cc3c4cc(-c5ccccc5)c5c6c(c(-c7ccccc7)cc(c7cc(-c8ccccc8)c(c2c37)C1=O)c64)C(=O)N(C(CC)CC)C5=O,64,74,11,835.0160000000002
CCN1C(=O)c2ccc3c4c(N5CCCCC5)cc5c6c(cc(N7CCCCC7)c(c7ccc(c2c37)C1=O)c64)C(=O)N(CC)C5=O,46,54,9,612.7300000000001
CCN1C(=O)c2cc(-c3ccc(C(C)(C)C)cc3)c3c4c(-c5ccc(C(C)(C)C)cc5)cc5c6c(cc(-c7ccc(C(C)(C)C)cc7)c(c7c(-c8ccc(C(C)(C)C)cc8)cc(c2c37)C1=O)c64)C(=O)N(CC)C5=O,74,84,11,975.2859999999996
CCN1C(=O)c2ccc3c4c(-c5ccc(C(C)(C)C)cc5)cc5c6c(cc(-c7ccc(C(C)(C)C)cc7)c(c7ccc(c2c37)C1=O)c64)C(=O)N(CC)C5=O,54,62,9,710.874
[NH3+]C(CCCCN1C(=O)c2ccc3c4ccc5c6c(ccc(c7ccc(c2c37)C1=O)c64)C(=O)N(CCCCC([NH3+])C(=O)NC(CCC(=O)O)(CCC(=O)O)CCC(=O)O)C5=O)C(=O)NC(CCC(=O)O)(CCC(=O)O)CCC(=O)O,80,86,7,1109.1519999999998
[NH3+]C(CCCCN1C(=O)c2ccc3c4ccc5c6c(ccc(c7ccc(c2c37)C1=O)c64)C(=O)N(CCCCC([NH3+])C(=O)NC(CCC(=O)O)(CCC(=O)O)CCC(=O)O)C5=O)C(=O)NC(CCC(=O)O)(CCC(=O)O)CCC(=O)O,80,86,7,1109.1519999999998
C=CCOC(=O)N(CC=C)c1cc2c3c(ccc4c5ccc6c7c(ccc(c1c34)c75)C(=O)N(CC(CC)CCCC)C6=O)C(=O)N(CC(CC)CCCC)C2=O,56,62,7,753.9399999999997
NC(N)=NCCN1C(=O)c2ccc3c4ccc5c6c(ccc(c7ccc(c2c37)C1=O)c64)C(=O)N(CCN=C(N)N)C5=O,42,48,7,560.5740000000002
CCCCCCCCCCCCOc1cc2c3c(ccc4c5c(C#Cc6ccccc6)cc6c7c(ccc(c1c34)c75)C(=O)N(C1CCCCC1)C6=O)C(=O)N(C1CCCCC1)C2=O,63,72,10,839.0889999999998
CCCCCCCCCCCCOc1cc2c3c(ccc4c5c(C#N)cc6c7c(ccc(c1c34)c75)C(=O)N(C1CCCCC1)C6=O)C(=O)N(C1CCCCC1)C2=O,57,65,9,763.9789999999998
C#Cc1cc2c3c(ccc4c5c(C#N)cc6c7c(ccc(c1c34)c75)C(=O)N(C1CCCCC1)C6=O)C(=O)N(C1CCCCC1)C2=O,46,54,9,603.6780000000001
C#Cc1cc2c3c(ccc4c5c(OCCCCCCCCCCCC)cc6c7c(ccc(c1c34)c75)C(=O)N(C1CCCCC1)C6=O)C(=O)N(C1CCCCC1)C2=O,57,65,9,762.9909999999999
N#Cc1cc2c3c(ccc4c5c(C#Cc6ccccc6)cc6c7c(ccc(c1c34)c75)C(=O)N(C1CCCCC1)C6=O)C(=O)N(C1CCCCC1)C2=O,52,61,10,679.7760000000003
CCCCCCCCOc1cc2c3c(ccc4c5c(OCCCCCCCC)cc6c7c(ccc(c1c34)c75)C(=O)N(CCCCCC)C6=O)C(=O)N(CCCCCC)C2=O,60,66,7,815.1079999999997
CCCCCCCCCC(CCCCCCCC)CN1C(=O)c2ccc3c4ccc5c6c(ccc(c7ccc(c2c37)C1=O)c64)C(=O)N(CC(CCCCCCCC)CCCCCCCCC)C5=O,68,74,7,923.379999999999
CCCCC(CC)CN1C(=O)c2ccc3c4ccc5c6c(cc(C#Cc7ccc(-c8ccccn8)nc7)c(c7ccc(c2c37)C1=O)c64)C(=O)N(CC(CC)CCCC)C5=O,60,68,9,792.9799999999998
CCCCCCCCCCCCCOCC(C)OCC(C)ON1C(=O)c2ccc3c4ccc5c6c(ccc(c7ccc(c2c37)C1=O)c64)C(=O)N(OC(C)COC(C)COCCCCCCCCCCCCC)C5=O,74,80,7,1019.3739999999991
CC(C)c1cccc(C(C)C)c1N1C(=O)c2ccc3c4c([N+](=O)[O-])cc5c6c(ccc(c7c([N+](=O)[O-])cc(c2c37)C1=O)c64)C(=O)N(c1c(C(C)C)cccc1C(C)C)C5=O,60,68,9,800.868
CC(C)c1cccc(C(C)C)c1N1C(=O)c2ccc3c4ccc5c6c(cc(N)c(c7ccc(c2c37)C1=O)c64)C(=O)N(c1c(C(C)C)cccc1C(C)C)C5=O,55,63,9,725.889
CC(C)c1cccc(C(C)C)c1N1C(=O)c2ccc3c4ccc5c6c(cc([N+](=O)[O-])c(c7ccc(c2c37)C1=O)c64)C(=O)N(c1c(C(C)C)cccc1C(C)C)C5=O,57,65,9,755.8710000000001
CC(C)c1cccc(C(C)C)c1N1C(=O)c2ccc3c4c(N)cc5c6c(ccc(c7c(N)cc(c2c37)C1=O)c64)C(=O)N(c1c(C(C)C)cccc1C(C)C)C5=O,56,64,9,740.9039999999999
CC(C)CCCC(C)CCN1C(=O)c2ccc3c4ccc5c6c(ccc(c7ccc(c2c37)C1=O)c64)C(=O)N(CCC(C)CCCC(C)C)C5=O,50,56,7,670.8939999999999
CC(C)CCCC(C)CCN1C(=O)c2ccc3c4c(Oc5ccc(C(C)(C)C)cc5)cc5c6c(ccc(c7c(Oc8ccc(C(C)(C)C)cc8)cc(c2c37)C1=O)c64)C(=O)N(CCC(C)CCCC(C)C)C5=O,72,80,9,967.3039999999996
CCCCn1cc[n+](CCCN2C(=O)c3ccc4c5ccc6c7c(ccc(c8ccc(c3c48)C2=O)c75)C(=O)N(CCC[n+]2ccn(CCCC)c2)C6=O)c1,54,62,9,720.8739999999997
C#Cc1cc2c3c(ccc4c5ccc6c7c(ccc(c1c34)c75)C(=O)N(CC(CC)CCCC)C6=O)C(=O)N(CC(CC)CCCC)C2=O,48,54,7,638.808
O=C1c2ccc3c4ccc5c6c(ccc(c7ccc(c2c37)C(=O)N1c1ccc2ccccc2c1)c64)C(=O)N(c1ccc2ccccc2c1)C5=O,50,60,11,642.6700000000002
O=C1c2ccc3c4c(N5CCCC5)cc5c6c(ccc(c7c(N8CCCC8)cc(c2c37)C(=O)N1c1ccc(S)cc1)c64)C(=O)N(c1ccc(S)cc1)C5=O,54,64,11,744.8980000000003
CN(CCCN1C(=O)c2ccc3c4ccc5c6c(ccc(c7ccc(c2c37)C1=O)c64)C(=O)N(CCCN(C)CC1=CC=CC1)C5=O)CC1=CC=CC1,52,60,9,688.8280000000001
C#Cc1ccc(N2C(=O)c3ccc4c5c(-c6ccc(C(C)(C)CC(C)(C)C)cc6)cc6c7c(ccc(c8c(-c9ccc(C(C)(C)CC(C)(C)C)cc9)cc(c3c48)C2=O)c75)C(=O)N(c2ccc(C#C)cc2)C6=O)cc1,74,84,11,967.2219999999996
CCC(CC)N1C(=O)c2ccc3c4c(SCCC(=O)O)cc5c6c(ccc(c7c(SCCC(=O)O)cc(c2c37)C1=O)c64)C(=O)N(C(CC)CC)C5=O,52,58,7,738.8840000000001
CCCCN1C(=O)c2ccc3c4c(C#Cc5ccccc5)cc5c6c(ccc(c7c(C#Cc8ccccc8)cc(c2c37)C1=O)c64)C(=O)N(CCCC)C5=O,54,62,9,702.8100000000004
CCCCCCN1C(=O)c2ccc3c4c(Oc5ccc(C(C)(C)C)cc5)cc5c6c(ccc(c7c(Oc8ccc(C(C)(C)C)cc8)cc(c2c37)C1=O)c64)C(=O)N(CCCCCC)C5=O,64,72,9,855.0880000000001
CC(C)c1cccc(C(C)C)c1N1C(=O)c2ccc3c4c(C#Cc5ccc(OC(C)(C)C)cc5)cc5c6c(ccc(c7c(C#Cc8ccc(OC(C)(C)C)cc8)cc(c2c37)C1=O)c64)C(=O)N(c1c(C(C)C)cccc1C(C)C)C5=O,80,90,11,1055.3279999999995
CCCCCCCCN1C(=O)c2ccc3c4c(Oc5ccc(C(C)(C)CC(C)(C)C)cc5)cc5c6c(ccc(c7c(Oc8ccc(C(C)(C)CC(C)(C)C)cc8)cc(c2c37)C1=O)c64)C(=O)N(CCCCCCCC)C5=O,76,84,9,1023.4119999999995
CCCCCCCCN1C(=O)c2ccc3c4c(C#Cc5ccc(C)cc5)cc5c6c(ccc(c7c(C#Cc8ccc(C)cc8)cc(c2c37)C1=O)c64)C(=O)N(CCCCCCCC)C5=O,64,72,9,843.0799999999998
CC(CN)OCCOCCOCCOCCOCCOC(C)CN1C(=O)c2ccc3c4ccc5c6c(ccc(c7ccc(c2c37)C1=O)c64)C(=O)N(CC(C)OCCOCCOCCOCCOCCOC(C)CN)C5=O,76,82,7,1061.2359999999994
CC(CN)OCCOCCOCCOCCOC(C)CN1C(=O)c2ccc3c4ccc5c6c(ccc(c7ccc(c2c37)C1=O)c64)C(=O)N(CC(C)OCCOCCOCCOCCOC(C)CN)C5=O,70,76,7,973.1299999999994
NCCOCCOCCOCCOCCOCCN1C(=O)c2ccc3c4ccc5c6c(ccc(c7ccc(c2c37)C1=O)c64)C(=O)N(CCOCCOCCOCCOCCOCCN)C5=O,66,72,7,917.0219999999994
COCCOCCOCCOc1ccc(N2C(=O)c3ccc4c5ccc6c7c(ccc(c8ccc(c3c48)C2=O)c75)C(=O)N(c2ccc(OCCOCCOCCOC)cc2)C6=O)cc1,64,72,9,866.92
NCCOCCOCCOCCOCCOCCOCCN1C(=O)c2ccc3c4ccc5c6c(ccc(c7ccc(c2c37)C1=O)c64)C(=O)N(CCOCCOCCOCCOCCOCCOCCN)C5=O,72,78,7,1005.1279999999991
CCCSc1cc2c3c(ccc4c5c(SCCC)cc6c7c(ccc(c1c34)c75)C(=O)NC6=O)C(=O)NC2=O,38,44,7,538.6500000000002
Cc1cccc(N2C(=O)c3ccc4c5ccc6c7c(ccc(c8ccc(c3c48)C2=O)c75)C(=O)N(c2cccc(C)n2)C6=O)n1,44,52,9,572.5800000000002
O=C1c2ccc3c4ccc5c6c(ccc(c7ccc(c2c37)C(=O)N1CCc1cccs1)c64)C(=O)N(CCc1cccs1)C5=O,44,52,9,610.7160000000003
O=C1c2ccc3c4ccc5c6c(ccc(c7ccc(c2c37)C(=O)N1CCN(CCN=Cc1cccs1)CCN=Cc1cccs1)c64)C(=O)N(CCN(CCN=Cc1cccs1)CCN=Cc1cccs1)C5=O,72,82,11,1025.3199999999995
CCCCCCc1ccc(-c2cc3c4c(ccc5c6c(-c7ccc(CCCCCC)s7)cc7c8c(ccc(c2c45)c86)C(=O)N(C(CC)CC)C7=O)C(=O)N(C(CC)CC)C3=O)s1,62,70,9,863.2019999999995
O=C(O)C(Cc1cnc[nH]1)N1C(=O)c2ccc3c4ccc5c6c(ccc(c7ccc(c2c37)C1=O)c64)C(=O)N(C(Cc1cnc[nH]1)C(=O)O)C5=O,50,58,9,666.6060000000001
CC(C)Oc1c(-c2cc3c4c(ccc5c6c(-c7c(OC(C)C)c(=O)c7=O)cc7c8c(ccc(c2c45)c86)C(=O)N(c2cc(C(C)(C)C)cc(C(C)(C)C)c2)C7=O)C(=O)N(c2cc(C(C)(C)C)cc(C(C)(C)C)c2)C3=O)c(=O)c1=O,78,88,11,1043.2259999999994
CC(C)(C)c1cc(N2C(=O)c3ccc4c5c(-c6c([O-])c(=O)c6=O)cc6c7c(ccc(c8c(-c9c([O-])c(=O)c9=O)cc(c3c48)C2=O)c75)C(=O)N(c2cc(C(C)(C)C)cc(C(C)(C)C)c2)C6=O)cc(C(C)(C)C)c1,72,82,11,957.0479999999998
CC(C)(C)c1cc(N2C(=O)c3ccc4c5c(-c6c(O)c(=O)c6=O)cc6c7c(ccc(c8c(-c9c(O)c(=O)c9=O)cc(c3c48)C2=O)c75)C(=O)N(c2cc(C(C)(C)C)cc(C(C)(C)C)c2)C6=O)cc(C(C)(C)C)c1,72,82,11,959.0639999999999
C[NH+](C)CCN1C(=O)c2ccc3c4ccc5c6c(ccc(c7ccc(c2c37)C1=O)c64)C(=O)N(CC[NH+](C)C)C5=O,40,46,7,534.6160000000003
CC(C)c1cccc(C(C)C)c1N1C(=O)c2cc(CC[NH+](C)C)c3c4c(CC[NH+](C)C)cc5c6c(cc(CC[NH+](C)C)c(c7c(CC[NH+](C)C)cc(c2c37)C1=O)c64)C(=O)N(c1c(C(C)C)cccc1C(C)C)C5=O,74,82,9,999.3979999999995
CC(C)c1cccc(C(C)C)c1N1C(=O)c2cc(CCN(C)C)c3c4c(CCN(C)C)cc5c6c(cc(CCN(C)C)c(c7c(CCN(C)C)cc(c2c37)C1=O)c64)C(=O)N(c1c(C(C)C)cccc1C(C)C)C5=O,74,82,9,995.3659999999993
C[NH+](C)CC[NH+](CCN1C(=O)c2ccc3c4ccc5c6c(ccc(c7ccc(c2c37)C1=O)c64)C(=O)N(CC[NH+](CC[NH+](C)C)CC[NH+](C)C)C5=O)CC[NH+](C)C,56,62,7,767.0319999999997
CCCCC(CC)CN1C(=O)c2ccc3c4ccc5c6c(cc(N7CCCC7CO)c(c7ccc(c2c37)C1=O)c64)C(=O)N(CC(CC)CCCC)C5=O,53,60,8,713.9189999999998
CCCCC(CC)CN1C(=O)c2ccc3c4ccc5c6c(cc(N7CCCC7COC(C)=O)c(c7ccc(c2c37)C1=O)c64)C(=O)N(CC(CC)CCCC)C5=O,56,63,8,755.9559999999997
CCCCCCCCCCCOC(=O)CCN1C(=O)c2ccc3c4ccc5c6c(ccc(c7ccc(c2c37)C1=O)c64)C(=O)N(CCC(=O)OCCCCCCCCCCC)C5=O,62,68,7,843.0739999999994
CCCCCCCCCOC(=O)CCCCN1C(=O)c2ccc3c4ccc5c6c(ccc(c7ccc(c2c37)C1=O)c64)C(=O)N(CCCCC(=O)OCCCCCCCCC)C5=O,62,68,7,843.0739999999994
CCCCCCCCCCCCOC(=O)CN1C(=O)c2ccc3c4ccc5c6c(ccc(c7ccc(c2c37)C1=O)c64)C(=O)N(CC(=O)OCCCCCCCCCCCC)C5=O,62,68,7,843.0739999999994
CCCCCCCCOC(=O)CCCCCN1C(=O)c2ccc3c4ccc5c6c(ccc(c7ccc(c2c37)C1=O)c64)C(=O)N(CCCCCC(=O)OCCCCCCCC)C5=O,62,68,7,843.0739999999994
CCCCCCCOC(=O)CCCCCCN1C(=O)c2ccc3c4ccc5c6c(ccc(c7ccc(c2c37)C1=O)c64)C(=O)N(CCCCCCC(=O)OCCCCCCC)C5=O,62,68,7,843.0739999999994
CCOC(=O)CCCCCCCCCCCN1C(=O)c2ccc3c4ccc5c6c(ccc(c7ccc(c2c37)C1=O)c64)C(=O)N(CCCCCCCCCCCC(=O)OCC)C5=O,62,68,7,843.0739999999994
CCOC(=O)CCCCCN1C(=O)c2ccc3c4ccc5c6c(ccc(c7ccc(c2c37)C1=O)c64)C(=O)N(CCCCCC(=O)OCC)C5=O,50,56,7,674.7499999999999
CC(C)(C)c1ccc(C(C)(C)C)c(N2C(=O)c3ccc4c5ccc6c7c(cc(N8CCCC8)c(c8ccc(c3c48)C2=O)c75)C(=O)N(c2cc(C(C)(C)C)ccc2C(C)(C)C)C6=O)c1,63,72,10,836.0889999999996
CCCCCCCCN1C(=O)c2ccc3c4ccc5c6c(cc(N7CCCC7)c(c7ccc(c2c37)C1=O)c64)C(=O)N(CCCCCCCC)C5=O,51,58,8,683.8929999999997
CCCCCCCCCCCCN1C(=O)c2ccc3c4c(C#CC(O)CCCCC)cc5c6c(ccc(c7c(C#CC(O)CCCCC)cc(c2c37)C1=O)c64)C(=O)N(CCCCCCCCCCCC)C5=O,72,78,7,975.3679999999989
CCCCCCCCCCCCN1C(=O)c2ccc3c4c(C#CC(O)CCCCC)cc5c6c(ccc(c7c(C#CC(O)CCCCC)cc(c2c37)C1=O)c64)C(=O)N(CCCCCCCCCCCC)C5=O,72,78,7,975.3679999999989
CCCCCCCCCCCCN1C(=O)c2ccc3c4c(C#CC(O)CCCCC)cc5c6c(ccc(c7c(C#CC(O)CCCCC)cc(c2c37)C1=O)c64)C(=O)N(CCCCCCCCCCCC)C5=O,72,78,7,975.3679999999989
CCCCCCn1cc[n+](CCCN2C(=O)c3ccc4c5ccc6c7c(ccc(c8ccc(c3c48)C2=O)c75)C(=O)N(CCC[n+]2ccn(CCCCCC)c2)C6=O)c1,58,66,9,776.9819999999995
CCCCCCCCn1cc[n+](CCCN2C(=O)c3ccc4c5ccc6c7c(ccc(c8ccc(c3c48)C2=O)c75)C(=O)N(CCC[n+]2ccn(CCCCCCCC)c2)C6=O)c1,62,70,9,833.0899999999995
CCCCCCCCCCCCn1cc[n+](CCCN2C(=O)c3ccc4c5ccc6c7c(ccc(c8ccc(c3c48)C2=O)c75)C(=O)N(CCC[n+]2ccn(CCCCCCCCCCCC)c2)C6=O)c1,70,78,9,945.3059999999991
O=C1c2ccc3c4ccc5c6c(ccc(c7ccc(c2c37)C(=O)N1CCN(CCO)CCO)c64)C(=O)N(CCN(CCO)CCO)C5=O,48,54,7,652.7040000000001
CSC1=C(SC)SC(=C2SC(C)=C(SCCN3C(=O)c4ccc5c6ccc7c8c(ccc(c9ccc(c4c59)C3=O)c86)C(=O)N(CCSC3=C(C)SC(=C4SC(SC)=C(SC)S4)S3)C7=O)S2)S1,66,76,11,1127.7259999999994
CC(C)c1cc(-c2ccc(C=O)nc2)cc(C(C)C)c1N1C(=O)c2ccc3c4ccc5c6c(ccc(c7ccc(c2c37)C1=O)c64)C(=O)N(c1c(C(C)C)cc(-c2ccc(C=O)nc2)cc1C(C)C)C5=O,70,80,11,921.0659999999999
NCCN1C(=O)c2ccc3c4c(N5CCCC5)cc5c6c(ccc(c7c(N8CCCC8)cc(c2c37)C1=O)c64)C(=O)N(CCN)C5=O,46,54,9,614.7060000000001
CCCCCCC(CCCCCC)N1C(=O)c2ccc3c4ccc5c6c(cc(Oc7ccc(NC(=O)c8ccccc8)cc7)c(c7ccc(c2c37)C1=O)c64)C(=O)N(C(CCCCCC)CCCCCC)C5=O,72,80,9,966.2759999999994
O=C1c2ccc3c4c(N5CCCC5)cc5c6c(ccc(c7c(N8CCCC8)cc(c2c37)C(=O)N1c1ccncc1)c64)C(=O)N(c1ccncc1)C5=O,52,62,11,682.7400000000002
CCCCSc1cc2c3c(cc(SCCCC)c4c5c(SCCCC)cc6c7c(cc(SCCCC)c(c1c34)c75)C(=O)N(c1ccncc1)C6=O)C(=O)N(c1ccncc1)C2=O,62,70,9,897.2259999999995
CN(C)c1ccc(CN2C(=O)c3ccc4c5ccc6c7c(ccc(c8ccc(c3c48)C2=O)c75)C(=O)N(Cc2ccc(N(C)C)cc2)C6=O)cc1,50,58,9,656.7420000000002
CCCCC(CC)CN1C(=O)c2ccc3c4c(-c5ccccc5)cc5c6c(ccc(c7c(-c8ccccc8)cc(c2c37)C1=O)c64)C(=O)N(CC(CC)CCCC)C5=O,58,66,9,766.982
CCCCC(CC)CN1C(=O)c2ccc3c4ccc5c6c(cc(-c7ccccc7)c(c7ccc(c2c37)C1=O)c64)C(=O)N(CC(CC)CCCC)C5=O,52,59,8,690.884
C[N+](C)(C)CCN1C(=O)c2ccc3c4c(OCC5COCCOCCOCCOCCO5)cc5c6c(ccc(c7c(OCC8COCCOCCOCCOCCO8)cc(c2c37)C1=O)c64)C(=O)N(CC[N+](C)(C)C)C5=O,76,84,9,1059.2199999999991
CCCC(CCC)N1C(=O)c2ccc3c4ccc5c6c(cc(-c7ccc(OC(=O)CC8=CC=CC8)cc7)c(c7ccc(c2c37)C1=O)c64)C(=O)N(C(CCC)CCC)C5=O,59,67,9,784.953
O=C1c2ccc3c4c(C#Cc5ccccc5)cc5c6c(ccc(c7c(C#Cc8ccccc8)cc(c2c37)C(=O)N1C1CCCCC1)c64)C(=O)N(C1CCCCC1)C5=O,58,68,11,754.8860000000003
O=C1c2ccc3c4c(-c5ccccc5)cc5c6c(ccc(c7c(-c8ccccc8)cc(c2c37)C(=O)N1C1CCCCC1)c64)C(=O)N(C1CCCCC1)C5=O,54,64,11,706.8420000000004
O=C1c2ccc3c4c(C=Cc5ccccc5)cc5c6c(ccc(c7c(C=Cc8ccccc8)cc(c2c37)C(=O)N1C1CCCCC1)c64)C(=O)N(C1CCCCC1)C5=O,58,68,11,758.9180000000005
O=C1c2ccc3c4c(-c5c(O)c(=O)c5=O)cc5c6c(ccc(c7c(-c8c(O)c(=O)c8=O)cc(c2c37)C(=O)N1C1CCCCC1)c64)C(=O)N(C1CCCCC1)C5=O,56,66,11,746.7280000000004
CCCCC(CC)CN1C(=O)c2ccc3c4ccc5c6c(ccc(c7ccc(c2c37)C1=O)c64)C(=O)N(CC(CC)CCCC)C5=O,46,52,7,614.786
CCCCC(CC)CN1C(=O)c2ccc3c4ccc5c6c(ccc(c7ccc(c2c37)C1=O)c64)C(=O)N(CC(CC)CCCC)C5=O,46,52,7,614.786
CCCCC(CC)CN1C(=O)c2ccc3c4ccc5c6c(ccc(c7ccc(c2c37)C1=O)c64)C(=O)N(CC(CC)CCCC)C5=O,46,52,7,614.786
CCC(C)N1C(=O)c2ccc3c4ccc5c6c(ccc(c7ccc(c2c37)C1=O)c64)C(=O)N(C(C)CC)C5=O,38,44,7,502.57000000000033
CCC(C)N1C(=O)c2ccc3c4ccc5c6c(ccc(c7ccc(c2c37)C1=O)c64)C(=O)N(C(C)CC)C5=O,38,44,7,502.57000000000033
CCC(C)N1C(=O)c2ccc3c4ccc5c6c(ccc(c7ccc(c2c37)C1=O)c64)C(=O)N(C(C)CC)C5=O,38,44,7,502.57000000000033
CCCCCC(CCCCC)N1C(=O)c2ccc3c4c(-c5ccccc5)cc5c6c(ccc(c7c(-c8ccccc8)cc(c2c37)C1=O)c64)C(=O)N(C(CCCCC)CCCCC)C5=O,64,72,9,851.1439999999997
Nc1ccc(N2C(=O)c3ccc4c5c(N6CCCC6)cc6c7c(ccc(c8c(N9CCCC9)cc(c3c48)C2=O)c75)C(=O)N(c2ccc(N)cc2)C6=O)cc1,54,64,11,710.7940000000002
CCCCC(CC)CN1C(=O)c2ccc3c4ccc5c6c(cc(-c7ccc(C(C)C)cc7)c(c7ccc(c2c37)C1=O)c64)C(=O)N(CC(CC)CCCC)C5=O,55,62,8,732.9649999999999
CCCCC(CC)CN1C(=O)c2ccc3c4ccc5c6c(cc(-c7cccc(C(C)C)c7)c(c7ccc(c2c37)C1=O)c64)C(=O)N(CC(CC)CCCC)C5=O,55,62,8,732.9649999999999
CCCCC(CC)CN1C(=O)c2ccc3c4ccc5c6c(cc(-c7ccccc7C(C)C)c(c7ccc(c2c37)C1=O)c64)C(=O)N(CC(CC)CCCC)C5=O,55,62,8,732.9649999999999
O=C(O)C(Cc1ccc(O)cc1)NC(=O)N1C(=O)c2ccc3c4ccc5c6c(ccc(c7ccc(c2c37)C1=O)c64)C(=O)N(C(=O)NC(Cc1ccc(O)cc1)C(=O)O)C5=O,60,68,9,804.7240000000003
CCCCCCCCCCCCOC(=O)C(C)N1C(=O)c2ccc3c4ccc5c6c(ccc(c7ccc(c2c37)C1=O)c64)C(=O)N(C(C)C(=O)OCCCCCCCCCCCC)C5=O,64,70,7,871.1279999999995
CCCCCCCCCCCCOC(=O)C(C)N1C(=O)c2ccc3c4ccc5c6c(ccc(c7ccc(c2c37)C1=O)c64)C(=O)N(C(C)C(=O)OCCCCCCCCCCCC)C5=O,64,70,7,871.1279999999995
CCc1ccc(Oc2cc3c4c(ccc5c6c(Oc7ccc(CC)cc7)cc7c8c(ccc(c2c45)c86)C(=O)N(c2c(C(C)C)cccc2C(C)C)C7=O)C(=O)N(c2c(C(C)C)cccc2C(C)C)C3=O)cc1,72,82,11,951.1759999999997
CCc1ccc(Oc2cc3c4c(ccc5c6c(Oc7ccc(CC)cc7)cc7c8c(ccc(c2c45)c86)C(=O)N(c2c(C)cccc2OC)C7=O)C(=O)N(c2c(C)cccc2OC)C3=O)cc1,66,76,11,870.9579999999999
COc1ccc(Oc2cc3c4c(ccc5c6c(Oc7ccc(OC)cc7)cc7c8c(ccc(c2c45)c86)C(=O)N(c2c(C)cccc2OC)C7=O)C(=O)N(c2c(C)cccc2OC)C3=O)cc1,66,76,11,874.9020000000002
C#Cc1cc2c3c(ccc4c5c(C#C)cc6c7c(ccc(c1c34)c75)C(=O)N(C(C(C)C)C(C)C)C6=O)C(=O)N(C(C(C)C)C(C)C)C2=O,48,54,7,634.7760000000002
C#CCOc1cc2c3c(ccc4c5ccc6c7c(ccc(c1c34)c75)C(=O)N(C(CC)CC)C6=O)C(=O)N(C(CC)CC)C2=O,44,50,7,584.6720000000003
C#CCOc1cc2c3c(ccc4c5c(OCC#C)cc6c7c(ccc(c1c34)c75)C(=O)N(C(CC)CC)C6=O)C(=O)N(C(CC)CC)C2=O,48,54,7,638.7200000000001
C[NH+](C)CCCCCCN1C(=O)c2ccc3c4ccc5c6c(ccc(c7ccc(c2c37)C1=O)c64)C(=O)N(CCCCCC[NH+](C)C)C5=O,48,54,7,646.832
CN(C)CCCCCCN1C(=O)c2ccc3c4ccc5c6c(ccc(c7ccc(c2c37)C1=O)c64)C(=O)N(CCCCCCN(C)C)C5=O,48,54,7,644.8159999999999
C=CCCCCN1C(=O)c2ccc3c4ccc5c6c(ccc(c7ccc(c2c37)C1=O)c64)C(=O)N(CCCCC=C)C5=O,42,48,7,554.6460000000004
Cc1cc(C)c(Oc2cc3c4c(ccc5c6ccc7c8c(ccc(c2c45)c86)C(=O)N(c2c(C(C)C)cccc2C(C)C)C7=O)C(=O)N(c2c(C(C)C)cccc2C(C)C)C3=O)c(C)c1,64,73,10,845.0519999999999
C=CCc1ccccc1Oc1cc2c3c(ccc4c5ccc6c7c(ccc(c1c34)c75)C(=O)N(c1c(C(C)C)cccc1C(C)C)C6=O)C(=O)N(c1c(C(C)C)cccc1C(C)C)C2=O,64,73,10,843.036
COc1cc(CN2C(=O)c3ccc4c5ccc6c7c(ccc(c8ccc(c3c48)C2=O)c75)C(=O)N(Cc2cc(OC)cc(OC)c2)C6=O)cc(OC)c1,52,60,9,690.7080000000003
COc1cccc(CN2C(=O)c3ccc4c5ccc6c7c(ccc(c8ccc(c3c48)C2=O)c75)C(=O)N(Cc2cccc(OC)c2OC)C6=O)c1OC,52,60,9,690.7080000000002
COc1ccc(CN2C(=O)c3ccc4c5ccc6c7c(ccc(c8ccc(c3c48)C2=O)c75)C(=O)N(Cc2ccc(OC)c(OC)c2)C6=O)cc1OC,52,60,9,690.7080000000002
CCCCCCCCCCCCc1cc2c3ccc4c5c(ccc(c6ccc7c(c1C(=O)N(CCCCCCCCCCCC)C7=O)c62)c53)C(=O)N(CCCCCCCCCCCC)C4=O,66,72,7,895.3259999999988
C[N+](C)(C)C(Cc1ccccc1)CN1C(=O)c2ccc3c4ccc5c6c(ccc(c7ccc(c2c37)C1=O)c64)C(=O)N(CC(Cc1ccccc1)[N+](C)(C)C)C5=O,56,64,9,742.92
CCCCCCN(CCCCCC)c1cc2c3c(ccc4c5ccc6c7c(ccc(c1c34)c75)C(=O)N(C1CCCCC1)C6=O)C(=O)N(C1CCCCC1)C2=O,55,63,9,737.9849999999996
CCCCCCCCCC(CCCCCC)N1C(=O)c2ccc3c4ccc5c6c(ccc(c7ccc(c2c37)C1=O)c64)C(=O)N(C(CCCCCC)CCCCCCCCC)C5=O,62,68,7,839.2179999999993
CCCCCCCC(CC(CC)CCCC)N1C(=O)c2ccc3c4ccc5c6c(ccc(c7ccc(c2c37)C1=O)c64)C(=O)N(C(CCCCCCC)CC(CC)CCCC)C5=O,62,68,7,839.2179999999994
CCCCCCCCC(CCCCCC)N1C(=O)c2ccc3c4ccc5c6c(ccc(c7ccc(c2c37)C1=O)c64)C(=O)N(C(CCCCCC)CCCCCCCC)C5=O,60,66,7,811.1639999999993
[NH3+]CCC[NH2+]CCCC[NH2+]CCCN1C(=O)c2ccc3c4c(OCCC[NH3+])cc5c6c(ccc(c7c(OCCC[NH3+])cc(c2c37)C1=O)c64)C(=O)N(CCC[NH2+]CCCC[NH2+]CCC[NH3+])C5=O,66,72,7,915.237999999999
NCCCNCCCCNCCCN1C(=O)c2ccc3c4c(OCCCN)cc5c6c(ccc(c7c(OCCCN)cc(c2c37)C1=O)c64)C(=O)N(CCCNCCCCNCCCN)C5=O,66,72,7,907.173999999999
CCCCCCCCCCCCN1C(=O)c2ccc3c4c(-c5ccc(C=O)cc5)cc5c6c(ccc(c7c(-c8ccc(C=O)cc8)cc(c2c37)C1=O)c64)C(=O)N(CCCCCCCCCCCC)C5=O,70,78,9,935.2179999999995
O=C(O)CN(CCCCN1C(=O)c2ccc3c4ccc5c6c(ccc(c7ccc(c2c37)C1=O)c64)C(=O)N(CCCCN(CC(=O)O)CC(=O)O)C5=O)CC(=O)O,56,62,7,764.744
CCCCSc1cc2c3c(ccc4c5c(SCCCC)cc6c7c(ccc(c1c34)c75)C(=O)N(CCCC)C6=O)C(=O)N(CCCC)C2=O,48,54,7,678.9199999999998
CC(C)(C)c1cc(CN2C(=O)c3ccc4c5ccc6c7c(ccc(c8ccc(c3c48)C2=O)c75)C(=O)N(Cc2cc(C(C)(C)C)cc(C(C)(C)C)c2)C6=O)cc(C(C)(C)C)c1,60,68,9,795.0359999999998
CCC(CC)N1C(=O)c2ccc3c4ccc5c6c(cc(Oc7ccc(C(=O)O)cc7)c(c7ccc(c2c37)C1=O)c64)C(=O)N(C(CC)CC)C5=O,50,57,8,666.7300000000004
COc1ccc(-c2cc3c4c(ccc5c6ccc7c8c(cc(-c9ccc(OC)cc9)c(c2c45)c86)C(=O)N(c2c(C(C)C)cccc2C(C)C)C7=O)C(=O)N(c2c(C(C)C)cccc2C(C)C)C3=O)cc1,70,80,11,923.122
CC(C)c1cccc(C(C)C)c1N1C(=O)c2ccc3c4ccc5c6c(cc(-c7ccc(C#N)cc7)c(c7c(-c8ccc(C#N)cc8)cc(c2c37)C1=O)c64)C(=O)N(c1c(C(C)C)cccc1C(C)C)C5=O,70,80,11,913.0899999999998
CC(C)c1cccc(C(C)C)c1N1C(=O)c2ccc3c4ccc5c6c(cc(-c7cccc(C#N)c7)c(c7c(-c8cccc(C#N)c8)cc(c2c37)C1=O)c64)C(=O)N(c1c(C(C)C)cccc1C(C)C)C5=O,70,80,11,913.0899999999998
O=C([O-])CC(C(=O)[O-])N1C(=O)c2ccc3c4ccc5c6c(ccc(c7ccc(c2c37)C1=O)c64)C(=O)N(C(CC(=O)[O-])C(=O)[O-])C5=O,46,52,7,618.4660000000003
CCCCCCC(CCCCCC)N1C(=O)c2ccc3c4ccc5c6c(cc(-c7ccc(C8=S=CC=C8)s7)c(c7ccc(c2c37)C1=O)c64)C(=O)N(C(CCCCCC)CCCCCC)C5=O,66,74,9,919.3099999999994
CC(C)c1cccc(C(C)C)c1N1C(=O)c2ccc3c4ccc5c6c(cc(-c7ccc(O)cc7)c(c7ccc(c2c37)C1=O)c64)C(=O)N(c1c(C(C)C)cccc1C(C)C)C5=O,61,70,10,802.9710000000001
NC(CCCCN1C(=O)c2ccc3c4ccc5c6c(ccc(c7ccc(c2c37)C1=O)c64)C(=O)N(CCCCC(N)C(=O)O)C5=O)C(=O)O,48,54,7,648.672
CC(C)(C)OC(=O)N1C(=O)c2ccc3c4ccc5c6c(ccc(c7ccc(c2c37)C1=O)c64)C(=O)N(C(=O)OC(C)(C)C)C5=O,44,50,7,590.5880000000002
CCCCC(CC)COCC(O)CN1C(=O)c2ccc3c4ccc5c6c(ccc(c7ccc(c2c37)C1=O)c64)C(=O)N(CC(O)COCC(CC)CCCC)C5=O,56,62,7,762.9439999999998
O=C1c2ccc3c4c(N5CCCC5)cc5c6c(ccc(c7c(N8CCCC8)cc(c2c37)C(=O)N1CCCO)c64)C(=O)N(CCCO)C5=O,48,56,9,644.7280000000002
CCOC(=O)CC(=O)OCCCN1C(=O)c2ccc3c4c(N5CCCC5)cc5c6c(ccc(c7c(N8CCCC8)cc(c2c37)C1=O)c64)C(=O)N(CCCOC(=O)CC(=O)OCC)C5=O,64,72,9,872.9279999999993
CC(C)c1cccc(C(C)C)c1N1C(=O)c2ccc3c4ccc5c6c(cc(-c7ccc(CO)cc7)c(c7ccc(c2c37)C1=O)c64)C(=O)N(c1c(C(C)C)cccc1C(C)C)C5=O,62,71,10,816.998
CCCCCCc1ccc(-c2cc3c4c(ccc5c6ccc7c8c(ccc(c2c45)c86)C(=O)N(CC(CC)CCCC)C7=O)C(=O)N(CC(CC)CCCC)C3=O)cc1,58,65,8,775.0459999999996
CCCCCCCCCc1ccc(-c2cc3c4c(ccc5c6ccc7c8c(ccc(c2c45)c86)C(=O)N(CC(CC)CCCC)C7=O)C(=O)N(CC(CC)CCCC)C3=O)cc1,61,68,8,817.1269999999995
CCCCC(CC)CN1C(=O)c2ccc3c4ccc5c6c(cc(-c7ccc(CCC)cc7)c(c7ccc(c2c37)C1=O)c64)C(=O)N(CC(CC)CCCC)C5=O,55,62,8,732.9649999999998
O=C1c2ccc3c4ccc5c6c(ccc(c7ccc(c2c37)C(=O)N1CCN(CCN=Cc1ccccc1O)CCN=Cc1ccccc1O)c64)C(=O)N(CCN(CCN=Cc1ccccc1O)CCN=Cc1ccccc1O)C5=O,80,90,11,1065.1999999999998
CC(C)c1cccc(C(C)C)c1N1C(=O)c2ccc3c4c(Oc5ccc(CCN=C(O)OC(C)(C)C)cc5)cc5c6c(ccc(c7c(O)cc(c2c37)C1=O)c64)C(=O)N(c1c(C(C)C)cccc1C(C)C)C5=O,72,81,10,962.1559999999998
CCC(CC)N1C(=O)c2ccc3c4ccc5c6c(c(-c7cc(C(C)(C)C)ccc7N=C(C)O)cc(c7ccc(c2c37)C1=O)c64)C(=O)N(C(CC)CC)C5=O,54,61,8,719.8820000000002
CCC(CC)N1C(=O)c2ccc3c4ccc5c6c(c(-c7cc([N+](=O)[O-])ccc7N=C(C)O)cc(c7ccc(c2c37)C1=O)c64)C(=O)N(C(CC)CC)C5=O,53,60,8,708.7710000000003
CCCCC(CC)CN1C(=O)c2ccc3c4ccc5c6c(cc(N=C(O)c7ccccn7)c(c7ccc(c2c37)C1=O)c64)C(=O)N(CC(CC)CCCC)C5=O,55,62,8,734.8969999999999
CCC(CC)N1C(=O)c2ccc3c4ccc5c6c(cc(Oc7ccc(CC(N=C(C)O)C(=O)O)cc7)c(c7ccc(c2c37)C1=O)c64)C(=O)N(C(CC)CC)C5=O,56,63,8,751.8360000000002
O=C1c2ccc3c4c([NH+]=C5C=CC(=[N+](O)O)C=C5)cc5c6c(ccc(c7c([NH+]=C8C=CC(=[N+]([O-])[O-])C=C8)cc(c2c37)C(=O)N1c1ccc([N+](=O)[O-])cc1)c64)C(=O)N(c1ccc([N+](=O)[O-])cc1)C5=O,68,78,11,906.78
O=C1c2ccc3c4c(N=C5C=CC(=[N+](O)O)C=C5)cc5c6c(ccc(c7c(N=C8C=CC(=[N+]([O-])O)C=C8)cc(c2c37)C(=O)N1c1ccc([N+](=O)[O-])cc1)c64)C(=O)N(c1ccc([N+](=O)[O-])cc1)C5=O,68,78,11,905.7719999999999
CCCCCCCCN1C(=O)c2ccc3c4c([N+](=O)[O-])cc5c6c(cc([N+](=O)[O-])c(c7ccc(c2c37)C1=O)c64)C(=O)N(CCCCCCCC)C5=O,52,58,7,704.7800000000001
O=C(O)CCN1C(=O)c2cc(Oc3cccnc3)c3c4c(Oc5cccnc5)cc5c6c(cc(Oc7cccnc7)c(c7c(Oc8cccnc8)cc(c2c37)C1=O)c64)C(=O)N(CCC(=O)O)C5=O,68,78,11,906.8199999999999
CCC(CC)N1C(=O)c2ccc3c4c(OCCOC)cc5c6c(ccc(c7c(C#Cc8ccc(-c9cc(-c%10ccccn%10)nc(-c%10cccc[n+]%10C)c9)cc8)cc(c2c37)C1=O)c64)C(=O)N(C(CC)CC)C5=O,72,82,11,951.1159999999998
CCC(CC)N1C(=O)c2ccc3c4c(N=O)cc5c6c(ccc(c7c(C#Cc8ccc(-c9cc(-c%10ccccn%10)nc(-c%10ccccn%10)c9)cc8)cc(c2c37)C1=O)c64)C(=O)N(C(CC)CC)C5=O,68,78,11,891.0
C=CC=C(C=C)CC(NC(=O)C(Cc1ccccc1)NC(=O)C(CSc1cc2c3c(ccc4c5c(OC(C)(C)CO)cc6c7c(ccc(c1c34)c75)C(=O)N(C(CC)CC)C6=O)C(=O)N(C(CC)CC)C2=O)NC(C)=O)C(=O)O,78,85,8,1076.282
CCC(CC)N1C(=O)c2ccc3c4c(SCC(NC)C(=O)NC(CC5=CCCC=C5)C(=O)O)cc5c6c(ccc(c7c(OCCO)cc(c2c37)C1=O)c64)C(=O)N(C(CC)CC)C5=O,63,70,8,873.0409999999999
CC(=N)c1cc2c3c(ccc4c5c(-c6nc(C)nc(N(C)C)n6)cc6c7c(ccc(c1c34)c75)C(=O)N(c1c(C(C)C)cccc1C(C)C)C6=O)C(=O)N(c1c(C(C)C)cccc1C(C)C)C2=O,67,76,10,888.0849999999998
CCCCC(CC)N1C(=O)c2ccc3c4c(SC#N)cc5c6c(cc(SC#N)c(c7ccc(c2c37)C1=O)c64)C(=O)N(C(CC)CCCC)C5=O,50,56,7,700.8860000000001
Cc1cc2c3c(C)c(C)c4c5c(c(C)cc(c6c(C)c(C)c7c(c1C(=O)N(C)C7=O)c26)c53)C(=O)N(C)C4=O,38,44,7,502.5700000000004
O=C(O)C(c1cnc[nH]1)N1C(=O)c2ccc3c4ccc5c6c(ccc(c7ccc(c2c37)C1=O)c64)C(=O)N(C(C(=O)O)c1cnc[nH]1)C5=O,48,56,9,638.5520000000001
CC1C=CC=C(N2C(=O)c3ccc4c5ccc6c7c(ccc(c8ccc(c3c48)C2=O)c75)C(=O)N(C2=CC=CC(C)C=C2)C6=O)C=C1,46,54,9,598.6580000000002
CCCCCCCCN1C(=O)c2ccc3c4c(Oc5ccc(C=O)cc5)cc5c6c(ccc(c7c(Oc8ccc(C=O)cc8)cc(c2c37)C1=O)c64)C(=O)N(CCCCCCCC)C5=O,64,72,9,855.0000000000001
[C-]#[N+]c1cc2c3c(ccc4c5c(C)cc6c7c(ccc(c1c34)c75)C(=O)N(CCC(C)C)C6=O)C(=O)N(CCC(C)C)C2=O,43,49,7,569.6610000000002
[C-]#[N+]c1cc2c3c(ccc4c5c(C#N)cc6c7c(ccc(c1c34)c75)C(=O)N(CC(C)C)C6=O)C(=O)N(CC(C)C)C2=O,42,48,7,552.5900000000003
CCC(CC)N1C(=O)c2ccc3c4ccc5c6c(cc(C)c(c7ccc(c2c37)C1=O)c64)C(=O)N(C(CC)CC)C5=O,41,47,7,544.6510000000004
CCC(CC)N1C(=O)c2ccc3c4c([N+](=O)[O-])cc5c6c(ccc(c7c(C)cc(c2c37)C1=O)c64)C(=O)N(C(CC)CC)C5=O,44,50,7,589.6480000000004
[C-]#[N+]c1cc2c3c(ccc4c5c(C#N)cc6c7c(ccc(c1c34)c75)C(=O)N(CC)C6=O)C(=O)N(CC)C2=O,38,44,7,496.4820000000003
[C-]#[N+]c1cc2c3c(ccc4c5c(C)cc6c7c(ccc(c1c34)c75)C(=O)N(CC(C)C)C6=O)C(=O)N(CC(C)C)C2=O,41,47,7,541.6070000000003
[C-]#[N+]c1cc2c3c(ccc4c5c(C)cc6c7c(ccc(c1c34)c75)C(=O)N(C(C)CCCCC)C6=O)C(=O)N(C(C)CCCCC)C2=O,47,53,7,625.769
[C-]#[N+]c1cc2c3c(cc(C#N)c4c5ccc6c7c(ccc(c1c34)c75)C(=O)N(CC)C6=O)C(=O)N(CC)C2=O,38,44,7,496.4820000000003
[C-]#[N+]c1cc2c3c(cc(C#N)c4c5c(C#N)cc6c7c(cc([N+]#[C-])c(c1c34)c75)C(=O)N(CC)C6=O)C(=O)N(CC)C2=O,42,48,7,546.5020000000002
[C-]#[N+]c1cc2c3c(cc(C#N)c4c5c(C#N)cc6c7c(cc([N+]#[C-])c(c1c34)c75)C(=O)N(C)C6=O)C(=O)N(C)C2=O,40,46,7,518.4480000000003
CCCCC(C)CCN1C(=O)c2ccc3c4c(C)cc5c6c(ccc(c7c(C)cc(c2c37)C1=O)c64)C(=O)N(CCC(C)CCCC)C5=O,48,54,7,642.84
CCCCCC(CCCCC)N1C(=O)c2ccc3c4ccc5c6c(cc(C)c(c7ccc(c2c37)C1=O)c64)C(=O)N(C(CCCCC)CCCCC)C5=O,53,59,7,712.9749999999997
[C-]#[N+]c1cc2c3c(ccc4c5c(C)cc6c7c(ccc(c1c34)c75)C(=O)N(C(CC)CCC)C6=O)C(=O)N(C(CC)CCC)C2=O,45,51,7,597.7150000000003
[C-]#[N+]c1cc2c3c(ccc4c5c(C)cc6c7c(ccc(c1c34)c75)C(=O)N(C(C)CCC)C6=O)C(=O)N(C(C)CCC)C2=O,43,49,7,569.6610000000003
CC(C)c1ccccc1Cc1cc2c3c(ccc4c5c(Nc6ccccc6C(C)C)cc6c7c(ccc(c1c34)c75)C(=O)N(c1c(C(C)C)cccc1C(C)C)C6=O)C(=O)N(c1c(C(C)C)cccc1C(C)C)C2=O,74,84,11,976.2739999999998
Cc1cc2c3ccc4c5c(c(C)cc(c6ccc7c(c1C(=O)N(C)C7=O)c62)c53)C(=O)N(C)C4=O,34,40,7,446.4620000000002
O=C1CCCCCN1CCCN1C(=O)c2ccc3c4ccc5c6c(ccc(c7ccc(c2c37)C1=O)c64)C(=O)N(CCCN1CCCCCC1=O)C5=O,52,60,9,696.8039999999996
CCC(CC)N1C(=O)c2ccc3c4ccc5c6c(c7c(c8c9n7CCCN9CCCC8)c(c7ccc(c2c37)C1=O)c64)C(=O)N(C(CC)CC)C5=O,51,60,10,678.8330000000003
CC=Cc1cc2c3c(ccc4c5c(C)cc6c7c(ccc(c1c34)c75)C(=O)N(CC(C)C)C6=O)C(=O)N(CC(C)C)C2=O,42,48,7,556.6620000000003
CC#Cc1cc2c3c(ccc4c5c(C)cc6c7c(ccc(c1c34)c75)C(=O)N(CC(C)C)C6=O)C(=O)N(CC(C)C)C2=O,42,48,7,554.6460000000003
CCCC(CCC)N1C(=O)c2c(-c3ccncc3)cc3c4cc(-c5ccncc5)c5c6c(c(-c7ccncc7)cc(c7cc(-c8ccncc8)c(c2c37)C1=O)c64)C(=O)N(C(CCC)CCC)C5=O,68,78,11,895.076
CC(C)(C)c1ccc(Oc2cc3c4c(cc(Oc5ccc(C(C)(C)C)cc5)c5c6ccc7c8c(ccc(c2c45)c86)C(=O)N(C2CCCCC2)C7=O)C(=O)N(C2CCCCC2)C3=O)cc1,64,74,11,851.0559999999998
CC(C)CCCC(C)CCN1C(=O)c2ccc3c4ccc5c6c(ccc(c7ccc(c2c37)C1=O)c64)C(=O)N(CCC(C)CCCC(C)C)C5=O,50,56,7,670.8939999999999
O=C1c2ccc3c4ccc5c6c(ccc(c7ccc(c2c37)C(=O)N1CCOCCOCCOCCOCCOCCO)c64)C(=O)N(CCOCCOCCOCCOCCOCCO)C5=O,66,72,7,918.9899999999997
O=C(O)CC(C(=O)O)N1C(=O)c2ccc3c4ccc5c6c(ccc(c7ccc(c2c37)C1=O)c64)C(=O)N(C(CC(=O)O)C(=O)O)C5=O,46,52,7,622.4980000000004
CCCCCC(CCCCC)N1C(=O)c2ccc3c4ccc5c6c(cc(-c7cc(C)sc7C)c(c7ccc(c2c37)C1=O)c64)C(=O)N(C(CCCCC)CCCCC)C5=O,59,66,8,809.1289999999996
CCCCCC(CCCCC)N1C(=O)c2ccc3c4ccc5c6c(cc(-c7c(C)sc8ccccc78)c(c7ccc(c2c37)C1=O)c64)C(=O)N(C(CCCCC)CCCCC)C5=O,62,70,9,845.1619999999996
