CID,MolFormula,MolWeight,SMILES
157464,C22H24N4O4,408.179755248,"CN(C)CCN1C(=O)C2=C3C(=CC=C4C3=C(C=C2)C(=O)N(C4=O)CCN(C)C)C1=O"
3130863,C22H22N2O6,410.14778642399995,"C1=CC2=C3C(=CC=C4C3=C1C(=O)N(C4=O)CCCCO)C(=O)N(C2=O)CCCCO"
4210039,C26H26N2O4,430.18925731199994,"C1CCC(CC1)N2C(=O)C3=C4C(=CC=C5C4=C(C=C3)C(=O)N(C5=O)C6CCCCC6)C2=O"
25149265,C46H56N4O6,760.419985512,"CCN(CCCCCCN1C(=O)C2=C3C(=CC=C4C3=C(C=C2)C(=O)N(C4=O)CCCCCCN(CC)CC5=CC=CC=C5OC)C1=O)CC6=CC=CC=C6OC"
157462,C24H28N4O4,436.211055376,"CN(C)CCCN1C(=O)C2=C3C(=CC=C4C3=C(C=C2)C(=O)N(C4=O)CCCN(C)C)C1=O"
1102900,C26H14N2O6,450.08518616799995,"C1=CC(=CC(=C1)O)N2C(=O)C3=C4C(=CC=C5C4=C(C=C3)C(=O)N(C5=O)C6=CC(=CC=C6)O)C2=O"
2852748,C22H18N2O8,438.1063155359999,"CC(=O)OCCN1C(=O)C2=C3C(=CC=C4C3=C(C=C2)C(=O)N(C4=O)CCOC(=O)C)C1=O"
10186338,C28H32N4O6,520.2321847439999,"C1COCCN1CCCN2C(=O)C3=C4C(=CC=C5C4=C(C=C3)C(=O)N(C5=O)CCCN6CCOCC6)C2=O"
137653213,C32H37N5O5,571.279469284,"COC1=CC=CC=C1CNCCCN2C(=O)C3=C4C(=CC=C5C4=C(C=C3)C(=O)N(C5=O)CCCNCCCCN)C2=O"
137655794,C35H44N6O5,628.337318508,"COC1=CC=CC=C1CNCCCN2C(=O)C3=C4C(=CC=C5C4=C(C=C3)C(=O)N(C5=O)CCCNCCCCNCCCN)C2=O"
1097040,C28H14N2O8,506.07501540799984,"C1=CC(=CC(=C1)N2C(=O)C3=C4C(=CC=C5C4=C(C=C3)C(=O)N(C5=O)C6=CC=CC(=C6)C(=O)O)C2=O)C(=O)O"
1102901,C26H14N2O6,450.0851861679999,"C1=CC(=CC=C1N2C(=O)C3=C4C(=CC=C5C4=C(C=C3)C(=O)N(C5=O)C6=CC=C(C=C6)O)C2=O)O"
1121038,C20H10N2O4,342.06405679999995,"C1=CC=C(C=C1)N2C(=O)C3=C4C(=CC=C5C4=C(C=C3)C(=O)NC5=O)C2=O"
10670478,C26H30N2O4,434.22055743999994,"CCCCCCN1C(=O)C2=C3C(=CC=C4C3=C(C=C2)C(=O)N(C4=O)CCCCCC)C1=O"
424523,C26H32N4O4,464.24235550399993,"CCN(CC)CCN1C(=O)C2=C3C(=CC=C4C3=C(C=C2)C(=O)N(C4=O)CCN(CC)CC)C1=O"
3897207,C18H12N4O6,380.07568410399995,"CC(=O)NN1C(=O)C2=C3C(=CC=C4C3=C(C=C2)C(=O)N(C4=O)NC(=O)C)C1=O"
21240387,C26H16N4O8S2,576.040955472,"C1=CC(=CC=C1N2C(=O)C3=C4C(=CC=C5C4=C(C=C3)C(=O)N(C5=O)C6=CC=C(C=C6)S(=O)(=O)N)C2=O)S(=O)(=O)N"
44598075,C50H64N4O6,816.482585768,"COC1=CC=CC=C1CNCCCCCCCCCCN2C(=O)C3=C4C(=CC=C5C4=C(C=C3)C(=O)N(C5=O)CCCCCCCCCCNCC6=CC=CC=C6OC)C2=O"
44598779,C34H32N4O6,592.232184744,"COC1=CC=CC=C1CNCCN2C(=O)C3=C4C(=CC=C5C4=C(C=C3)C(=O)N(C5=O)CCNCC6=CC=CC=C6OC)C2=O"
44598780,C36H36N4O6,620.263484872,"COC1=CC=CC=C1CNCCCN2C(=O)C3=C4C(=CC=C5C4=C(C=C3)C(=O)N(C5=O)CCCNCC6=CC=CC=C6OC)C2=O"
44598781,C38H40N4O6,648.294785,"COC1=CC=CC=C1CNCCCCN2C(=O)C3=C4C(=CC=C5C4=C(C=C3)C(=O)N(C5=O)CCCCNCC6=CC=CC=C6OC)C2=O"
44598831,C46H56N4O6,760.419985512,"COC1=CC=CC=C1CNCCCCCCCCN2C(=O)C3=C4C(=CC=C5C4=C(C=C3)C(=O)N(C5=O)CCCCCCCCNCC6=CC=CC=C6OC)C2=O"
44598832,C48H60N4O6,788.4512856399999,"COC1=CC=CC=C1CNCCCCCCCCCN2C(=O)C3=C4C(=CC=C5C4=C(C=C3)C(=O)N(C5=O)CCCCCCCCCNCC6=CC=CC=C6OC)C2=O"
57327692,C20H12N4O4S2,436.02999686400005,"C1=CC2=C3C(=CC=C4C3=C1C(=O)N(C4=O)CCN=C=S)C(=O)N(C2=O)CCN=C=S"
57327693,C22H16N4O4S2,464.06129699200005,"C1=CC2=C3C(=CC=C4C3=C1C(=O)N(C4=O)CCCN=C=S)C(=O)N(C2=O)CCCN=C=S"
60147722,C40H44N4O10,740.3057436080002,"COC1=C(C(=C(C=C1)CNCCCN2C(=O)C3=C4C(=CC=C5C4=C(C=C3)C(=O)N(C5=O)CCCNCC6=C(C(=C(C=C6)OC)OC)OC)C2=O)OC)OC"
71458562,C52H58N10O4,886.464250336,"CN(CCCN1C(=O)C2=C3C(=CC=C4C3=C(C=C2)C(=O)N(C4=O)CCCN(C)CCCN(CC5=CC=CC=N5)CC6=CC=CC=N6)C1=O)CCCN(CC7=CC=CC=N7)CC8=CC=CC=N8"
73351252,C69H113N13O28S4,1699.6700839759988,"C1C(C(C(C(C1N)OC2C(C(C(C(O2)CN)O)O)N)OC3C(C(C(O3)CSCCOCCSCC(CN4C(=O)C5=C6C(=CC=C7C6=C(C=C5)C(=O)N(C7=O)CC(CSCCOCCSCC8C(C(C(C(O8)OC9C(CC(C(C9O)OC1C(CC(C(O1)CN)O)N)N)N)O)N)O)O)C4=O)O)OC1C(C(C(C(O1)CN)O)O)N)O)O)N"
73352731,C74H122N14O32S4,1846.7232417439984,"C1C(C(C(C(C1N)OC2C(C(C(C(O2)CN)O)O)N)OC3C(C(C(O3)CSCCOCCSCC(CN4C(=O)C5=C6C(=CC=C7C6=C(C=C5)C(=O)N(C7=O)CC(CSCCOCCSCC8C(C(C(O8)OC9C(C(CC(C9OC1C(C(C(C(O1)CN)O)O)N)N)N)O)O)OC1C(C(C(C(O1)CN)O)O)N)O)C4=O)O)OC1C(C(C(C(O1)CN)O)O)N)O)O)N"
90676365,C42H50N8O6,762.38533132,"C1CNC(=O)C2=CC=C(C=C2)C(=O)NCCCN3CCN(CCCN4C(=O)C5=C6C(=CC=C7C6=C(C=C5)C(=O)N(C7=O)CCCN8CCN(C1)CC8)C4=O)CC3"
137637897,C32H37N5O5,571.279469284,"COC1=CC=CC=C1CNCCCN2C(=O)C3=C4C(=CC=C5C4=C(C=C3)C(=O)N(C5=O)CCCCNCCCN)C2=O"
137640459,C24H20N4O8S2,556.0722555999998,"C1=CC(=CC=C1CCN2C(=O)C3=C4C(=CC=C5C4=C(C=C3)C(=O)N(C5=O)CCS(=O)(=O)N)C2=O)S(=O)(=O)N"
137645384,C31H35N5O5,557.26381922,"COC1=CC=CC=C1CNCCCN2C(=O)C3=C4C(=CC=C5C4=C(C=C3)C(=O)N(C5=O)CCCNCCCN)C2=O"
137647086,C35H42N4O7,630.3053496839999,"COC1=CC=CC=C1CNCCCN2C(=O)C3=C4C(=CC=C5C4=C(C=C3)C(=O)N(C5=O)CCCOCCCCOCCCN)C2=O"
137648985,C32H37N5O5,571.279469284,"CNCCCNCCCN1C(=O)C2=C3C(=CC=C4C3=C(C=C2)C(=O)N(C4=O)CCCNCC5=CC=CC=C5OC)C1=O"
137654777,C36H46N6O5,642.3529685720001,"CNCCCNCCCCNCCCN1C(=O)C2=C3C(=CC=C4C3=C(C=C2)C(=O)N(C4=O)CCCNCC5=CC=CC=C5OC)C1=O"
137656417,C28H28N4O5,500.20596999599996,"COC1=CC=CC=C1CNCCCN2C(=O)C3=C4C(=CC=C5C4=C(C=C3)C(=O)N(C5=O)CCCN)C2=O"
137656912,C28H27N3O5,485.19507096399997,"CCCN1C(=O)C2=C3C(=CC=C4C3=C(C=C2)C(=O)N(C4=O)CCCNCC5=CC=CC=C5OC)C1=O"
137662137,C33H40N6O5,600.30601838,"COC1=CC=CC=C1CNCCCN2C(=O)C3=C4C(=CC=C5C4=C(C=C3)C(=O)N(C5=O)CCCNCCNCCCN)C2=O"
137662293,C28H20N4O8S2,604.0722556,"C1=CC(=CC=C1CN2C(=O)C3=C4C(=CC=C5C4=C(C=C3)C(=O)N(C5=O)CC6=CC=C(C=C6)S(=O)(=O)N)C2=O)S(=O)(=O)N"
168269788,C28H34N6O4,518.264153568,"CN1CCN(CC1)CCN2C(=O)C3=C4C(=CC=C5C4=C(C=C3)C(=O)N(C5=O)CCN6CCN(CC6)C)C2=O"
168276402,C30H38N6O4,546.295453696,"CN1CCN(CC1)CCCN2C(=O)C3=C4C(=CC=C5C4=C(C=C3)C(=O)N(C5=O)CCCN6CCN(CC6)C)C2=O"
168278081,C36H34N6O4,614.2641535680001,"CN1CCN(CC1)C2=CC=CC=C2N3C(=O)C4=C5C(=CC=C6C5=C(C=C4)C(=O)N(C6=O)C7=CC=CC=C7N8CCN(CC8)C)C3=O"
168279301,C32H42N6O4,574.3267538240001,"CC(CCN1C(=O)C2=C3C(=CC=C4C3=C(C=C2)C(=O)N(C4=O)CCC(C)N5CCN(CC5)C)C1=O)N6CCN(CC6)C"
168280592,C32H42N6O4,574.3267538240001,"CC(C)(CN1C(=O)C2=C3C(=CC=C4C3=C(C=C2)C(=O)N(C4=O)CC(C)(C)N5CCN(CC5)C)C1=O)N6CCN(CC6)C"
168283180,C36H34N6O4,614.2641535680001,"CN1CCN(CC1)C2=CC(=CC=C2)N3C(=O)C4=C5C(=CC=C6C5=C(C=C4)C(=O)N(C6=O)C7=CC=CC(=C7)N8CCN(CC8)C)C3=O"
168284039,C36H34N6O4,614.2641535680001,"CN1CCN(CC1)C2=CC=C(C=C2)N3C(=O)C4=C5C(=CC=C6C5=C(C=C4)C(=O)N(C6=O)C7=CC=C(C=C7)N8CCN(CC8)C)C3=O"
168288951,C30H38N6O4,546.2954536960001,"CC(CN1C(=O)C2=C3C(=CC=C4C3=C(C=C2)C(=O)N(C4=O)CC(C)N5CCN(CC5)C)C1=O)N6CCN(CC6)C"
168290043,C34H42N6O4,598.3267538240001,"CN1CCN(CC1)CC2(CC2)CN3C(=O)C4=C5C(=CC=C6C5=C(C=C4)C(=O)N(C6=O)CC7(CC7)CN8CCN(CC8)C)C3=O"
168291813,C34H28N4O6,588.2008846159999,"C1COCCN1C2=CC=CC=C2N3C(=O)C4=C5C(=CC=C6C5=C(C=C4)C(=O)N(C6=O)C7=CC=CC=C7N8CCOCC8)C3=O"
643974,C22H18N2O8,438.1063155359999,"CCOC(=O)CN1C(=O)C2=C3C(=CC=C4C3=C(C=C2)C(=O)N(C4=O)CC(=O)OCC)C1=O"
14342261,C24H30N4O4+2,438.22560828018,"C[N+](C)(C)CCN1C(=O)C2=C3C(=CC=C4C3=C(C=C2)C(=O)N(C4=O)CC[N+](C)(C)C)C1=O"
15401781,C26H34N4O4+2,466.25690840818,"C[N+](C)(C)CCCN1C(=O)C2=C3C(=CC=C4C3=C(C=C2)C(=O)N(C4=O)CCC[N+](C)(C)C)C1=O"
57327694,C21H18N4O4S,422.10487605599997,"CN(C)CCN1C(=O)C2=C3C(=CC=C4C3=C(C=C2)C(=O)N(C4=O)CCN=C=S)C1=O"
79771,C14H6N2O4,266.032756672,"C1=CC2=C3C(=CC=C4C3=C1C(=O)NC4=O)C(=O)NC2=O"
2925566,C26H16N4O4,448.11715499199994,"C1=CC(=CN=C1)CN2C(=O)C3=C4C(=CC=C5C4=C(C=C3)C(=O)N(C5=O)CC6=CN=CC=C6)C2=O"
10533707,C38H58N4O4+2,634.44470917618,"CCCC[N+](C)(CCCC)CCCN1C(=O)C2=C3C(=CC=C4C3=C(C=C2)C(=O)N(C4=O)CCC[N+](C)(CCCC)CCCC)C1=O"
13526510,C22H24N4O6,440.16958448799994,"C1=CC2=C3C(=CC=C4C3=C1C(=O)N(C4=O)CCNCCO)C(=O)N(C2=O)CCNCCO"
25270981,C26H16N8O8S2,632.0532514719999,"C1=CC2=C3C(=CC=C4C3=C1C(=O)N(C4=O)NC(=O)CC(=O)NC5=NC=CS5)C(=O)N(C2=O)NC(=O)CC(=O)NC6=NC=CS6"
44598782,C40H44N4O6,676.326085128,"COC1=CC=CC=C1CNCCCCCN2C(=O)C3=C4C(=CC=C5C4=C(C=C3)C(=O)N(C5=O)CCCCCNCC6=CC=CC=C6OC)C2=O"
44598829,C42H48N4O6,704.357385256,"COC1=CC=CC=C1CNCCCCCCN2C(=O)C3=C4C(=CC=C5C4=C(C=C3)C(=O)N(C5=O)CCCCCCNCC6=CC=CC=C6OC)C2=O"
44598830,C44H52N4O6,732.388685384,"COC1=CC=CC=C1CNCCCCCCCN2C(=O)C3=C4C(=CC=C5C4=C(C=C3)C(=O)N(C5=O)CCCCCCCNCC6=CC=CC=C6OC)C2=O"
56659405,C30H42N4O4+2,522.31950866418,"CCC[N+](C)(CCC)CN1C(=O)C2=C3C(=CC=C4C3=C(C=C2)C(=O)N(C4=O)C[N+](C)(CCC)CCC)C1=O"
56669738,C22H26N4O4+2,410.19430815218,"C[N+](C)(C)CN1C(=O)C2=C3C(=CC=C4C3=C(C=C2)C(=O)N(C4=O)C[N+](C)(C)C)C1=O"
56679895,C26H34N4O4+2,466.25690840818,"CC[N+](C)(CC)CN1C(=O)C2=C3C(=CC=C4C3=C(C=C2)C(=O)N(C4=O)C[N+](C)(CC)CC)C1=O"
73346795,C64H104N12O24S4,1552.6169262079989,"C1C(C(C(C(C1N)OC2C(C(C(C(O2)CSCCOCCSCC(CN3C(=O)C4=C5C(=CC=C6C5=C(C=C4)C(=O)N(C6=O)CC(CSCCOCCSCC7C(C(C(C(O7)OC8C(CC(C(C8O)OC9C(CC(C(O9)CN)O)N)N)N)O)N)O)O)C3=O)O)O)N)O)O)OC1C(CC(C(O1)CN)O)N)N"
102126976,C38H50N6O6,686.37918332,"CN1CCCNC(=O)CC2(CCCCC2)CC(=O)NCCCN(CCCN3C(=O)C4=C5C(=CC=C6C5=C(C=C4)C(=O)N(C6=O)CCC1)C3=O)C"
137660355,C37H48N6O7,688.358447876,"COC1=C(C(=C(C=C1)CNCCCN2C(=O)C3=C4C(=CC=C5C4=C(C=C3)C(=O)N(C5=O)CCCNCCCCNCCCN)C2=O)OC)OC"
145980424,C22H23N3O5,409.16377083599997,"CN(C)CCCN1C(=O)C2=C3C(=CC=C4C3=C(C=C2)C(=O)N(C4=O)CCCO)C1=O"
145982209,C22H16N4O4,400.117154992,"CCCCN1C(=O)C2=C3C(=CC=C4C3=C(C=C2)C(=O)N(C4=O)C5=NC=CC=N5)C1=O"
145989025,C24H25N3O6,451.17433551999994,"C1COCCN1CCCN2C(=O)C3=C4C(=CC=C5C4=C(C=C3)C(=O)N(C5=O)CCCO)C2=O"
145989498,C21H20N2O5,380.1372217399999,"CC(C)CN1C(=O)C2=C3C(=CC=C4C3=C(C=C2)C(=O)N(C4=O)CCCO)C1=O"
145993954,C23H25N3O4,407.18450628,"CCCCN1C(=O)C2=C3C(=CC=C4C3=C(C=C2)C(=O)N(C4=O)CCCN(C)C)C1=O"
164625946,C35H46N6O6,646.347883192,"CC1(CC(=O)NCCCN(CCCN2C(=O)C3=C4C(=CC=C5C4=C(C=C3)C(=O)N(C5=O)CCCN(CCCNC(=O)C1)C)C2=O)C)C"
164627694,C33H42N6O6,618.316583064,"CN1CCCNC(=O)CCCC(=O)NCCCN(CCCN2C(=O)C3=C4C(=CC=C5C4=C(C=C3)C(=O)N(C5=O)CCC1)C2=O)C"
44613567,C36H28N8O4,636.2233513760001,"CC1=CC(N=C(N1)NN2C(=O)C3=C4C(=CC=C5C4=C(C=C3)C(=O)N(C5=O)NC6=NC(C=C(N6)C)C7=CC=CC=C7)C2=O)C8=CC=CC=C8"
2835790,C18H14N2O6,354.08518616799995,"C1=CC2=C3C(=CC=C4C3=C1C(=O)N(C4=O)CCO)C(=O)N(C2=O)CCO"
138705276,C21H20N2O4,364.14230711999994,"CCCCN1C(=O)C2=C3C(=CC=C4C3=C(C=C2)C(=O)N(C4=O)CCC)C1=O"
3457081,C20H18N2O6,382.11648629599995,"C1=CC2=C3C(=CC=C4C3=C1C(=O)N(C4=O)CCCO)C(=O)N(C2=O)CCCO"
10373040,C38H51N11O7,773.3972929719998,"CN(CCCN)CCCN1C(=O)C2=C3C(=CC=C4C3=C(C=C2)C(=O)N(C4=O)CCCN(C)CCCNC(=O)C(CC5=CN=CN5)NC(=O)CNC(=O)CN)C1=O"
11766543,C48H64N16O10,1024.499132248,"CN(CCCNC(=O)C(CC1=CN=CN1)NC(=O)CNC(=O)CN)CCCN2C(=O)C3=C4C(=CC=C5C4=C(C=C3)C(=O)N(C5=O)CCCN(C)CCCNC(=O)C(CC6=CN=CN6)NC(=O)CNC(=O)CN)C2=O"
56679896,C34H50N4O4+2,578.38210892018,"CCCC[N+](C)(CCCC)CN1C(=O)C2=C3C(=CC=C4C3=C(C=C2)C(=O)N(C4=O)C[N+](C)(CCCC)CCCC)C1=O"
137640492,C34H42N6O5,614.321668444,"COC1=CC=CC=C1CNCCCN2C(=O)C3=C4C(=CC=C5C4=C(C=C3)C(=O)N(C5=O)CCCNCCCNCCCN)C2=O"
145980341,C25H27N3O5,449.19507096399997,"CCCCN1C(=O)C2=C3C(=CC=C4C3=C(C=C2)C(=O)N(C4=O)CCCN5CCOCC5)C1=O"
145986731,C24H24N2O4,404.17360724799994,"CCCCN1C(=O)C2=C3C(=CC=C4C3=C(C=C2)C(=O)N(C4=O)C5CCCCC5)C1=O"
145986867,C22H22N2O4,378.15795718399994,"CCCCN1C(=O)C2=C3C(=CC=C4C3=C(C=C2)C(=O)N(C4=O)CC(C)C)C1=O"
145988147,C22H20N2O4,376.14230711999994,"CCCCN1C(=O)C2=C3C(=CC=C4C3=C(C=C2)C(=O)N(C4=O)CC5CC5)C1=O"
145989184,C23H17N3O4,399.121906024,"CCCCN1C(=O)C2=C3C(=CC=C4C3=C(C=C2)C(=O)N(C4=O)C5=CN=CC=C5)C1=O"
145991092,C21H18N2O4,362.12665705599994,"CCCCN1C(=O)C2=C3C(=CC=C4C3=C(C=C2)C(=O)N(C4=O)C5CC5)C1=O"
168275888,C36H34N6O6,646.253982808,"C1COCCN1C(CN2C(=O)C3=C4C(=CC=C5C4=C(C=C3)C(=O)N(C5=O)CC(C6=CC=CC=N6)N7CCOCC7)C2=O)C8=CC=CC=N8"
168284091,C34H28N4O6,588.2008846159999,"C1COCCN1C2=CC=C(C=C2)N3C(=O)C4=C5C(=CC=C6C5=C(C=C4)C(=O)N(C6=O)C7=CC=C(C=C7)N8CCOCC8)C3=O"
171353574,C40H20N4O10S2,780.0620848400001,"COC1=CC=CC2=C1OC(=O)C(=C2)C3=CSC(=N3)N4C(=O)C5=C6C(=CC=C7C6=C(C=C5)C(=O)N(C7=O)C8=NC(=CS8)C9=CC1=C(C(=CC=C1)OC)OC9=O)C4=O"
171353835,C62H48N4O8S2,1040.2913564960002,"C=CCCC=CC1=C(C2=C(C=C1)OC(=O)C(=C2)C3=CSC(=N3)N4C(=O)C5=C6C(=CC=C7C6=C(C=C5)C(=O)N(C7=O)C8=NC(=CS8)C9=CC1=C(C=CC(=C1C=CCCC=C)C=CCCC=C)OC9=O)C4=O)C=CCCC=C"
171358677,C38H16N4O8S2,720.0409554720001,"C1=CC=C2C(=C1)C=C(C(=O)O2)C3=CSC(=N3)N4C(=O)C5=C6C(=CC=C7C6=C(C=C5)C(=O)N(C7=O)C8=NC(=CS8)C9=CC1=CC=CC=C1OC9=O)C4=O"
3036056,C20H18N2O10,446.09614477599985,"COC(CN1C(=O)C2=C3C(=CC=C4C3=C(C=C2)C(=O)N(C4=O)CC(OC)OO)C1=O)OO"
983052,C26H14N2O4,418.09535692799994,"C1=CC=C(C=C1)N2C(=O)C3=C4C(=CC=C5C4=C(C=C3)C(=O)N(C5=O)C6=CC=CC=C6)C2=O"
1549160,C20H8N4O4S2,431.99869673600006,"C1=CC2=C3C(=CC=C4C3=C1C(=O)N(C4=O)C5=NC=CS5)C(=O)N(C2=O)C6=NC=CS6"
2762446,C16H10N2O4,294.0640568,"CN1C(=O)C2=C3C(=CC=C4C3=C(C=C2)C(=O)N(C4=O)C)C1=O"
2835172,C30H22N2O4,474.15795718399994,"C1=CC=C(C=C1)CCN2C(=O)C3=C4C(=CC=C5C4=C(C=C3)C(=O)N(C5=O)CCC6=CC=CC=C6)C2=O"
15008936,C18H10N2O8,382.0437152799999,"C1=CC2=C3C(=CC=C4C3=C1C(=O)N(C4=O)CC(=O)O)C(=O)N(C2=O)CC(=O)O"
70695550,C20H18N2O6,382.1164862959999,"CC(CN1C(=O)C2=C3C(=CC=C4C3=C(C=C2)C(=O)N(C4=O)CC(C)O)C1=O)O"
59348322,C30H38N2O4,490.28315769599993,"CCCCCCCCN1C(=O)C2=C3C(=CC=C4C3=C(C=C2)C(=O)N(C4=O)CCCCCCCC)C1=O"
969481,C24H12N4O4,420.085854864,"C1=CC=NC(=C1)N2C(=O)C3=C4C(=CC=C5C4=C(C=C3)C(=O)N(C5=O)C6=CC=CC=N6)C2=O"
1039670,C28H18N2O6,478.11648629599995,"COC1=CC=C(C=C1)N2C(=O)C3=C4C(=CC=C5C4=C(C=C3)C(=O)N(C5=O)C6=CC=C(C=C6)OC)C2=O"
1381898,C24H12N4O4,420.085854864,"C1=CC2=C3C(=CC=C4C3=C1C(=O)N(C4=O)C5=CC=NC=C5)C(=O)N(C2=O)C6=CC=NC=C6"
14618230,C28H18N2O4,446.12665705599994,"C1=CC=C(C=C1)CN2C(=O)C3=C4C(=CC=C5C4=C(C=C3)C(=O)N(C5=O)CC6=CC=CC=C6)C2=O"
158384,C40H42N4O4+2,642.31950866418,"CC[N+]1(CCCCC1)C2=CC=C(C=C2)N3C(=O)C4=C5C(=CC=C6C5=C(C=C4)C(=O)N(C6=O)C7=CC=C(C=C7)[N+]8(CCCCC8)CC)C3=O"
24864599,C20H10N2O4,342.06405679999995,"C#CCN1C(=O)C2=C3C(=CC=C4C3=C(C=C2)C(=O)N(C4=O)CC#C)C1=O"
1104121,C28H18N2O4,446.12665705599994,"CC1=CC=C(C=C1)N2C(=O)C3=C4C(=CC=C5C4=C(C=C3)C(=O)N(C5=O)C6=CC=C(C=C6)C)C2=O"
3551251,C22H22N2O4,378.15795718399994,"CCCCN1C(=O)C2=C3C(=CC=C4C3=C(C=C2)C(=O)N(C4=O)CCCC)C1=O"
10116797,C26H22N6O4,482.17025318400005,"C1=CC2=C3C(=CC=C4C3=C1C(=O)N(C4=O)CCCN5C=CN=C5)C(=O)N(C2=O)CCCN6C=CN=C6"
12073701,C24H12N4O4,420.085854864,"C1=CC(=CN=C1)N2C(=O)C3=C4C(=CC=C5C4=C(C=C3)C(=O)N(C5=O)C6=CN=CC=C6)C2=O"
12179921,C38H54N2O4,602.408358208,"CCCCCCCCCCCCN1C(=O)C2=C3C(=CC=C4C3=C(C=C2)C(=O)N(C4=O)CCCCCCCCCCCC)C1=O"
14618228,C20H18N2O4,350.12665705599994,"CCCN1C(=O)C2=C3C(=CC=C4C3=C(C=C2)C(=O)N(C4=O)CCC)C1=O"
15374127,C22H22N2O8,442.1376156639999,"C1=CC2=C3C(=CC=C4C3=C1C(=O)N(C4=O)CCOCCO)C(=O)N(C2=O)CCOCCO"
16717773,C18H14N2O4,322.095356928,"CCN1C(=O)C2=C3C(=CC=C4C3=C(C=C2)C(=O)N(C4=O)CC)C1=O"
20589062,C38H38N2O4,586.283157696,"CC(C)C1=C(C(=CC=C1)C(C)C)N2C(=O)C3=C4C(=CC=C5C4=C(C=C3)C(=O)N(C5=O)C6=C(C=CC=C6C(C)C)C(C)C)C2=O"
23736293,C26H12N4O8,508.0655133439999,"C1=CC(=CC=C1N2C(=O)C3=C4C(=CC=C5C4=C(C=C3)C(=O)N(C5=O)C6=CC=C(C=C6)[N+](=O)[O-])C2=O)[N+](=O)[O-]"
45253896,C32H26N2O4,502.18925731199994,"CC1=CC(=C(C(=C1)C)N2C(=O)C3=C4C(=CC=C5C4=C(C=C3)C(=O)N(C5=O)C6=C(C=C(C=C6C)C)C)C2=O)C"
57810646,C30H22N2O4,474.15795718399994,"CC1=CC=C(C=C1)CN2C(=O)C3=C4C(=CC=C5C4=C(C=C3)C(=O)N(C5=O)CC6=CC=C(C=C6)C)C2=O"
58879469,C22H18N2O4,374.12665705599994,"C1CC(C1)N2C(=O)C3=C4C(=CC=C5C4=C(C=C3)C(=O)N(C5=O)C6CCC6)C2=O"
59748675,C24H26N2O4,406.18925731199994,"CCC(CC)N1C(=O)C2=C3C(=CC=C4C3=C(C=C2)C(=O)N(C4=O)C(CC)CC)C1=O"
59789034,C28H30N2O4,458.22055743999994,"C1CCCC(CC1)N2C(=O)C3=C4C(=CC=C5C4=C(C=C3)C(=O)N(C5=O)C6CCCCCC6)C2=O"
59789036,C24H22N2O4,402.15795718399994,"C1CCC(C1)N2C(=O)C3=C4C(=CC=C5C4=C(C=C3)C(=O)N(C5=O)C6CCCC6)C2=O"
102180043,C28H20N4O4,476.14845512,"C1=CC2=C3C(=CC=C4C3=C1C(=O)N(C4=O)CCC5=CC=NC=C5)C(=O)N(C2=O)CCC6=CC=NC=C6"
102429507,C34H38N2O4S2,602.227299696,"CCCCCCCCN1C(=O)C2=C3C=CSC3=C4C5=C2C(=C6C(=C5C(=O)N(C4=O)CCCCCCCC)C=CS6)C1=O"
122373772,C34H30N2O6,562.21038668,"CCCCOC1=CC=C(C=C1)N2C(=O)C3=C4C(=CC=C5C4=C(C=C3)C(=O)N(C5=O)C6=CC=C(C=C6)OCCCC)C2=O"
132523573,C32H38N2O4S,546.255228696,"CCCCCCCCN1C(=O)C2=C3C4=C(C=C2)C(=O)N(C(=O)C4=C5C(=C3C1=O)C=CS5)CCCCCCCC"
139089127,C74H78N2O4S8,1314.372726976,"CCCCCCC1=CC=C(S1)C2=CC=C(S2)C3=CC=C(S3)C4=CC=C(S4)C5=CC6=C7C8=C5C(=O)N(C(=O)C8=CC(=C7C(=O)N(C6=O)CC(CC)CCCC)C9=CC=C(S9)C1=CC=C(S1)C1=CC=C(S1)C1=CC=C(S1)CCCCCC)CC(CC)CCCC"
5755059,C38H24N4O4,600.179755248,"C1=CC=C(C=C1)NC2=C3C4=C5C(=C2)C(=O)N(C(=O)C5=C(C=C4C(=O)N(C3=O)C6=CC=CC=C6)NC7=CC=CC=C7)C8=CC=CC=C8"
983125,C28H18N2O4,446.12665705599994,"CC1=CC=CC=C1N2C(=O)C3=C4C(=CC=C5C4=C(C=C3)C(=O)N(C5=O)C6=CC=CC=C6C)C2=O"
1050441,C28H18N2O6,478.11648629599995,"COC1=CC=CC(=C1)N2C(=O)C3=C4C(=CC=C5C4=C(C=C3)C(=O)N(C5=O)C6=CC(=CC=C6)OC)C2=O"
1102899,C26H14N2O6,450.0851861679999,"C1=CC=C(C(=C1)N2C(=O)C3=C4C(=CC=C5C4=C(C=C3)C(=O)N(C5=O)C6=CC=CC=C6O)C2=O)O"
2847483,C38H22N2O6,602.1477864240001,"C1=CC=C(C=C1)OC2=CC=C(C=C2)N3C(=O)C4=C5C(=CC=C6C5=C(C=C4)C(=O)N(C6=O)C7=CC=C(C=C7)OC8=CC=CC=C8)C3=O"
2925156,C20H14N2O8,410.0750154079999,"C1=CC2=C3C(=CC=C4C3=C1C(=O)N(C4=O)CCC(=O)O)C(=O)N(C2=O)CCC(=O)O"
2975053,C24H22N2O6,434.14778642399995,"C1CC(OC1)CN2C(=O)C3=C4C(=CC=C5C4=C(C=C3)C(=O)N(C5=O)CC6CCCO6)C2=O"
3130862,C20H18N2O6,382.11648629599995,"COCCN1C(=O)C2=C3C(=CC=C4C3=C(C=C2)C(=O)N(C4=O)CCOC)C1=O"
3583090,C21H12N2O4,356.07970686399995,"CC1=CC=C(C=C1)N2C(=O)C3=C4C(=CC=C5C4=C(C=C3)C(=O)NC5=O)C2=O"
5027362,C30H22N2O4,474.15795718399994,"CC1=CC(=C(C=C1)N2C(=O)C3=C4C(=CC=C5C4=C(C=C3)C(=O)N(C5=O)C6=C(C=C(C=C6)C)C)C2=O)C"
5757345,C32H19N3O4,509.13755608799994,"C1=CC=C(C=C1)NC2=C3C4=C(C=CC5=C4C(=C2)C(=O)N(C5=O)C6=CC=CC=C6)C(=O)N(C3=O)C7=CC=CC=C7"
1035548,C30H22N2O4,474.15795718399994,"CC1=CC(=C(C=C1)C)N2C(=O)C3=C4C(=CC=C5C4=C(C=C3)C(=O)N(C5=O)C6=C(C=CC(=C6)C)C)C2=O"
2832556,C30H14N2O12,594.054673888,"C1=CC2=C3C(=CC=C4C3=C1C(=O)N(C4=O)C5=CC(=CC(=C5)C(=O)O)C(=O)O)C(=O)N(C2=O)C6=CC(=CC(=C6)C(=O)O)C(=O)O"
4421176,C30H22N2O4,474.15795718399994,"CC1=C(C(=CC=C1)N2C(=O)C3=C4C(=CC=C5C4=C(C=C3)C(=O)N(C5=O)C6=CC=CC(=C6C)C)C2=O)C"
10940690,C36H34N2O4,558.251857568,"CC1=C(C=C(C=C1)C(C)(C)C)N2C(=O)C3=C4C(=CC=C5C4=C(C=C3)C(=O)N(C5=O)C6=C(C=CC(=C6)C(C)(C)C)C)C2=O"
11800352,C34H30N2O4,530.22055744,"CC(C)(C)C1=CC=CC=C1N2C(=O)C3=C4C(=CC=C5C4=C(C=C3)C(=O)N(C5=O)C6=CC=CC=C6C(C)(C)C)C2=O"
24132689,C34H30N2O4,530.22055744,"CC(C)(C)C1=CC=C(C=C1)N2C(=O)C3=C4C(=CC=C5C4=C(C=C3)C(=O)N(C5=O)C6=CC=C(C=C6)C(C)(C)C)C2=O"
56606441,C54H86N2O4,826.658759232,"CCCCCCC(CCCCCC)(CCCCCC)CN1C(=O)C2=C3C(=CC=C4C3=C(C=C2)C(=O)N(C4=O)CC(CCCCCC)(CCCCCC)CCCCCC)C1=O"
56608988,C46H54N2O4,698.408358208,"CCCCC(CCCC)(CN1C(=O)C2=C3C(=CC=C4C3=C(C=C2)C(=O)N(C4=O)CC(CCCC)(CCCC)C5=CC=CC=C5)C1=O)C6=CC=CC=C6"
56628472,C32H42N2O4,518.314457824,"CCCCCC(C)(C)CN1C(=O)C2=C3C(=CC=C4C3=C(C=C2)C(=O)N(C4=O)CC(C)(C)CCCCC)C1=O"
56636073,C38H38N2O4,586.283157696,"CCC(CC)(CN1C(=O)C2=C3C(=CC=C4C3=C(C=C2)C(=O)N(C4=O)CC(CC)(CC)C5=CC=CC=C5)C1=O)C6=CC=CC=C6"
56637485,C42H46N2O4,642.345757952,"CC(C)(C)C1=CC(=C(C=C1)C(C)(C)C)N2C(=O)C3=C4C(=CC=C5C4=C(C=C3)C(=O)N(C5=O)C6=C(C=CC(=C6)C(C)(C)C)C(C)(C)C)C2=O"
56637720,C22H22N2O4,378.15795718399994,"CCC(C)N1C(=O)C2=C3C(=CC=C4C3=C(C=C2)C(=O)N(C4=O)C(C)CC)C1=O"
68444143,C32H42N2O4,518.314457824,"CCCC(C)(CCC)CN1C(=O)C2=C3C(=CC=C4C3=C(C=C2)C(=O)N(C4=O)CC(C)(CCC)CCC)C1=O"
3107595,C40H22N2O6,626.1477864240001,"C1=CC=C(C=C1)C(=O)C2=CC=CC=C2N3C(=O)C4=C5C(=CC=C6C5=C(C=C4)C(=O)N(C6=O)C7=CC=CC=C7C(=O)C8=CC=CC=C8)C3=O"
3877946,C30H34N2O4,486.25185756799993,"C1CCCC(CCC1)N2C(=O)C3=C4C(=CC=C5C4=C(C=C3)C(=O)N(C5=O)C6CCCCCCC6)C2=O"
6312491,C50H28N2O10S2,880.1185370960001,"C1=CC2=CC(=C1)OC3=CC=C(C=C3)S(=O)(=O)C4=CC=C(C=C4)C5=CC=C(C=C5)S(=O)(=O)C6=CC=C(C=C6)OC7=CC=CC(=C7)N8C(=O)C9=C1C(=CC=C3C1=C(C=C9)C(=O)N2C3=O)C8=O"
10111578,C18H8N8O4,400.06685073600005,"C1=CC2=C3C(=CC=C4C3=C1C(=O)N(C4=O)N5C=NN=C5)C(=O)N(C2=O)N6C=NN=C6"
10433632,C23H15N3O7,445.09099982,"COC(=O)C1=CN=C(C=C1)N2C(=O)C3=C4C(=CC=C5C4=C(C=C3)C(=O)N(C5=O)CCO)C2=O"
15401783,C26H16N4O4,448.117154992,"C1=CC2=C3C(=CC=C4C3=C1C(=O)N(C4=O)CC5=CC=NC=C5)C(=O)N(C2=O)CC6=CC=NC=C6"
45253892,C30H10N6O4,518.0763528000001,"C1=CC=C(C=C1)N2C(=O)C3=C4C(=C(C(=C5C4=C(C(=C3C#N)C#N)C(=O)N(C5=O)C6=CC=CC=C6)C#N)C#N)C2=O"
45253895,C27H14N2O5,446.0902715479999,"C1=CC=C(C=C1)N2C(=O)C3=C4C(=CC=C5C4=C(C=C3)C(=O)N(C5=O)C6=CC=C(C=C6)C=O)C2=O"
45253898,C109H93N21O22,2047.680403615999,"CC1=C(C(=C(C(=C1N2C(=O)C3=C4C(=CC=C5C4=C(C=C3)C(=O)N(C5=O)CCNC(=O)CNC(=O)CCC(=O)NC(CC6=CN=CN6)C(=O)NC(CC7=CN=CN7)C(=O)NC(CC8=CN=CN8)C(=O)NCC(=O)N)C2=O)C)C)N9C(=O)C1=C2C(=CC=C3C2=C(C=C1)C(=O)N(C3=O)C1=C(C(=C(C(=C1C)C)N1C(=O)C2=C3C(=CC=C4C3=C(C=C2)C(=O)N(C4=O)CCNC(=O)CNC(=O)OCC2C3=CC=CC=C3C3=CC=CC=C23)C1=O)C)C)C9=O)C"
45253899,C34H24N4O4,552.179755248,"CC1=CC(=C(C(=C1)C)N2C(=O)C3=CC(=C4C5=C(C=C(C(=C35)C2=O)C#N)C(=O)N(C4=O)C6=C(C=C(C=C6C)C)C)C#N)C"
45253900,C29H20N5O5+,518.14589516009,"C1=CC=C(C=C1)N2C(=O)C3=C4C(=CC=C5C4=C(C=C3)C(=O)N(C5=O)C6=CC=C(C=C6)C=NNC(=O)C[NH3+])C2=O"
45253901,C16H4N4O4,316.023254608,"C1=C(C2=C3C(=CC(=C4C3=C1C(=O)NC4=O)C#N)C(=O)NC2=O)C#N"
45253902,C28H12N4O4,468.085854864,"C1=CC=C(C=C1)N2C(=O)C3=CC(=C4C5=C(C=C(C(=C35)C2=O)C#N)C(=O)N(C4=O)C6=CC=CC=C6)C#N"
45253903,C52H40N4O8,848.2846142400001,"CC(C)(C)C1=CC2=CC(=C1)CN3C(=O)C4=C5C(=CC=C6C5=C(C=C4)C(=O)N(C6=O)CC7=CC(=CC(=C7)CN8C(=O)C9=C1C(=CC=C4C1=C(C=C9)C(=O)N(C2)C4=O)C8=O)C(C)(C)C)C3=O"
45253905,C33H19N4O7S-,615.09799352791,"C1=CC=C(C=C1)N2C(=O)C3=C4C(=CC=C5C4=C(C=C3)C(=O)N(C5=O)C6=CC=C(C=C6)C=NNC7=CC=C(C=C7)S(=O)(=O)[O-])C2=O"
45253906,C104H89N13O28,1967.5939992079993,"CC1=C(C(=C(C(=C1N2C(=O)C3=C4C(=CC=C5C4=C(C=C3)C(=O)N(C5=O)CCNC(=O)CNC(=O)CCC(=O)NC(CCC(=O)O)C(=O)NC(CCC(=O)O)C(=O)NC(CCC(=O)O)C(=O)O)C2=O)C)C)N6C(=O)C7=C8C(=CC=C9C8=C(C=C7)C(=O)N(C9=O)C1=C(C(=C(C(=C1C)C)N1C(=O)C2=C3C(=CC=C4C3=C(C=C2)C(=O)N(C4=O)CCNC(=O)CNC(=O)OCC2C3=CC=CC=C3C3=CC=CC=C23)C1=O)C)C)C6=O)C"
50901263,C28H34N2O4,462.25185756799993,"CCCCCC(C)N1C(=O)C2=C3C(=CC=C4C3=C(C=C2)C(=O)N(C4=O)C(C)CCCCC)C1=O"
53350268,C61H72N14O17+2,1272.51888968418,"C1=CC2=C3C(=CC=C4C3=C1C(=O)N(C4=O)CCC(=O)NCCC(=O)NCCC(=O)NCCC(=O)NC(CCCC[NH3+])C(=O)NCCN5C(=O)C6=C7C(=CC=C8C7=C(C=C6)C(=O)N(C8=O)CCC(=O)NCC(=O)[O-])C5=O)C(=O)N(C2=O)CCNC(=O)C(CCCC[NH3+])[NH3+]"
53350270,C58H66N14O17+2,1230.4719394921801,"C1=CC2=C3C(=CC=C4C3=C1C(=O)N(C4=O)CCC(=O)NCC(=O)NCC(=O)NCC(=O)NC(CCCC[NH3+])C(=O)NCCN5C(=O)C6=C7C(=CC=C8C7=C(C=C6)C(=O)N(C8=O)CCC(=O)NCC(=O)[O-])C5=O)C(=O)N(C2=O)CCNC(=O)C(CCCC[NH3+])[NH3+]"
53350271,C128H152N30O34+4,2653.106527624361,"C1=CC2=C3C(=CC=C4C3=C1C(=O)N(C4=O)CCC(=O)NCCC(=O)NCCC(=O)NCCC(=O)NC(CCCC[NH3+])C(=O)NCCN5C(=O)C6=C7C(=CC=C8C7=C(C=C6)C(=O)N(C8=O)CCC(=O)NCC(=O)N)C5=O)C(=O)N(C2=O)CCNC(=O)C(CCCC[NH3+])NC(=O)CCCCC(=O)NC(CCCC[NH3+])C(=O)NCCN9C(=O)C1=C2C(=CC=C3C2=C(C=C1)C(=O)N(C3=O)CCC(=O)NCCC(=O)NCCC(=O)NCCC(=O)NC(CCCC[NH3+])C(=O)NCCN1C(=O)C2=C3C(=CC=C4C3=C(C=C2)C(=O)N(C4=O)CCC(=O)NCC(=O)N)C1=O)C9=O"
57411933,C36H42N6O8S4,814.1946963040001,"CNC(=O)C(CCCCNC(=O)C1CSSC1)N2C(=O)C3=C4C(=CC=C5C4=C(C=C3)C(=O)N(C5=O)C(CCCCNC(=O)C6CSSC6)C(=O)NC)C2=O"
57411934,C40H50N6O10S4,902.2471258000002,"CCOC1=C2C3=C4C(=C1)C(=O)N(C(=O)C4=C(C=C3C(=O)N(C2=O)C(CCCCNC(=O)C5CSSC5)C(=O)NC)OCC)C(CCCCNC(=O)C6CSSC6)C(=O)NC"
57411937,C40H50N6O8S6,934.2014385600002,"CCSC1=C2C3=C4C(=C1)C(=O)N(C(=O)C4=C(C=C3C(=O)N(C2=O)C(CCCCNC(=O)C5CSSC5)C(=O)NC)SCC)C(CCCCNC(=O)C6CSSC6)C(=O)NC"
62706427,C40H38N2O6,642.272986936,"CCCCCCN1C(=O)C2=CC(=C3C4=C2C(=C(C=C4C(=O)N(C3=O)CCCCCC)C(=O)C5=CC=CC=C5)C1=O)C(=O)C6=CC=CC=C6"
72376136,C32H20N4O4S2,588.0925971199999,"C1CCC2=C(C1)C(=C(S2)N3C(=O)C4=C5C(=CC=C6C5=C(C=C4)C(=O)N(C6=O)C7=C(C8=C(S7)CCCC8)C#N)C3=O)C#N"
72376139,C36H30N2O8S2,682.1443579200001,"CCOC(=O)C1=C(SC2=C1CCCC2)N3C(=O)C4=C5C(=CC=C6C5=C(C=C4)C(=O)N(C6=O)C7=C(C8=C(S7)CCCC8)C(=O)OCC)C3=O"
85602634,C22H22N2O4,378.15795718399994,"CCCCCCCCN1C(=O)C2=C3C(=CC=C4C3=C(C=C2)C(=O)NC4=O)C1=O"
86186172,C24H26N2O4,406.18925731199994,"CCCCCN1C(=O)C2=C3C(=CC=C4C3=C(C=C2)C(=O)N(C4=O)CCCCC)C1=O"
100939569,C42H62N2O4,658.470958464,"CCCCCCCCCCCCCCN1C(=O)C2=C3C(=CC=C4C3=C(C=C2)C(=O)N(C4=O)CCCCCCCCCCCCCC)C1=O"
101537251,C28H22N2O4,450.15795718399994,"CC(C)N1C(=O)C2=C3C=CC=CC3=C4C5=C(C6=CC=CC=C6C(=C25)C1=O)C(=O)N(C4=O)C(C)C"
101560279,C50H46N2O6,770.335587192,"CCC(C)(C)C1=CC(=C(C=C1)OCC2=CC=CC=C2)N3C(=O)C4=C5C(=CC=C6C5=C(C=C4)C(=O)N(C6=O)C7=C(C=CC(=C7)C(C)(C)CC)OCC8=CC=CC=C8)C3=O"
101962361,C34H34N2O4,534.251857568,"CCCCCCN1C(=O)C2=C3C=CC=CC3=C4C5=C(C6=CC=CC=C6C(=C25)C1=O)C(=O)N(C4=O)CCCCCC"
102043790,C80H120N4O12,1328.8902752799997,"CCCCCCCCOC1=CC(=CC(=C1OCCCCCCCC)OCCCCCCCC)C(=O)NCCN2C(=O)C3=C4C(=CC=C5C4=C(C=C3)C(=O)N(C5=O)CCNC(=O)C6=CC(=C(C(=C6)OCCCCCCCC)OCCCCCCCC)OCCCCCCCC)C2=O"
102051600,C36H34N2O12S2,750.1553165280001,"CC1=CC=C(C=C1)S(=O)(=O)OCCOCCN2C(=O)C3=C4C(=CC=C5C4=C(C=C3)C(=O)N(C5=O)CCOCCOS(=O)(=O)C6=CC=C(C=C6)C)C2=O"
102188607,C36H34N2O6,590.241686808,"CCC(C)(C)C1=CC(=C(C=C1)O)N2C(=O)C3=C4C(=CC=C5C4=C(C=C3)C(=O)N(C5=O)C6=C(C=CC(=C6)C(C)(C)CC)O)C2=O"
102188609,C40H38N2O10,706.2526454160001,"CCC(C)(C)C1=CC(=C(C=C1)OCC(=O)O)N2C(=O)C3=C4C(=CC=C5C4=C(C=C3)C(=O)N(C5=O)C6=C(C=CC(=C6)C(C)(C)CC)OCC(=O)O)C2=O"
102341032,C30H40N4O4,520.30495576,"CC(C)N(CCN1C(=O)C2=C3C(=CC=C4C3=C(C=C2)C(=O)N(C4=O)CCN(C(C)C)C(C)C)C1=O)C(C)C"
102341033,C28H32N4O4,488.24235550399993,"C1CCN(C1)CCCN2C(=O)C3=C4C(=CC=C5C4=C(C=C3)C(=O)N(C5=O)CCCN6CCCC6)C2=O"
102393371,C32H38N4O6,574.279134936,"CC1(CC(CC(N1[O-])(C)C)N2C(=O)C3=C4C(=CC=C5C4=C(C=C3)C(=O)N(C5=O)C6CC([N+](=O)C(C6)(C)C)(C)C)C2=O)C"
102416895,C28H34N2O10,558.221345288,"COCCOCCOCCN1C(=O)C2=C3C(=CC=C4C3=C(C=C2)C(=O)N(C4=O)CCOCCOCCOC)C1=O"
102422045,C60H50N2O8,926.3567165600002,"CCC(C)(C)C1=CC(=C(C=C1)OCC(=O)C2=CC3=CC=CC=C3C=C2)N4C(=O)C5=C6C(=CC=C7C6=C(C=C5)C(=O)N(C7=O)C8=C(C=CC(=C8)C(C)(C)CC)OCC(=O)C9=CC1=CC=CC=C1C=C9)C4=O"
102422048,C72H54N2O8,1074.388016688,"CCC(C)(C)C1=CC(=C(C=C1)OCC(=O)C2=C3C=CC4=CC=CC5=C4C3=C(C=C5)C=C2)N6C(=O)C7=C8C(=CC=C9C8=C(C=C7)C(=O)N(C9=O)C1=C(C=CC(=C1)C(C)(C)CC)OCC(=O)C1=C2C=CC3=CC=CC4=C3C2=C(C=C4)C=C1)C6=O"
102474351,C52H82N2O6,830.617288344,"CCCCCCCCC(CCCCCCCC)(CN1C(=O)C2=C3C(=CC=C4C3=C(C=C2)C(=O)N(C4=O)CC(CCCCCCCC)(CCCCCCCC)CO)C1=O)CO"
102474354,C28H34N2O6,494.2416868079999,"CCC(CC)(CN1C(=O)C2=C3C(=CC=C4C3=C(C=C2)C(=O)N(C4=O)CC(CC)(CC)CO)C1=O)CO"
102474355,C32H42N2O6,550.3042870639999,"CCCC(CCC)(CN1C(=O)C2=C3C(=CC=C4C3=C(C=C2)C(=O)N(C4=O)CC(CCC)(CCC)CO)C1=O)CO"
102474356,C36H50N2O6,606.36688732,"CCCCC(CCCC)(CN1C(=O)C2=C3C(=CC=C4C3=C(C=C2)C(=O)N(C4=O)CC(CCCC)(CCCC)CO)C1=O)CO"
102474357,C40H58N2O6,662.429487576,"CCCCCC(CCCCC)(CN1C(=O)C2=C3C(=CC=C4C3=C(C=C2)C(=O)N(C4=O)CC(CCCCC)(CCCCC)CO)C1=O)CO"
102475031,C118H130N10O8+2,1815.0062139601798,"CC(C)(C)C1=CC=C(C=C1)C2(C3=CC=C(C=C3)OCCCCCN4C=C(CC[N+]5=CC=C(C=C5)C6=CC=[N+](CCC7=CN(CCCCCOC8=CC=C(C=C8)C(C9=CC=C(C=C9)OCCCCCN1C(=O)C3=C5C(=CC=C8C5=C(C=C3)C(=O)N(C8=O)CCCCCOC3=CC=C2C=C3)C1=O)(C1=CC=C(C=C1)C(C)(C)C)C1=CC=C(C=C1)C(C)(C)C)N=N7)C=C6)N=N4)C1=CC=C(C=C1)C(C)(C)C"
122373773,C38H38N2O6,618.272986936,"CCCCCCOC1=CC=C(C=C1)N2C(=O)C3=C4C(=CC=C5C4=C(C=C3)C(=O)N(C5=O)C6=CC=C(C=C6)OCCCCCC)C2=O"
122373774,C42H46N2O6,674.335587192,"CCCCCCCCOC1=CC=C(C=C1)N2C(=O)C3=C4C(=CC=C5C4=C(C=C3)C(=O)N(C5=O)C6=CC=C(C=C6)OCCCCCCCC)C2=O"
122383448,C72H54N2O8,1074.388016688,"CCC(C)(C)C1=CC(=C(C=C1)OC(=O)CC2=C3C=CC4=CC=CC5=C4C3=C(C=C5)C=C2)N6C(=O)C7=C8C(=CC=C9C8=C(C=C7)C(=O)N(C9=O)C1=C(C=CC(=C1)C(C)(C)CC)OC(=O)CC1=C2C=CC3=CC=CC4=C3C2=C(C=C4)C=C1)C6=O"
124031136,C16H6N2O6,322.02258591199995,"C1=C(C2=C3C(=CC(=C4C3=C1C(=O)NC4=O)C=O)C(=O)NC2=O)C=O"
132509274,C64H53N5O6S4,1115.2878684159998,"CC1=CC(=C(C=C1N2C(=O)C3=C4C(=CC=C5C4=C(C=C3)C(=O)N(C5=O)C6=C(C=CC(=C6)C(C)(C)C)C(C)(C)C)C2=O)C)N7C(=O)C8=C9C(=C(C=C8)N1CCN(CC1)C1=CC=C(C=C1)C1=CSC(=C2SC=CS2)S1)C=CC=C9C7=O"
134850069,C45H47N5O5S2,801.301861604,"CN(C)C1CCCCC1N2C(=O)C3=CC(=C4C5=C3C(=C(C=C5C(=O)N(C4=O)C6CCCCC6NC(=O)C7CCCN7)SC8=CC=CC=C8)C2=O)SC9=CC=CC=C9"
134941252,C100H112N8O8,1552.8603125439997,"CC(C)(C)C1=CC=C(C=C1)C(C2=CC=C(C=C2)C(C)(C)C)(C3=CC=C(C=C3)OCCCCCN=[N+]=[N-])C4=CC=C(C=C4)OCCCCCN5C(=O)C6=C7C(=CC=C8C7=C(C=C6)C(=O)N(C8=O)CCCCCOC9=CC=C(C=C9)C(C1=CC=C(C=C1)C(C)(C)C)(C1=CC=C(C=C1)C(C)(C)C)C1=CC=C(C=C1)OCCCCCN=[N+]=[N-])C5=O"
134945508,C70H42N2O4,974.3144578240001,"C1=CC=C(C=C1)C2=C(C3=C(C(=C2C4=CC=CC=C4)C5=CC=CC=C5)C6=C7C8=C3C(=O)NC(=O)C8=C9C(=C(C(=C(C9=C7C(=O)NC6=O)C1=CC=CC=C1)C1=CC=CC=C1)C1=CC=CC=C1)C1=CC=CC=C1)C1=CC=CC=C1"
134945509,C38H18N2O4,566.126657056,"C1=CC=C2C(=C1)C3=CC=CC=C3C4=C2C5=C6C7=C4C(=O)NC(=O)C7=C8C9=CC=CC=C9C1=CC=CC=C1C8=C6C(=O)NC5=O"
134954571,C29H32N4O7,548.227099364,"CCCCN1C(=O)C2=C3C(=CC=C4C3=C(C=C2)C(=O)N(C4=O)CCCCC(C(=O)O)NC(=O)C5CCCN5)C1=O"
135008004,C124H110N6O12,1874.8181729599996,"CC(C)C1=CC(=C(C=C1)N2C(=O)C3=C4C5=C(C=C3)C(=O)N(C(=O)C5=C6C7=CC8=C9C(=CC1=C3C9=C7C5=C7C3=C(C=C3C7=C(C=C5C6=C4C2=O)C(=O)N(C3=O)C2=C(C=C(C=C2)C(C)C)C(C)C)C2=C3C4=C(C=CC5=C4C(=C12)C(=O)N(C5=O)C1=C(C=C(C=C1)C(C)C)C(C)C)C(=O)N(C3=O)C1=C(C=C(C=C1)C(C)C)C(C)C)C(=O)N(C8=O)C1=C(C=C(C=C1)C(C)C)C(C)C)C1=C(C=C(C=C1)C(C)C)C(C)C)C(C)C"
135030188,C22H22N2O4,378.157957184,"CCC1=CC2=C3C4=C1C(=O)N(C(=O)C4=CC(=C3C(=O)N(C2=O)CC)CC)CC"
138374147,C36H50N2O6,606.36688732,"CCCCC(CCCC)(CC1=C2C3=C(C=CC4=C3C(=C1CC(CCCC)(CCCC)CO)C(=O)NC4=O)C(=O)NC2=O)CO"
139040000,C28H12N4O8,532.065513344,"C1=CC2=C3C(=CC=C4C3=C1C(=O)NC4=O)C(=O)NC2=O.C1=CC2=C3C(=CC=C4C3=C1C(=O)NC4=O)C(=O)NC2=O"
139048561,C26H14N6O6,506.09748216800006,"C1=CC2=C3C(=CC=C4C3=C1C(=O)N(C4=O)NC(=O)C5=CC=NC=C5)C(=O)N(C2=O)NC(=O)C6=CC=NC=C6"
139077325,C30H30N2O6,514.2103866799999,"CC(=O)C1(CCCCC1)N2C(=O)C3=C4C(=CC=C5C4=C(C=C3)C(=O)N(C5=O)C6(CCCCC6)C(=O)C)C2=O"
139088867,C22H22N2O4S2,442.10209918399994,"CSCCCN1C(=O)C2=C3C(=CC=C4C3=C(C=C2)C(=O)N(C4=O)CCCSC)C1=O"
139123729,C240H168N24O48,4153.144283136005,"C1CCC2C(C1)N3C(=O)C4=C5C(=CC=C6C5=C(C=C4)C(=O)N(C6=O)C7CCCCC7N8C(=O)C9=C1C(=CC=C4C1=C(C=C9)C(=O)N(C4=O)C1CCCCC1N1C(=O)C4=C5C(=CC=C6C5=C(C=C4)C(=O)N2C6=O)C1=O)C8=O)C3=O.C1CCC2C(C1)N3C(=O)C4=C5C(=CC=C6C5=C(C=C4)C(=O)N(C6=O)C7CCCCC7N8C(=O)C9=C1C(=CC=C4C1=C(C=C9)C(=O)N(C4=O)C1CCCCC1N1C(=O)C4=C5C(=CC=C6C5=C(C=C4)C(=O)N2C6=O)C1=O)C8=O)C3=O.C1CCC2C(C1)N3C(=O)C4=C5C(=CC=C6C5=C(C=C4)C(=O)N(C6=O)C7CCCCC7N8C(=O)C9=C1C(=CC=C4C1=C(C=C9)C(=O)N(C4=O)C1CCCCC1N1C(=O)C4=C5C(=CC=C6C5=C(C=C4)C(=O)N2C6=O)C1=O)C8=O)C3=O.C1CCC2C(C1)N3C(=O)C4=C5C(=CC=C6C5=C(C=C4)C(=O)N(C6=O)C7CCCCC7N8C(=O)C9=C1C(=CC=C4C1=C(C=C9)C(=O)N(C4=O)C1CCCCC1N1C(=O)C4=C5C(=CC=C6C5=C(C=C4)C(=O)N2C6=O)C1=O)C8=O)C3=O"
139182083,C84H66N6O12,1350.4738715519998,"CC(C)N1C(=O)C2=C3C=CC=CC3=C4C5=C(C6=CC=CC=C6C(=C25)C1=O)C(=O)N(C4=O)C(C)C.CC(C)N1C(=O)C2=C3C=CC=CC3=C4C5=C(C6=CC=CC=C6C(=C25)C1=O)C(=O)N(C4=O)C(C)C.CC(C)N1C(=O)C2=C3C=CC=CC3=C4C5=C(C6=CC=CC=C6C(=C25)C1=O)C(=O)N(C4=O)C(C)C"
139182084,C68H68N4O8,1068.503715136,"CCCCCCN1C(=O)C2=C3C=CC=CC3=C4C5=C(C6=CC=CC=C6C(=C25)C1=O)C(=O)N(C4=O)CCCCCC.CCCCCCN1C(=O)C2=C3C=CC=CC3=C4C5=C(C6=CC=CC=C6C(=C25)C1=O)C(=O)N(C4=O)CCCCCC"
139182298,C100H92N4O12,1540.6711743839996,"CCC(C)(C)C1=CC(=C(C=C1)OCC2=CC=CC=C2)N3C(=O)C4=C5C(=CC=C6C5=C(C=C4)C(=O)N(C6=O)C7=C(C=CC(=C7)C(C)(C)CC)OCC8=CC=CC=C8)C3=O.CCC(C)(C)C1=CC(=C(C=C1)OCC2=CC=CC=C2)N3C(=O)C4=C5C(=CC=C6C5=C(C=C4)C(=O)N(C6=O)C7=C(C=CC(=C7)C(C)(C)CC)OCC8=CC=CC=C8)C3=O"
139186195,C28H28N4O10,580.180543096,"CC(C(=O)OC)NC(=O)C(C)N1C(=O)C2=C3C(=CC=C4C3=C(C=C2)C(=O)N(C4=O)C(C)C(=O)NC(C)C(=O)OC)C1=O"
139186196,C28H28N4O10,580.180543096,"CC(C(=O)OC)NC(=O)C(C)N1C(=O)C2=C3C(=CC=C4C3=C(C=C2)C(=O)N(C4=O)C(C)C(=O)NC(C)C(=O)OC)C1=O"
139186514,C40H38N2O8,674.2628161760001,"CCC(C)(C)C1=CC(=C(C=C1)OC(=O)C)N2C(=O)C3=C4C(=CC=C5C4=C(C=C3)C(=O)N(C5=O)C6=C(C=CC(=C6)C(C)(C)CC)OC(=O)C)C2=O"
139191123,C30H38N2O8,554.262816176,"CCOC(C(CC(C)C)N1C(=O)C2=C3C(=CC=C4C3=C(C=C2)C(=O)N(C4=O)C(CC(C)C)C(O)OCC)C1=O)O"
139191444,C40H24N8O8S4,872.0599937280001,"C1=CC2=C3C(=CC=C4C3=C1C(=O)N(C4=O)CC[N+]#C[S-])C(=O)N(C2=O)CC[N+]#C[S-].C1=CC2=C3C(=CC=C4C3=C1C(=O)N(C4=O)CC[N+]#C[S-])C(=O)N(C2=O)CC[N+]#C[S-]"
139197171,C34H26N2O10,622.1587450320001,"COC(=O)C(CC1=CC=C(C=C1)O)N2C(=O)C3=C4C(=CC=C5C4=C(C=C3)C(=O)N(C5=O)C(CC6=CC=C(C=C6)O)C(=O)OC)C2=O"
139204990,C40H42N2O6,646.304287064,"CCCCCCCOC1=CC=C(C=C1)N2C(=O)C3=C4C(=CC=C5C4=C(C=C3)C(=O)N(C5=O)C6=CC=C(C=C6)OCCCCCCC)C2=O"
139204991,C44H50N2O6,702.36688732,"CCCCCCCCCOC1=CC=C(C=C1)N2C(=O)C3=C4C(=CC=C5C4=C(C=C3)C(=O)N(C5=O)C6=CC=C(C=C6)OCCCCCCCCC)C2=O"
139246807,C38H46N6O8S6,906.1701384320002,"CCSC1=C2C3=C4C(=C1)C(=O)N(C(=O)C4=C(C=C3C(=O)N(C2=O)C(CCCNC(=O)C5CSSC5)C(=O)NC)SCC)C(CCCNC(=O)C6CSSC6)C(=O)NC"
139246809,C38H46N6O10S4,874.2158256720002,"CCOC1=C2C3=C4C(=C1)C(=O)N(C(=O)C4=C(C=C3C(=O)N(C2=O)C(CCCNC(=O)C5CSSC5)C(=O)NC)OCC)C(CCCNC(=O)C6CSSC6)C(=O)NC"
139246812,C46H50N6O12,878.34867104,"CCOC1=C2C3=C4C(=C1)C(=O)N(C(=O)C4=C(C=C3C(=O)N(C2=O)C(CCCNC(=O)OCC5=CC=CC=C5)C(=O)NC)OCC)C(CCCNC(=O)OCC6=CC=CC=C6)C(=O)NC"
139246813,C30H38N6O8,610.275112176,"CCOC1=C2C3=C4C(=C1)C(=O)N(C(=O)C4=C(C=C3C(=O)N(C2=O)C(CCCN)C(=O)NC)OCC)C(CCCN)C(=O)NC"
139246814,C54H80N8O14S4,1192.46768324,"CCOC1=C2C3=C4C(=C1)C(=O)N(C(=O)C4=C(C=C3C(=O)N(C2=O)C(CCCNC(=O)C(CSSC(C)(C)C)NC(=O)OC(C)(C)C)C(=O)NC)OCC)C(CCCNC(=O)C(CSSC(C)(C)C)NC(=O)OC(C)(C)C)C(=O)NC"
139246815,C44H64N8O10S4,992.362824248,"CCOC1=C2C3=C4C(=C1)C(=O)N(C(=O)C4=C(C=C3C(=O)N(C2=O)C(CCCNC(=O)C(CSSC(C)(C)C)N)C(=O)NC)OCC)C(CCCNC(=O)C(CSSC(C)(C)C)N)C(=O)NC"
139251196,C30H38N2O10,586.252645416,"CC(CN1C(=O)C2=C3C(=CC=C4C3=C(C=C2)C(=O)N(C4=O)CC(C)OCCOCCOC)C1=O)OCCOCCOC"
146036784,C52H46N6O10,914.327541672,"CN(C)C1=CC=C(C=C1)N2C(C(C2=O)N3C(=O)C4=C5C(=CC=C6C5=C(C=C4)C(=O)N(C6=O)C7C(N(C7=O)C8=CC=C(C=C8)N(C)C)C9=CC(=C(C=C9)OC)OC)C3=O)C1=CC(=C(C=C1)OC)OC"
146036787,C58H36N4O8,916.2533141120001,"COC1=CC=C(C=C1)N2C(=O)C(C23C4=CC=CC=C4C5=CC=CC=C35)N6C(=O)C7=C8C(=CC=C9C8=C(C=C7)C(=O)N(C9=O)C1C(=O)N(C11C2=CC=CC=C2C2=CC=CC=C12)C1=CC=C(C=C1)OC)C6=O"
146036795,C62H40N4O8,968.2846142400001,"COC1=CC=C(C=C1)N2C(C(C2=O)N3C(=O)C4=C5C(=CC=C6C5=C(C=C4)C(=O)N(C6=O)C7C(N(C7=O)C8=CC=C(C=C8)OC)C9=C1C=CC=CC1=CC1=CC=CC=C19)C3=O)C1=C2C=CC=CC2=CC2=CC=CC=C21"
146036798,C64H46N6O6,994.3478831919999,"CN(C)C1=CC=C(C=C1)N2C(C(C2=O)N3C(=O)C4=C5C(=CC=C6C5=C(C=C4)C(=O)N(C6=O)C7C(N(C7=O)C8=CC=C(C=C8)N(C)C)C9=C1C=CC=CC1=CC1=CC=CC=C19)C3=O)C1=C2C=CC=CC2=CC2=CC=CC=C21"
146036799,C64H44N4O8,996.3159143680001,"CCOC1=CC=C(C=C1)N2C(C(C2=O)N3C(=O)C4=C5C(=CC=C6C5=C(C=C4)C(=O)N(C6=O)C7C(N(C7=O)C8=CC=C(C=C8)OCC)C9=C1C=CC=CC1=CC1=CC=CC=C19)C3=O)C1=C2C=CC=CC2=CC2=CC=CC=C21"
146036800,C68H54N6O6,1050.410483448,"CCN(CC)C1=CC=C(C=C1)N2C(C(C2=O)N3C(=O)C4=C5C(=CC=C6C5=C(C=C4)C(=O)N(C6=O)C7C(N(C7=O)C8=CC=C(C=C8)N(CC)CC)C9=C1C=CC=CC1=CC1=CC=CC=C19)C3=O)C1=C2C=CC=CC2=CC2=CC=CC=C21"
148224013,C24H22N2O8,466.1376156639999,"CC(C)(C)OC(=O)N1C(=O)C2=C3C(=CC=C4C3=C(C=C2)C(=O)N(C4=O)C(=O)OC(C)(C)C)C1=O"
155899087,C38H20N12O4,708.17304712,"C1=CC2=C3C(=CC=C4C3=C1C(=O)N(C4=O)N5C(=NN=C5C6=CC=NC=C6)C7=CC=NC=C7)C(=O)N(C2=O)N8C(=NN=C8C9=CC=NC=C9)C1=CC=NC=C1"
155899088,C38H20N12O4,708.17304712,"C1=CC=NC(=C1)C2=NN=C(N2N3C(=O)C4=C5C(=CC=C6C5=C(C=C4)C(=O)N(C6=O)N7C(=NN=C7C8=CC=CC=N8)C9=CC=CC=N9)C3=O)C1=CC=CC=N1"
155899089,C38H20N12O4,708.1730471200001,"C1=CC(=CN=C1)C2=NN=C(N2N3C(=O)C4=C5C(=CC=C6C5=C(C=C4)C(=O)N(C6=O)N7C(=NN=C7C8=CN=CC=C8)C9=CN=CC=C9)C3=O)C1=CN=CC=C1"
168331898,C92H92N4O24,1636.6101498239993,"CCCCN1C(=O)C2=C3C(=CC=C4C3=C(C=C2)C(=O)N(C4=O)C5=CC6=CC(=C5)OCCOCCOCCOC7=CC8=CC=CC=C8C=C7OCCOCCOCCO6)C1=O.CCCCN1C(=O)C2=C3C(=CC=C4C3=C(C=C2)C(=O)N(C4=O)C5=CC6=CC(=C5)OCCOCCOCCOC7=CC8=CC=CC=C8C=C7OCCOCCOCCO6)C1=O"
168340088,C29H28N2O4,468.20490737599994,"CCCCCCN1C(=O)C2=C3C(=CC=C4C3=C(C=C2)C(=O)N(C4=O)CC(C)C5=CC=CC=C5)C1=O"
168340089,C29H28N2O4,468.20490737599994,"CCCCCCN1C(=O)C2=C3C(=CC=C4C3=C(C=C2)C(=O)N(C4=O)CC(C)C5=CC=CC=C5)C1=O"
168341897,C108H60N12O12,1716.4453653599996,"C1=CC(=CC=C1C2=CC=NC=C2)N3C(=O)C4=C5C(=CC=C6C5=C(C=C4)C(=O)N(C6=O)C7=CC=C(C=C7)C8=CC=NC=C8)C3=O.C1=CC(=CC=C1C2=CC=NC=C2)N3C(=O)C4=C5C(=CC=C6C5=C(C=C4)C(=O)N(C6=O)C7=CC=C(C=C7)C8=CC=NC=C8)C3=O.C1=CC(=CC=C1C2=CC=NC=C2)N3C(=O)C4=C5C(=CC=C6C5=C(C=C4)C(=O)N(C6=O)C7=CC=C(C=C7)C8=CC=NC=C8)C3=O"
168345679,C24H14N2O4S2,458.03949892799994,"C1=CSC(=C1)CN2C(=O)C3=C4C(=CC=C5C4=C(C=C3)C(=O)N(C5=O)CC6=CC=CS6)C2=O"
168345680,C56H36N4O8,892.253314112,"C1=CC=C(C=C1)CN2C(=O)C3=C4C(=CC=C5C4=C(C=C3)C(=O)N(C5=O)CC6=CC=CC=C6)C2=O.C1=CC=C(C=C1)CN2C(=O)C3=C4C(=CC=C5C4=C(C=C3)C(=O)N(C5=O)CC6=CC=CC=C6)C2=O"
2900151,C22H22N2O6,410.14778642399995,"COCCCN1C(=O)C2=C3C(=CC=C4C3=C(C=C2)C(=O)N(C4=O)CCCOC)C1=O"
15401785,C28H22N4O4+2,478.16300802418,"C[N+]1=CC=C(C=C1)CN2C(=O)C3=C4C(=CC=C5C4=C(C=C3)C(=O)N(C5=O)CC6=CC=[N+](C=C6)C)C2=O"
57386582,C26H34N6O4,494.26415356800004,"C1=CC2=C3C(=CC=C4C3=C1C(=O)N(C4=O)CCCNCCCN)C(=O)N(C2=O)CCCNCCCN"
57386829,C28H38N6O4,522.2954536960001,"C1=CC2=C3C(=CC=C4C3=C1C(=O)N(C4=O)CCCCNCCCN)C(=O)N(C2=O)CCCCNCCCN"
57386831,C30H42N6O4,550.3267538240001,"C1=CC2=C3C(=CC=C4C3=C1C(=O)N(C4=O)CCCCNCCCCN)C(=O)N(C2=O)CCCCNCCCCN"
57386833,C32H48N8O4,608.3798520160001,"C1=CC2=C3C(=CC=C4C3=C1C(=O)N(C4=O)CCCNCCCNCCCN)C(=O)N(C2=O)CCCNCCCNCCCN"
57386835,C34H52N8O4,636.411152144,"C1=CC2=C3C(=CC=C4C3=C1C(=O)N(C4=O)CCCNCCCCNCCCN)C(=O)N(C2=O)CCCNCCCCNCCCN"
57387085,C38H60N8O4,692.4737524,"C1=CC2=C3C(=CC=C4C3=C1C(=O)N(C4=O)CCCCNCCCCNCCCCN)C(=O)N(C2=O)CCCCNCCCCNCCCCN"
72941678,C32H22N2O8,562.137615664,"CCOC(=O)C1=CC=C(C=C1)N2C(=O)C3=C4C(=CC=C5C4=C(C=C3)C(=O)N(C5=O)C6=CC=C(C=C6)C(=O)OCC)C2=O"
101695672,C26H18N4O4+2,450.13170789618,"CN1C=CC(=[N+]2C(=O)C3=C4C(=CC=C5C4=C(C=C3)C(=O)[N+](=C6C=CN(C=C6)C)C5=O)C2=O)C=C1"
145946193,C30H40N6O6,580.300933,"C1=CC2=C3C(=CC=C4C3=C1C(=O)N(C4=O)CCCCCC(=O)NO)C(=O)N(C2=O)CCCNCCCCNCCCN"
145946297,C29H38N6O6,566.285282936,"C1=CC2=C3C(=CC=C4C3=C1C(=O)N(C4=O)CCCCCC(=O)NO)C(=O)N(C2=O)CCCNCCCNCCCN"
145946323,C31H42N6O6,594.316583064,"C1=CC2=C3C(=CC=C4C3=C1C(=O)N(C4=O)CCCCCC(=O)NO)C(=O)N(C2=O)CCCNCCCCNCCCCN"
145947112,C28H36N6O6,552.269632872,"C1=CC2=C3C(=CC=C4C3=C1C(=O)N(C4=O)CCCCCC(=O)NO)C(=O)N(C2=O)CCCNCCNCCCN"
145947730,C26H31N5O6,509.22743371200005,"C1=CC2=C3C(=CC=C4C3=C1C(=O)N(C4=O)CCCCCC(=O)NO)C(=O)N(C2=O)CCCNCCCN"
155544441,C33H35N5O5,581.2638192200001,"CN(C)CCN1C(=O)C2=C3C(=CC(=C4C3=C(C=C2)C(=O)N(C4=O)CCN(C)C)C#CC5=CC(=C(C=C5)CN(C)C)O)C1=O"
168268763,C34H22N4O4+2,550.16300802418,"C[N+]1=CC=CC2=C1C=CC=C2N3C(=O)C4=C5C(=CC=C6C5=C(C=C4)C(=O)N(C6=O)C7=CC=CC8=C7C=CC=[N+]8C)C3=O"
168277025,C34H22N4O4+2,550.16300802418,"C[N+]1=CC=CC2=C1C=CC(=C2)N3C(=O)C4=C5C(=CC=C6C5=C(C=C4)C(=O)N(C6=O)C7=CC8=C(C=C7)[N+](=CC=C8)C)C3=O"
168292199,C26H18N4O4+2,450.13170789618,"C[N+]1=CC=CC(=C1)N2C(=O)C3=C4C(=CC=C5C4=C(C=C3)C(=O)N(C5=O)C6=C[N+](=CC=C6)C)C2=O"
168294433,C34H22N4O4+2,550.16300802418,"C[N+]1=CC(=CC2=CC=CC=C21)N3C(=O)C4=C5C(=CC=C6C5=C(C=C4)C(=O)N(C6=O)C7=CC8=CC=CC=C8[N+](=C7)C)C3=O"
1161032,C28H12N4O4,468.08585486399994,"C1=CC=C(C(=C1)C#N)N2C(=O)C3=C4C(=CC=C5C4=C(C=C3)C(=O)N(C5=O)C6=CC=CC=C6C#N)C2=O"
1366335,C30H18N2O8,534.106315536,"COC(=O)C1=CC=C(C=C1)N2C(=O)C3=C4C(=CC=C5C4=C(C=C3)C(=O)N(C5=O)C6=CC=C(C=C6)C(=O)OC)C2=O"
1366721,C30H18N2O6,502.11648629599995,"CC(=O)C1=CC=C(C=C1)N2C(=O)C3=C4C(=CC=C5C4=C(C=C3)C(=O)N(C5=O)C6=CC=C(C=C6)C(=O)C)C2=O"
1521202,C30H24N4O4,504.17975524799994,"CN(C)C1=CC=C(C=C1)N2C(=O)C3=C4C(=CC=C5C4=C(C=C3)C(=O)N(C5=O)C6=CC=C(C=C6)N(C)C)C2=O"
3104149,C30H24N4O8S2,632.103555728,"C1=CC(=CC=C1CCN2C(=O)C3=C4C(=CC=C5C4=C(C=C3)C(=O)N(C5=O)CCC6=CC=C(C=C6)S(=O)(=O)N)C2=O)S(=O)(=O)N"
3107598,C26H12N4O8,508.06551334399995,"C1=CC(=CC(=C1)[N+](=O)[O-])N2C(=O)C3=C4C(=CC=C5C4=C(C=C3)C(=O)N(C5=O)C6=CC(=CC=C6)[N+](=O)[O-])C2=O"
3134409,C24H14N2O6,426.08518616799995,"C1=COC(=C1)CN2C(=O)C3=C4C(=CC=C5C4=C(C=C3)C(=O)N(C5=O)CC6=CC=CO6)C2=O"
3258079,C30H22N2O6,506.14778642399995,"C1=CC=C(C=C1)OCCN2C(=O)C3=C4C(=CC=C5C4=C(C=C3)C(=O)N(C5=O)CCOC6=CC=CC=C6)C2=O"
5786313,C35H25N3O4,551.18450628,"CC1=CC(=CC=C1)NC2=C3C4=C(C=CC5=C4C(=C2)C(=O)N(C5=O)C6=CC=CC(=C6)C)C(=O)N(C3=O)C7=CC=CC(=C7)C"
6738075,C30H20N4O6,532.13828436,"CC(=O)NC1=CC=C(C=C1)N2C(=O)C3=C4C(=CC=C5C4=C(C=C3)C(=O)N(C5=O)C6=CC=C(C=C6)NC(=O)C)C2=O"
9531897,C28H12N2O8-2,504.0604625038199,"C1=CC=C(C(=C1)C(=O)[O-])N2C(=O)C3=C4C(=CC=C5C4=C(C=C3)C(=O)N(C5=O)C6=CC=CC=C6C(=O)[O-])C2=O"
9532990,C20H16N2O10S2-2,508.02573387181985,"C1=CC2=C3C(=CC=C4C3=C1C(=O)N(C4=O)CCCS(=O)(=O)[O-])C(=O)N(C2=O)CCCS(=O)(=O)[O-]"
9532992,C26H24N2O8-2,492.1543628878199,"C1=CC2=C3C(=CC=C4C3=C1C(=O)N(C4=O)CCCCCC(=O)[O-])C(=O)N(C2=O)CCCCCC(=O)[O-]"
45029073,C46H32N4O8,768.222013984,"C1=CC2=C3C(=C1)C(=O)N(C(=O)C3=CC=C2)CCCCN4C(=O)C5=C6C(=CC=C7C6=C(C=C5)C(=O)N(C7=O)CCCCN8C(=O)C9=CC=CC1=C9C(=CC=C1)C8=O)C4=O"
101730897,C18H8N2O8-2,380.02916237581996,"C1=CC2=C3C(=CC=C4C3=C1C(=O)N(C4=O)CC(=O)[O-])C(=O)N(C2=O)CC(=O)[O-]"
129907098,C30H31N7O6,585.2335817119999,"CN(C)CCCN1C(=O)C2=C3C4=C(C=C2)C(=O)N(C(=O)C4=C5C(=C3C1=O)NC6=C(N5)C=C(C=C6)[N+](=O)[O-])CCCN(C)C"
129907268,C30H32N6O4,540.248503504,"CN(C)CCCN1C(=O)C2=C3C4=C(C=C2)C(=O)N(C(=O)C4=C5C(=C3C1=O)NC6=CC=CC=C6N5)CCCN(C)C"
129907609,C31H32N6O6,584.238332744,"CN(C)CCCN1C(=O)C2=C3C4=C(C=C2)C(=O)N(C(=O)C4=C5C(=C3C1=O)NC6=C(N5)C=C(C=C6)C(=O)O)CCCN(C)C"
129907623,C35H44N8O4,640.348551888,"CN(C)CCCNC1=C2C3=C4C(=C1)C(=O)N(C(=O)C4=C5C(=C3C(=O)N(C2=O)CCCN(C)C)NC6=CC=CC=C6N5)CCCN(C)C"
3119628,C36H30N2O8,618.20021592,"CCCCOC(=O)C1=CC=C(C=C1)N2C(=O)C3=C4C(=CC=C5C4=C(C=C3)C(=O)N(C5=O)C6=CC=C(C=C6)C(=O)OCCCC)C2=O"
101944039,C42H26N6O4,678.2015533120001,"CC1=NC(=CC=C1)C2=CC=CC(=N2)C#CCN3C(=O)C4=C5C(=CC=C6C5=C(C=C4)C(=O)N(C6=O)CC#CC7=NC(=CC=C7)C8=CC=CC(=N8)C)C3=O"
1097039,C28H14N2O8,506.0750154079999,"C1=CC(=CC=C1C(=O)O)N2C(=O)C3=C4C(=CC=C5C4=C(C=C3)C(=O)N(C5=O)C6=CC=C(C=C6)C(=O)O)C2=O"
1102902,C26H16N4O4,448.11715499199994,"C1=CC=C(C(=C1)N)N2C(=O)C3=C4C(=CC=C5C4=C(C=C3)C(=O)N(C5=O)C6=CC=CC=C6N)C2=O"
1102903,C30H18N2O8,534.106315536,"COC(=O)C1=CC=CC=C1N2C(=O)C3=C4C(=CC=C5C4=C(C=C3)C(=O)N(C5=O)C6=CC=CC=C6C(=O)OC)C2=O"
1287029,C30H22N2O8,538.137615664,"COC1=CC(=C(C=C1)OC)N2C(=O)C3=C4C(=CC=C5C4=C(C=C3)C(=O)N(C5=O)C6=C(C=CC(=C6)OC)OC)C2=O"
1381390,C30H18N2O6,502.11648629599995,"CC(=O)C1=CC(=CC=C1)N2C(=O)C3=C4C(=CC=C5C4=C(C=C3)C(=O)N(C5=O)C6=CC=CC(=C6)C(=O)C)C2=O"
2902425,C30H22N2O4,474.15795718399994,"CC(C1=CC=CC=C1)N2C(=O)C3=C4C(=CC=C5C4=C(C=C3)C(=O)N(C5=O)C(C)C6=CC=CC=C6)C2=O"
3795860,C22H22N2O4,378.15795718399994,"CC(C)CN1C(=O)C2=C3C(=CC=C4C3=C(C=C2)C(=O)N(C4=O)CC(C)C)C1=O"
4079543,C30H18N2O8,534.106315536,"CC1=C(C=C(C=C1)C(=O)O)N2C(=O)C3=C4C(=CC=C5C4=C(C=C3)C(=O)N(C5=O)C6=C(C=CC(=C6)C(=O)O)C)C2=O"
4286090,C28H18N2O4,446.12665705599994,"CC1=CC(=CC=C1)N2C(=O)C3=C4C(=CC=C5C4=C(C=C3)C(=O)N(C5=O)C6=CC=CC(=C6)C)C2=O"
6611142,C30H12N4O8,556.065513344,"C1=CC=C2C(=C1)C(=O)N(C2=O)N3C(=O)C4=C5C(=CC=C6C5=C(C=C4)C(=O)N(C6=O)N7C(=O)C8=CC=CC=C8C7=O)C3=O"
9532991,C20H18N2O10S2,510.0402867759998,"C1=CC2=C3C(=CC=C4C3=C1C(=O)N(C4=O)CCCS(=O)(=O)O)C(=O)N(C2=O)CCCS(=O)(=O)O"
10208778,C28H12N4O4S2,532.029996864,"C1=CC=C2C(=C1)N=C(S2)N3C(=O)C4=C5C(=CC=C6C5=C(C=C4)C(=O)N(C6=O)C7=NC8=CC=CC=C8S7)C3=O"
10224024,C22H10N6O4,422.0763528,"C1=CN=C(N=C1)N2C(=O)C3=C4C(=CC=C5C4=C(C=C3)C(=O)N(C5=O)C6=NC=CC=N6)C2=O"
10783762,C20H14N2O4,346.09535692799994,"C=CCN1C(=O)C2=C3C(=CC=C4C3=C(C=C2)C(=O)N(C4=O)CC=C)C1=O"
11622172,C25H23N5O5,473.169918836,"C1COCCN1CCN2C(=O)C3=C4C(=CC=C5C4=C(C=C3)C(=O)N(C5=O)CCN6C=CN=C6)C2=O"
12014195,C38H26N2O4,574.189257312,"CC(C1=CC=CC2=CC=CC=C21)N3C(=O)C4=C5C(=CC=C6C5=C(C=C4)C(=O)N(C6=O)C(C)C7=CC=CC8=CC=CC=C87)C3=O"
12073697,C26H16N4O4,448.11715499199994,"CC1=CN=C(C=C1)N2C(=O)C3=C4C(=CC=C5C4=C(C=C3)C(=O)N(C5=O)C6=NC=C(C=C6)C)C2=O"
12073699,C26H16N4O4,448.11715499199994,"CC1=C(N=CC=C1)N2C(=O)C3=C4C(=CC=C5C4=C(C=C3)C(=O)N(C5=O)C6=C(C=CC=N6)C)C2=O"
12097912,C54H44N4O8,876.3159143680001,"CCC(C)CN1C(=O)C2=C3C(=CC=C4C3=C(C=C2)C5=C6C4=CC=C7C6=C(C=C5)C(=O)N(C7=O)C8CCC(CC8)N9C(=O)C2=C3C(=CC=C4C3=C(C=C2)C(=O)N(C4=O)CC(C)CC)C9=O)C1=O"
12124154,C28H12N4O4,468.08585486399994,"C1=CC(=CC=C1C#N)N2C(=O)C3=C4C(=CC=C5C4=C(C=C3)C(=O)N(C5=O)C6=CC=C(C=C6)C#N)C2=O"
12401154,C26H14N2O10S2,578.008986648,"C1=CC(=CC=C1N2C(=O)C3=C4C(=CC=C5C4=C(C=C3)C(=O)N(C5=O)C6=CC=C(C=C6)S(=O)(=O)O)C2=O)S(=O)(=O)O"
14387189,C14H8N4O4,296.054554736,"C1=CC2=C3C(=CC=C4C3=C1C(=O)N(C4=O)N)C(=O)N(C2=O)N"
15375093,C24H26N2O4,406.18925731199994,"CC(C)C(C)N1C(=O)C2=C3C(=CC=C4C3=C(C=C2)C(=O)N(C4=O)C(C)C(C)C)C1=O"
15508699,C27H24N2O5,456.1685218679999,"CCC1=CC=CC(=C1N2C(=O)C3=C4C(=CC=C5C4=C(C=C3)C(=O)N(C5=O)CCOCC)C2=O)C"
15508700,C22H22N2O6,410.14778642399995,"CCOCCN1C(=O)C2=C3C(=CC=C4C3=C(C=C2)C(=O)N(C4=O)CCOCC)C1=O"
15508701,C28H26N2O4,454.18925731199994,"CCC1=CC=CC(=C1N2C(=O)C3=C4C(=CC=C5C4=C(C=C3)C(=O)N(C5=O)C(C)C(C)C)C2=O)C"
15883761,C16H11N3O4,309.074955832,"CNN1C(=O)C2=C3C(=CC=C4C3=C(C=C2)C(=O)N(C4=O)C)C1=O"
16202035,C74H74N14O12,1350.5610638079997,"COC1=CC=C(C=C1)C2=C(N=C(C3=NON=C23)C4=CC=C(C=C4)OC)C(=O)NCCCN5CCN(CC5)CCCN6C(=O)C7=C8C(=CC=C9C8=C(C=C7)C(=O)N(C9=O)CCCN1CCN(CC1)CCCNC(=O)C1=C(C2=NON=C2C(=N1)C1=CC=C(C=C1)OC)C1=CC=C(C=C1)OC)C6=O"
16223055,C22H18N2O8,438.1063155359999,"C1=CC2=C3C(=CC=C4C3=C1C(=O)N(C4=O)CCCC(=O)O)C(=O)N(C2=O)CCCC(=O)O"
16223344,C26H14N2O10S2,578.008986648,"C1=CC(=CC(=C1)S(=O)(=O)O)N2C(=O)C3=C4C(=CC=C5C4=C(C=C3)C(=O)N(C5=O)C6=CC(=CC=C6)S(=O)(=O)O)C2=O"
16717830,C30H38N2O4,490.28315769599993,"CCCCC(CC)CN1C(=O)C2=C3C(=CC=C4C3=C(C=C2)C(=O)N(C4=O)CC(CC)CCCC)C1=O"
16718287,C46H70N2O4,714.53355872,"CCCCCCCCCCCCCCCCN1C(=O)C2=C3C(=CC=C4C3=C(C=C2)C(=O)N(C4=O)CCCCCCCCCCCCCCCC)C1=O"
20583933,C20H18N2O4,350.12665705599994,"CC(C)N1C(=O)C2=C3C(=CC=C4C3=C(C=C2)C(=O)N(C4=O)C(C)C)C1=O"
20588774,C22H14N2O4,370.09535692799994,"CC1=CC=C(C=C1)N2C(=O)C3=C4C(=CC=C5C4=C(C=C3)C(=O)N(C5=O)C)C2=O"
20606918,C51H40N4O8,836.2846142400001,"CCC(C)CN1C(=O)C2=C3C(=CC=C4C3=C(C=C2)C5=C6C4=CC=C7C6=C(C=C5)C(=O)N(C7=O)CCCN8C(=O)C9=C2C(=CC=C3C2=C(C=C9)C(=O)N(C3=O)CC(C)CC)C8=O)C1=O"
20606922,C49H36N4O8,808.2533141120001,"CCCCN1C(=O)C2=C3C(=CC=C4C3=C(C=C2)C5=C6C4=CC=C7C6=C(C=C5)C(=O)N(C7=O)CCCN8C(=O)C9=C2C(=CC=C3C2=C(C=C9)C(=O)N(C3=O)CCCC)C8=O)C1=O"
20606924,C48H25N5O7,783.1753981400001,"CN1C(=O)C2=C3C(=CC=C4C3=C(C=C2)C(=O)N(C4=O)CCCN5C(=O)C6=C7C(=CC=C8C7=C(C=C6)C9=C2C8=CC=C3C2=C(C=C9)C2=NC4=CC=CC=C4N2C3=O)C5=O)C1=O"
20647606,C29H18N2O6S,522.0885572959999,"CC1=CC(=CC=C1)N2C(=O)C3=C4C(=CC=C5C4=C(C=C3)C(=O)N(C5=O)C6=CC(=CC=C6)S(=O)(=O)C=C)C2=O"
20801698,C17H12N2O4,308.079706864,"CCN1C(=O)C2=C3C(=CC=C4C3=C(C=C2)C(=O)N(C4=O)C)C1=O"
20829637,C23H24N2O4,392.17360724799994,"CCCCCN1C(=O)C2=C3C(=CC=C4C3=C(C=C2)C(=O)N(C4=O)CCCC)C1=O"
21138005,C54H32N4O15S2,1040.1305583240005,"CC1=CC=C(C=C1)OC2=CC=C(C=C2)N3C(=O)C4=C5C(=CC=C6C5=C(C=C4)C(=O)N(C6=O)C7=CC(=C(C=C7)C8=C(C=C(C=C8)N9C(=O)C1=C2C(=CC=C4C2=C(C=C1)C(=O)N(C4=O)C)C9=O)S(=O)(=O)O)S(O)(O)O)C3=O"
21302151,C40H62N6O4+4,690.4810601443601,"CCCC[N+]1(CC[N+](CC1)(C)CCCN2C(=O)C3=C4C(=CC=C5C4=C(C=C3)C(=O)N(C5=O)CCC[N+]6(CC[N+](CC6)(C)CCCC)C)C2=O)C"
21302152,C32H46N4O4+2,550.35080879218,"CCCC[N+](C)(C)CCCN1C(=O)C2=C3C(=CC=C4C3=C(C=C2)C(=O)N(C4=O)CCC[N+](C)(C)CCCC)C1=O"
21302153,C38H52N8O6,716.400981384,"CC(=O)NCCCN1CCN(CC1)CCCN2C(=O)C3=C4C(=CC=C5C4=C(C=C3)C(=O)N(C5=O)CCCN6CCN(CC6)CCCNC(=O)C)C2=O"
22957632,C32H26N2O4,502.18925731199994,"CCC1=CC=CC(=C1N2C(=O)C3=C4C(=CC=C5C4=C(C=C3)C(=O)N(C5=O)C6=C(C=CC=C6CC)C)C2=O)C"
22966739,C30H18N2O8S2,598.050457536,"C=CS(=O)(=O)C1=CC=CC(=C1)N2C(=O)C3=C4C(=CC=C5C4=C(C=C3)C(=O)N(C5=O)C6=CC(=CC=C6)S(=O)(=O)C=C)C2=O"
23396629,C56H42N2O6,838.304287064,"CC1=C(C=C(C=C1)C2=CC(=C(C=C2)N3C(=O)C4=C5C(=CC=C6C5=C(C=C4)C(=O)N(C6=O)C)C3=O)OCC(C7=CC=CC=C7)C8=CC=CC=C8)OCC(C9=CC=CC=C9)C1=CC=CC=C1"
23517682,C17H10N2O6,338.05388603999995,"CN1C(=O)C2=C3C(=CC=C4C3=C(C=C2)C(=O)N(C4=O)CC(=O)O)C1=O"
23527727,C20H18N2O4,350.126657056,"CC1=C(C2=C3C(=C(C(=C4C3=C1C(=O)N(C4=O)C)C)C)C(=O)N(C2=O)C)C"
23594402,C22H16N2O4S,404.0830779919999,"CCCCN1C(=O)C2=C3C(=CC=C4C3=C(C=C2)C(=O)N(C4=O)C5=CSC=C5)C1=O"
23594403,C44H30N4O8S2,806.1505059200001,"CCCCN1C(=O)C2=C3C(=CC=C4C3=C(C=C2)C(=O)N(C4=O)C5=CSC(=C5)C6=CC(=CS6)N7C(=O)C8=C9C(=CC=C2C9=C(C=C8)C(=O)N(C2=O)CCCC)C7=O)C1=O"
24743630,C38H26N2O4,574.189257312,"CC(C1=CC=CC2=CC=CC=C21)N3C(=O)C4=C5C(=CC=C6C5=C(C=C4)C(=O)N(C6=O)C(C)C7=CC=CC8=CC=CC=C87)C3=O"
24795122,C28H18N2O8S2,574.0504575360001,"C1C(OC2=CSC=C2O1)CN3C(=O)C4=C5C(=CC=C6C5=C(C=C4)C(=O)N(C6=O)CC7COC8=CSC=C8O7)C3=O"
25107255,C42H36N8O4,716.285951632,"C1=CC=NC(=C1)CN(CCN2C(=O)C3=C4C(=CC=C5C4=C(C=C3)C(=O)N(C5=O)CCN(CC6=CC=CC=N6)CC7=CC=CC=N7)C2=O)CC8=CC=CC=N8"
25120031,C18H14N2O10S2,482.0089866479998,"C1=CC2=C3C(=CC=C4C3=C1C(=O)N(C4=O)CCS(=O)(=O)O)C(=O)N(C2=O)CCS(=O)(=O)O"
25120032,C22H18N2O10,470.09614477599985,"C1=CC2=C3C(=CC=C4C3=C1C(=O)N(C4=O)CC(CC(=O)O)O)C(=O)N(C2=O)CC(CC(=O)O)O"
25120033,C22H20N4O8,468.12811359999995,"C1=CC2=C3C(=CC=C4C3=C1C(=O)N(C4=O)CCC(C(=O)O)N)C(=O)N(C2=O)CCC(C(=O)O)N"
25120383,C24H24N4O10,528.149242968,"C1=CC2=C3C(=CC=C4C3=C1C(=O)N(C4=O)CCOCC(C(=O)O)N)C(=O)N(C2=O)CCOCC(C(=O)O)N"
25120384,C18H16N4O8S2,480.0409554719999,"C1=CC2=C3C(=CC=C4C3=C1C(=O)N(C4=O)CCS(=O)(=O)N)C(=O)N(C2=O)CCS(=O)(=O)N"
25120385,C22H22N2O10S2,538.0715869039999,"CC1=C(C2=C3C(=C(C(=C4C3=C1C(=O)N(C4=O)CCS(=O)(=O)O)C)C)C(=O)N(C2=O)CCS(=O)(=O)O)C"
25120386,C20H14N2O10,442.06484464799985,"COC1=C2C3=C4C(=C1)C(=O)N(C(=O)C4=C(C=C3C(=O)N(C2=O)CC(=O)O)OC)CC(=O)O"
25120735,C16H10N2O7S,374.0208716599999,"C1=CC2=C3C(=CC=C4C3=C1C(=O)NC4=O)C(=O)N(C2=O)CCS(=O)(=O)O"
50900799,C40H58N2O4,630.439658336,"CCCCCCC(CCCCCC)N1C(=O)C2=C3C(=CC=C4C3=C(C=C2)C(=O)N(C4=O)C(CCCCCC)CCCCCC)C1=O"
50900885,C54H66N6O4,862.5145545919999,"CCCCCCC(CCCCCC)N1C(=O)C2=C3C(=C4C5=C2C(=C6C(=C5C(=O)N(C4=O)C(CCCCCC)CCCCCC)N=C(N6)C7=CC=CC=C7)C1=O)N=C(N3)C8=CC=CC=C8"
50901264,C28H34N2O4,462.25185756799993,"CCCCCC(C)N1C(=O)C2=C3C(=CC=C4C3=C(C=C2)C(=O)N(C4=O)C(C)CCCCC)C1=O"
56605906,C28H34N2O4,462.25185756799993,"CCCCCCCN1C(=O)C2=C3C(=CC=C4C3=C(C=C2)C(=O)N(C4=O)CCCCCCC)C1=O"
56610690,C22H22N2O5,394.152871804,"CCOCN1C(=O)C2=C3C(=CC=C4C3=C(C=C2)C(=O)N(C4=O)C(C)C(C)C)C1=O"
56611945,C30H22N2O4,474.15795718399994,"CC1=C(C(=CC=C1)C)N2C(=O)C3=C4C(=CC=C5C4=C(C=C3)C(=O)N(C5=O)C6=C(C=CC=C6C)C)C2=O"
56613070,C36H50N2O4,574.37705808,"CCCCC(C)(CCCC)CN1C(=O)C2=C3C(=CC=C4C3=C(C=C2)C(=O)N(C4=O)CC(C)(CCCC)CCCC)C1=O"
56621678,C32H38N2O4,514.283157696,"CCC1(CCCCC1)CN2C(=O)C3=C4C(=CC=C5C4=C(C=C3)C(=O)N(C5=O)CC6(CCCCC6)CC)C2=O"
56624611,C34H30N2O4,530.22055744,"CC1=C(C(=CC=C1)C(C)C)N2C(=O)C3=C4C(=CC=C5C4=C(C=C3)C(=O)N(C5=O)C6=C(C=CC=C6C(C)C)C)C2=O"
56627962,C35H32N2O4,544.236207504,"CC1=C2C3=C(C=CC4=C3C(=C1)C(=O)N(C4=O)C5=CC=CC(=C5)C(C)(C)C)C(=O)N(C2=O)C6=CC=CC(=C6)C(C)(C)C"
56630357,C32H43N3O4,533.3253568559999,"CCCCCCCCCNN1C(=O)C2=C3C(=CC=C4C3=C(C=C2)C(=O)N(C4=O)CCCCCCCCC)C1=O"
56630933,C32H44N4O4,548.336255888,"CCCCCCCCCNN1C(=O)C2=C3C(=CC=C4C3=C(C=C2)C(=O)N(C4=O)NCCCCCCCCC)C1=O"
56631642,C34H42N2O4,542.314457824,"CCCC(C1CCCCC1)N2C(=O)C3=C4C(=CC=C5C4=C(C=C3)C(=O)N(C5=O)C(CCC)C6CCCCC6)C2=O"
56638633,C17H11N2O7S-,387.02924527191,"CN1C(=O)C2=C3C(=CC=C4C3=C(C=C2)C(=O)N(C4=O)CCS(=O)(=O)[O-])C1=O"
56638959,C28H35N3O4,477.26275659999993,"CCCCCCCN(CCCCCCC)C1=C2C3=C(C=CC4=C3C(=C1)C(=O)NC4=O)C(=O)NC2=O"
57231505,C28H35N3O4,477.26275659999993,"CCCCCCCNN1C(=O)C2=C3C(=CC=C4C3=C(C=C2)C(=O)N(C4=O)CCCCCCC)C1=O"
57327696,C20H20N4O4,380.14845512,"CN(C)CCN1C(=O)C2=C3C(=CC=C4C3=C(C=C2)C(=O)N(C4=O)CCN)C1=O"
57530487,C16H10N2O4,294.0640568,"CCN1C(=O)C2=C3C(=CC=C4C3=C(C=C2)C(=O)NC4=O)C1=O"
57530491,C50H52N8O6+4,860.39878706436,"C[N+]1=CC=CC=C1C2=[N+](C=C(C=C2)C(=O)NCCCCCN3C(=O)C4=C5C(=CC=C6C5=C(C=C4)C(=O)N(C6=O)CCCCCNC(=O)C7=C[N+](=C(C=C7)C8=CC=CC=[N+]8C)C)C3=O)C"
57530497,C50H70N10O8S2,1002.4819512,"CN(CCCNC(=O)CCCCCC1C2C(CS1)NC(=O)N2)CCCN3C(=O)C4=C5C(=CC=C6C5=C(C=C4)C(=O)N(C6=O)CCCN(C)CCCNC(=O)CCCCCC7C8C(CS7)NC(=O)N8)C3=O"
57535971,C34H44N4O4,572.336255888,"CC1(CC(CC(N1C)(C)C)N2C(=O)C3=C4C(=CC=C5C4=C(C=C3)C(=O)N(C5=O)C6CC(N(C(C6)(C)C)C)(C)C)C2=O)C"
57535972,C30H32N4O4,512.242355504,"CN1C2CCC1CC(C2)N3C(=O)C4=C5C(=CC=C6C5=C(C=C4)C(=O)N(C6=O)C7CC8CCC(C7)N8C)C3=O"
57535973,C22H18N2O8,438.1063155359999,"C1COC(CO1)N2C(=O)C3=C4C(=CC=C5C4=C(C=C3)C(=O)N(C5=O)C6COCCO6)C2=O"
57535974,C24H22N2O6,434.14778642399995,"CC1CC(CO1)N2C(=O)C3=C4C(=CC=C5C4=C(C=C3)C(=O)N(C5=O)C6CC(OC6)C)C2=O"
57535975,C24H22N2O6,434.14778642399995,"C1COCCC1N2C(=O)C3=C4C(=CC=C5C4=C(C=C3)C(=O)N(C5=O)C6CCOCC6)C2=O"
57535976,C30H32N4O8,576.222013984,"CCOC(=O)N1CCC(CC1)N2C(=O)C3=C4C(=CC=C5C4=C(C=C3)C(=O)N(C5=O)C6CCN(CC6)C(=O)OCC)C2=O"
57535977,C25H24N2O4S,448.1456782479999,"C1CCC(CC1)N2C(=O)C3=C4C(=CC=C5C4=C(C=C3)C(=O)N(C5=O)C6CCCSC6)C2=O"
57535978,C24H22N2O4S2,466.10209918399994,"C1CSCCC1N2C(=O)C3=C4C(=CC=C5C4=C(C=C3)C(=O)N(C5=O)C6CCSCC6)C2=O"
57535979,C32H40N4O4,544.30495576,"CC1(CC(CC(N1)(C)C)N2C(=O)C3=C4C(=CC=C5C4=C(C=C3)C(=O)N(C5=O)C6CC(NC(C6)(C)C)(C)C)C2=O)C"
57535980,C26H28N4O4,460.21105537599993,"CN1CCC(CC1)N2C(=O)C3=C4C(=CC=C5C4=C(C=C3)C(=O)N(C5=O)C6CCN(CC6)C)C2=O"
57535981,C32H40N4O4,544.30495576,"CCCCN1CCC(CC1)N2C(=O)C3=C4C(=CC=C5C4=C(C=C3)C(=O)N(C5=O)C6CCN(CC6)CCCC)C2=O"
57535982,C32H36N2O6S,576.229407872,"CCCCCCOC(=O)C1CCC(CC1)N2C(=O)C3=C4C(=CC=C5C4=C(C=C3)C(=O)N(C5=O)C6CCSCC6)C2=O"
57535983,C22H18N2O6,406.11648629599995,"C1COCC1N2C(=O)C3=C4C(=CC=C5C4=C(C=C3)C(=O)N(C5=O)C6CCOC6)C2=O"
57535984,C22H20N4O6,436.13828435999994,"C1COCCN1N2C(=O)C3=C4C(=CC=C5C4=C(C=C3)C(=O)N(C5=O)N6CCOCC6)C2=O"
57535985,C38H36N4O4,612.273655632,"C1CN(CCC1N2C(=O)C3=C4C(=CC=C5C4=C(C=C3)C(=O)N(C5=O)C6CCN(CC6)CC7=CC=CC=C7)C2=O)CC8=CC=CC=C8"
57535986,C24H22N2O6,434.14778642399995,"C1CC(COC1)N2C(=O)C3=C4C(=CC=C5C4=C(C=C3)C(=O)N(C5=O)C6CCCOC6)C2=O"
57535987,C24H22N2O4S2,466.10209918399994,"C1CC(CSC1)N2C(=O)C3=C4C(=CC=C5C4=C(C=C3)C(=O)N(C5=O)C6CCCSC6)C2=O"
57564846,C28H26N2O4,454.18925731199994,"CCC(CC)N1C(=O)C2=C3C(=CC=C4C3=C(C=C2)C(=O)N(C4=O)C(CC)C5=CC=CC=C5)C1=O"
57564847,C28H26N2O4,454.18925731199994,"CCC(C1=CC=CC=C1)N2C(=O)C3=C4C(=CC=C5C4=C(C=C3)C(=O)N(C5=O)C(C)C(C)C)C2=O"
57564848,C27H24N2O4,440.17360724799994,"CCCCN1C(=O)C2=C3C(=CC=C4C3=C(C=C2)C(=O)N(C4=O)C(CC)C5=CC=CC=C5)C1=O"
57564849,C27H24N2O4,440.17360724799994,"CCC(CC)N1C(=O)C2=C3C(=CC=C4C3=C(C=C2)C(=O)N(C4=O)C(C)C5=CC=CC=C5)C1=O"
57564850,C24H18N2O4,398.126657056,"CCN1C(=O)C2=C3C(=CC=C4C3=C(C=C2)C(=O)N(C4=O)C(C)C5=CC=CC=C5)C1=O"
57564851,C23H16N2O4,384.11100699199994,"CC(C1=CC=CC=C1)N2C(=O)C3=C4C(=CC=C5C4=C(C=C3)C(=O)N(C5=O)C)C2=O"
57564852,C27H24N2O4,440.17360724799994,"CC(C)C(C)N1C(=O)C2=C3C(=CC=C4C3=C(C=C2)C(=O)N(C4=O)C(C)C5=CC=CC=C5)C1=O"
57564853,C27H24N2O4,440.17360724799994,"CCC(C)N1C(=O)C2=C3C(=CC=C4C3=C(C=C2)C(=O)N(C4=O)C(CC)C5=CC=CC=C5)C1=O"
57564854,C25H20N2O4,412.14230711999994,"CC(C)N1C(=O)C2=C3C(=CC=C4C3=C(C=C2)C(=O)N(C4=O)C(C)C5=CC=CC=C5)C1=O"
57564855,C25H20N2O4,412.14230711999994,"CCC(C1=CC=CC=C1)N2C(=O)C3=C4C(=CC=C5C4=C(C=C3)C(=O)N(C5=O)CC)C2=O"
57564856,C26H22N2O4,426.15795718399994,"CCCN1C(=O)C2=C3C(=CC=C4C3=C(C=C2)C(=O)N(C4=O)C(CC)C5=CC=CC=C5)C1=O"
57564857,C26H22N2O4,426.15795718399994,"CCC(C)N1C(=O)C2=C3C(=CC=C4C3=C(C=C2)C(=O)N(C4=O)C(C)C5=CC=CC=C5)C1=O"
57564858,C26H22N2O4,426.15795718399994,"CCC(C1=CC=CC=C1)N2C(=O)C3=C4C(=CC=C5C4=C(C=C3)C(=O)N(C5=O)C(C)C)C2=O"
57564859,C24H18N2O4,398.12665705599994,"CCC(C1=CC=CC=C1)N2C(=O)C3=C4C(=CC=C5C4=C(C=C3)C(=O)N(C5=O)C)C2=O"
57564860,C25H20N2O4,412.14230711999994,"CCCN1C(=O)C2=C3C(=CC=C4C3=C(C=C2)C(=O)N(C4=O)C(C)C5=CC=CC=C5)C1=O"
57564861,C26H22N2O4,426.15795718399994,"CCCCN1C(=O)C2=C3C(=CC=C4C3=C(C=C2)C(=O)N(C4=O)C(C)C5=CC=CC=C5)C1=O"
57568866,C56H80N2O14,1004.5609552400001,"CC1(COC2(C(OCC(COC(C(C(C(OCN3C(=O)C4=C5C(=CC=C6C5=C(C=C4)C(=O)N(C6=O)COC2(C)C)C3=O)(C)C)(C)C(=O)C7CCC(CC7)C(=O)C(C)(C)C)(OC1)C)(C)C)(CO)CO)(C)C)C)C"
57568867,C69H78N4O16,1218.541282416,"CC1(COC(C(OCN2C(=O)C3=C4C(=CC=C5C4=C(C=C3)C(=O)N(C5=O)COC6(C(C(=O)C7CCC(CC7)C(=O)C(C(C(=O)CN8C(=O)C9=C3C(=CC=C4C3=C(C=C9)C(=O)N(C4=O)CC(=O)C6(C(OC1)(C)C)C)C8=O)(C)C)(C)C)(C)C)C)C2=O)(C)C)(C)C)C"
57568871,C57H82N2O13,1002.5816906840001,"CCC1(COC(C2(C(OCN3C(=O)C4=C5C(=CC=C6C5=C(C=C4)C(=O)N(C6=O)COC(C(C(C(OC1)(C)C)(OCC(CO2)(C)C)C)(C)C(=O)C7CCC(CC7)C(=O)C(C)(C)C)(C)C)C3=O)(C)C)C)(C)C)CO"
57572685,C22H22N2O4,378.15795718399994,"CC(C)(C)N1C(=O)C2=C3C(=CC=C4C3=C(C=C2)C(=O)N(C4=O)C(C)(C)C)C1=O"
57611375,C31H25N3O4,503.18450628,"CCC(CC)N1C(=O)C2=C3C(=CC=C4C3=C(C=C2)C(=O)N(C4=O)N(C5=CC=CC=C5)C6=CC=CC=C6)C1=O"
57611376,C34H31N3O4,545.231456472,"CCCC(CCC)N1C(=O)C2=C3C(=CC=C4C3=C(C=C2)C(=O)N(C4=O)N(CC5=CC=CC=C5)C6=CC=CC=C6)C1=O"
57611377,C26H23N3O4,441.168856216,"CC(C)C(C)N1C(=O)C2=C3C(=CC=C4C3=C(C=C2)C(=O)N(C4=O)N(C)C5=CC=CC=C5)C1=O"
57611378,C23H25N3O4,407.18450628,"CCCC(CCC)N1C(=O)C2=C3C(=CC=C4C3=C(C=C2)C(=O)N(C4=O)N(C)C)C1=O"
57611379,C31H25N3O5,519.1794209,"CCOCCCN1C(=O)C2=C3C(=CC=C4C3=C(C=C2)C(=O)N(C4=O)N(C5=CC=CC=C5)C6=CC=CC=C6)C1=O"
57611380,C35H33N3O5,575.242021156,"CCCCCCC(N1C(=O)C2=C3C(=CC=C4C3=C(C=C2)C(=O)N(C4=O)N(C5=CC=CC=C5)C6=CC=CC=C6)C1=O)OCC"
57611381,C34H31N3O4,545.231456472,"CCCCCC(C)N1C(=O)C2=C3C(=CC=C4C3=C(C=C2)C(=O)N(C4=O)N(CC5=CC=CC=C5)C6=CC=CC=C6)C1=O"
57611382,C28H27N3O4,469.200156344,"CCCCCC(C)N1C(=O)C2=C3C(=CC=C4C3=C(C=C2)C(=O)N(C4=O)N(C)C5=CC=CC=C5)C1=O"
57611383,C33H29N3O4,531.2158064079999,"CCCCCC(C)N1C(=O)C2=C3C(=CC=C4C3=C(C=C2)C(=O)N(C4=O)N(C5=CC=CC=C5)C6=CC=CC=C6)C1=O"
57611384,C35H33N3O4,559.247106536,"CCCCCC(C)N1C(=O)C2=C3C(=CC=C4C3=C(C=C2)C(=O)N(C4=O)N(CC5=CC=CC=C5)CC6=CC=CC=C6)C1=O"
57611385,C26H29N3O4,447.215806408,"CCCCCC(C)N1C(=O)C2=C3C(=CC=C4C3=C(C=C2)C(=O)N(C4=O)N5CCCCC5)C1=O"
57611386,C29H29N3O4,483.215806408,"CCCC(CCC)N1C(=O)C2=C3C(=CC=C4C3=C(C=C2)C(=O)N(C4=O)N(CC)C5=CC=CC=C5)C1=O"
57611387,C42H31N3O4,641.2314564719999,"CC1=CC=C(C=C1)CN(C2=CC=C(C=C2)C)N3C(=O)C4=C5C(=CC=C6C5=C(C=C4)C(=O)N(C6=O)C7=CC=C(C=C7)C8=CC=C(C=C8)C)C3=O"
57611388,C39H41N3O4,615.309706792,"CCCCCC(C)N1C(=O)C2=C3C(=C(C(=C4C3=C(C(=C2C)C)C(=O)N(C4=O)N(CC5=CC=CC=C5)CC6=CC=CC=C6)C)C)C1=O"
57611389,C30H41N5O4,535.315854792,"CCC(CC)N1C(=O)C2=C3C(=CC=C4C3=C(C=C2)C(=O)N(C4=O)N(CCN(C)CC)CCN(CC)CC)C1=O"
57611390,C27H31N3O4,461.231456472,"CCCCCCC(C)N1C(=O)C2=C3C(=CC=C4C3=C(C=C2)C(=O)N(C4=O)N5CCCCC5)C1=O"
57611391,C25H21N3O4,427.153206152,"CC(C)CN1C(=O)C2=C3C(=CC=C4C3=C(C=C2)C(=O)N(C4=O)N(C)C5=CC=CC=C5)C1=O"
57611392,C25H23N3O4S,461.140927216,"CCC(C)N1C(=O)C2=C3C(=CC=C4C3=C(C=C2)C(=O)N(C4=O)N(CC)C5=CC=C(S5)C)C1=O"
57611393,C32H40N3O4+,530.30133318009,"CC1CCCCCCCN1N2C(=O)C3=C4C(=CC=C5C4=C(C=C3)C(=O)[N+]6(C5=O)CCCCCCCC6C)C2=O"
57611395,C35H25N3O4,551.18450628,"C1=CC=C(C=C1)CN2C(=O)C3=C4C(=CC=C5C4=C(C=C3)C(=O)N(C5=O)N(CC6=CC=CC=C6)CC7=CC=CC=C7)C2=O"
57611396,C29H29N3O4,483.215806408,"CCCCCC(C)N1C(=O)C2=C3C(=CC=C4C3=C(C=C2)C(=O)N(C4=O)N(CC)C5=CC=CC=C5)C1=O"
57611397,C21H21N3O4,379.153206152,"CC(C)C(C)N1C(=O)C2=C3C(=CC=C4C3=C(C=C2)C(=O)N(C4=O)N(C)C)C1=O"
57611398,C20H19N3O4,365.137556088,"CC(C)CN1C(=O)C2=C3C(=CC=C4C3=C(C=C2)C(=O)N(C4=O)N(C)C)C1=O"
57611399,C36H21N3O4,559.1532061519999,"C1=CC=C(C=C1)N(C2=CC=CC=C2)N3C(=O)C4=C5C(=CC=C6C5=C(C=C4)C(=O)N(C6=O)C7=CC=CC8=CC=CC=C87)C3=O"
57611400,C17H13N3O4,323.090605896,"CN1C(=O)C2=C3C(=CC=C4C3=C(C=C2)C(=O)N(C4=O)N(C)C)C1=O"
57611401,C22H21N3O4,391.153206152,"CC(C)N1C(=O)C2=C3C(=CC=C4C3=C(C=C2)C(=O)N(C4=O)N5CCCCC5)C1=O"
57611402,C23H25N3O4,407.18450628,"CCCCCC(C)N1C(=O)C2=C3C(=CC=C4C3=C(C=C2)C(=O)N(C4=O)N(C)C)C1=O"
57611403,C33H29N3O4,531.2158064079999,"CC(C)C(C)N1C(=O)C2=C3C(=CC=C4C3=C(C=C2)C(=O)N(C4=O)N(CC5=CC=CC=C5)CC6=CC=CC=C6)C1=O"
57611404,C21H21N3O4,379.153206152,"CCC(CC)N1C(=O)C2=C3C(=CC=C4C3=C(C=C2)C(=O)N(C4=O)N(C)C)C1=O"
57611405,C33H29N3O4,531.2158064079999,"CCCC(CCC)N1C(=O)C2=C3C(=CC=C4C3=C(C=C2)C(=O)N(C4=O)N(C5=CC=CC=C5)C6=CC=CC=C6)C1=O"
57611406,C31H25N3O4,503.18450628,"CC(C)C(C)N1C(=O)C2=C3C(=CC=C4C3=C(C=C2)C(=O)N(C4=O)N(C5=CC=CC=C5)C6=CC=CC=C6)C1=O"
57611408,C28H27N3O4,469.200156344,"CCCC(CCC)N1C(=O)C2=C3C(=CC=C4C3=C(C=C2)C(=O)N(C4=O)N(C)C5=CC=CC=C5)C1=O"
57611409,C35H33N3O4,559.247106536,"CCCC(CCC)N1C(=O)C2=C3C(=CC=C4C3=C(C=C2)C(=O)N(C4=O)N(CC5=CC=CC=C5)CC6=CC=CC=C6)C1=O"
57611410,C27H25N3O4,455.18450627999994,"CCN(C1=CC=CC=C1)N2C(=O)C3=C4C(=CC=C5C4=C(C=C3)C(=O)N(C5=O)C(C)C(C)C)C2=O"
57611411,C26H23N3O4,441.168856216,"CCC(CC)N1C(=O)C2=C3C(=CC=C4C3=C(C=C2)C(=O)N(C4=O)N(C)C5=CC=CC=C5)C1=O"
57611412,C27H31N3O4,461.231456472,"CCCCCC(C)N1C(=O)C2=C3C(=CC=C4C3=C(C=C2)C(=O)N(C4=O)N5CCCCCC5)C1=O"
57611413,C28H19N3O4,461.137556088,"CCN1C(=O)C2=C3C(=CC=C4C3=C(C=C2)C(=O)N(C4=O)N(C5=CC=CC=C5)C6=CC=CC=C6)C1=O"
57611414,C30H23N3O4,489.168856216,"CCN1C(=O)C2=C3C(=CC=C4C3=C(C=C2)C(=O)N(C4=O)N(CC5=CC=CC=C5)CC6=CC=CC=C6)C1=O"
57611415,C31H25N3O4,503.18450628,"CC(C)CCN1C(=O)C2=C3C(=CC=C4C3=C(C=C2)C(=O)N(C4=O)N(C5=CC=CC=C5)C6=CC=CC=C6)C1=O"
57611416,C31H33N3O5,527.242021156,"CCCCCCC(N1C(=O)C2=C3C(=CC=C4C3=C(C=C2)C(=O)N(C4=O)N(CC)C5=CC=CC=C5)C1=O)OCC"
57611417,C25H19N3O4,425.137556088,"C1CCN(CC1)N2C(=O)C3=C4C(=CC=C5C4=C(C=C3)C(=O)N(C5=O)C6=CC=CC=C6)C2=O"
57611418,C26H30N4O4,462.22670544,"CCCCCC(C)N1C(=O)C2=C3C(=CC=C4C3=C(C=C2)C(=O)N(C4=O)N5CCN(CC5)C)C1=O"
57611419,C30H23N3O4,489.168856216,"CC(C)CN1C(=O)C2=C3C(=CC=C4C3=C(C=C2)C(=O)N(C4=O)N(C5=CC=CC=C5)C6=CC=CC=C6)C1=O"
57611420,C21H20N2O4,364.14230711999994,"CCCC(CCC)N1C(=O)C2=C3C(=CC=C4C3=C(C=C2)C(=O)NC4=O)C1=O"
57611421,C27H25N3O4,455.18450628,"CCC(CC)N1C(=O)C2=C3C(=CC=C4C3=C(C=C2)C(=O)N(C4=O)N(CC)C5=CC=CC=C5)C1=O"
57611422,C29H21N3O4,475.153206152,"CC(C)N1C(=O)C2=C3C(=CC=C4C3=C(C=C2)C(=O)N(C4=O)N(C5=CC=CC=C5)C6=CC=CC=C6)C1=O"
57611423,C43H28N6O4,692.217203376,"CCN(C1=CC=CC=C1)N2C(=O)C3=C4C(=CC=C5C4=C(C=C3)C(=O)N(C5=O)C6=CC=C(C=C6)C7=NC(=NC(=N7)C8=CC=CC=C8)C9=CC=CC=C9)C2=O"
57611424,C25H21N3O4,427.15320615199994,"CCN(C1=CC=CC=C1)N2C(=O)C3=C4C(=CC=C5C4=C(C=C3)C(=O)N(C5=O)C(C)C)C2=O"
57611425,C24H19N3O4,413.137556088,"CC(C)N1C(=O)C2=C3C(=CC=C4C3=C(C=C2)C(=O)N(C4=O)N(C)C5=CC=CC=C5)C1=O"
57611426,C29H29N3O4,483.215806408,"CCCCCCC(C)N1C(=O)C2=C3C(=CC=C4C3=C(C=C2)C(=O)N(C4=O)N(C)C5=CC=CC=C5)C1=O"
57611427,C26H29N3O5,463.21072102799997,"CCCCCCC(C)N1C(=O)C2=C3C(=CC=C4C3=C(C=C2)C(=O)N(C4=O)N5CCOCC5)C1=O"
57611428,C25H27N3O5,449.19507096399997,"CCCC(CCC)N1C(=O)C2=C3C(=CC=C4C3=C(C=C2)C(=O)N(C4=O)N5CCOCC5)C1=O"
57611430,C24H27N3O4,421.200156344,"CCCCCCCCN1C(=O)C2=C3C(=CC=C4C3=C(C=C2)C(=O)N(C4=O)N(C)C)C1=O"
57611431,C33H29N3O4,531.2158064079999,"CCC(CC)N1C(=O)C2=C3C(=CC=C4C3=C(C=C2)C(=O)N(C4=O)N(CC5=CC=CC=C5)CC6=CC=CC=C6)C1=O"
57611432,C22H15N3O4,385.10625596,"CN(C)N1C(=O)C2=C3C(=CC=C4C3=C(C=C2)C(=O)N(C4=O)C5=CC=CC=C5)C1=O"
57625923,C26H17N3O10,531.0913937439999,"C1=CC(=C(C=C1C(=O)O)N2C(=O)C3=C4C(=CC=C5C4=C(C=C3)C(=O)N(C5=O)C(CCC(=O)O)C(=O)O)C2=O)N"
57669238,C29H20N2O4,460.14230711999994,"CC1=CC=C(C=C1)CC2=CC=C(C=C2)N3C(=O)C4=C5C(=CC=C6C5=C(C=C4)C(=O)N(C6=O)C)C3=O"
57701235,C54H30N4O14S2,1022.1199936400003,"CC1=CC=C(C=C1)C2=CC=C(C=C2)N3C(=O)C4=C5C(=CC=C6C5=C(C=C4)C(=O)N(C6=O)C7=CC(=C(C=C7)C8=C(C=C(C=C8)N9C(=O)C1=C2C(=CC=C4C2=C(C=C1)C(=O)N(C4=O)C)C9=O)S(=O)(=O)O)SOOO)C3=O"
57711885,C53H76N2O10,900.549996632,"CCC(C)(CC)C(=O)C1CCC(CC1)C(=O)C2(CCC(OCN3C(=O)C4=C5C(=CC=C6C5=C(C=C4)C(=O)N(C6=O)COC(CCC(OCC(COC2(C)C)(C)C)(C)C)(C)C)C3=O)(C)C)C"
57711886,C67H102N2O14,1158.733105944,"CCC1(CCC2(CCC(OCC(COC(CCC(CC(CCC(OCN3C(=O)C4=C5C(=CC=C6C5=C(C=C4)C(=O)N(C6=O)CO1)C3=O)(C)C)(C)C(=O)C7CCC(CC7)C(=O)C(C)(C)C)(COCC(CO2)(C)C)C)(C)C)(CO)CO)(C)C)C)C"
57711887,C78H100N4O16,1348.7134331199998,"CCCOCN1C(=O)C2=C3C(=CC=C4C3=C(C=C2)C(=O)N(C4=O)COC(C)(C)CCCC(C)(C)OCC(C)(C)COC(C)(C)C(C)(C)C(=O)CN5C(=O)C6=C7C(=CC=C8C7=C(C=C6)C(=O)N(C8=O)CC(=O)C(C)(C)CCC(C)(C)C(=O)C9CCC(CC9)C(=O)C(C)(C)CC)C5=O)C1=O"
57711888,C78H98N4O16,1346.6977830559997,"CCCOCN1C(=O)C2=C3C(=CC=C4C3=C(C=C2)C(=O)N(C4=O)COC(C)(C)CCCC(C)(C)OCC(C)(C)COC(C)(C)C5(CCCC(C(=O)C6CCC(CC6)C(=O)C(CCC(C(=O)CN7C(=O)C8=C9C(=CC=C2C9=C(C=C8)C(=O)N(C2=O)CC5=O)C7=O)(C)C)(C)C)(C)C)C)C1=O"
57764046,C24H26N2O4,406.189257312,"CC1=C(C2=C3C(=C(C(=C4C3=C1C(=O)N(C4=O)C(C)C)C)C)C(=O)N(C2=O)C(C)C)C"
57764049,C18H14N2O4,322.095356928,"CC1=C(C2=C3C(=C(C(=C4C3=C1C(=O)NC4=O)C)C)C(=O)NC2=O)C"
57776609,C18H16N4O4,352.117154992,"CN(C)N1C(=O)C2=C3C(=CC=C4C3=C(C=C2)C(=O)N(C4=O)N(C)C)C1=O"
57776610,C54H56N4O4,824.430156272,"CC(C)(C)C1=CC=C(C=C1)N(C2=CC=C(C=C2)C(C)(C)C)N3C(=O)C4=C5C(=CC=C6C5=C(C=C4)C(=O)N(C6=O)N(C7=CC=C(C=C7)C(C)(C)C)C8=CC=C(C=C8)C(C)(C)C)C3=O"
57776611,C42H32N4O4,656.242355504,"CC1=CC=C(C=C1)N(CC2=CC=CC=C2)N3C(=O)C4=C5C(=CC=C6C5=C(C=C4)C(=O)N(C6=O)N(CC7=CC=CC=C7)C8=CC=C(C=C8)C)C3=O"
57776612,C24H24N4O4,432.179755248,"C1CCN(CC1)N2C(=O)C3=C4C(=CC=C5C4=C(C=C3)C(=O)N(C5=O)N6CCCCC6)C2=O"
57776613,C26H29N3O4,447.215806408,"CCCC(CCC)N1C(=O)C2=C3C(=CC=C4C3=C(C=C2)C(=O)N(C4=O)N5CCCCC5)C1=O"
57776614,C42H48N4O4,672.367556016,"CCCCCC(C)N(CC1=CC=CC=C1)N2C(=O)C3=C4C(=CC=C5C4=C(C=C3)C(=O)N(C5=O)N(CC6=CC=CC=C6)C(C)CCCCC)C2=O"
57776615,C28H20N4O4,476.14845511999994,"CN(C1=CC=CC=C1)N2C(=O)C3=C4C(=CC=C5C4=C(C=C3)C(=O)N(C5=O)N(C)C6=CC=CC=C6)C2=O"
57776616,C26H32N4O4,464.24235550399993,"CCCCN(CC)N1C(=O)C2=C3C(=CC=C4C3=C(C=C2)C(=O)N(C4=O)N(CC)CCCC)C1=O"
57776617,C33H38N4O4,554.289305696,"CCCCC(C)N(CC1=CC=CC=C1)N2C(=O)C3=C4C(=CC=C5C4=C(C=C3)C(=O)N(C5=O)N(CC)C(C)(C)C)C2=O"
57776618,C56H44N4O4,836.336255888,"CCC1=CC=C(C=C1)N(C2=CC=C(C=C2)C3=CC=C(C=C3)C)N4C(=O)C5=C6C(=CC=C7C6=C(C=C5)C(=O)N(C7=O)N(C8=CC=C(C=C8)CC)C9=CC=C(C=C9)C1=CC=C(C=C1)C)C4=O"
57776619,C42H32N4O4,656.242355504,"C1=CC=C(C=C1)CN(CC2=CC=CC=C2)N3C(=O)C4=C5C(=CC=C6C5=C(C=C4)C(=O)N(C6=O)N(CC7=CC=CC=C7)CC8=CC=CC=C8)C3=O"
57776620,C28H24N4O4S2,544.123897248,"CCN(C1=CC=C(S1)C)N2C(=O)C3=C4C(=CC=C5C4=C(C=C3)C(=O)N(C5=O)N(CC)C6=CC=C(S6)C)C2=O"
57776621,C37H54N4O6,650.4043354480001,"CCCCCCN(C(C)CCOC)N1C(=O)C2=C3C(=CC=C4C3=C(C=C2)C(=O)N(C4=O)N(CCCCCC)C(C)CCOCC)C1=O"
57776622,C32H44N4O4,548.336255888,"CCCCN(C(CC)CC)N1C(=O)C2=C3C(=CC=C4C3=C(C=C2)C(=O)N(C4=O)N(CCCC)C(CC)CC)C1=O"
57776623,C43H42N4O4,678.320605824,"CCCCCC(C)N(CCC1=CC=CC=C1)N2C(=O)C3=C4C(=CC=C5C4=C(C=C3)C(=O)N(C5=O)N(CC6=CC=CC=C6)C7=CC=CC(=C7)C)C2=O"
57776624,C40H24N4O4,624.179755248,"CC1=CC2=C(C=C1)N(C3=CC=CC=C32)N4C(=O)C5=C6C(=CC=C7C6=C(C=C5)C(=O)N(C7=O)N8C9=C(C=C(C=C9)C)C1=CC=CC=C18)C4=O"
57776625,C48H32N4O4,728.242355504,"C1=CC=C(C=C1)N(CC2=CC3=CC=CC=C3C=C2)N4C(=O)C5=C6C(=CC=C7C6=C(C=C5)C(=O)N(C7=O)N(CC8=CC9=CC=CC=C9C=C8)C1=CC=CC=C1)C4=O"
57776626,C38H24N4O4,600.179755248,"C1=CC=C(C=C1)N(C2=CC=CC=C2)N3C(=O)C4=C5C(=CC=C6C5=C(C=C4)C(=O)N(C6=O)N(C7=CC=CC=C7)C8=CC=CC=C8)C3=O"
57776627,C36H22N6O4,602.1702531840001,"C1=CC=C(C=C1)N(C2=CC=CC=C2)N3C(=O)C4=C5C(=CC=C6C5=C(C=C4)C(=O)N(C6=O)N(C7=CC=NC=C7)C8=CC=NC=C8)C3=O"
57776628,C42H64N4O8,752.4724150080001,"CCCCCCN(C(C)CCOCC)N1C(=O)C2=C(C(=C3C4=C2C(=C(C(=C4C(=O)N(C3=O)N(CCCCCC)C(C)CCOCC)C)OC)C1=O)OC)C"
57776629,C30H40N4O4,520.30495576,"CCCCN(CCCC)N1C(=O)C2=C3C(=CC=C4C3=C(C=C2)C(=O)N(C4=O)N(CCCC)CCCC)C1=O"
57776630,C40H44N4O4,644.336255888,"CCCC(C)CCN(C1=CC=CC=C1)N2C(=O)C3=C4C(=CC=C5C4=C(C=C3)C(=O)N(C5=O)N(CCC(C)CCC)C6=CC=CC=C6)C2=O"
57776631,C36H36N4O4,588.273655632,"CCCCC(C)N(CC1=CC=CC=C1)N2C(=O)C3=C4C(=CC=C5C4=C(C=C3)C(=O)N(C5=O)N(CC)CC6=CC=CC=C6)C2=O"
57776632,C44H48N4O6,728.357385256,"CCOC1=CC=C(C=C1)CN(C2CCCCC2)N3C(=O)C4=C5C(=CC=C6C5=C(C=C4)C(=O)N(C6=O)N(CC7=CC=C(C=C7)OCC)C8CCCCC8)C3=O"
57776633,C22H24N4O4,408.179755248,"CCN(CC)N1C(=O)C2=C3C(=CC=C4C3=C(C=C2)C(=O)N(C4=O)N(CC)CC)C1=O"
57776634,C26H23N3O4,441.16885621599994,"CCN(C1=CC=CC=C1)N2C(=O)C3=C4C(=CC=C5C4=C(C=C3)C(=O)N(C5=O)CC(C)C)C2=O"
57776635,C44H40N4O4,688.30495576,"CC(C)CCN(C1=CC=CC2=CC=CC=C21)N3C(=O)C4=C5C(=CC=C6C5=C(C=C4)C(=O)N(C6=O)N(CCC(C)C)C7=CC=CC8=CC=CC=C87)C3=O"
57776636,C32H28N4O4,532.211055376,"CCN(CC1=CC=CC=C1)N2C(=O)C3=C4C(=CC=C5C4=C(C=C3)C(=O)N(C5=O)N(CC)CC6=CC=CC=C6)C2=O"
57776637,C34H48N4O4,576.367556016,"CC(C)C(C)N(C(C)C(C)C)N1C(=O)C2=C3C(=CC=C4C3=C(C=C2)C(=O)N(C4=O)N(C(C)C(C)C)C(C)C(C)C)C1=O"
57776638,C36H56N8O4,664.442452272,"CCN(C)CCN(CCN(CC)CC)N1C(=O)C2=C3C(=CC=C4C3=C(C=C2)C(=O)N(C4=O)N(CCN(C)CC)CCN(CC)CC)C1=O"
57776639,C32H24N4O4,528.179755248,"C1CC2=CC=CC=C2N(C1)N3C(=O)C4=C5C(=CC=C6C5=C(C=C4)C(=O)N(C6=O)N7CCCC8=CC=CC=C87)C3=O"
57776640,C41H46N4O4,658.351905952,"CCCCCC(C)N(C(C)CCCCC)N1C(=O)C2=C3C(=CC=C4C3=C(C=C2)C(=O)N(C4=O)N(CC5=CC=CC=C5)C6=CC=CC=C6)C1=O"
57776641,C36H34N6O4,614.264153568,"CCN1CCN(C2=CC=CC=C21)N3C(=O)C4=CC(=C5C6=C(C=C(C(=C46)C3=O)C)C(=O)N(C5=O)N7CCN(C8=CC=CC=C87)CC)C"
57776643,C74H68N8O4,1132.536352656,"C1=CC=C(C=C1)CN(CCN(CCN(CC2=CC=CC=C2)C3=CC=CC=C3)N4C(=O)C5=C6C(=CC=C7C6=C(C=C5)C(=O)N(C7=O)N(CCN(CC8=CC=CC=C8)C9=CC=CC=C9)CCN(CC1=CC=CC=C1)C1=CC=CC=C1)C4=O)C1=CC=CC=C1"
57776645,C40H60N4O4,660.4614564,"CCCCCC(C)N(C(C)CCCC)N1C(=O)C2=C3C(=CC=C4C3=C(C=C2)C(=O)N(C4=O)N(C(C)CCCC)C(C)CCCCC)C1=O"
57796559,C18H11N3O4,333.07495583200006,"CC1=CC2=C3C4=C1C(=O)N(C(=O)C4=CC(=C3C(=O)N(C2=O)C)C#N)C"
57804960,C53H46N12O8+2,978.3550592721801,"C1=CC2=C3C(=CC=C4C3=C1C(=O)N(C4=O)CCCN5C=CN=C5)C(=O)N(C2=O)CCCN6C=C[N+](=C6)C[N+]7=CN(C=C7)CCCN8C(=O)C9=C1C(=CC=C2C1=C(C=C9)C(=O)N(C2=O)CCCN1C=CN=C1)C8=O"
57804961,C80H70N18O12+4,1474.5398653603595,"C1=CC2=C3C(=CC=C4C3=C1C(=O)N(C4=O)CCCN5C=CN=C5)C(=O)N(C2=O)CCCN6C=C[N+](=C6)C[N+]7=CN(C=C7)CCCN8C(=O)C9=C1C(=CC=C2C1=C(C=C9)C(=O)N(C2=O)CCCN1C=C[N+](=C1)C[N+]1=CN(C=C1)CCCN1C(=O)C2=C3C(=CC=C4C3=C(C=C2)C(=O)N(C4=O)CCCN2C=CN=C2)C1=O)C8=O"
57804962,C56H48N10O7,972.370743876,"C=C1C2=C3C(=CC=C4C3=C(C=C2)C(=O)N(C4=O)CCCN5C=CC(=C5)CC6=CN(C=C6)CCCN7C(=O)C8=C9C(=CC=C2C9=C(C=C8)C(=O)N(C2=O)CCCN2C=CN=C2)C7=O)C(=O)N1CCCN1C=CN=C1"
57804963,C81H71N17O12+4,1473.5446163923596,"C1=CN(C=C1)CCCN2C(=O)C3=C4C(=CC=C5C4=C(C=C3)C(=O)N(C5=O)CCCN6C=C[N+](=C6)C[N+]7=CN(C=C7)CCCN8C(=O)C9=C1C(=CC=C3C1=C(C=C9)C(=O)N(C3=O)CCCN1C=C[N+](=C1)C[N+]1=CN(C=C1)CCCN1C(=O)C3=C4C(=CC=C5C4=C(C=C3)C(=O)N(C5=O)CCCN3C=CN=C3)C1=O)C8=O)C2=O"
57810643,C30H22N2O4,474.15795718399994,"CC1=CC=CC=C1CN2C(=O)C3=C4C(=CC=C5C4=C(C=C3)C(=O)N(C5=O)CC6=CC=CC=C6C)C2=O"
57810644,C32H26N2O4,502.18925731199994,"CC1=CC=C(C=C1)CCN2C(=O)C3=C4C(=CC=C5C4=C(C=C3)C(=O)N(C5=O)CCC6=CC=C(C=C6)C)C2=O"
57810645,C32H26N2O6,534.179086552,"COC1=CC=CC(=C1)CCN2C(=O)C3=C4C(=CC=C5C4=C(C=C3)C(=O)N(C5=O)CCC6=CC(=CC=C6)OC)C2=O"
57810647,C34H30N2O4,530.22055744,"CC1=CC(=CC=C1)C(C)CN2C(=O)C3=C4C(=CC=C5C4=C(C=C3)C(=O)N(C5=O)CC(C)C6=CC=CC(=C6)C)C2=O"
57810648,C31H24N2O4,488.17360724799994,"CC1=CC(=CC=C1)CCN2C(=O)C3=C4C(=CC=C5C4=C(C=C3)C(=O)N(C5=O)CCC6=CC=CC=C6)C2=O"
57810649,C34H30N2O4,530.22055744,"CC1=C(C=C(C=C1)CCN2C(=O)C3=C4C(=CC=C5C4=C(C=C3)C(=O)N(C5=O)CCC6=CC(=C(C=C6)C)C)C2=O)C"
57810650,C30H22N2O4,474.15795718399994,"CC1=CC(=CC=C1)CN2C(=O)C3=C4C(=CC=C5C4=C(C=C3)C(=O)N(C5=O)CC6=CC=CC(=C6)C)C2=O"
57810651,C32H26N2O4,502.18925731199994,"CC1=CC(=CC=C1)CCN2C(=O)C3=C4C(=CC=C5C4=C(C=C3)C(=O)N(C5=O)CCC6=CC=CC(=C6)C)C2=O"
57810652,C32H26N2O4,502.18925731199994,"CC(CN1C(=O)C2=C3C(=CC=C4C3=C(C=C2)C(=O)N(C4=O)CC(C)C5=CC=CC=C5)C1=O)C6=CC=CC=C6"
57810653,C32H26N2O4,502.18925731199994,"CC1=CC=CC=C1CCN2C(=O)C3=C4C(=CC=C5C4=C(C=C3)C(=O)N(C5=O)CCC6=CC=CC=C6C)C2=O"
57810654,C34H30N2O4,530.22055744,"CCC1=CC(=CC=C1)CCN2C(=O)C3=C4C(=CC=C5C4=C(C=C3)C(=O)N(C5=O)CCC6=CC=CC(=C6)CC)C2=O"
57810655,C34H30N2O4,530.22055744,"CCC1=CC=C(C=C1)CCN2C(=O)C3=C4C(=CC=C5C4=C(C=C3)C(=O)N(C5=O)CCC6=CC=C(C=C6)CC)C2=O"
57810697,C64H94N2O4S2,1018.6655014879999,"CCCCCCCCCCC(CCCCCCCC)CN1C(=O)C2=CC(=C3C4=C(C=C(C(=C24)C1=O)C)C(=O)N(C3=O)CC(CCCCCCCC)CCCCCCCCCC)C5=CC=C(S5)C6=CC=C(S6)C"
57867199,C52H74N10O8,966.569109328,"CN(CCCNC(=O)CCCCCC1CCC2C1NC(=O)N2)CCCN3C(=O)C4=C5C(=CC=C6C5=C(C=C4)C(=O)N(C6=O)CCCN(C)CCCNC(=O)CCCCCC7CCC8C7NC(=O)N8)C3=O"
57892397,C32H26N2O10,598.1587450320001,"COC1=CC(=C(C=C1)N2C(=O)C3=CC(=C4C5=C3C(=C(C=C5C(=O)N(C4=O)C6=C(C=C(C=C6)OC)OC)OC)C2=O)OC)OC"
57910428,C60H64N10O6+2,1020.49993260818,"C[N+](C)(CCCCCC(=O)NC1=C2C=CC=NC2=C3C(=C1)C=CC=N3)CCCN4C(=O)C5=C6C(=CC=C7C6=C(C=C5)C(=O)N(C7=O)CCC[N+](C)(C)CCCCCC(=O)NC8=C9C=CC=NC9=C1C(=C8)C=CC=N1)C4=O"
57957104,C22H18N2O6,406.11648629599995,"CC(=C)C(=O)OCCCN1C(=O)C2=C3C(=CC=C4C3=C(C=C2)C(=O)N(C4=O)C)C1=O"
57978877,C44H26N2O4,646.189257312,"CC1=C2C=CC=CC2=C(C3=CC=CC=C13)N4C(=O)C5=C6C(=CC=C7C6=C(C=C5)C(=O)N(C7=O)C8=C9C=CC=CC9=C(C1=CC=CC=C18)C)C4=O"
57978878,C27H16N2O4,432.11100699199994,"CC1=CC(=CC=C1)N2C(=O)C3=C4C(=CC=C5C4=C(C=C3)C(=O)N(C5=O)C6=CC=CC=C6)C2=O"
57978879,C42H22N2O4,618.157957184,"C1=CC=C2C(=C1)C=C3C=CC=CC3=C2N4C(=O)C5=C6C(=CC=C7C6=C(C=C5)C(=O)N(C7=O)C8=C9C=CC=CC9=CC1=CC=CC=C18)C4=O"
57978880,C44H26N2O4,646.189257312,"CC1=CC2=C(C=C1)C=C3C=C(C=CC3=C2)N4C(=O)C5=C6C(=CC=C7C6=C(C=C5)C(=O)N(C7=O)C8=CC9=CC1=C(C=C(C=C1)C)C=C9C=C8)C4=O"
57978881,C28H18N2O4,446.12665705599994,"CC1=CC=C(C=C1)N2C(=O)C3=C4C(=CC=C5C4=C(C=C3)C(=O)N(C5=O)C6=CC=CC(=C6)C)C2=O"
57978882,C36H22N2O4,546.157957184,"CC1=CC2=C(C=C1)C(=CC=C2)N3C(=O)C4=C5C(=CC=C6C5=C(C=C4)C(=O)N(C6=O)C7=CC=CC8=C7C=CC(=C8)C)C3=O"
57978883,C28H18N2O4,446.12665705599994,"CC1=CC(=CC=C1)N2C(=O)C3=C4C(=CC=C5C4=C(C=C3)C(=O)N(C5=O)C6=CC=CC=C6C)C2=O"
57978884,C34H30N2O4,530.22055744,"CCCCC1=CC=C(C=C1)N2C(=O)C3=C4C(=CC=C5C4=C(C=C3)C(=O)N(C5=O)C6=CC=C(C=C6)CCCC)C2=O"
57978885,C36H22N2O4,546.157957184,"CC1=C2C=CC(=CC2=CC=C1)N3C(=O)C4=C5C(=CC=C6C5=C(C=C4)C(=O)N(C6=O)C7=CC8=CC=CC(=C8C=C7)C)C3=O"
57978886,C36H22N2O4,546.157957184,"CC1=CC2=CC=CC=C2C(=C1)N3C(=O)C4=C5C(=CC=C6C5=C(C=C4)C(=O)N(C6=O)C7=CC(=CC8=CC=CC=C87)C)C3=O"
57978887,C32H26N2O4,502.18925731199994,"CCCC1=CC(=CC=C1)N2C(=O)C3=C4C(=CC=C5C4=C(C=C3)C(=O)N(C5=O)C6=CC=CC(=C6)CCC)C2=O"
57978888,C30H22N2O4,474.15795718399994,"CCC1=CC(=CC=C1)N2C(=O)C3=C4C(=CC=C5C4=C(C=C3)C(=O)N(C5=O)C6=CC=CC(=C6)CC)C2=O"
58013051,C52H36N4O4,780.2736556319999,"C1=CC=C(C=C1)N(C2=CC=CC=C2)C3=CC=C(C=C3)CN4C(=O)C5=C6C(=CC=C7C6=C(C=C5)C(=O)N(C7=O)CC8=CC=C(C=C8)N(C9=CC=CC=C9)C1=CC=CC=C1)C4=O"
58013060,C162H190N2O10S16,2834.9951862800003,"CCCCCCCCCCCCOC1=CC(=CC(=C1OCCCCCCCCCCCC)OCCCCCCCCCCCC)N2C(=O)C3=C(C(=C4C5=C3C(=C(C(=C5C(=O)N(C4=O)C6=CC(=C(C(=C6)OCCCCCCCCCCCC)OCCCCCCCCCCCC)OCCCCCCCCCCCC)C7=CC=C(S7)C8=CC=C(S8)C9=CC=C(S9)C1=CC=CS1)C1=CC=C(S1)C1=CC=C(S1)C1=CC=C(S1)C1=CC=CS1)C2=O)C1=CC=C(S1)C1=CC=C(S1)C1=CC=C(S1)C1=CC=CS1)C1=CC=C(S1)C1=CC=C(S1)C1=CC=C(S1)C1=CC=CS1"
58013062,C96H122N2O4S8,1622.7170283839998,"CCCCCCC1=CC=C(S1)C2=CC=C(S2)C3=C4C5=C6C(=C3C7=CC=C(S7)C8=CC=C(S8)CCCCCC)C(=O)N(C(=O)C6=C(C(=C5C(=O)N(C4=O)C(CCCCCC)CCCCCC)C9=CC=C(S9)C1=CC=C(S1)CCCCCC)C1=CC=C(S1)C1=CC=C(S1)CCCCCC)C(CCCCCC)CCCCCC"
58108023,C154H66N14O44S,2846.3078023920025,"CC1=CC(=CC(=C1)N2C(=O)C3=C4C(=CC=C5C4=C(C=C3)C(=O)N(C5=O)C6=CC(=CC(=C6)C(=O)O)N7C(=O)C8=C9C(=CC=C1C9=C(C=C8)C(=O)N(C1=O)C1=CC(=CC(=C1)C(=O)O)N1C(=O)C3=C4C(=CC=C5C4=C(C=C3)C(=O)N(C5=O)C3=CC(=CC(=C3)N3C(=O)C4=C5C(=CC=C6C5=C(C=C4)C(=O)N(C6=O)C4=CC(=CC(=C4)N4C(=O)C5=C6C(=CC=C8C6=C(C=C5)C(=O)N(C8=O)C5=CC(=CC(=C5)N5C(=O)C6=C8C(=CC=C9C8=C(C=C6)C(=O)N(C9=O)C6=CC=C(C=C6)OC6=C(C=C(C=C6)N6C(=O)C8=C9C(=CC=C%10C9=C(C=C8)C(=O)N(C%10=O)C)C6=O)S(=O)(=O)O)C5=O)C(=O)O)C4=O)C(=O)O)C3=O)C(=O)O)C1=O)C7=O)C2=O)C(=O)O"
58151052,C17H9N3O4,319.059305768,"CN1C(=O)C2=C3C(=CC(=C4C3=C(C=C2)C(=O)N(C4=O)C)[N+]#[C-])C1=O"
58151053,C18H8N4O4,344.054554736,"CN1C(=O)C2=CC(=C3C4=C(C(=CC(=C24)C1=O)C#N)C(=O)N(C3=O)C)[N+]#[C-]"
58151064,C18H8N4O4,344.054554736,"CN1C(=O)C2=CC(=C3C4=C(C=C(C(=C24)C1=O)C#N)C(=O)N(C3=O)C)[N+]#[C-]"
58151070,C20H6N6O4,394.045052672,"CN1C(=O)C2=C3C4=C(C(=C2C#N)C#N)C(=O)N(C(=O)C4=C(C(=C3C1=O)[N+]#[C-])[N+]#[C-])C"
58151081,C19H7N5O4,369.04980370400006,"CN1C(=O)C2=C3C4=C(C(=C2)C#N)C(=O)N(C(=O)C4=C(C(=C3C1=O)[N+]#[C-])[N+]#[C-])C"
58183738,C66H76N4O4,988.586656912,"CCCCCCC1=CC2=C(C=C1)N(C3=C2C=C(C=C3)CCCCCC)CCN4C(=O)C5=C6C(=CC=C7C6=C(C=C5)C(=O)N(C7=O)CCN8C9=C(C=C(C=C9)CCCCCC)C1=C8C=CC(=C1)CCCCCC)C4=O"
58183750,C80H92N4O4,1172.7118574239998,"CCCCCCC1=CC=C(C=C1)N(C2=CC=C(C=C2)CCCCCC)C3=CC=C(C=C3)CCCN4C(=O)C5=C6C(=CC=C7C6=C(C=C5)C(=O)N(C7=O)CCCC8=CC=C(C=C8)N(C9=CC=C(C=C9)CCCCCC)C1=CC=C(C=C1)CCCCCC)C4=O"
58183767,C68H80N4O4,1016.61795704,"CCCCCCC1=CC2=C(C=C1)N(C3=C2C=C(C=C3)CCCCCC)CCCN4C(=O)C5=C6C(=CC=C7C6=C(C=C5)C(=O)N(C7=O)CCCN8C9=C(C=C(C=C9)CCCCCC)C1=C8C=CC(=C1)CCCCCC)C4=O"
58212305,C38H46N2O4,594.345757952,"CCCCCCCCN1C(=O)C2=C3C(=CC(=C4C3=C(C=C2)C(=O)N(C4=O)CCCCCCCC)CCC5=CC=CC=C5)C1=O"
58212317,C46H54N2O4,698.408358208,"CCCCCCCCN1C(=O)C2=CC(=C3C4=C(C(=CC(=C24)C1=O)CCC5=CC=CC=C5)C(=O)N(C3=O)CCCCCCCC)CCC6=CC=CC=C6"
58241601,C27H24N2O5,456.1685218679999,"CCC1=CC=CC(=C1N2C(=O)C3=C4C(=CC=C5C4=C(C=C3)C(=O)N(C5=O)C(CC)CO)C2=O)C"
58252705,C43H39N3O8,725.273715208,"CCCCCC(C)N1C(=O)C2=C3C(=CC=C4C3=C(C=C2)C(=O)C(C4=O)N5C(=O)C6=C7C(=CC=C8C7=C(C=C6)C(=O)N(C8=O)C(C)CCCCC)C5=O)C1=O"
58282144,C16H10N2O6,326.05388603999995,"CON1C(=O)C2=C3C(=CC=C4C3=C(C=C2)C(=O)N(C4=O)OC)C1=O"
58282188,C17H12N2O4,308.07970686399995,"CC(C)N1C(=O)C2=C3C(=CC=C4C3=C(C=C2)C(=O)NC4=O)C1=O"
58298268,C42H42N4O8,730.300264304,"C1CCCCN2C(=O)C3=C4C(=CC=C5C4=C(C=C3)C(=O)N(C5=O)CCCCCCCCCN6C(=O)C7=C(C6=O)C=C8C(=C7)C(=O)N(C8=O)CCCC1)C2=O"
58298281,C50H52N4O8,836.3785146240001,"C1CCCCCN2C(=O)C3=C4C(=CC=C5C4=C(C=C3)C(=O)N(C5=O)CCCCCCCCCCCN6C(=O)C7=C8C(=CC=C9C8=C(C=C7)C(=O)N(C9=O)CCCCC1)C6=O)C2=O"
58301269,C30H18N2O8,534.106315536,"CC1=C(C=C(C=C1)C(=O)O)N2C(=O)C3=C4C(=CC=C5C4=C(C=C3)C(=O)N(C5=O)C6=C(C=CC(=C6)OC=O)C)C2=O"
58301270,C28H16N4O8,536.096813472,"CC1=C(C=CC(=C1)[N+](=O)[O-])N2C(=O)C3=C4C(=CC=C5C4=C(C=C3)C(=O)N(C5=O)C6=C(C=C(C=C6)[N+](=O)[O-])C)C2=O"
58301273,C27H22N2O6,470.14778642399995,"CCCC(C(=O)O)N1C(=O)C2=C3C(=CC=C4C3=C(C=C2)C(=O)N(C4=O)C5=CC=CC=C5CC)C1=O"
58301277,C28H12N4O4,468.08585486399994,"[C-]#[N+]C1=CC=C(C=C1)N2C(=O)C3=C4C(=CC=C5C4=C(C=C3)C(=O)N(C5=O)C6=CC=C(C=C6)C#N)C2=O"
58301279,C31H24N2O5,504.1685218679999,"CCC1=C(C(=CC=C1)CC)N2C(=O)C3=C4C(=CC=C5C4=C(C=C3)C(=O)N(C5=O)C6=CC=CC=C6CO)C2=O"
58301299,C28H14N2O8,506.0750154079999,"C1=CC(=CC=C1C(=O)O)N2C(=O)C3=C4C(=CC=C5C4=C(C=C3)C(=O)N(C5=O)C6=CC=C(C=C6)OC=O)C2=O"
58362083,C35H44N2O4,556.3301078879999,"CCCCCCCCC1CCC(CC1)N2C(=O)C3=C4C(=CC=C5C4=C(C=C3)C(=O)N(C5=O)C6CCC(CC6)C)C2=O"
58362084,C32H38N2O4,514.283157696,"CCCCCC1CCC(CC1)N2C(=O)C3=C4C(=CC=C5C4=C(C=C3)C(=O)N(C5=O)C6CCC(CC6)C)C2=O"
58362085,C31H36N2O4,500.26750763199993,"CCCCCC1CCC(CC1)N2C(=O)C3=C4C(=CC=C5C4=C(C=C3)C(=O)N(C5=O)C6CCCCC6)C2=O"
58363781,C43H36N4O8,736.253314112,"CCCCCC(C)N1C(=O)C2=C3C(=CC=C4C3=C(C=C2)C(=O)N(C4=O)N5C(=O)C6=C7C(=CC=C8C7=C(C=C6)C(=O)N(C8=O)C(C)CCCCC#C)C5=O)C1=O"
58364271,C35H44N2O4,556.3301078879999,"CCCCCC1CCC(CC1)N2C(=O)C3=C4C(=CC=C5C4=C(C=C3)C(=O)N(C5=O)C6CCC(CC6)CCCC)C2=O"
58391731,C43H37N3O4,659.278406664,"CCCCCC(C)N1C(=O)C2=C3C(=CC=C4C3=C(C=C2)C(=O)N(C4=O)N5C(=C6C=C(C(=CC6=C5C7=CC=CC=C7)C)C)C8=CC=CC=C8)C1=O"
58427652,C67H38N4O11S,1106.225779036,"CC1=CC=C(C=C1)C2(C3=CC=CC=C3C4=CC=CC=C42)C5=CC=C(C=C5)N6C(=O)C7=C8C(=CC=C9C8=C(C=C7)C(=O)N(C9=O)C1=CC=C(C=C1)C1=C(C=C(C=C1)N1C(=O)C2=C3C(=CC=C4C3=C(C=C2)C(=O)N(C4=O)C)C1=O)S(=O)(=O)O)C6=O"
58427656,C69H48N2O7S,1048.3182228760002,"CC1=CC=C(C=C1)C2(C3=CC=CC=C3C4=CC=CC=C42)C5=CC=C(C=C5)C6CC7=C8C(=CC=C9C8=C(CC(C9)C1=CC=C(C=C1)C1=C(C=C(C=C1)N1C(=O)C2=C3C(=CC=C4C3=C(C=C2)C(=O)N(C4=O)C)C1=O)S(=O)(=O)O)C=C7)C6"
58444300,C69H102N2O5S2,1102.723016364,"CCCCCCCCCCC(CCCCCCCC)CN1C(=O)C2=CC(=C3C4=C(C=C(C(=C24)C1=O)C)C(=O)N(C3=O)CC(CCCCCCCC)CCCCCCCCCC)C5=CC=C(S5)C(=C(C6=CC=C(S6)C)OCC)C"
58444301,C43H50N2O11S2,834.28560242,"CCOC(=C(C)C1=CC=C(S1)C2=C3C4=C(C=C(C5=C4C(=C2)C(=O)N(C5=O)CCOCCOCCOC)C)C(=O)N(C3=O)CCOCCOCCOC)C6=CC=C(S6)C"
58490109,C18H14N2O4,322.095356928,"CC1=CC2=C3C(=C(C=C4C3=C1C(=O)N(C4=O)C)C)C(=O)N(C2=O)C"
58490132,C28H18N2O4,446.126657056,"CC1=CC2=C3C(=C(C=C4C3=C1C(=O)N(C4=O)C5=CC=CC=C5)C)C(=O)N(C2=O)C6=CC=CC=C6"
58490153,C28H18N2O4,446.126657056,"CN1C(=O)C2=CC(=C3C4=C(C=C(C(=C24)C1=O)C5=CC=CC=C5)C(=O)N(C3=O)C)C6=CC=CC=C6"
58490160,C30H22N2O4,474.15795718399994,"CC1=CC=C(C=C1)N2C(=O)C3=CC(=C4C5=C(C=C(C(=C35)C2=O)C)C(=O)N(C4=O)C6=CC=C(C=C6)C)C"
58490169,C30H22N2O4,474.157957184,"CC1=CC=C(C=C1)C2=CC3=C4C5=C2C(=O)N(C(=O)C5=CC(=C4C(=O)N(C3=O)C)C6=CC=C(C=C6)C)C"
58490173,C28H16N4O8,536.0968134719999,"CN1C(=O)C2=CC(=C3C4=C(C=C(C(=C24)C1=O)C5=CC(=CC=C5)[N+](=O)[O-])C(=O)N(C3=O)C)C6=CC(=CC=C6)[N+](=O)[O-]"
58490176,C28H30N2O4,458.22055744,"CC1=CC2=C3C(=C(C=C4C3=C1C(=O)N(C4=O)C5CCCCC5)C)C(=O)N(C2=O)C6CCCCC6"
58490187,C23H13N3O4,395.09060589600006,"CN1C(=O)C2=C3C(=CC(=C4C3=C(C=C2)C(=O)N(C4=O)C)C5=CC=C(C=C5)C#N)C1=O"
58528148,C74H42N8O12,1234.292218784,"C1=CC=C(C=C1)N2C(=O)C3=C4C(=CC=C5C4=C(C=C3)C(=O)N(C5=O)C6=CC=C(C=C6)C(=O)NC7=CC(=CC=C7)NC(=O)C8=CC(=CC=C8)C(=O)NC9=CC=CC(=C9)NC(=O)C1=CC=C(C=C1)N1C(=O)C3=C4C(=CC=C5C4=C(C=C3)C(=O)N(C5=O)C3=CC=CC=C3)C1=O)C2=O"
58528149,C73H41N9O12,1235.2874677519999,"C1=CC=C(C=C1)N2C(=O)C3=C4C(=CC=C5C4=C(C=C3)C(=O)N(C5=O)C6=CC=C(C=C6)C(=O)NC7=CC(=CC=C7)NC(=O)C8=CC(=CC=C8)C(=O)NC9=CC=CC(=C9)NC(=O)C1=CC=C(C=C1)N1C(=O)C3=C4C(=CC=C5C4=C(C=C3)C(=O)N(C5=O)C3=CC=NC=C3)C1=O)C2=O"
58528150,C57H29N9O10,999.203738128,"C1=CC(=CC(=C1)N2C(=O)C3=C4C(=CC=C5C4=C(C=C3)C(=O)N(C5=O)C6=CC=NC=C6)C2=O)NC(=O)C7=NC(=CC=C7)C(=O)NC8=CC(=CC=C8)N9C(=O)C1=C2C(=CC=C3C2=C(C=C1)C(=O)N(C3=O)C1=CC=NC=C1)C9=O"
58528151,C59H31N7O10,997.2132401920001,"C1=CC=C(C=C1)N2C(=O)C3=C4C(=CC=C5C4=C(C=C3)C(=O)N(C5=O)C6=CC=CC(=C6)NC(=O)C7=NC(=CC=C7)C(=O)NC8=CC(=CC=C8)N9C(=O)C1=C3C(=CC=C4C3=C(C=C1)C(=O)N(C4=O)C1=CC=CC=C1)C9=O)C2=O"
58528153,C78H50N8O12,1290.3548190399997,"CC1=C(C(=CC=C1)C)N2C(=O)C3=C4C(=CC=C5C4=C(C=C3)C(=O)N(C5=O)C6=CC=C(C=C6)C(=O)NC7=CC(=CC=C7)NC(=O)C8=CC(=CC=C8)C(=O)NC9=CC=CC(=C9)NC(=O)C1=CC=C(C=C1)N1C(=O)C3=C4C(=CC=C5C4=C(C=C3)C(=O)N(C5=O)C3=C(C=CC=C3C)C)C1=O)C2=O"
58528154,C63H39N7O10,1053.275840448,"CC1=C(C(=CC=C1)C)N2C(=O)C3=C4C(=CC=C5C4=C(C=C3)C(=O)N(C5=O)C6=CC=CC(=C6)NC(=O)C7=NC(=CC=C7)C(=O)NC8=CC(=CC=C8)N9C(=O)C1=C3C(=CC=C4C3=C(C=C1)C(=O)N(C4=O)C1=C(C=CC=C1C)C)C9=O)C2=O"
58528155,C72H40N10O12,1236.2827167199998,"C1=CC(=CC(=C1)C(=O)NC2=CC=CC(=C2)NC(=O)C3=CC=C(C=C3)N4C(=O)C5=C6C(=CC=C7C6=C(C=C5)C(=O)N(C7=O)C8=CC=NC=C8)C4=O)C(=O)NC9=CC=CC(=C9)NC(=O)C1=CC=C(C=C1)N1C(=O)C2=C3C(=CC=C4C3=C(C=C2)C(=O)N(C4=O)C2=CC=NC=C2)C1=O"
58596539,C24H26N2O4,406.18925731199994,"CCCC(C)N1C(=O)C2=C3C(=CC=C4C3=C(C=C2)C(=O)N(C4=O)C(C)C(C)C)C1=O"
58667662,C30H20N4O10,596.11794284,"CC1=CC(=C(C=C1N2C(=O)C3=C4C(=CC=C5C4=C(C=C3)C(=O)N(C5=O)C6=CC(=C(C=C6C)[N+](=O)[O-])OC)C2=O)OC)[N+](=O)[O-]"
58667663,C28H18N2O5,462.121571676,"CC1=C(C=C(C=C1)OC)N2C(=O)C3=C4C(=CC=C5C4=C(C=C3)C(=O)N(C5=O)C6=CC=CC=C6)C2=O"
58676194,C48H50N2O8,782.3567165600001,"CC1CCC(C(C1)OC(=O)C2=CC=CC=C2N3C(=O)C4=C5C(=CC=C6C5=C(C=C4)C(=O)N(C6=O)C7=CC=CC=C7C(=O)OC8CC(CCC8C(C)C)C)C3=O)C(C)C"
58690920,C30H22N2O4,474.15795718399994,"CC1=C(C=C(C=C1)C(C)C)N2C(=O)C3=C4C(=CC=C5C4=C(C=C3)C(=O)N(C5=O)C6=CC=CC=C6)C2=O"
58690921,C25H13N3O4,419.090605896,"C1=CC=C(C=C1)N2C(=O)C3=C4C(=CC=C5C4=C(C=C3)C(=O)N(C5=O)C6=CC=CC=N6)C2=O"
58690922,C29H21N3O4,475.15320615199994,"CCC1=C(N=C(C=C1)C)N2C(=O)C3=C4C(=CC=C5C4=C(C=C3)C(=O)N(C5=O)C6=CC=C(C=C6)C)C2=O"
58690923,C27H17N3O4,447.12190602399994,"CC1=C(N=C(C=C1)C)N2C(=O)C3=C4C(=CC=C5C4=C(C=C3)C(=O)N(C5=O)C6=CC=CC=C6)C2=O"
58690924,C32H27N3O4,517.2001563439999,"CCC1=C(N=C(C=C1)C)N2C(=O)C3=C4C(=CC=C5C4=C(C=C3)C(=O)N(C5=O)C6=CC=C(C=C6)C(C)CC)C2=O"
58690925,C28H19N3O4,461.13755608799994,"CCC1=C(N=C(C=C1)C)N2C(=O)C3=C4C(=CC=C5C4=C(C=C3)C(=O)N(C5=O)C6=CC=CC=C6)C2=O"
58704991,C32H22N2O6,530.147786424,"CCC1=CC=CC(=C1N2C(=O)C3=C4C(=CC=C5C4=C(C=C3)C(=O)N(C5=O)C6=CC(=CC=C6)OC(=O)C=C)C2=O)C"
58704993,C28H24N2O6,484.1634364879999,"CCC1=CC=CC(=C1N2C(=O)C3=C4C(=CC=C5C4=C(C=C3)C(=O)N(C5=O)CCOCC6CO6)C2=O)C"
58704994,C27H22N2O6,470.1477864239999,"CC(C1=CC=CC=C1)N2C(=O)C3=C4C(=CC=C5C4=C(C=C3)C(=O)N(C5=O)CCOCC6CO6)C2=O"
58704996,C32H24N2O6,532.1634364879999,"CCC1=CC=CC(=C1N2C(=O)C3=C4C(=CC=C5C4=C(C=C3)C(=O)N(C5=O)C6=CC=C(C=C6)OCC7CO7)C2=O)C"
58704997,C30H28N2O6,512.1947366159999,"CCC1=CC=CC(=C1N2C(=O)C3=C4C(=CC=C5C4=C(C=C3)C(=O)N(C5=O)CCCCOCC6CO6)C2=O)C"
58709203,C52H28N6O8S2,928.141003856,"CC1=CC2=C(C=C1C)SC(=N2)N3C(=O)C4=C5C(=CC=C6C5=C(C=C4)C(=O)N(C6=O)C7=CC=C(C=C7)N8C(=O)C9=C1C(=CC=C2C1=C(C=C9)C(=O)N(C2=O)C1=NC2=C(S1)C=C(C(=C2)C)C)C8=O)C3=O"
58709204,C28H18N2O6S,510.0885572959999,"CC1=CC=C(C=C1)S(=O)(=O)C2=CC=C(C=C2)N3C(=O)C4=C5C(=CC=C6C5=C(C=C4)C(=O)N(C6=O)C)C3=O"
58709207,C62H45N5O8,987.3268134,"CCN1C2=C(C=C(C=C2)N3C(=O)C4=C5C(=CC=C6C5=C(C=C4)C(=O)N(C6=O)C7=CC=C(C=C7)C(C)(C)C)C3=O)C8=C1C=CC(=C8)N9C(=O)C1=C2C(=CC=C3C2=C(C=C1)C(=O)N(C3=O)C1=CC=C(C=C1)C(C)(C)C)C9=O"
58709208,C48H20N6O8S2,872.0784036,"C1=CC=C2C(=C1)N=C(S2)N3C(=O)C4=C5C(=CC=C6C5=C(C=C4)C(=O)N(C6=O)C7=CC=C(C=C7)N8C(=O)C9=C1C(=CC=C2C1=C(C=C9)C(=O)N(C2=O)C1=NC2=CC=CC=C2S1)C8=O)C3=O"
58709209,C50H24N6O10S2,932.0995329680002,"COC1=C2C(=CC=C1)SC(=N2)N3C(=O)C4=C5C(=CC=C6C5=C(C=C4)C(=O)N(C6=O)C7=CC=C(C=C7)N8C(=O)C9=C1C(=CC=C2C1=C(C=C9)C(=O)N(C2=O)C1=NC2=C(C=CC=C2S1)OC)C8=O)C3=O"
58709212,C54H24N6O10S3,1012.071603968,"C1=CC=C2C(=C1)N=C(S2)N3C(=O)C4=C5C(=CC=C6C5=C(C=C4)C(=O)N(C6=O)C7=CC=C(C=C7)S(=O)(=O)C8=CC=C(C=C8)N9C(=O)C1=C2C(=CC=C4C2=C(C=C1)C(=O)N(C4=O)C1=NC2=CC=CC=C2S1)C9=O)C3=O"
58709213,C50H24N6O8S2,900.109703728,"CC1=C2C(=CC=C1)SC(=N2)N3C(=O)C4=C5C(=CC=C6C5=C(C=C4)C(=O)N(C6=O)C7=CC=C(C=C7)N8C(=O)C9=C1C(=CC=C2C1=C(C=C9)C(=O)N(C2=O)C1=NC2=C(C=CC=C2S1)C)C8=O)C3=O"
58709214,C54H29N5O8,875.201612888,"CCN1C2=C(C=C(C=C2)N3C(=O)C4=C5C(=CC=C6C5=C(C=C4)C(=O)N(C6=O)C7=CC=CC=C7)C3=O)C8=C1C=CC(=C8)N9C(=O)C1=C2C(=CC=C3C2=C(C=C1)C(=O)N(C3=O)C1=CC=CC=C1)C9=O"
58721408,C42H30N2O4,626.22055744,"CCC1=CC=C(C=C1)C2=CC=C(C=C2)N3C(=O)C4=C5C(=CC=C6C5=C(C=C4)C(=O)N(C6=O)C7=CC=C(C=C7)C8=CC=C(C=C8)CC)C3=O"
58721409,C28H18N2O5,462.121571676,"CC1=CC=C(C=C1)OC2=CC=C(C=C2)N3C(=O)C4=C5C(=CC=C6C5=C(C=C4)C(=O)N(C6=O)C)C3=O"
58721410,C32H25N3O6,547.17433552,"CC1=CC=C(C=C1)CCN2C(=O)C3=C4C(=CC(=C5C4=C(C=C3)C(=O)N(C5=O)CCC6=CC=C(C=C6)C)[N+](=O)[O-])C2=O"
58721411,C32H22N4O10,622.133592904,"COC(=O)C1=C2C3=C(C=CC4=C3C(=C1)C(=O)N(C4=O)CCC5=CC=C(C=C5)[N+](=O)[O-])C(=O)N(C2=O)CCC6=CC=C(C=C6)[N+](=O)[O-]"
58721413,C22H18N2O6,406.11648629599995,"CCCC(=O)N1C(=O)C2=C3C(=CC=C4C3=C(C=C2)C(=O)N(C4=O)C(=O)CCC)C1=O"
58721415,C38H54N2O4,602.408358208,"CCCCCCC(CCCCC)N1C(=O)C2=C3C(=CC=C4C3=C(C=C2)C(=O)N(C4=O)C(CCCCC)CCCCCC)C1=O"
58721421,C30H22N2O6,506.14778642399995,"CCOC1=CC=C(C=C1)N2C(=O)C3=C4C(=CC=C5C4=C(C=C3)C(=O)N(C5=O)C6=CC=C(C=C6)OCC)C2=O"
58743611,C27H24N2O4,440.17360724799994,"CCCCN1C(=O)C2=C3C(=CC=C4C3=C(C=C2)C(=O)N(C4=O)C5=C(C=CC=C5CC)C)C1=O"
58743614,C29H28N2O4,468.20490737599994,"CCCCCN1C(=O)C2=C3C(=CC=C4C3=C(C=C2)C(=O)N(C4=O)C5=C(C=CC=C5CC)CC)C1=O"
58766229,C22H10N2O4,366.06405679999995,"C1=CC=C2C(=C1)C3=C4C(=C5C=CC=CC5=C6C4=C2C(=O)NC6=O)C(=O)NC3=O"
58766231,C34H18N6O4,574.138953056,"C1=CC=NC(=C1)C2=C3C4=C5C(=C2C6=CC=CC=N6)C(=O)NC(=O)C5=C(C(=C4C(=O)NC3=O)C7=CC=CC=N7)C8=CC=CC=N8"
58766240,C38H22N2O4,570.157957184,"C1=CC=C(C=C1)C2=C3C4=C5C(=C2C6=CC=CC=C6)C(=O)NC(=O)C5=C(C(=C4C(=O)NC3=O)C7=CC=CC=C7)C8=CC=CC=C8"
58776610,C34H26N2O4,526.189257312,"C1CCC2=C(C1)C=CC=C2N3C(=O)C4=C5C(=CC=C6C5=C(C=C4)C(=O)N(C6=O)C7=CC=CC8=C7CCCC8)C3=O"
58776611,C36H30N2O4,554.22055744,"CC1=C2CCCCC2=C(C=C1)N3C(=O)C4=C5C(=CC=C6C5=C(C=C4)C(=O)N(C6=O)C7=C8CCCCC8=C(C=C7)C)C3=O"
58776612,C34H26N2O4,526.189257312,"C1CC(C2=CC=CC=C2C1)N3C(=O)C4=C5C(=CC=C6C5=C(C=C4)C(=O)N(C6=O)C7CCCC8=CC=CC=C78)C3=O"
58776613,C36H30N2O4,554.22055744,"CC1=C(C2=C(CCCC2)C=C1)N3C(=O)C4=C5C(=CC=C6C5=C(C=C4)C(=O)N(C6=O)C7=C(C=CC8=C7CCCC8)C)C3=O"
58776614,C36H30N2O6,586.21038668,"COC1=CC2=C(CCCC2)C(=C1)N3C(=O)C4=C5C(=CC=C6C5=C(C=C4)C(=O)N(C6=O)C7=CC(=CC8=C7CCCC8)OC)C3=O"
58776615,C38H34N2O4,582.251857568,"CCC1=CC2=C(CCCC2)C(=C1)N3C(=O)C4=C5C(=CC=C6C5=C(C=C4)C(=O)N(C6=O)C7=CC(=CC8=C7CCCC8)CC)C3=O"
58776617,C36H30N2O4,554.22055744,"CC1CCC2=C(C1)C(=CC=C2)N3C(=O)C4=C5C(=CC=C6C5=C(C=C4)C(=O)N(C6=O)C7=CC=CC8=C7CC(CC8)C)C3=O"
58831285,C43H40N4O8,740.28461424,"CCCCCCC(C)N1C(=O)C2=C3C(=CC=C4C3=C(C=C2)C(=O)N(C4=O)N5C(=O)C6=C7C(=CC=C8C7=C(C=C6)C(=O)N(C8=O)C(C)CCCCC)C5=O)C1=O"
58831290,C15H8N2O4,280.048406736,"CN1C(=O)C2=C3C(=CC=C4C3=C(C=C2)C(=O)NC4=O)C1=O"
58831294,C35H23N3O8,613.148514696,"CC(C)C1C(=O)C2=C3C(=CC=C4C3=C(C=C2)C(=O)N(C4=O)N5C(=O)C6=C7C(=CC=C8C7=C(C=C6)C(=O)N(C8=O)C(C)C)C5=O)C1=O"
58879120,C55H30N6O14S2,1062.1261416400002,"CC1=CC=C(C=C1)C2=NC3=C(N2)C=CC(=C3)N4C(=O)C5=C6C(=CC=C7C6=C(C=C5)C(=O)N(C7=O)C8=CC(=C(C=C8)C9=C(C=C(C=C9)N1C(=O)C2=C3C(=CC=C5C3=C(C=C2)C(=O)N(C5=O)C)C1=O)S(=O)(=O)O)SOOO)C4=O"
58879121,C29H18N4O4,486.13280505599994,"CC1=CC=C(C=C1)C2=NC3=C(N2)C=C(C=C3)N4C(=O)C5=C6C(=CC=C7C6=C(C=C5)C(=O)N(C7=O)C)C4=O"
58879122,C28H18N2O10S2,606.040286776,"CC1=CC(=C(C=C1)C2=C(C=C(C=C2)N3C(=O)C4=C5C(=CC=C6C5=C(C=C4)C(=O)N(C6=O)C)C3=O)S(=O)(=O)O)SOOO"
58879467,C30H34N2O4,486.25185756799993,"CC1CCCCC(C1)N2C(=O)C3=C4C(=CC=C5C4=C(C=C3)C(=O)N(C5=O)C6CCCCC(C6)C)C2=O"
58879468,C28H30N2O4,458.22055743999994,"CC1CCCC(C1)N2C(=O)C3=C4C(=CC=C5C4=C(C=C3)C(=O)N(C5=O)C6CCCC(C6)C)C2=O"
58879470,C32H34N2O4,510.25185756799993,"C1CC2CCCC(C2C1)N3C(=O)C4=C5C(=CC=C6C5=C(C=C4)C(=O)N(C6=O)C7CCCC8C7CCC8)C3=O"
58879471,C34H38N2O4,538.283157696,"C1CCC2C(C1)CCCC2N3C(=O)C4=C5C(=CC=C6C5=C(C=C4)C(=O)N(C6=O)C7CCCC8C7CCCC8)C3=O"
58879484,C34H48N8O4,632.379852016,"C1CN(CCN1CCCN)CCCN2C(=O)C3=C4C(=CC=C5C4=C(C=C3)C(=O)N(C5=O)CCCN6CCN(CC6)CCCN)C2=O"
58879487,C34H50N8O4+2,634.3944049201801,"C1CN(CCN1CCC[NH3+])CCCN2C(=O)C3=C4C(=CC=C5C4=C(C=C3)C(=O)N(C5=O)CCCN6CCN(CC6)CCC[NH3+])C2=O"
58918557,C30H10N6O4,518.0763528,"[C-]#[N+]C1=C(C=C(C=C1)N2C(=O)C3=C4C(=CC=C5C4=C(C=C3)C(=O)N(C5=O)C6=CC(=C(C=C6)C#N)C#N)C2=O)[N+]#[C-]"
58934369,C56H66N2O6,862.492087832,"CCC(C)(C)OC1=C2C3=C4C(=C1)C(=O)N(C(=O)C4=C(C=C3C(=O)N(C2=O)C5=C(C=C(C=C5)C6CCCC6)C7CCCC7)OC(C)(C)CC)C8=C(C=C(C=C8)C9CCCC9)C1CCCC1"
58934382,C40H38N2O4,610.283157696,"CC1=CC(=CC(=C1N2C(=O)C3=C4C(=CC=C5C4=C(C=C3)C(=O)N(C5=O)C6=C(C=C(C=C6C)C7CCCC7)C)C2=O)C)C8CCCC8"
58934385,C46H46N2O4,690.345757952,"C1CCC(C1)C2CCCC2C3=CC=CC=C3N4C(=O)C5=C6C(=CC=C7C6=C(C=C5)C(=O)N(C7=O)C8=CC=CC=C8C9CCCC9C1CCCC1)C4=O"
58934389,C36H30N2O4,554.22055744,"C1CCC(C1)C2=CC=CC=C2N3C(=O)C4=C5C(=CC=C6C5=C(C=C4)C(=O)N(C6=O)C7=CC=CC=C7C8CCCC8)C3=O"
58934391,C38H34N2O4,582.2518575680001,"CC1=CC2=C3C(=C(C=C4C3=C1C(=O)N(C4=O)C5=CC=CC=C5C6CCCC6)C)C(=O)N(C2=O)C7=CC=CC=C7C8CCCC8"
58934403,C36H30N2O4,554.22055744,"C1CCC(C1)C2=CC=C(C=C2)N3C(=O)C4=C5C(=CC=C6C5=C(C=C4)C(=O)N(C6=O)C7=CC=C(C=C7)C8CCCC8)C3=O"
58934406,C40H32N2O4,604.2362075039999,"C1CCC(C1)C2=CC(=CC=C2)N3C(=O)C4=CC=C5C6=C(C7=CC=CC=C7C(=C46)C3=O)C(=O)N(C5=O)C8=CC=CC(=C8)C9CCCC9"
58934415,C36H30N2O4,554.22055744,"C1CCC(C1)C2=CC(=CC=C2)N3C(=O)C4=C5C(=CC=C6C5=C(C=C4)C(=O)N(C6=O)C7=CC=CC(=C7)C8CCCC8)C3=O"
58969712,C41H26N2O4,610.1892573120001,"CC1=CC=C(C=C1)C2(C3=CC=CC=C3C4=CC=CC=C42)C5=CC=C(C=C5)N6C(=O)C7=C8C(=CC=C9C8=C(C=C7)C(=O)N(C9=O)C)C6=O"
58969715,C28H18N2O4,446.12665705599994,"CC1=CC=C(C=C1)C2=CC=C(C=C2)N3C(=O)C4=C5C(=CC=C6C5=C(C=C4)C(=O)N(C6=O)C)C3=O"
58969740,C37H29N3O4,579.215806408,"CC(C)C(C)N1C(=O)C2=C3C(=CC=C4C3=C(C=C2)C(=O)N(C4=O)C5=CC=C(C=C5)N(C6=CC=CC=C6)C7=CC=CC=C7)C1=O"
58970957,C22H23N3O4,393.168856216,"CCCCCCC(C)N1C(=O)C2=C3C(=CC=C4C3=C(C=C2)C(=O)N(C4=O)N)C1=O"
58970961,C19H17N3O5,367.11682064400003,"CCC(COC)N1C(=O)C2=C3C(=CC=C4C3=C(C=C2)C(=O)N(C4=O)N)C1=O"
58970962,C52H34N6O16,998.2031290080002,"COCCOCCN1C(=O)C2=C3C(=CC=C4C3=C(C=C2)C(=O)N(C4=O)N5C(=O)C6=C7C(=CC=C8C7=C(C=C6)C(=O)N(C8=O)N9C(=O)C2=C3C(=CC=C4C3=C(C=C2)C(=O)N(C4=O)CCOCCOC)C9=O)C5=O)C1=O"
58970964,C56H42N6O12,990.2860707840001,"CCCCCC(C)N1C(=O)C2=C3C(=CC=C4C3=C(C=C2)C(=O)N(C4=O)N5C(=O)C6=C7C(=CC=C8C7=C(C=C6)C(=O)N(C8=O)N9C(=O)C2=C3C(=CC=C4C3=C(C=C2)C(=O)N(C4=O)C(C)CCCCC)C9=O)C5=O)C1=O"
58970966,C25H29N3O5,451.210721028,"CCCCC(CC)COCCCN1C(=O)C2=C3C(=CC=C4C3=C(C=C2)C(=O)N(C4=O)N)C1=O"
58970968,C45H33N5O9,787.2278276360001,"CC1=C(C(=CC=C1)C)N2C(=O)C3=C4C(=C(C=C5C4=C(C(=C3)C)C(=O)N(C5=O)N6C(=O)C7=C8C(=CC=C9C8=C(C=C7)C(=O)N(C9=O)C(CCC[N+]#[C-])COC)C6=O)C)C2=O"
58970969,C21H21N3O4,379.153206152,"CCCCCC(C)N1C(=O)C2=C3C(=CC=C4C3=C(C=C2)C(=O)N(C4=O)N)C1=O"
58970972,C52H58N4O8,866.4254648160002,"CCCCCCCCCCCCN1C(=O)C2=C3C(=CC=C4C3=C(C=C2)C(=O)N(C4=O)N5C(=O)C6=C7C(=CC=C8C7=C(C=C6)C(=O)N(C8=O)CCCCCCCCCCCC)C5=O)C1=O"
58970974,C26H31N3O4,449.231456472,"CCCCCCCCCCCCN1C(=O)C2=C3C(=CC=C4C3=C(C=C2)C(=O)N(C4=O)N)C1=O"
58970976,C41H36N4O10,744.2431433520001,"CCCCCC(CO)N1C(=O)C2=C3C(=CC=C4C3=C(C=C2)C(=O)N(C4=O)N5C(=O)C6=C7C(=CC=C8C7=C(C=C6)C(=O)N(C8=O)C(CCCC)CO)C5=O)C1=O"
58970979,C28H27N3O4,469.200156344,"CC(C)(C)C1=CC(=C(C=C1)C(C)(C)C)N2C(=O)C3=C4C(=CC=C5C4=C(C=C3)C(=O)N(C5=O)N)C2=O"
58970980,C48H32N6O12,884.2078204640001,"CCC(CC)N1C(=O)C2=C3C(=CC=C4C3=C(C=C2)C(=O)N(C4=O)N5C(=O)C6=CC7=C(C=C6C5=O)C(=O)N(C7=O)N8C(=O)C9=C2C(=CC=C3C2=C(C=C9)C(=O)N(C3=O)C(CC)CC)C8=O)C1=O"
58970982,C38H27N5O9,697.180877444,"CCC(CN1C(=O)C2=CC(=C3C4=C(C(=CC(=C24)C1=O)C)C(=O)N(C3=O)N5C(=O)C6=C7C(=CC=C8C7=C(C=C6)C(=O)N(C8=O)COCC)C5=O)C)C#N"
58970984,C53H46N4O8,866.3315644320002,"CC1=C(CC(C=C1)C(C)(C)C)N2C(=O)C3=C4C(=CC=C5C4=C(C=C3)C(=O)N(C5=O)N6C(=O)C7=C8C(=CC=C9C8=C(C=C7)C(=O)N(C9=O)C1=C(C=CC(=C1)C(C)(C)C)C(C)(C)C)C6=O)C2=O"
58970988,C19H17N3O4,351.121906024,"CCC(CC)N1C(=O)C2=C3C(=CC=C4C3=C(C=C2)C(=O)N(C4=O)N)C1=O"
58970993,C40H42N4O8,706.300264304,"CCCCCC(CC)N1C(=O)C2=C3C(=CC=C4C3=C(C=C2)C(=O)N(C4=O)N5C(=O)C6C7CC(C6C5=O)C8C7C(=O)N(C8=O)C9CCCCC9C)C1=O"
58970994,C70H54N6O12,1170.3799711679999,"CC(C)(C)C1=CC(=C(C=C1)C(C)(C)C)N2C(=O)C3=C4C(=CC=C5C4=C(C=C3)C(=O)N(C5=O)N6C(=O)C7=C8C(=CC=C9C8=C(C=C7)C(=O)N(C9=O)N1C(=O)C3=C4C(=CC=C5C4=C(C=C3)C(=O)N(C5=O)C3=C(C=CC(=C3)C(C)(C)C)C(C)(C)C)C1=O)C6=O)C2=O"
58970996,C44H42N4O8,754.300264304,"CCCCCCC(C)N1C(=O)C2=C3C(=CC=C4C3=C(C=C2)C(=O)N(C4=O)N5C(=O)C6=C7C(=CC=C8C7=C(C=C6)C(=O)N(C8=O)CC(CC)CCCC)C5=O)C1=O"
58970997,C38H29N5O7,667.2066982680001,"CCCC(C)N1C(=O)C2=C3C(=CC=C4C3=C(C=C2)C(=O)N(C4=O)N5C(=O)C6=C7C(=CC=C8C7=C(C=C6)C9=NCC(CN9C8=O)(C)C)C5=O)C1=O"
58970999,C47H48N4O8,796.3472144960001,"CCCCCCCCCCCCN1C(=O)C2=C3C(=CC=C4C3=C(C=C2)C(=O)N(C4=O)N5C(=O)C6=C7C(=CC=C8C7=C(C=C6)C(=O)N(C8=O)C(C)CCCCC)C5=O)C1=O"
58971000,C56H56N4O8,912.4098147520001,"CC(C)(C)C1CCC(C(C1)N2C(=O)C3=C4C(=CC=C5C4=C(C=C3)C(=O)N(C5=O)N6C(=O)C7=C8C(=CC=C9C8=C(C=C7)C(=O)N(C9=O)C1=C(C=CC(=C1)C(C)(C)C)C(C)(C)C)C6=O)C2=O)C(C)(C)C"
58971002,C37H33N5O8,675.2329130160001,"CCCN(C)CCN1C(=O)C2=CC3=C(C=C2C1=O)C(=O)N(C3=O)N4C(=O)C5=C6C(=CC=C7C6=C(C=C5)C(=O)N(C7=O)C8CCCCC8C)C4=O"
58971003,C41H32N4O9,724.216928604,"CCCC(C)N1C(=O)C2=C(C1=O)C=C(C=C2)C(=O)C3=CC4=C(C=C3)C(=O)N(C4=O)N5C(=O)C6=C7C(=CC=C8C7=C(C=C6)C(=O)N(C8=O)C(C)CCC)C5=O"
58971004,C40H34N4O8,698.237664048,"CCCCCC(C)N1C(=O)C2=C3C(=CC=C4C3=C(C=C2)C(=O)N(C4=O)N5C(=O)C6=C7C(=CC=C8C7=C(C=C6)C(=O)N(C8=O)C(C)C(C)C)C5=O)C1=O"
58971008,C40H34N4O8,698.237664048,"CCCCCC(C)N1C(=O)C2=C3C(=CC=C4C3=C(C=C2)C(=O)N(C4=O)N5C(=O)C6=C7C(=CC=C8C7=C(C=C6)C(=O)N(C8=O)C(CC)CC)C5=O)C1=O"
58971014,C37H32N4O11,708.2067578440001,"CCC(COC)N1C(=O)C2=C3C(=CC=C4C3=C(C=C2)C(=O)N(C4=O)N5C(=O)C6CC7C(CC6C5=O)C(=O)N(C7=O)C8=CC(=CC(=C8)OC)OC)C1=O"
58971019,C45H36N4O6S2,792.2076268720001,"CCCCCCCC(C)N1C(=S)C2=C3C(=CC=C4C3=C(C=C2)C(=O)N(C4=O)N5C(=O)C6=C7C(=CC=C8C7=C(C=C6)C(=O)N(C8=O)C(C)C9=CC=CC=C9)C5=O)C1=S"
58971020,C58H46N6O12,1018.3173709120001,"CCCCCCCCN1C(=O)C2=C3C(=CC=C4C3=C(C=C2)C(=O)N(C4=O)N5C(=O)C6=C7C(=CC=C8C7=C(C=C6)C(=O)N(C8=O)N9C(=O)C2=C3C(=CC=C4C3=C(C=C2)C(=O)N(C4=O)CCCCCCCC)C9=O)C5=O)C1=O"
58971028,C45H42N4O8,766.300264304,"CCCCC(CC)N1C(=O)C2=C3C(=CC=C4C3=C(C=C2)C(=O)N(C4=O)N5C(=O)C6=C(C5=O)C=C(C=C6)C7=CC8=C(C=C7)C(=O)N(C8=O)C(C)CCCC(C)C)C1=O"
58971029,C29H24N4O9,572.1543283479999,"CCCCN1C(=O)C2=C3C(=CC=C4C3=C(C=C2)C(=O)N(C4=O)N5C(=O)C6C7C(C6C5=O)C(=O)N(C7=O)COCC)C1=O"
58971030,C42H18N4O14,802.0819512560003,"C1=CC(=C(C=C1C(=O)O)N2C(=O)C3=C4C(=CC=C5C4=C(C=C3)C(=O)N(C5=O)N6C(=O)C7=C8C(=CC=C9C8=C(C=C7)C(=O)N(C9=O)C1=C(C=CC(=C1)C(=O)O)O)C6=O)C2=O)O"
58971033,C56H34N4O8,890.2376640480002,"C1=CC=C(C=C1)CC(C2=CC=CC=C2)N3C(=O)C4=C5C(=CC=C6C5=C(C=C4)C(=O)N(C6=O)N7C(=O)C8=C9C(=CC=C1C9=C(C=C8)C(=O)N(C1=O)C(CC1=CC=CC=C1)C1=CC=CC=C1)C7=O)C3=O"
58971035,C44H34N4O9,762.2325786680001,"CCCC(COC)N1C(=O)C2=C3C(=CC=C4C3=C(C=C2)C(=O)N(C4=O)N5C(=O)C6=CC(=C7C8=C(C=C(C(=C68)C5=O)C)C(=O)N(C7=O)C9=C(C=CC=C9C)C)C)C1=O"
58971037,C54H38N6O12,962.2547706560001,"CC(C)CC(C)N1C(=O)C2=C3C(=CC=C4C3=C(C=C2)C(=O)N(C4=O)N5C(=O)C6=CC7=CC8=C(C=C7C=C6C5=O)C(=O)N(C8=O)N9C(=O)C2=C3C(=CC=C4C3=C(C=C2)C(=O)N(C4=O)C(C)CC(C)C)C9=O)C1=O"
58982758,C21H14N3O4+,372.09788234808997,"CN1C=CC(=[N+]2C(=O)C3=C4C(=CC=C5C4=C(C=C3)C(=O)N(C5=O)C)C2=O)C=C1"
58992273,C38H30N4O10,702.1961931600001,"CCCC(N1C(=O)C2=C3C(=CC=C4C3=C(C=C2)C(=O)N(C4=O)N5C(=O)C6=C7C(=CC=C8C7=C(C=C6)C(=O)N(C8=O)C(CCC)OC)C5=O)C1=O)OC"
58992275,C40H34N4O8,698.237664048,"CCCC(CCC)N1C(=O)C2=C3C(=CC=C4C3=C(C=C2)C(=O)N(C4=O)N5C(=O)C6=C7C(=CC=C8C7=C(C=C6)C(=O)N(C8=O)C(CC)CC)C5=O)C1=O"
58992277,C46H46N4O9,798.3264790520001,"CCCCCC(C)N1C(=O)C2=C3C(=CC=C4C3=C(C=C2)C(=O)N(C4=O)N5C(=O)C6=C7C(=CC=C8C7=C(C=C6)C(=O)N(C8=O)CCCOCC(CC)CCCC)C5=O)C1=O"
58992279,C42H38N4O8,726.268964176,"CCCC(CCC)N1C(=O)C2=C3C(=CC=C4C3=C(C=C2)C(=O)N(C4=O)N5C(=O)C6=C7C(=CC=C8C7=C(C=C6)C(=O)N(C8=O)C(CCC)CCC)C5=O)C1=O"
58995890,C30H24N4O4,504.17975524799994,"CCCC1=NC(=CC=C1)N2C(=O)C3=C4C(=CC=C5C4=C(C=C3)C(=O)N(C5=O)C6=CC=CC(=N6)CCC)C2=O"
58995891,C38H24N4O6,632.1695844879999,"C1=CC=C(C=C1)COC2=C(N=CC=C2)N3C(=O)C4=C5C(=CC=C6C5=C(C=C4)C(=O)N(C6=O)C7=C(C=CC=N7)OCC8=CC=CC=C8)C3=O"
58995893,C26H16N4O4,448.11715499199994,"CC1=CC(=NC=C1)N2C(=O)C3=C4C(=CC=C5C4=C(C=C3)C(=O)N(C5=O)C6=NC=CC(=C6)C)C2=O"
58995895,C26H10N6O4,470.0763528,"C1=CC(=NC=C1C#N)N2C(=O)C3=C4C(=CC=C5C4=C(C=C3)C(=O)N(C5=O)C6=NC=C(C=C6)C#N)C2=O"
58995897,C30H18N6O4,526.138953056,"CC1=CC(=NC(=C1C#N)C)N2C(=O)C3=C4C(=CC=C5C4=C(C=C3)C(=O)N(C5=O)C6=NC(=C(C(=C6)C)C#N)C)C2=O"
58995899,C26H16N4O4,448.11715499199994,"CC1=NC(=CC=C1)N2C(=O)C3=C4C(=CC=C5C4=C(C=C3)C(=O)N(C5=O)C6=CC=CC(=N6)C)C2=O"
58995901,C28H20N4O4,476.14845511999994,"CCC1=NC(=CC=C1)N2C(=O)C3=C4C(=CC=C5C4=C(C=C3)C(=O)N(C5=O)C6=CC=CC(=N6)CC)C2=O"
58995903,C30H24N4O4,504.17975524799994,"CCC1=C(N=C(C=C1)C)N2C(=O)C3=C4C(=CC=C5C4=C(C=C3)C(=O)N(C5=O)C6=C(C=CC(=N6)C)CC)C2=O"
58995905,C28H20N4O4,476.14845511999994,"CC1=CC(=NC(=C1)N2C(=O)C3=C4C(=CC=C5C4=C(C=C3)C(=O)N(C5=O)C6=CC(=CC(=N6)C)C)C2=O)C"
59005370,C48H38N2O4S2,770.227299696,"C1CCC(C1)C2=CC(=C(C=C2)N3C(=O)C4=C5C(=CC=C6C5=C(C=C4)C(=O)N(C6=O)C7=C(C=C(C=C7)C8CCCC8)SC9=CC=CC=C9)C3=O)SC1=CC=CC=C1"
59005371,C37H27N3O4,577.200156344,"C1CCC(C1)C2=CC=C(C=C2)N3C(=O)C4=C5C(=CC=C6C5=C(C=C4)C(=O)N(C6=O)C7=CC=CC(=C7)NC8=CC=CC=C8)C3=O"
59005378,C40H36N2O6,640.257336872,"C1CCC(C1)CCOC(=O)CC2=CC(=CC=C2)N3C(=O)C4=C5C(=CC=C6C5=C(C=C4)C(=O)N(C6=O)C7=CC=C(C=C7)C8CCCC8)C3=O"
59005379,C36H25N3O5,579.1794209,"C1CCC(C1)C2=CC=C(C=C2)N3C(=O)C4=C5C(=CC=C6C5=C(C=C4)C(=O)N(C6=O)C7=CC(=CC=C7)OC8=CC=CC=N8)C3=O"
59005380,C38H28N2O4,576.2049073759999,"C1CCC(C1)C2=CC=C(C=C2)N3C(=O)C4=C5C(=CC=C6C5=C(C=C4)C(=O)N(C6=O)C7=CC=C(C=C7)CC8=CC=CC=C8)C3=O"
59005381,C34H28N2O5,544.199821996,"CC(C)OC1=CC=CC(=C1)N2C(=O)C3=C4C(=CC=C5C4=C(C=C3)C(=O)N(C5=O)C6=CC=C(C=C6)C7CCCC7)C2=O"
59005388,C40H34N2O6,638.241686808,"C1CCC(C1)C=CC(=O)OCC2=CC(=CC=C2)N3C(=O)C4=C5C(=CC=C6C5=C(C=C4)C(=O)N(C6=O)C7=CC=C(C=C7)C8CCCC8)C3=O"
59005391,C44H34N2O4,654.251857568,"C1CCC(C1)C2=CC=C(C3=CC=CC=C23)N4C(=O)C5=C6C(=CC=C7C6=C(C=C5)C(=O)N(C7=O)C8=CC=C(C9=CC=CC=C98)C1CCCC1)C4=O"
59005392,C40H39N3O5,641.288971348,"CCCCN(CCCC)C(=O)C1=CC(=CC=C1)N2C(=O)C3=C4C(=CC=C5C4=C(C=C3)C(=O)N(C5=O)C6=CC=C(C=C6)C7CCCC7)C2=O"
59005394,C38H36N2O5,600.2624222520001,"CCC(CC)COCC1=CC(=CC=C1)N2C(=O)C3=C4C(=CC=C5C4=C(C=C3)C(=O)N(C5=O)C6=CC=C(C=C6)C7CCCC7)C2=O"
59005397,C40H36N2O7,656.2522514919999,"COC(CC(=O)OC1=CC=CC(=C1)N2C(=O)C3=C4C(=CC=C5C4=C(C=C3)C(=O)N(C5=O)C6=CC=C(C=C6)C7CCCC7)C2=O)C8CCCC8"
59005399,C39H28N2O6,620.194736616,"C1CCC(C1)C2=CC=C(C=C2)N3C(=O)C4=C5C(=CC=C6C5=C(C=C4)C(=O)N(C6=O)C7=CC=CC(=C7)C(=O)OCC8=CC=CC=C8)C3=O"
59005401,C70H90N2O6,1054.6798886,"CC(C)C(C(C)C)OC1=C2C3=C4C(=C1)C(=O)N(C(=O)C4=C(C=C3C(=O)N(C2=O)C5=C(C=C(C=C5C6CCCC6)C7CCCC7)C8CCCC8)OC(C(C)C)C(C)C)C9=C(C=C(C=C9C1CCCC1)C1CCCC1)C1CCCC1"
59005406,C40H34N2O7,654.2366014280001,"C1CCC(C1)C2=CC=C(C=C2)N3C(=O)C4=C5C(=CC=C6C5=C(C=C4)C(=O)N(C6=O)C7=CC=CC(=C7)COC(=O)CC(=O)C8CCCC8)C3=O"
59005415,C46H46N2O4,690.345757952,"C1CCC(C1)C2CCC(C2)C3=CC=CC=C3N4C(=O)C5=C6C(=CC=C7C6=C(C=C5)C(=O)N(C7=O)C8=CC=CC=C8C9CCC(C9)C1CCCC1)C4=O"
59005430,C30H21N3O4,487.153206152,"C1CCC(C1)C2=CC=C(C=C2)N3C(=O)C4=C5C(=CC=C6C5=C(C=C4)C(=O)N(C6=O)C7=CC=CC=N7)C3=O"
59005436,C38H32N2O6,612.226036744,"C1CCC(C1)COC(=O)C2=CC=C(C=C2)N3C(=O)C4=C5C(=CC=C6C5=C(C=C4)C(=O)N(C6=O)C7=CC=C(C=C7)C8CCCC8)C3=O"
59005438,C40H34N2O6,638.241686808,"C=COC1=C(C=CC(=C1)N2C(=O)C3=C4C(=CC=C5C4=C(C=C3)C(=O)N(C5=O)C6=CC(=C(C=C6)C7CCCC7)OC=C)C2=O)C8CCCC8"
59005445,C35H31N3O4,557.2314564719999,"CCN(CC)C1=CC=C(C=C1)N2C(=O)C3=C4C(=CC=C5C4=C(C=C3)C(=O)N(C5=O)C6=CC=C(C=C6)C7CCCC7)C2=O"
59005447,C36H28N2O6,584.194736616,"CC=CC(=O)OCC1=CC(=CC=C1)N2C(=O)C3=C4C(=CC=C5C4=C(C=C3)C(=O)N(C5=O)C6=CC=C(C=C6)C7CCCC7)C2=O"
59005449,C39H27N3O5,617.195070964,"CC1=CC2=C(C=C1)OC(=N2)C3=CC=C(C=C3)N4C(=O)C5=C6C(=CC=C7C6=C(C=C5)C(=O)N(C7=O)C8=CC=C(C=C8)C9CCCC9)C4=O"
59005460,C58H56N4O4,872.430156272,"C1CCC(C1)C2=CC(=CC=C2)NC3=C4C5=C6C(=C3)C(=O)N(C(=O)C6=C(C=C5C(=O)N(C4=O)C7=CC=CC(=C7)C8CCCC8)NC9=CC=CC(=C9)C1CCCC1)C1=CC=CC(=C1)C1CCCC1"
59005466,C50H42N2O4S2,798.258599824,"C1CCC(C1)C2=CC(=C(C=C2)N3C(=O)C4=C5C(=CC=C6C5=C(C=C4)C(=O)N(C6=O)C7=C(C=C(C=C7)C8CCCC8)SCC9=CC=CC=C9)C3=O)SCC1=CC=CC=C1"
59005469,C34H25N3O4S2,603.1286482800001,"C1CCC(C1)C2=CC=C(C=C2)N3C(=O)C4=C5C(=CC=C6C5=C(C=C4)C(=O)N(C6=O)C7=CC=CC=C7SC8=NCCS8)C3=O"
59005474,C36H30N2O6,586.21038668,"CCC(=O)OC(C)C1=CC(=CC=C1)N2C(=O)C3=C4C(=CC=C5C4=C(C=C3)C(=O)N(C5=O)C6=CC=C(C=C6)C7CCCC7)C2=O"
59005486,C36H30N2O6,586.21038668,"CCCCC(=O)OC1=CC=C(C=C1)N2C(=O)C3=C4C(=CC=C5C4=C(C=C3)C(=O)N(C5=O)C6=CC=C(C=C6)C7CCCC7)C2=O"
59005493,C37H26N2O5,578.184171932,"C1CCC(C1)C2=CC=C(C=C2)N3C(=O)C4=C5C(=CC=C6C5=C(C=C4)C(=O)N(C6=O)C7=CC(=CC=C7)OC8=CC=CC=C8)C3=O"
59005498,C37H30N2O6,598.21038668,"C1CCC(C1)C2=CC=C(C=C2)N3C(=O)C4=C5C(=CC=C6C5=C(C=C4)C(=O)N(C6=O)C7=CC(=CC=C7)OC(=O)C8CCCC8)C3=O"
59005501,C37H32N2O5,584.231122124,"C1CCC(C1)C2=CC=C(C=C2)N3C(=O)C4=C5C(=CC=C6C5=C(C=C4)C(=O)N(C6=O)C7=CC=CC(=C7)COC8CCCC8)C3=O"
59005503,C37H26N2O4,562.189257312,"C1CCC(C1)C2=CC=C(C=C2)N3C(=O)C4=C5C(=CC=C6C5=C(C=C4)C(=O)N(C6=O)C7=CC=C(C=C7)C8=CC=CC=C8)C3=O"
59005506,C38H26N2O5,590.184171932,"C1CCC(C1)C2=CC=C(C=C2)N3C(=O)C4=C5C(=CC=C6C5=C(C=C4)C(=O)N(C6=O)C7=CC=CC(=C7)C(=O)C8=CC=CC=C8)C3=O"
59005508,C34H26N2O6,558.1790865520001,"CCOC(=O)C1=CC(=CC=C1)N2C(=O)C3=C4C(=CC=C5C4=C(C=C3)C(=O)N(C5=O)C6=CC=C(C=C6)C7CCCC7)C2=O"
59005511,C39H32N2O6,624.226036744,"C1CCC(C1)C=CC(=O)OC2=CC=CC(=C2)N3C(=O)C4=C5C(=CC=C6C5=C(C=C4)C(=O)N(C6=O)C7=CC=C(C=C7)C8CCCC8)C3=O"
59005529,C37H31N3O4,581.2314564719999,"C=CCN(CC=C)C1=CC=C(C=C1)N2C(=O)C3=C4C(=CC=C5C4=C(C=C3)C(=O)N(C5=O)C6=CC=C(C=C6)C7CCCC7)C2=O"
59005533,C40H36N2O6,640.257336872,"C1CCC(C1)CCC(=O)OCC2=CC(=CC=C2)N3C(=O)C4=C5C(=CC=C6C5=C(C=C4)C(=O)N(C6=O)C7=CC=C(C=C7)C8CCCC8)C3=O"
59005536,C38H28N2O5,592.199821996,"C1CCC(C1)C2=CC=C(C=C2)N3C(=O)C4=C5C(=CC=C6C5=C(C=C4)C(=O)N(C6=O)C7=CC=C(C=C7)OCC8=CC=CC=C8)C3=O"
59005543,C34H26N2O4,526.189257312,"CC=CC1=CC=C(C=C1)N2C(=O)C3=C4C(=CC=C5C4=C(C=C3)C(=O)N(C5=O)C6=CC=C(C=C6)C7CCCC7)C2=O"
59005545,C34H24N2O6,556.163436488,"C=COC(=O)C1=CC(=CC=C1)N2C(=O)C3=C4C(=CC=C5C4=C(C=C3)C(=O)N(C5=O)C6=CC=C(C=C6)C7CCCC7)C2=O"
59005552,C39H34N2O6,626.241686808,"C1CCC(C1)CCOC(=O)C2=CC=C(C=C2)N3C(=O)C4=C5C(=CC=C6C5=C(C=C4)C(=O)N(C6=O)C7=CC=C(C=C7)C8CCCC8)C3=O"
59005557,C42H38N2O7,682.2679015560001,"CC(C1=CC(=CC=C1)N2C(=O)C3=C4C(=CC=C5C4=C(C=C3)C(=O)N(C5=O)C6=CC=C(C=C6)C7CCCC7)C2=O)OC(=O)CCC(=O)C8CCCC8"
59005558,C47H43N3O4,713.3253568559999,"C1CCC(C1)C2=CC=C(C=C2)NC3=C4C5=C(C=CC6=C5C(=C3)C(=O)N(C6=O)C7=CC=C(C=C7)C8CCCC8)C(=O)N(C4=O)C9=CC=C(C=C9)C1CCCC1"
59005564,C38H34N2O4S2,646.1959995680002,"CSC1=C(C=CC(=C1)C2CCCC2)N3C(=O)C4=C5C(=CC=C6C5=C(C=C4)C(=O)N(C6=O)C7=C(C=C(C=C7)C8CCCC8)SC)C3=O"
59005567,C39H34N2O4,594.251857568,"CC(=CC1CCCC1)C2=CC=C(C=C2)N3C(=O)C4=C5C(=CC=C6C5=C(C=C4)C(=O)N(C6=O)C7=CC=C(C=C7)C8CCCC8)C3=O"
59005568,C38H28N4O4,604.211055376,"[C-]#[N+]C1=C(C=CC(=C1)N2C(=O)C3=C4C(=CC=C5C4=C(C=C3)C(=O)N(C5=O)C6=CC(=C(C=C6)C7CCCC7)C#N)C2=O)C8CCCC8"
59005570,C38H34N2O5,598.2467721880001,"C1CCC(C1)CCOC2=CC=C(C=C2)N3C(=O)C4=C5C(=CC=C6C5=C(C=C4)C(=O)N(C6=O)C7=CC=C(C=C7)C8CCCC8)C3=O"
59005571,C38H26N2O6,606.1790865520001,"C1CCC(C1)C2=CC=C(C=C2)N3C(=O)C4=C5C(=CC=C6C5=C(C=C4)C(=O)N(C6=O)C7=CC=CC(=C7)C(=O)OC8=CC=CC=C8)C3=O"
59005572,C34H26N2O4S,558.1613283120001,"C=CCSC1=CC=CC=C1N2C(=O)C3=C4C(=CC=C5C4=C(C=C3)C(=O)N(C5=O)C6=CC=C(C=C6)C7CCCC7)C2=O"
59005576,C39H34N2O7,642.2366014280001,"C1CCC(C1)C2=CC=C(C=C2)N3C(=O)C4=C5C(=CC=C6C5=C(C=C4)C(=O)N(C6=O)C7=CC(=CC=C7)OC(=O)CC(C8CCCC8)O)C3=O"
59005580,C38H32N4O4,608.242355504,"C1CCC(C1)C=NC2=CC=C(C=C2)N3C(=O)C4=C5C(=CC=C6C5=C(C=C4)C(=O)N(C6=O)C7=CC=C(C=C7)N=CC8CCCC8)C3=O"
59005594,C38H32N2O4,580.2362075039999,"C1CCC(C1)C=CC2=CC=C(C=C2)N3C(=O)C4=C5C(=CC=C6C5=C(C=C4)C(=O)N(C6=O)C7=CC=C(C=C7)C8CCCC8)C3=O"
59005601,C44H46N2O4,666.345757952,"CC1=CC(=CC(=C1N2C(=O)C3=C4C(=C(C(=C5C4=C(C(=C3C)C)C(=O)N(C5=O)C6=C(C=C(C=C6C)C7CCCC7)C)C)C)C2=O)C)C8CCCC8"
59005602,C47H43N3O4,713.3253568559999,"C1CCC(C1)C2=CC(=CC=C2)NC3=C4C5=C(C=CC6=C5C(=C3)C(=O)N(C6=O)C7=CC=CC(=C7)C8CCCC8)C(=O)N(C4=O)C9=CC=CC(=C9)C1CCCC1"
59005604,C45H35N3O4,681.2627566,"C1CCC(C1)C2=CC=C(C=C2)N3C(=O)C4=C5C(=CC=C6C5=C(C=C4)C(=O)N(C6=O)C7=CC(=CC=C7)N(CC8=CC=CC=C8)CC9=CC=CC=C9)C3=O"
59005605,C50H46N2O6,770.335587192,"CC(C)OC1=CC(=CC(=C1)N2C(=O)C3=CC=C4C5=C(C6=CC7=CC=CC=C7C=C6C(=C35)C2=O)C(=O)N(C4=O)C8=CC(=CC(=C8)C9CCCC9)OC(C)C)C1CCCC1"
59025174,C54H30N4O15S2,1038.1149082600004,"CC1=CC=C(C=C1)OC2=CC=C(C=C2)N3C(=O)C4=C5C(=CC=C6C5=C(C=C4)C(=O)N(C6=O)C7=CC(=C(C=C7)C8=C(C=C(C=C8)N9C(=O)C1=C2C(=CC=C4C2=C(C=C1)C(=O)N(C4=O)C)C9=O)S(=O)(=O)O)SOOO)C3=O"
59037023,C54H30N4O12S,958.1580934000003,"CC1=CC=C(C=C1)OC2=CC=C(C=C2)N3C(=O)C4=C5C(=CC=C6C5=C(C=C4)C(=O)N(C6=O)C7=CC=C(C=C7)C8=C(C=C(C=C8)N9C(=O)C1=C2C(=CC=C4C2=C(C=C1)C(=O)N(C4=O)C)C9=O)S(=O)(=O)O)C3=O"
59042490,C44H60N8O6,796.4635816399999,"C1CCC(C1)C(=O)NCCCN2CCN(CC2)CCN3C(=O)C4=C5C(=CC=C6C5=C(C=C4)C(=O)N(C6=O)CCN7CCN(CC7)CCCNC(=O)C8CCCC8)C3=O"
59095497,C104H120N12O12S2,1792.8590092799993,"CC[N+]1=C(C(C2=C1C=CC(=C2)SOO[O-])(C)C)C=CC=CC=C3C(C4=CC(=CN(C4=N3)CCCCCC(=O)NCCCN(C)CCCN5C(=O)C6=C7C(=CC=C8C7=C(C=C6)C(=O)N(C8=O)CCCN(C)CCCNC(=O)CCCCCN9C=C(C=C1C9=NC(=CC=CC=CC2=[N+](C3=C(C2(C)C)C=C(C=C3)S(=O)(=O)[O-])CC)C1(C)C)C1=CC=CC=C1)C5=O)C1=CC=CC=C1)(C)C"
59095498,C104H122N12O12S2+2,1794.8735621841795,"CCN1C2=C(C=C(C=C2)SOOO)C(C1=CC=CC=CC3=NC4=C(C3(C)C)C=C(C=[N+]4CCCCCC(=O)NCCCN(C)CCCN5C(=O)C6=C7C(=CC=C8C7=C(C=C6)C(=O)N(C8=O)CCCN(C)CCCNC(=O)CCCCC[N+]9=CC(=CC1=C9N=C(C1(C)C)C=CC=CC=C1C(C2=C(N1CC)C=CC(=C2)S(=O)(=O)O)(C)C)C1=CC=CC=C1)C5=O)C1=CC=CC=C1)(C)C"
59095500,C84H100N12O12S2,1532.7025086399997,"CCN1C2=C(C=C(C=C2)SOO[O-])C(C1=CC=CC3=NC4=C(C3(C)C)C=CC=[N+]4CCCC(=O)NCCCN(C)CCCN5C(=O)C6=C7C(=CC=C8C7=C(C=C6)C(=O)N(C8=O)CCCN(C)CCCNC(=O)CCC[N+]9=CC=CC1=C9N=C(C1(C)C)C=CC=C1C(C2=C(N1CC)C=CC(=C2)S(=O)(=O)[O-])(C)C)C5=O)(C)C"
59095501,C84H102N12O12S2+2,1534.7170615441796,"CCN1C2=C(C=C(C=C2)SOOO)C(C1=CC=CC3=NC4=C(C3(C)C)C=CC=[N+]4CCCC(=O)NCCCN(C)CCCN5C(=O)C6=C7C(=CC=C8C7=C(C=C6)C(=O)N(C8=O)CCCN(C)CCCNC(=O)CCC[N+]9=CC=CC1=C9N=C(C1(C)C)C=CC=C1C(C2=C(N1CC)C=CC(=C2)S(=O)(=O)O)(C)C)C5=O)(C)C"
59095506,C92H112N12O12S2,1640.7964090239993,"CC[N+]1=C(C(C2=C1C=CC(=C2)SOO[O-])(C)C)C=CC=CC=C3C(C4=CC=CN(C4=N3)CCCCCC(=O)NCCCN(C)CCCN5C(=O)C6=C7C(=CC=C8C7=C(C=C6)C(=O)N(C8=O)CCCN(C)CCCNC(=O)CCCCCN9C=CC=C1C9=NC(=CC=CC=CC2=[N+](C3=C(C2(C)C)C=C(C=C3)S(=O)(=O)[O-])CC)C1(C)C)C5=O)(C)C"
59095507,C92H114N12O12S2+2,1642.8109619281795,"CCN1C2=C(C=C(C=C2)SOOO)C(C1=CC=CC=CC3=NC4=C(C3(C)C)C=CC=[N+]4CCCCCC(=O)NCCCN(C)CCCN5C(=O)C6=C7C(=CC=C8C7=C(C=C6)C(=O)N(C8=O)CCCN(C)CCCNC(=O)CCCCC[N+]9=CC=CC1=C9N=C(C1(C)C)C=CC=CC=C1C(C2=C(N1CC)C=CC(=C2)S(=O)(=O)O)(C)C)C5=O)(C)C"
59132931,C23H22N2O4,390.15795718399994,"CC1(CCC(CC1)N2C(=O)C3=C4C(=CC=C5C4=C(C=C3)C(=O)N(C5=O)C)C2=O)C"
59132933,C31H28N2O4,492.20490737599994,"CC1CCC(CC1)N2C(=O)C3=C4C(=CC=C5C4=C(C=C3)C(=O)N(C5=O)C6CCC7=CC=CC=C7C6)C2=O"
59146698,C58H64N4O4,880.4927565279999,"CCCCC1=CC=C(C=C1)NC2=C3C4=C5C(=C2)C(=O)N(C(=O)C5=C(C=C4C(=O)N(C3=O)C6=C(C=CC=C6C(C)C)C(C)C)NC7=CC=C(C=C7)CCCC)C8=C(C=CC=C8C(C)C)C(C)C"
59146701,C46H52N4O4,724.3988561439999,"CC(C)C1=C(C(=CC=C1)C(C)C)N2C(=O)C3=CC(=C4C5=C3C(=C(C=C5C(=O)N(C4=O)C6=C(C=CC=C6C(C)C)C(C)C)N7CCCC7)C2=O)N8CCCC8"
59189402,C62H68N10O6+2,1048.53123273618,"C[N+](C)(CCCCCC(=O)NC1=C2C=CC=NC2=C3C(=C1)C=CC=N3)CCCCCN4C(=O)C5=C6C(=CC=C7C6=C(C=C5)C(=O)N(C7=O)CCC[N+](C)(C)CCCCCC(=O)NC8=C9C=CC=NC9=C1C(=C8)C=CC=N1)C4=O"
59266874,C28H18N2O5,462.1215716759999,"CC1=CC=C(C=C1)N2C(=O)C3=C4C(=CC=C5C4=C(C=C3)C(=O)N(C5=O)C6=CC=C(C=C6)OC)C2=O"
59266882,C30H22N2O5,490.1528718039999,"CC1=C(C=C(C=C1)N2C(=O)C3=C4C(=CC=C5C4=C(C=C3)C(=O)N(C5=O)C6=CC(=C(C=C6)OC)C)C2=O)C"
59266889,C29H20N2O5,476.1372217399999,"CC1=CC=C(C=C1)N2C(=O)C3=C4C(=CC=C5C4=C(C=C3)C(=O)N(C5=O)C6=CC(=C(C=C6)OC)C)C2=O"
59266906,C42H30N2O8S,722.1722869200001,"CC1=CC(=CC=C1)N2C(=O)C3=C4C(=CC=C5C4=C(C=C3)C(=O)N(C5=O)C6=CC(=CC=C6)OC7=C(C=C(C=C7)S(=O)(=O)C8=CC(=C(C=C8)OC)C)C)C2=O"
59327839,C23H16N2O6S,448.0729072319999,"CCN1C(=O)C2=C3C(=CC=C4C3=C(C=C2)C(=O)N(C4=O)CC5COC6=CSC=C6O5)C1=O"
59327846,C29H24N4O7S,572.136570108,"C1C(OC2=CSC=C2O1)COCCN3C(=O)C4=C5C(=CC=C6C5=C(C=C4)C(=O)N(C6=O)CCCN7C=CN=C7)C3=O"
59327847,C32H26N2O10S2,662.102887032,"C1C(OC2=CSC=C2O1)COCCN3C(=O)C4=C5C(=CC=C6C5=C(C=C4)C(=O)N(C6=O)CCOCC7COC8=CSC=C8O7)C3=O"
59327849,C30H27N4O7S+,587.1594966240899,"C[N+]1=CN(C=C1)CCCN2C(=O)C3=C4C(=CC=C5C4=C(C=C3)C(=O)N(C5=O)CCOCC6COC7=CSC=C7O6)C2=O"
59348321,C42H38N4O8,726.268964176,"CC1=C(C2=C3C(=C(C(=C4C3=C1C(=O)N(C4=O)C(C)C)C)C)C(=O)N(C2=O)N5C(=O)C6=C7C(=C(C(=C8C7=C(C(=C6C)C)C(=O)N(C8=O)C(C)C)C)C)C5=O)C"
59348324,C46H46N4O8,782.331564432,"CCCCCC(C)N1C(=O)C2=C3C(=CC=C4C3=C(C=C2)C(=O)N(C4=O)N5C(=O)C6=C7C(=CC=C8C7=C(C=C6)C(=O)N(C8=O)C(CCCCC)CCCCC)C5=O)C1=O"
59348325,C52H34N6O12,934.2234705280001,"CCC(CC)N1C(=O)C2=C3C(=CC=C4C3=C(C=C2)C(=O)N(C4=O)N5C(=O)C6=C7C(=CC=C8C7=C(C=C6)C(=O)N(C8=O)N9C(=O)C2=C3C(=CC=C4C3=C(C=C2)C(=O)N(C4=O)C(CC)CC)C9=O)C5=O)C1=O"
59348327,C34H22N4O8,614.1437636640001,"CC(C)N1C(=O)C2=C3C(=CC=C4C3=C(C=C2)C(=O)N(C4=O)N5C(=O)C6=C7C(=CC=C8C7=C(C=C6)C(=O)N(C8=O)C(C)C)C5=O)C1=O"
59348328,C38H30N4O8,670.2063639200001,"CCCCCC(C)N1C(=O)C2=C3C(=CC=C4C3=C(C=C2)C(=O)N(C4=O)N5C(=O)C6=C7C(=CC=C8C7=C(C=C6)C(=O)N(C8=O)C(C)C)C5=O)C1=O"
59365914,C44H32N8O4,736.254651504,"CC1=CC2=NC3=C(C=C(C=C3)N(C)C)N=C2C=C1N4C(=O)C5=C6C(=CC=C7C6=C(C=C5)C(=O)N(C7=O)C8=CC9=NC1=C(C=CC(=C1)N(C)C)N=C9C=C8C)C4=O"
59389832,C44H42N4O8,754.300264304,"CCCCCCC(C)N1C(=O)C2=C3C(=CC=C4C3=C(C=C2)C(=O)N(C4=O)N5C(=O)C6=C7C(=CC=C8C7=C(C=C6)C(=O)N(C8=O)C(C)CCCCCC)C5=O)C1=O"
59389833,C53H44N4O8,864.3159143680001,"CC1=C(C=C(C=C1)C(C)(C)C)N2C(=O)C3=C4C(=CC=C5C4=C(C=C3)C(=O)N(C5=O)N6C(=O)C7=C8C(=CC=C9C8=C(C=C7)C(=O)N(C9=O)C1=C(C=CC(=C1)C(C)(C)C)C(C)(C)C)C6=O)C2=O"
59389835,C38H30N4O8,670.2063639200001,"CCCC(C)N1C(=O)C2=C3C(=CC=C4C3=C(C=C2)C(=O)N(C4=O)N5C(=O)C6=C7C(=CC=C8C7=C(C=C6)C(=O)N(C8=O)C(C)CCC)C5=O)C1=O"
59389836,C38H30N4O10,702.1961931600002,"CCC(COC)N1C(=O)C2=C3C(=CC=C4C3=C(C=C2)C(=O)N(C4=O)N5C(=O)C6=C7C(=CC=C8C7=C(C=C6)C(=O)N(C8=O)C(CC)COC)C5=O)C1=O"
59389837,C38H30N4O8,670.2063639200001,"CCC(CC)N1C(=O)C2=C3C(=CC=C4C3=C(C=C2)C(=O)N(C4=O)N5C(=O)C6=C7C(=CC=C8C7=C(C=C6)C(=O)N(C8=O)C(CC)CC)C5=O)C1=O"
59389838,C50H54N4O10,870.3839939280001,"CCCCC(CC)COCCCN1C(=O)C2=C3C(=CC=C4C3=C(C=C2)C(=O)N(C4=O)N5C(=O)C6=C7C(=CC=C8C7=C(C=C6)C(=O)N(C8=O)CCCOCC(CC)CCCC)C5=O)C1=O"
59400462,C28H16N2O10S2-2,604.02573387182,"CC1=CC(=C(C=C1)C2=C(C=C(C=C2)N3C(=O)C4=C5C(=CC=C6C5=C(C=C4)C(=O)N(C6=O)C)C3=O)S(=O)(=O)[O-])S(=O)(=O)[O-]"
59400463,C28H18N2O10S2,606.040286776,"CC1=CC(=C(C=C1)C2=C(C=C(C=C2)N3C(=O)C4=C5C(=CC=C6C5=C(C=C4)C(=O)N(C6=O)C)C3=O)S(=O)(=O)O)S(=O)(=O)O"
59400465,C28H16N2O11S2-2,620.02064849182,"CC1=CC(=C(C=C1)OC2=C(C=C(C=C2)N3C(=O)C4=C5C(=CC=C6C5=C(C=C4)C(=O)N(C6=O)C)C3=O)S(=O)(=O)[O-])S(=O)(=O)[O-]"
59400466,C28H18N2O11S2,622.0352013960002,"CC1=CC(=C(C=C1)OC2=C(C=C(C=C2)N3C(=O)C4=C5C(=CC=C6C5=C(C=C4)C(=O)N(C6=O)C)C3=O)S(=O)(=O)O)S(=O)(=O)O"
59414728,C28H16N2O10S2-2,604.02573387182,"CC1=CC(=C(C=C1)C2=C(C=C(C=C2)N3C(=O)C4=C5C(=CC=C6C5=C(C=C4)C(=O)N(C6=O)C)C3=O)S(=O)(=O)[O-])SOO[O-]"
59459686,C67H38N4O14S2,1186.1825938959996,"CC1=CC=C(C=C1)C2(C3=CC=CC=C3C4=CC=CC=C42)C5=CC=C(C=C5)N6C(=O)C7=C8C(=CC=C9C8=C(C=C7)C(=O)N(C9=O)C1=CC(=C(C=C1)C1=C(C=C(C=C1)N1C(=O)C2=C3C(=CC=C4C3=C(C=C2)C(=O)N(C4=O)C)C1=O)S(=O)(=O)O)SOOO)C6=O"
59469698,C39H40N2O8,664.2784662400001,"CC(=O)OCCCCC1=CC=C(C=C1)C(=O)OC2CCC(CC2)N3C(=O)C4=C5C(=CC=C6C5=C(C=C4)C(=O)N(C6=O)C7CCCCC7)C3=O"
59469699,C32H30N2O4,506.22055743999994,"C1CCC(CC1)N2C(=O)C3=C4C(=CC=C5C4=C(C=C3)C(=O)N(C5=O)C6CCC(CC6)C7=CC=CC=C7)C2=O"
59469700,C34H42N2O4,542.314457824,"CCCCCCCCC1CCC(CC1)N2C(=O)C3=C4C(=CC=C5C4=C(C=C3)C(=O)N(C5=O)C6CCCCC6)C2=O"
59469701,C28H28N2O6,488.19473661599994,"COC(=O)C1CCC(CC1)N2C(=O)C3=C4C(=CC=C5C4=C(C=C3)C(=O)N(C5=O)C6CCCCC6)C2=O"
59469702,C27H28N2O4,444.20490737599994,"CC1CCC(CC1)N2C(=O)C3=C4C(=CC=C5C4=C(C=C3)C(=O)N(C5=O)C6CCCCC6)C2=O"
59469703,C28H30N2O4,458.22055743999994,"CCC1CCC(CC1)N2C(=O)C3=C4C(=CC=C5C4=C(C=C3)C(=O)N(C5=O)C6CCCCC6)C2=O"
59469704,C32H35N3O4,525.2627566,"CCCCCC1CCC(CC1)N2C(=O)C3=C4C(=CC=C5C4=C(C=C3)C(=O)N(C5=O)C6CCC(CC6)[N+]#[C-])C2=O"
59469705,C28H30N2O4,458.22055743999994,"CC1CCC(CC1)N2C(=O)C3=C4C(=CC=C5C4=C(C=C3)C(=O)N(C5=O)C6CCC(CC6)C)C2=O"
59469706,C53H52N4O8,872.3785146240001,"C1CCC(CC1)N2C(=O)C3=C4C(=CC=C5C4=C(C=C3)C(=O)N(C5=O)C6CCC(CC6)CC7CCC(CC7)N8C(=O)C9=C1C(=CC=C3C1=C(C=C9)C(=O)N(C3=O)C1CCCCC1)C8=O)C2=O"
59469708,C26H26N2O4,430.18925731199994,"CC1CCC(CC1)N2C(=O)C3=C4C(=CC=C5C4=C(C=C3)C(=O)N(C5=O)C6CCCC6)C2=O"
59469709,C28H30N2O4,458.22055743999994,"CC1CCC(CC1)N2C(=O)C3=C4C(=CC=C5C4=C(C=C3)C(=O)N(C5=O)C6CCCCCC6)C2=O"
59469710,C39H42N2O6,634.304287064,"CCCCCCC1=CC=C(C=C1)C(=O)OC2CCC(CC2)N3C(=O)C4=C5C(=CC=C6C5=C(C=C4)C(=O)N(C6=O)C7CCCCC7)C3=O"
59469711,C31H36N2O4,500.26750763199993,"CC(C)CCC1CCC(CC1)N2C(=O)C3=C4C(=CC=C5C4=C(C=C3)C(=O)N(C5=O)C6CCCCC6)C2=O"
59469712,C46H40N4O8,776.2846142400001,"C1CCC(CC1)N2C(=O)C3=C4C(=CC=C5C4=C(C=C3)C(=O)N(C5=O)C6CCC(CC6)N7C(=O)C8=C9C(=CC=C1C9=C(C=C8)C(=O)N(C1=O)C1CCCCC1)C7=O)C2=O"
59469713,C34H42N2O5,558.309372444,"CCCCCCCCOC1CCC(CC1)N2C(=O)C3=C4C(=CC=C5C4=C(C=C3)C(=O)N(C5=O)C6CCCCC6)C2=O"
59469714,C28H30N2O4,458.22055743999994,"CCCC1CCC(CC1)N2C(=O)C3=C4C(=CC=C5C4=C(C=C3)C(=O)N(C5=O)C6CCCC6)C2=O"
59469715,C29H32N2O4,472.23620750399994,"CC1CCC(CC1)N2C(=O)C3=C4C(=CC=C5C4=C(C=C3)C(=O)N(C5=O)C6CCC(C(C6)C)C)C2=O"
59469717,C31H34N2O4,498.25185756799993,"CC1CCC(CC1)N2C(=O)C3=C4C(=CC=C5C4=C(C=C3)C(=O)N(C5=O)C6CCC7CCCCC7C6)C2=O"
59469718,C33H38N2O4,526.283157696,"CC1CCC(CC1)C2CCC(CC2)N3C(=O)C4=C5C(=CC=C6C5=C(C=C4)C(=O)N(C6=O)C7CCCCC7)C3=O"
59469719,C36H46N2O4,570.345757952,"CCCCCC1CCC(CC1)N2C(=O)C3=C4C(=CC=C5C4=C(C=C3)C(=O)N(C5=O)C6CCC(CC6)CCCCC)C2=O"
59523028,C74H102N2O6S4,1242.6620729839997,"CCCCCCCCCCC(CCCCCCCC)CN1C(=O)C2=CC(=C3C4=C(C=C(C(=C24)C1=O)C5=CC=C(S5)C)C(=O)N(C3=O)CC(CCCCCCCC)CCCCCCCCCC)C6=CC=C(S6)C7=CC(=C(S7)C8=C(C=C(S8)C)OC)OC"
59523062,C66H98N2O6S2,1078.686630856,"CCCCCCCCCCC(CCCCCCCC)CN1C(=O)C2=CC(=C3C4=C(C=C(C(=C24)C1=O)C)C(=O)N(C3=O)CC(CCCCCCCC)CCCCCCCCCC)C5=CC(=C(S5)C6=C(C=C(S6)C)OC)OC"
59638923,C38H26N2O4,574.189257312,"CC(C1=CC=CC2=CC=CC=C21)N3C(=O)C4=C5C(=CC=C6C5=C(C=C4)C(=O)N(C6=O)C(C)C7=CC=CC8=CC=CC=C87)C3=O"
59638926,C32H26N2O6,534.179086552,"C1=CC=C(C=C1)C(CCO)N2C(=O)C3=C4C(=CC=C5C4=C(C=C3)C(=O)N(C5=O)C(CCO)C6=CC=CC=C6)C2=O"
59638928,C32H26N2O4S2,566.133399312,"CSCC(C1=CC=CC=C1)N2C(=O)C3=C4C(=CC=C5C4=C(C=C3)C(=O)N(C5=O)C(CSC)C6=CC=CC=C6)C2=O"
59638929,C44H34N2O4,654.251857568,"CC1=CC=C(C=C1)CC(C2=CC=CC=C2)N3C(=O)C4=C5C(=CC=C6C5=C(C=C4)C(=O)N(C6=O)C(CC7=CC=C(C=C7)C)C8=CC=CC=C8)C3=O"
59638930,C32H26N2O6,534.179086552,"CC(C1=CC=C(C=C1)OC)N2C(=O)C3=C4C(=CC=C5C4=C(C=C3)C(=O)N(C5=O)C(C)C6=CC=C(C=C6)OC)C2=O"
59638931,C38H26N2O4,574.189257312,"CC(C1=CC2=CC=CC=C2C=C1)N3C(=O)C4=C5C(=CC=C6C5=C(C=C4)C(=O)N(C6=O)C(C)C7=CC8=CC=CC=C8C=C7)C3=O"
59638933,C32H26N2O6,534.179086552,"CC(C1=CC(=CC=C1)OC)N2C(=O)C3=C4C(=CC=C5C4=C(C=C3)C(=O)N(C5=O)C(C)C6=CC(=CC=C6)OC)C2=O"
59638934,C30H20N4O8,564.1281136,"CC(C1=CC=C(C=C1)[N+](=O)[O-])N2C(=O)C3=C4C(=CC=C5C4=C(C=C3)C(=O)N(C5=O)C(C)C6=CC=C(C=C6)[N+](=O)[O-])C2=O"
59638939,C32H26N2O4,502.18925731199994,"CCC(C1=CC=CC=C1)N2C(=O)C3=C4C(=CC=C5C4=C(C=C3)C(=O)N(C5=O)C(CC)C6=CC=CC=C6)C2=O"
59638941,C36H34N2O4,558.251857568,"CC(C)(C)C(C1=CC=CC=C1)N2C(=O)C3=C4C(=CC=C5C4=C(C=C3)C(=O)N(C5=O)C(C6=CC=CC=C6)C(C)(C)C)C2=O"
59638942,C30H22N2O6,506.14778642399995,"CC(C1=CC=C(C=C1)O)N2C(=O)C3=C4C(=CC=C5C4=C(C=C3)C(=O)N(C5=O)C(C)C6=CC=C(C=C6)O)C2=O"
59638948,C42H30N2O4,626.22055744,"C1=CC=C(C=C1)CC(C2=CC=CC=C2)N3C(=O)C4=C5C(=CC=C6C5=C(C=C4)C(=O)N(C6=O)C(CC7=CC=CC=C7)C8=CC=CC=C8)C3=O"
59638950,C32H26N2O4,502.18925731199994,"CC1=CC=C(C=C1)C(C)N2C(=O)C3=C4C(=CC=C5C4=C(C=C3)C(=O)N(C5=O)C(C)C6=CC=C(C=C6)C)C2=O"
59638953,C30H22N2O6,506.14778642399995,"C1=CC=C(C=C1)C(CO)N2C(=O)C3=C4C(=CC=C5C4=C(C=C3)C(=O)N(C5=O)C(CO)C6=CC=CC=C6)C2=O"
59699515,C67H40N4O14S2,1188.1982439599997,"CC1=CC=C(C=C1)C2(C3=CC=CC=C3C4=CC=CC=C42)C5=CC=C(C=C5)N6C(=O)C7=C8C(=CC=C9C8=C(C=C7)C(=O)N(C9=O)C1=CC(=C(C=C1)C1=C(C=C(C=C1)N1C(=O)C2=C3C(=CC=C4C3=C(C=C2)C(=O)N(C4=O)C)C1=O)S(=O)(=O)O)S(O)(O)O)C6=O"
59711363,C24H26N2O6,438.17908655199994,"C1=CC2=C3C(=CC=C4C3=C1C(=O)N(C4=O)CCCCCO)C(=O)N(C2=O)CCCCCO"
59711364,C68H82N4O19,1258.5573264039997,"CCCCCCN1C(=O)C2=C3C(=CC=C4C3=C(C=C2)C(=O)N(C4=O)CCOCCOC(=O)C(CC(CC)C(=O)OCCOCCN5C(=O)C6=C7C(=CC=C8C7=C(C=C6)C(=O)N(C8=O)CCCC)C5=O)CC(CC(C)C(=O)OCCCCO)C(=O)OCCCC)C1=O"
59711365,C79H82N6O23,1482.5431328839995,"CCCCCCN1C(=O)C2=C3C(=CC=C4C3=C(C=C2)C(=O)N(C4=O)CCOCCOC(=O)C(CC(C)C(=O)OCCOCCN5C(=O)C6=C7C(=CC=C8C7=C(C=C6)C(=O)N(C8=O)CCOCCO)C5=O)CC(CC)C(=O)OCCOCCN9C(=O)C2=C3C(=CC=C4C3=C(C=C2)C(=O)N(C4=O)CCCC)C9=O)C1=O"
59711366,C27H28N2O7,492.1896512359999,"C=CC(=O)OCCCCCN1C(=O)C2=C3C(=CC=C4C3=C(C=C2)C(=O)N(C4=O)CCCCCO)C1=O"
59734863,C42H38N4O8,726.268964176,"CCCCCC(C)N1C(=O)C2=C3C(=CC=C4C3=C(C=C2)C(=O)N(C4=O)N5C(=O)C6=C7C(=CC=C8C7=C(C=C6)C(=O)N(C8=O)C(C)CCCCC)C5=O)C1=O"
59745426,C28H14N2O8,506.07501540799984,"C1=CC(=CC(=C1)N2C(=O)C3=C4C(=CC=C5C4=C(C=C3)C(=O)N(C5=O)C6=CC(=CC=C6)OC=O)C2=O)C(=O)O"
59757649,C21H8N2O4,352.048406736,"CN1C(=O)C2=C3C(=CC=C4C3=C(C=C2)C(=O)N(C4=O)C#CC#CC#C)C1=O"
59765807,C32H36N4O4,540.273655632,"CCCCCCCCN1C(=O)C2=CC(=C3C4=C(C=C(C(=C24)C1=O)C#N)C(=O)N(C3=O)CCCCCCCC)[N+]#[C-]"
59765816,C48H48N4O4,744.367556016,"CC(CCC=C(C)C)CCC1=CC=C(C=C1)N2C(=O)C3=CC(=C4C5=C(C=C(C(=C35)C2=O)C#N)C(=O)N(C4=O)C6=CC=C(C=C6)CCC(C)CCC=C(C)C)[N+]#[C-]"
59770864,C28H17N3O7,507.1066498839999,"CC1=CC(=C(C=C1N2C(=O)C3=C4C(=CC=C5C4=C(C=C3)C(=O)N(C5=O)C6=CC=CC=C6)C2=O)OC)[N+](=O)[O-]"
59770865,C30H21N3O8,551.1328646320001,"CC1=C(C=C(C=C1)OC)N2C(=O)C3=C4C(=CC=C5C4=C(C=C3)C(=O)N(C5=O)C6=CC(=C(C=C6C)[N+](=O)[O-])OC)C2=O"
59770866,C29H19N3O7,521.1222999479999,"CC1=CC=C(C=C1)N2C(=O)C3=C4C(=CC=C5C4=C(C=C3)C(=O)N(C5=O)C6=CC(=C(C=C6C)[N+](=O)[O-])OC)C2=O"
59789035,C26H26N2O4,430.18925731199994,"CC1CCC(C1)N2C(=O)C3=C4C(=CC=C5C4=C(C=C3)C(=O)N(C5=O)C6CCC(C6)C)C2=O"
59789037,C28H30N2O4,458.22055743999994,"CC1CCCCC1N2C(=O)C3=C4C(=CC=C5C4=C(C=C3)C(=O)N(C5=O)C6CCCCC6C)C2=O"
59809407,C34H30N2O4,530.22055744,"CCCCC1=CC=C(C=C1)N2C(=O)C3=C4C(=CC=C5C4=C(C=C3)C(=O)N(C5=O)C6=CC=C(C=C6)C(C)(C)C)C2=O"
59841999,C56H50N4O8,906.3628645600002,"CC(C)(C)C1=CC(=C(C=C1)C(C)(C)C)N2C(=O)C3=C4C(=CC=C5C4=C(C=C3)C(=O)N(C5=O)N6C(=O)C7=C8C(=CC=C9C8=C(C=C7)C(=O)N(C9=O)C1=C(C=CC(=C1)C(C)(C)C)C(C)(C)C)C6=O)C2=O"
59842000,C44H42N4O10,786.2900935440001,"CCCCOCC(CC)N1C(=O)C2=C3C(=CC=C4C3=C(C=C2)C(=O)N(C4=O)N5C(=O)C6=C7C(=CC=C8C7=C(C=C6)C(=O)N(C8=O)C(CC)COCCCC)C5=O)C1=O"
59842001,C52H58N4O10,898.4152940560001,"CCCCCCCCOCC(CC)N1C(=O)C2=C3C(=CC=C4C3=C(C=C2)C(=O)N(C4=O)N5C(=O)C6=C7C(=CC=C8C7=C(C=C6)C(=O)N(C8=O)C(CC)COCCCCCCCC)C5=O)C1=O"
59842002,C48H34N4O8,794.2376640480002,"CCCCC1=CC=CC=C1N2C(=O)C3=C4C(=CC=C5C4=C(C=C3)C(=O)N(C5=O)N6C(=O)C7=C8C(=CC=C9C8=C(C=C7)C(=O)N(C9=O)C1=CC=CC=C1CCCC)C6=O)C2=O"
59842003,C36H26N4O10,674.1648930320001,"CC(COC)N1C(=O)C2=C3C(=CC=C4C3=C(C=C2)C(=O)N(C4=O)N5C(=O)C6=C7C(=CC=C8C7=C(C=C6)C(=O)N(C8=O)C(C)COC)C5=O)C1=O"
59854151,C28H28N6O4+2,512.21610621618,"C[N+]1=CN(C=C1)CCCN2C(=O)C3=C4C(=CC=C5C4=C(C=C3)C(=O)N(C5=O)CCCN6C=C[N+](=C6)C)C2=O"
59859046,C37H35N5O4,613.2689046,"CCC1CCN(C2=CC=CC=C12)N3C(=O)C4=C5C(=C(C=C6C5=C(C(=C4)C)C(=O)N(C6=O)N7CCN(C8=CC=CC=C87)CC)C)C3=O"
59859047,C42H34N4O4,658.258005568,"C1CC=C(C=C1)CCN(C2=CC=CC=C2)N3C(=O)C4=C5C(=CC=C6C5=C(C=C4)C(=O)N(C6=O)N(CCC7=CC=CC=C7)C8=CC=CC=C8)C3=O"
59859049,C52H54N4O4,798.414506208,"CC(C)C1=CC=C(C=C1)N(C2=CCC(C=C2)C(C)(C)C)N3C(=O)C4=C5C(=CC=C6C5=C(C=C4)C(=O)N(C6=O)N(C7=CC=C(C=C7)C(C)C)C8=CC=C(C=C8)C(C)(C)C)C3=O"
59859050,C40H26N4O4,626.195405312,"CC1CC=C2C(=C1)C3=CC=CC=C3N2N4C(=O)C5=C6C(=CC=C7C6=C(C=C5)C(=O)N(C7=O)N8C9=C(C=C(C=C9)C)C1=CC=CC=C18)C4=O"
59859051,C44H50N4O6,730.3730353200001,"CCCC(CC)N(CC1=CC=C(C=C1)OCC)N2C(=O)C3=C4C(=CC=C5C4=C(C=C3)C(=O)N(C5=O)N(CC6=CC=C(C=C6)OCC)C7CCCCC7)C2=O"
59859052,C41H46N4O4,658.351905952,"CCCCCC(C)N(CC1=CC=CC=C1)N2C(=O)C3=C4C(=CC=C5C4=C(C=C3)C(=O)N(C5=O)N(CC6=CC=CC=C6)C(C)CCCC)C2=O"
59859053,C40H44N4O4,644.336255888,"CCCCCC(C)N(C(C)CCCC)N1C(=O)C2=C3C(=CC=C4C3=C(C=C2)C(=O)N(C4=O)N(CC5=CC=CC=C5)C6=CC=CC=C6)C1=O"
59859054,C40H28N4O4,628.211055376,"C1=CC=C(C=C1)CN(C2=CC=CC=C2)N3C(=O)C4=C5C(=CC=C6C5=C(C=C4)C(=O)N(C6=O)N(CC7=CC=CC=C7)C8=CC=CC=C8)C3=O"
59859055,C36H52N4O6,636.388685384,"CCCCCCN(C(C)CCOC)N1C(=O)C2=C3C(=CC=C4C3=C(C=C2)C(=O)N(C4=O)N(CCCCC)C(C)CCOCC)C1=O"
59859057,C34H24N4O4,552.179755248,"CN(C1=CC=CC=C1)N2C(=O)C3=C4C(=CC=C5C4=C(C=C3)C(=O)N(C5=O)N(CC6=CC=CC=C6)C7=CC=CC=C7)C2=O"
59883562,C42H58N6O6,742.441783576,"CN(CCCNC(=O)CC1CCCC1)CCCN2C(=O)C3=C4C(=CC=C5C4=C(C=C3)C(=O)N(C5=O)CCCN(C)CCCNC(=O)CC6CCCC6)C2=O"
59931557,C24H18N2O4,398.12665705599994,"CCC1=CC=CC(=C1N2C(=O)C3=C4C(=CC=C5C4=C(C=C3)C(=O)N(C5=O)C)C2=O)C"
59942894,C18H12N2O8,384.0593653439999,"C1=CC2=C3C(=CC=C4C3=C1C(=O)N(C4=O)CC(O)O)C(=O)N(C2=O)CC(=O)O"
59961301,C46H64N8O6,824.4948817679999,"C1CCC(C1)C(=O)NCCCN2CCN(CC2)CCCN3C(=O)C4=C5C(=CC=C6C5=C(C=C4)C(=O)N(C6=O)CCCN7CCN(CC7)CCCNC(=O)C8CCCC8)C3=O"
59969260,C42H57N5O6,727.430884544,"CN(CCCNC(=O)CC1CCCC1)CCCN2C(=O)C3=C4C(=CC=C5C4=C(C=C3)C(=O)N(C5=O)CCCCCCCNC(=O)CC6CCCC6)C2=O"
59977929,C44H64N6O6+2,772.48763660818,"C[N+](C)(CCCNC(=O)CC1CCCC1)CCCN2C(=O)C3=C4C(=CC=C5C4=C(C=C3)C(=O)N(C5=O)CCC[N+](C)(C)CCCNC(=O)CC6CCCC6)C2=O"
59984083,C24H26N2O6,438.17908655199994,"CCC(COC)N1C(=O)C2=C3C(=CC=C4C3=C(C=C2)C(=O)N(C4=O)C(CC)COC)C1=O"
59984084,C22H22N2O6,410.14778642399995,"CC(COC)N1C(=O)C2=C3C(=CC=C4C3=C(C=C2)C(=O)N(C4=O)C(C)COC)C1=O"
60073736,C46H64N8O6,824.4948817679999,"C1CCC(C1)NC(=O)CCCN2CCN(CC2)CCCN3C(=O)C4=C5C(=CC=C6C5=C(C=C4)C(=O)N(C6=O)CCCN7CCN(CC7)CCCC(=O)NC8CCCC8)C3=O"
60076691,C69H42N4O14S2,1214.2138940239997,"CC1=CC=C(C=C1)C2(C3=CC=CC=C3C4=CC=CC=C42)C5=CC=C(C=C5)N6C(=O)C7=C8C(=CC=C9C8=C(C=C7)C(=O)N(C9=O)C1=CC(=C(C=C1)C1=C(C=C(C=C1)N1C(=O)C2=C3C(=CC=C4C3=C(C=C2)C(=O)N(C4=O)C)C1=O)S(=O)(=O)OC)S(=O)(=O)OC)C6=O"
60076693,C42H32N4O16S4,976.0696149440004,"COS(=O)(=O)C1=C(C=CC(=C1)N)C2=C(C=C(C=C2)N3C(=O)C4=C5C(=CC=C6C5=C(C=C4)C(=O)N(C6=O)C7=CC(=C(C=C7)C8=C(C=C(C=C8)N)S(=O)(=O)OC)S(=O)(=O)OC)C3=O)S(=O)(=O)OC"
60116522,C130H135N23O25+4,2417.9977525003596,"CC(=O)CCN(CCC(=O)C)CCC(=O)NCCCN(CCC(=O)NCCCN(CCC(=O)NCCCN1C(=O)C2=C3C(=CC=C4C3=C(C=C2)C(=O)N(C4=O)C5=CC=[N+](C=C5)C)C1=O)CCC(=O)NCCCN6C(=O)C7=C8C(=CC=C9C8=C(C=C7)C(=O)N(C9=O)C1=CC=[N+](C=C1)C)C6=O)CCC(=O)NCCCN(CCC(=O)NCCCN1C(=O)C2=C3C(=CC=C4C3=C(C=C2)C(=O)N(C4=O)C2=CC=[N+](C=C2)C)C1=O)CCC(=O)NCCCN1C(=O)C2=C3C(=CC=C4C3=C(C=C2)C(=O)N(C4=O)C2=CC=[N+](C=C2)C)C1=O"
60169481,C28H28N4O8,548.1907138559999,"CN(C)CCN1C(=O)C2=C3C(=CC=C4C3=C(C=C2)C(=O)N(C4=O)CCCCCC(=O)ON5C(=O)CCC5=O)C1=O"
60169575,C93H122N12O27,1838.854236643999,"CN(C)CCN1C(=O)C2=C3C(=CC=C4C3=C(C=C2)C(=O)N(C4=O)CCCCCC(=O)NCCOCCOCCOCCOCCC(=O)NCCCOC5=CC(=CC(=C5)C(=O)NCCCCCC(=O)ON6C(=O)CCC6=O)OCCCNC(=O)CCOCCOCCOCCOCCNC(=O)CCCCCN7C(=O)C8=C9C(=CC=C2C9=C(C=C8)C(=O)N(C2=O)CCN(C)C)C7=O)C1=O"
66687578,C22H18N2O8,438.1063155359999,"CCC1=C2C3=C(C=CC4=C3C(=C1CC)C(=O)N(C4=O)CC(=O)O)C(=O)N(C2=O)CC(=O)O"
66880357,C14H6N2O6,298.02258591199995,"C1=CC2=C3C(=CC=C4C3=C1C(=O)N(C4=O)O)C(=O)N(C2=O)O"
67111020,C46H54N2O4,698.408358208,"CCCCCCCCN1C(=O)C2=CC(=C3C4=C(C=C(C(=C24)C1=O)CCC5=CC=CC=C5)C(=O)N(C3=O)CCCCCCCC)CCC6=CC=CC=C6"
68010330,C23H24N2O5,408.16852186799997,"CCCCOCC(CC)N1C(=O)C2=C3C(=CC=C4C3=C(C=C2)C(=O)N(C4=O)C)C1=O"
68010331,C20H18N2O5,366.121571676,"CCC(COC)N1C(=O)C2=C3C(=CC=C4C3=C(C=C2)C(=O)N(C4=O)C)C1=O"
68010332,C22H22N2O4,378.15795718399994,"CCCCCC(C)N1C(=O)C2=C3C(=CC=C4C3=C(C=C2)C(=O)N(C4=O)C)C1=O"
68014712,C19H16N2O5,352.105921612,"CN1C(=O)C2=C3C(=CC=C4C3=C(C=C2)C(=O)N(C4=O)CCCOC)C1=O"
68014713,C47H48N4O9,812.342129116,"CCCCC(CC)COCCCN1C(=O)C2=C3C(=CC=C4C3=C(C=C2)C(=O)N(C4=O)N5C(=O)C6=C7C(=CC=C8C7=C(C=C6)C(=O)N(C8=O)C(C)CCC(C)CC)C5=O)C1=O"
68025185,C39H32N4O8,684.222013984,"CCCCCC(C)N1C(=O)C2=C3C(=CC=C4C3=C(C=C2)C(=O)N(C4=O)N5C(=O)C6=C7C(=CC=C8C7=C(C=C6)C(=O)N(C8=O)C(C)CC)C5=O)C1=O"
68034838,C38H28N4O4,604.211055376,"C1CC=C(C=C1)N(C2CC=CC=C2)N3C(=O)C4=C5C(=CC=C6C5=C(C=C4)C(=O)N(C6=O)N(C7=CC=CC=C7)C8=CC=CC=C8)C3=O"
68035203,C33H44N4O4,560.336255888,"CC1CC(C(N(C1C)N2C(=O)C3=C4C(=CC=C5C4=C(C=C3)C(=O)N(C5=O)N(C(C)C(C)C)C(C)C(C)C)C2=O)C)C"
68171437,C18H14N2O4,322.09535692799994,"CC(C)N1C(=O)C2=C3C(=CC=C4C3=C(C=C2)C(=O)N(C4=O)C)C1=O"
68171438,C20H18N2O4,350.12665705599994,"CCC(C)(C)N1C(=O)C2=C3C(=CC=C4C3=C(C=C2)C(=O)N(C4=O)C)C1=O"
68171439,C19H16N2O4,336.11100699199994,"CCC(C)N1C(=O)C2=C3C(=CC=C4C3=C(C=C2)C(=O)N(C4=O)C)C1=O"
68176795,C24H27N3O4,421.200156344,"CCCCCCC(C)N1C(=O)C2=C3C(=CC=C4C3=C(C=C2)C(=O)N(C4=O)N(C)C)C1=O"
68184396,C30H24N2O4,476.17360724799994,"C=CCC(CC=C)(CC=C)C1=CC=C(C=C1)N2C(=O)C3=C4C(=CC=C5C4=C(C=C3)C(=O)NC5=O)C2=O"
68184397,C38H40N2O4,588.2988077599999,"CCCCCCCCN1C(=O)C2=C3C(=CC=C4C3=C(C=C2)C(=O)N(C4=O)C5=CC=C(C=C5)C(CC=C)(CC=C)CC=C)C1=O"
68184402,C42H48N2O4,644.3614080159999,"CCCCCCCCCCCCN1C(=O)C2=C3C(=CC=C4C3=C(C=C2)C(=O)N(C4=O)C5=CC=C(C=C5)C(CC=C)(CC=C)CC=C)C1=O"
68187264,C31H26N2O4,490.189257312,"CN1C(=O)C2=C3C(=CC=C4C3=C(C=C2)C(=O)N(C4=O)C5=CC=C(C=C5)C(CC=C)(CC=C)CC=C)C1=O"
68195619,C19H16N2O4,336.11100699199994,"CCC(CC)N1C(=O)C2=C3C(=CC=C4C3=C(C=C2)C(=O)NC4=O)C1=O"
68198084,C29H30N4O7,546.2114493,"CN(C)CCN1C(=O)C2=C3C(=CC=C4C3=C(C=C2)C(=O)N(C4=O)CCCCCC(=O)ON5C(=C)CCC5=O)C1=O"
68198085,C24H25N3O6,451.17433551999994,"CN(C)CCN1C(=O)C2=C3C(=CC=C4C3=C(C=C2)C(=O)N(C4=O)CCCCCC(=O)O)C1=O"
68198086,C29H35N3O10,585.2322443199998,"CN(C)CCN1C(=O)C2=C3C(=CC=C4C3=C(C=C2)C(=O)N(C4=O)CCOCCOCCOCCOCCC(=O)O)C1=O"
68198087,C25H28N3O6+,466.1972620360899,"C[N+](C)(C)CCN1C(=O)C2=C3C(=CC=C4C3=C(C=C2)C(=O)N(C4=O)CCCCCC(=O)O)C1=O"
68198091,C27H31N3O5,477.226371092,"CC(C)C(=O)CCCCCN1C(=O)C2=C3C(=CC=C4C3=C(C=C2)C(=O)N(C4=O)CCN(C)C)C1=O"
68206445,C20H20N4O4,380.14845512,"C1=CC2=C3C(=CC=C4C3=C1C(=O)N(C4=O)CCCN)C(=O)N(C2=O)CCCN"
68211136,C36H38N2O4S2,626.227299696,"CCCCCCCN1C(=O)C2=CC(=C3C4=C(C=C(C(=C24)C1=O)C5=CC=CS5)C(=O)N(C3=O)CCCCCCC)C6=CC=CS6"
68213683,C38H38N2O5,602.278072316,"CCC(C)(CC)C1=CC=C(C=C1)OC2=CC=C(C=C2)N3C(=O)C4=C5C(=CC=C6C5=C(C=C4)C(=O)N(C6=O)C(C)(CC)CC)C3=O"
68302568,C32H35N3O4,525.2627566,"CCCCCC1CCC(CC1)N2C(=O)C3=C4C(=CC=C5C4=C(C=C3)C(=O)N(C5=O)C6CCC(CC6)C#N)C2=O"
68316461,C53H58N4O8,878.4254648160002,"CC1=CC2=C3C4=C(C=C5C3=C1C(=O)N(C5=O)CCCCCCCCCCCN6C(=O)C7=C8C(=C(C=C9C8=C(C=C7)C(=O)N(C9=O)CCCCCCCCCCCN(C2=O)C4=O)C)C6=O)C"
68317940,C19H16N2O4,336.111006992,"CCN1C(=O)C2=C3C(=CC=C4C3=C(C=C2)C(=O)N(C4=O)C(C)C)C1=O"
68329935,C48H70N2O12,866.49287568,"CC1CCC(CC1)C(=O)C(C(C)(C)OCC(C)(C)CO)(C(C)(C)OCC(C)(CO)O)OCCCCCN2C(=O)C3=C4C(=CC=C5C4=C(C=C3)C(=O)N(C5=O)CCCCCO)C2=O"
68342889,C28H26N2O5,470.1841719319999,"CCC1=C(C(=CC=C1)CC)N2C(=O)C3=C4C(=CC=C5C4=C(C=C3)C(=O)N(C5=O)C(CC)CO)C2=O"
68366124,C26H30N2O5,450.21547205999997,"CCCCC(CC)COCCCN1C(=O)C2=C3C(=CC=C4C3=C(C=C2)C(=O)N(C4=O)C)C1=O"
68396216,C48H48N4O4,744.367556016,"CC(CCC=C(C)C)CCC1=CC=C(C=C1)N2C(=O)C3=CC(=C4C5=C(C=C(C(=C35)C2=O)C#N)C(=O)N(C4=O)C6=CC=C(C=C6)CCC(C)CCC=C(C)C)C#N"
68454371,C34H42N2O4,542.314457824,"CCCC1(CCCCC1)CN2C(=O)C3=C4C(=CC=C5C4=C(C=C3)C(=O)N(C5=O)CC6(CCCCC6)CCC)C2=O"
68742050,C18H14N2O8,386.0750154079999,"COCON1C(=O)C2=C3C(=CC=C4C3=C(C=C2)C(=O)N(C4=O)OCOC)C1=O"
69493904,C30H10N6O4,518.0763528000001,"C1=CC(=C(C=C1N2C(=O)C3=C4C(=CC=C5C4=C(C=C3)C(=O)N(C5=O)C6=CC(=C(C=C6)C#N)C#N)C2=O)C#N)C#N"
69524720,C26H22N2O5,442.1528718039999,"CC(C)(C)C1=CC=CC=C1N2C(=O)C3=C4C(=CC=C5C4=C(C=C3)C(=O)N(C5=O)CCO)C2=O"
70653651,C46H50N6O4S2,814.33349608,"CCCCCCC(CCCC)CN1C(=O)C2=C3C(=C(SC3=C4C5=C2C(=C6C(=C5C(=O)N(C4=O)CC(CCCC)CCCCCC)C(=C(S6)C#N)C#N)C1=O)C#N)C#N"
70661988,C56H54N2O4,818.408358208,"CCCCC1(C2=CC=CC=C2C3=C1C=C(C=C3)N4C(=O)C5=C6C(=CC=C7C6=C(C=C5)C(=O)N(C7=O)C8=CC9=C(C=C8)C1=CC=CC=C1C9(CCCC)CCCC)C4=O)CCCC"
70662006,C52H46N2O4,762.345757952,"CCCC1(C2=CC=CC=C2C3=C1C=C(C=C3)N4C(=O)C5=C6C(=CC=C7C6=C(C=C5)C(=O)N(C7=O)C8=CC9=C(C=C8)C1=CC=CC=C1C9(CCC)CCC)C4=O)CCC"
70662653,C48H38N2O4,706.283157696,"CCC1(C2=CC=CC=C2C3=C1C=C(C=C3)N4C(=O)C5=C6C(=CC=C7C6=C(C=C5)C(=O)N(C7=O)C8=CC9=C(C=C8)C1=CC=CC=C1C9(CC)CC)C4=O)CC"
70662726,C44H30N2O4,650.22055744,"CC1(C2=CC=CC=C2C3=C1C=C(C=C3)N4C(=O)C5=C6C(=CC=C7C6=C(C=C5)C(=O)N(C7=O)C8=CC9=C(C=C8)C1=CC=CC=C1C9(C)C)C4=O)C"
70667649,C18H8N4O4,344.054554736,"CN1C(=O)C2=CC(=C3C4=C(C=C(C(=C24)C1=O)C#N)C(=O)N(C3=O)C)C#N"
70790827,C31H28N2O4S2,556.149049376,"CCCN1C(=O)C2=C3C4=C(C(=C2)C)C(=O)N(C(=O)C4=CC(=C3C1=O)C5=CC=C(S5)C6=CC=C(S6)C)CC(C)C"
70797852,C32H36N4O4,540.273655632,"CCCCCCCCN1C(=O)C2=CC(=C3C4=C(C=C(C(=C24)C1=O)C#N)C(=O)N(C3=O)CCCCCCCC)C#N"
70813377,C30H18N6O4S2,590.083095056,"CC(C)CN1C(=O)C2=C3C(=C(SC3=C4C5=C2C(=C6C(=C5C(=O)N(C4=O)CC(C)C)C(=C(S6)C#N)C#N)C1=O)C#N)C#N"
70849118,C14H7N3O4,281.04365570400006,"C1=CC2=C3C(=CC=C4C3=C1C(=O)NC4=O)C(=O)N(C2=O)N"
70876454,C36H26N4O8,642.1750637920001,"CCCCCC(C)N1C(=O)C2=C3C(=CC=C4C3=C(C=C2)C(=O)N(C4=O)N5C(=O)C6=C7C(=CC=C8C7=C(C=C6)C(=O)N(C8=O)C)C5=O)C1=O"
70876538,C30H14N4O8,558.0811634080001,"CN1C(=O)C2=C3C(=CC=C4C3=C(C=C2)C(=O)N(C4=O)N5C(=O)C6=C7C(=CC=C8C7=C(C=C6)C(=O)N(C8=O)C)C5=O)C1=O"
70876539,C15H9N3O4,295.059305768,"CN1C(=O)C2=C3C(=CC=C4C3=C(C=C2)C(=O)N(C4=O)N)C1=O"
70876563,C28H27N3O4,469.200156344,"CCCCC1=CC(=C(C=C1)CCCC)N2C(=O)C3=C4C(=CC=C5C4=C(C=C3)C(=O)N(C5=O)N)C2=O"
70876622,C45H33N5O9,787.2278276360001,"CC1=C(C(=CC=C1)C)N2C(=O)C3=C4C(=C(C=C5C4=C(C(=C3)C)C(=O)N(C5=O)N6C(=O)C7=C8C(=CC=C9C8=C(C=C7)C(=O)N(C9=O)C(CCCC#N)COC)C6=O)C)C2=O"
70886266,C20H14N4O4,374.10150492800005,"C1=CC2=C3C(=CC=C4C3=C1C(=O)NC4=O)C(=O)N(C2=O)CCCN5C=CN=C5"
70886426,C32H34N2O8S,606.2035870480001,"CCC(CC1COC2=CSC=C2O1)OCC(C)(CC)N3C(=O)C4=C5C(=CC=C6C5=C(C=C4)C(=O)N(C6=O)C(C)CO)C3=O"
70886445,C29H26N2O7S,546.146072172,"C1CC(CC(C1)N2C(=O)C3=C4C(=CC=C5C4=C(C=C3)C(=O)N(C5=O)CCCO)C2=O)C6COC7=CSC=C7O6"
70929982,C30H30N2O4,482.22055743999994,"CCC(C)(CC)N1C(=O)C2=C3C(=CC=C4C3=C(C=C2)C(=O)N(C4=O)C5=CC=C(C=C5)C(C)(C)C)C1=O"
70972411,C21H20N2O4,364.14230711999994,"CCC(C)(CC)N1C(=O)C2=C3C(=CC=C4C3=C(C=C2)C(=O)N(C4=O)C)C1=O"
70972423,C35H32N2O4,544.2362075039999,"CCC(C)(C)N1C(=O)C2=C3C(=CC=C4C3=C(C=C2)C(=O)N(C4=O)C5=CC=C(C=C5)C6=CC=C(C=C6)C(C)(C)C)C1=O"
70974152,C25H15N3O6,453.09608519999995,"CN1C(=O)C2=CC(=C3C4=C(C=C(C(=C24)C1=O)C#N)C(=O)N(C3=O)C)C(=O)OCC5=CC=CC=C5"
71021195,C33H28N2O6,548.194736616,"CCC(C1=CC=C(C=C1)OC)N2C(=O)C3=C4C(=CC=C5C4=C(C=C3)C(=O)N(C5=O)C(C)C6=CC=C(C=C6)OC)C2=O"
71028312,C26H25N3O4,443.18450628,"CCC(CC)N1C(=O)C2=C3C(=CC=C4C3=C(C=C2)C(=O)N(C4=O)N(C)C5CC=CC=C5)C1=O"
71028313,C21H20N2O4,364.14230711999994,"CCCCCC(C)N1C(=O)C2=C3C(=CC=C4C3=C(C=C2)C(=O)NC4=O)C1=O"
71028339,C28H29N3O4,471.215806408,"CCCC(CCC)N1C(=O)C2=C3C(=CC=C4C3=C(C=C2)C(=O)N(C4=O)N(C)C5CC=CC=C5)C1=O"
71028341,C33H31N3O4,533.231456472,"CCCCCC(C)N1C(=O)C2=C3C(=CC=C4C3=C(C=C2)C(=O)N(C4=O)N(C5CC=CC=C5)C6=CC=CC=C6)C1=O"
71028354,C19H15N3O4,349.10625596,"C1CCN(CC1)N2C(=O)C3=C4C(=CC=C5C4=C(C=C3)C(=O)NC5=O)C2=O"
71028362,C26H25N3O4,443.18450628,"CCC(C)N1C(=O)C2=C3C(=CC=C4C3=C(C=C2)C(=O)N(C4=O)N(CC)C5CC=CC=C5)C1=O"
71028363,C28H21N3O4,463.153206152,"CCN1C(=O)C2=C3C(=CC=C4C3=C(C=C2)C(=O)N(C4=O)N(C5=CC=CCC5)C6=CC=CC=C6)C1=O"
71028364,C24H26N4O4,434.195405312,"CCCC(C)N1C(=O)C2=C3C(=CC=C4C3=C(C=C2)C(=O)N(C4=O)N5CCN(CC5)C)C1=O"
71031772,C20H18N2O4,350.126657056,"CCN1C(=O)C2=C3C(=CC=C4C3=C(C=C2)C(=O)N(C4=O)C(C)(C)C)C1=O"
71048800,C31H24N2O6,520.163436488,"CC1=C(C=C(C=C1)OC)N2C(=O)C3=C4C(=CC=C5C4=C(C=C3)C(=O)N(C5=O)C6=CC(=C(C=C6C)C)OC)C2=O"
71066932,C29H20N2O4,460.14230711999994,"CC1=CC(=C(C=C1C)N2C(=O)C3=C4C(=CC=C5C4=C(C=C3)C(=O)N(C5=O)C6=CC=CC=C6)C2=O)C"
71078489,C40H58N2O4,630.439658336,"CC(CCN1C(=O)C2=C3C(=CC=C4C3=C(C=C2)C(=O)N(C4=O)CCC(C)CC(C)(C)CC(C)(C)C)C1=O)CC(C)(C)CC(C)(C)C"
71088188,C36H22N2O4,546.157957184,"C1C=CC=C1C2=CC(=CC=C2)N3C(=O)C4=C5C(=CC=C6C5=C(C=C4)C(=O)N(C6=O)C7=CC=CC(=C7)C8=CC=CC8)C3=O"
71088189,C44H38N2O4,658.283157696,"CC1=CC(=CC(=C1N2C(=O)C3=C4C(=C(C(=C5C4=C(C(=C3C)C)C(=O)N(C5=O)C6=C(C=C(C=C6C)C7=CC=CC7)C)C)C)C2=O)C)C8=CC=CC8"
71088190,C36H22N2O4,546.157957184,"C1C=CC=C1C2=CC=CC=C2N3C(=O)C4=C5C(=CC=C6C5=C(C=C4)C(=O)N(C6=O)C7=CC=CC=C7C8=CC=CC8)C3=O"
71088191,C38H26N2O4,574.1892573120001,"CC1=CC2=C3C(=C(C=C4C3=C1C(=O)N(C4=O)C5=CC=CC=C5C6=CC=CC6)C)C(=O)N(C2=O)C7=CC=CC=C7C8=CC=CC8"
71088192,C37H22N2O4,558.157957184,"C1C=CC(=C1)C2=CC=C(C=C2)N3C(=O)C4=C5C(=CC=C6C5=C(C=C4)C(=O)N(C6=O)C7=CC=C(C=C7)C8=CC=CC=C8)C3=O"
71088193,C35H27N3O4,553.2001563439999,"CCN(CC)C1=CC=C(C=C1)N2C(=O)C3=C4C(=CC=C5C4=C(C=C3)C(=O)N(C5=O)C6=CC=C(C=C6)C7=CCC=C7)C2=O"
71088194,C37H22N2O5,574.152871804,"C1C=CC(=C1)C2=CC=C(C=C2)N3C(=O)C4=C5C(=CC=C6C5=C(C=C4)C(=O)N(C6=O)C7=CC(=CC=C7)OC8=CC=CC=C8)C3=O"
71088198,C37H23N3O4,573.168856216,"C1C=CC(=C1)C2=CC=C(C=C2)N3C(=O)C4=C5C(=CC=C6C5=C(C=C4)C(=O)N(C6=O)C7=CC=CC(=C7)NC8=CC=CC=C8)C3=O"
71088202,C38H24N2O4,572.1736072479999,"C1C=CC(=C1)C2=CC=C(C=C2)N3C(=O)C4=C5C(=CC=C6C5=C(C=C4)C(=O)N(C6=O)C7=CC=C(C=C7)CC8=CC=CC=C8)C3=O"
71088204,C38H24N2O5,588.168521868,"C1C=CC(=C1)C2=CC=C(C=C2)N3C(=O)C4=C5C(=CC=C6C5=C(C=C4)C(=O)N(C6=O)C7=CC=C(C=C7)OCC8=CC=CC=C8)C3=O"
71088206,C38H22N2O5,586.152871804,"C1C=CC(=C1)C2=CC=C(C=C2)N3C(=O)C4=C5C(=CC=C6C5=C(C=C4)C(=O)N(C6=O)C7=CC=CC(=C7)C(=O)C8=CC=CC=C8)C3=O"
71088208,C38H32N2O5,596.2311221240001,"CCC(CC)COCC1=CC(=CC=C1)N2C(=O)C3=C4C(=CC=C5C4=C(C=C3)C(=O)N(C5=O)C6=CC=C(C=C6)C7=CCC=C7)C2=O"
71088259,C34H22N2O6,554.1477864240001,"CCOC(=O)C1=CC(=CC=C1)N2C(=O)C3=C4C(=CC=C5C4=C(C=C3)C(=O)N(C5=O)C6=CC=C(C=C6)C7=CCC=C7)C2=O"
71088264,C36H21N3O5,575.148120772,"C1C=CC(=C1)C2=CC=C(C=C2)N3C(=O)C4=C5C(=CC=C6C5=C(C=C4)C(=O)N(C6=O)C7=CC(=CC=C7)OC8=CC=CC=N8)C3=O"
71088266,C45H31N3O4,677.231456472,"C1C=CC(=C1)C2=CC=C(C=C2)N3C(=O)C4=C5C(=CC=C6C5=C(C=C4)C(=O)N(C6=O)C7=CC(=CC=C7)N(CC8=CC=CC=C8)CC9=CC=CC=C9)C3=O"
71088269,C39H24N2O6,616.163436488,"C1C=CC(=C1)C2=CC=C(C=C2)N3C(=O)C4=C5C(=CC=C6C5=C(C=C4)C(=O)N(C6=O)C7=CC=CC(=C7)C(=O)OCC8=CC=CC=C8)C3=O"
71088398,C30H17N3O4,483.121906024,"C1C=CC(=C1)C2=CC=C(C=C2)N3C(=O)C4=C5C(=CC=C6C5=C(C=C4)C(=O)N(C6=O)C7=CC=CC=N7)C3=O"
71088400,C34H24N2O5,540.168521868,"CC(C)OC1=CC=CC(=C1)N2C(=O)C3=C4C(=CC=C5C4=C(C=C3)C(=O)N(C5=O)C6=CC=C(C=C6)C7=CCC=C7)C2=O"
71088401,C40H35N3O5,637.25767122,"CCCCN(CCCC)C(=O)C1=CC(=CC=C1)N2C(=O)C3=C4C(=CC=C5C4=C(C=C3)C(=O)N(C5=O)C6=CC=C(C=C6)C7=CCC=C7)C2=O"
71088402,C39H23N3O5,613.163770836,"CC1=CC2=C(C=C1)OC(=N2)C3=CC=C(C=C3)N4C(=O)C5=C6C(=CC=C7C6=C(C=C5)C(=O)N(C7=O)C8=CC=C(C=C8)C9=CCC=C9)C4=O"
71088403,C44H26N2O4,646.189257312,"C1C=CC=C1C2=CC=C(C3=CC=CC=C32)N4C(=O)C5=C6C(=CC=C7C6=C(C=C5)C(=O)N(C7=O)C8=CC=C(C9=CC=CC=C98)C1=CC=CC1)C4=O"
71088407,C34H21N3O4S2,599.097348152,"C1CSC(=N1)SC2=CC=CC=C2N3C(=O)C4=C5C(=CC=C6C5=C(C=C4)C(=O)N(C6=O)C7=CC=C(C=C7)C8=CCC=C8)C3=O"
71088501,C42H30N2O7,674.2053013000001,"CC(C1=CC(=CC=C1)N2C(=O)C3=C4C(=CC=C5C4=C(C=C3)C(=O)N(C5=O)C6=CC=C(C=C6)C7=CCC=C7)C2=O)OC(=O)CCC(=O)C8=CC=CC8"
71088502,C36H24N2O6,580.163436488,"CC=CC(=O)OCC1=CC(=CC=C1)N2C(=O)C3=C4C(=CC=C5C4=C(C=C3)C(=O)N(C5=O)C6=CC=C(C=C6)C7=CCC=C7)C2=O"
71088505,C36H26N2O6,582.1790865520001,"CCC(=O)OC(C)C1=CC(=CC=C1)N2C(=O)C3=C4C(=CC=C5C4=C(C=C3)C(=O)N(C5=O)C6=CC=C(C=C6)C7=CCC=C7)C2=O"
71088511,C38H24N2O6,604.163436488,"C1C=CC(=C1)C2=CC=C(C=C2)N3C(=O)C4=C5C(=CC=C6C5=C(C=C4)C(=O)N(C6=O)C7=CC=C(C=C7)C(=O)OCC8=CC=CC8)C3=O"
71088517,C38H26N2O5,590.184171932,"C1C=CC(=C1)C2=CC=C(C=C2)N3C(=O)C4=C5C(=CC=C6C5=C(C=C4)C(=O)N(C6=O)C7=CC=C(C=C7)OCCC8=CC=CC8)C3=O"
71090444,C44H36N2O5,672.262422252,"CCC(=C1CC(CC1C2=CC=C(C=C2)N3C(=O)C4=C5C(=CC=C6C5=C(C=C4)C(=O)N(C6=O)C7=CC=CC(=C7)C(=O)C8=CC=CC=C8)C3=O)C)CC"
71100205,C31H28N4O5S,568.178040996,"CCC1=CC=CC(=C1N2C(=O)C3=C4C(=CC=C5C4=C(C=C3)C(=O)N(C5=O)N(CC(C)OC)C6=NC(=CS6)C)C2=O)C"
71100208,C23H19N3O6S,465.09945632800003,"CC(COCCN1C(=O)C2=C3C(=CC=C4C3=C(C=C2)C(=O)N(C4=O)C5=NC=CS5)C1=O)OC"
71101284,C24H26N2O6,438.1790865519999,"CCCCC(N1C(=O)C2=C3C(=CC=C4C3=C(C=C2)C(=O)N(C4=O)C(CCCC)O)C1=O)O"
71101285,C22H22N2O6,410.1477864239999,"CCCCN1C(=O)C2=C3C(=CC=C4C3=C(C=C2)C(=O)N(C4=O)CCOCCO)C1=O"
71132911,C32H28N2O4S2,568.149049376,"CSCC(C1=CCCC=C1)N2C(=O)C3=C4C(=CC=C5C4=C(C=C3)C(=O)N(C5=O)C(CSC)C6=CC=CC=C6)C2=O"
71163447,C47H48N4O8,796.3472144960001,"CCCCCC(C)N1C(=C)C2=C3C(=CC=C4C3=C(C=C2)C(=O)N(C4=O)N5C(=O)C6=C7C(=CC=C8C7=C(C=C6)C(=O)N(C8=O)CCCOCC(CC)CCCC)C5=O)C1=O"
71166096,C45H50N4O4,710.38320608,"CCC1=C(C(=CC=C1)C(C)C)N2C(=O)C3=CC(=C4C5=C3C(=C(C=C5C(=O)N(C4=O)C6=C(C=CC=C6C(C)C)C(C)C)N7CCCC7)C2=O)N8CCCC8"
71168526,C24H19N3O4,413.137556088,"CC(C)(C)C1=CC(=CC=C1)N2C(=O)C3=C4C(=CC=C5C4=C(C=C3)C(=O)N(C5=O)N)C2=O"
71168539,C48H36N4O8,796.2533141120001,"CC(C)(C)C1CC(=CC=C1)N2C(=O)C3=C4C(=CC=C5C4=C(C=C3)C(=O)N(C5=O)N6C(=O)C7=C8C(=CC=C9C8=C(C=C7)C(=O)N(C9=O)C1=CC=CC(=C1)C(C)(C)C)C6=O)C2=O"
71168540,C35H24N4O8,628.159413728,"CCCCCC(C)N1C(=O)C2=C3C(=CC=C4C3=C(C=C2)C(=O)N(C4=O)N5C(=O)C6=C7C(=CC=C8C7=C(C=C6)C(=O)NC8=O)C5=O)C1=O"
71168581,C48H40N4O8,800.2846142400001,"CC(C)(C)C1CCCC(C1)N2C(=O)C3=C4C(=CC=C5C4=C(C=C3)C(=O)N(C5=O)N6C(=O)C7=C8C(=CC=C9C8=C(C=C7)C(=O)N(C9=O)C1=CC=CC(=C1)C(C)(C)C)C6=O)C2=O"
71168582,C29H12N4O8,544.065513344,"CN1C(=O)C2=C3C(=CC=C4C3=C(C=C2)C(=O)N(C4=O)N5C(=O)C6=C7C(=CC=C8C7=C(C=C6)C(=O)NC8=O)C5=O)C1=O"
71171298,C40H30N2O4,602.22055744,"CC1=CC(=CC(=C1N2C(=O)C3=C4C(=CC=C5C4=C(C=C3)C(=O)N(C5=O)C6=C(C=C(C=C6C)C7=CC=CC7)C)C2=O)C)C8=CC=CC8"
71171301,C36H22N2O4,546.157957184,"C1C=CC=C1C2=CC=C(C=C2)N3C(=O)C4=C5C(=CC=C6C5=C(C=C4)C(=O)N(C6=O)C7=CC=C(C=C7)C8=CC=CC8)C3=O"
71196084,C35H34N2O4,546.251857568,"CCCCC1C=CC(=CC1C)N2C(=O)C3=C4C(=CC=C5C4=C(C=C3)C(=O)N(C5=O)C6=CC=C(C=C6)CCCC)C2=O"
71209840,C29H38N4O7,554.274049556,"CN(C)CCCN1C(=O)C2=C3C(=CC=C4C3=C(C=C2)C(=O)N(C4=O)CCCOCCOCCOCCCN)C1=O"
71209842,C34H48N4O10,672.3370437359999,"C1=CC2=C3C(=CC=C4C3=C1C(=O)N(C4=O)CCCOCCOCCOCCCN)C(=O)N(C2=O)CCCOCCOCCOCCCN"
71264335,C50H44N4O4,764.336255888,"CC(C)C1=C(C(=CC=C1)C(C)C)N2C(=O)C3=C4C5=CC=CC=C5NC4=C6C7=C3C(=C8C(=C7C(=O)N(C6=O)C9=C(C=CC=C9C(C)C)C(C)C)C1=CC=CC=C1N8)C2=O"
71264342,C52H42N6O4,814.3267538240001,"CC(C)C1=C(C(=CC=C1)C(C)C)N2C(=O)C3=C4C5=C(C=CC(=C5)C#N)NC4=C6C7=C3C(=C8C(=C7C(=O)N(C6=O)C9=C(C=CC=C9C(C)C)C(C)C)C1=C(N8)C=CC(=C1)C#N)C2=O"
72486981,C40H34N2O6,638.241686808,"C1CCC(C1)C=CC(=O)OCC2=CC(=CC=C2)N3C(=O)C4=C5C(=CC=C6C5=C(C=C4)C(=O)N(C6=O)C7=CC=C(C=C7)C8CCCC8)C3=O"
72487003,C36H28N2O6,584.194736616,"CC=CC(=O)OCC1=CC(=CC=C1)N2C(=O)C3=C4C(=CC=C5C4=C(C=C3)C(=O)N(C5=O)C6=CC=C(C=C6)C7CCCC7)C2=O"
72487030,C39H32N2O6,624.226036744,"C1CCC(C1)C=CC(=O)OC2=CC=CC(=C2)N3C(=O)C4=C5C(=CC=C6C5=C(C=C4)C(=O)N(C6=O)C7=CC=C(C=C7)C8CCCC8)C3=O"
72487050,C34H26N2O4,526.189257312,"CC=CC1=CC=C(C=C1)N2C(=O)C3=C4C(=CC=C5C4=C(C=C3)C(=O)N(C5=O)C6=CC=C(C=C6)C7CCCC7)C2=O"
72487060,C39H34N2O4,594.251857568,"CC(=CC1CCCC1)C2=CC=C(C=C2)N3C(=O)C4=C5C(=CC=C6C5=C(C=C4)C(=O)N(C6=O)C7=CC=C(C=C7)C8CCCC8)C3=O"
72487072,C38H32N2O4,580.2362075039999,"C1CCC(C1)C=CC2=CC=C(C=C2)N3C(=O)C4=C5C(=CC=C6C5=C(C=C4)C(=O)N(C6=O)C7=CC=C(C=C7)C8CCCC8)C3=O"
78128287,C26H30N2O6,466.21038667999994,"CC(C)CC(CO)N1C(=O)C2=C3C(=CC=C4C3=C(C=C2)C(=O)N(C4=O)C(CC(C)C)CO)C1=O"
85984912,C26H30N2O4,434.22055743999994,"CCCCCCCCCCCCN1C(=O)C2=C3C(=CC=C4C3=C(C=C2)C(=O)NC4=O)C1=O"
86074585,C44H42N4O8,754.3002643040002,"CCCCCCCC(C)N1C(=O)C2=C3C(=CC=C4C3=C(C=C2)C(=O)N(C4=O)N5C(=O)C6=C7C(=CC=C8C7=C(C=C6)C(=O)N(C8=O)C(C)CCCCC)C5=O)C1=O"
87332367,C68H86N4O8+2,1086.6434685521801,"CCCCCCO[N+](C1=CC=CC=C1)(C2=CC=C(C=C2)CCCN3C(=O)C4=C5C(=CC=C6C5=C(C=C4)C(=O)N(C6=O)CCCC7=CC=C(C=C7)[N+](C8=CC=CC=C8)(OCCCCCC)OCCCCCC)C3=O)OCCCCCC"
87558058,C16H10N2O10S2,453.9776865199999,"CS(=O)(=O)ON1C(=O)C2=C3C(=CC=C4C3=C(C=C2)C(=O)N(C4=O)OS(=O)(=O)C)C1=O"
87902847,C18H10N2O8,382.0437152799999,"CC(=O)ON1C(=O)C2=C3C(=CC=C4C3=C(C=C2)C(=O)N(C4=O)OC(=O)C)C1=O"
87902886,C20H14N2O8,410.0750154079999,"CCC(=O)ON1C(=O)C2=C3C(=CC=C4C3=C(C=C2)C(=O)N(C4=O)OC(=O)CC)C1=O"
87902888,C26H26N2O8,494.1689157919999,"CCCCCC(=O)ON1C(=O)C2=C3C(=CC=C4C3=C(C=C2)C(=O)N(C4=O)OC(=O)CCCCC)C1=O"
88399558,C48H48N4O16,936.3065314560002,"CC(=O)OC1C(OC(C(C1OC(=O)C)N)OCC2=CC=CC=C2)CN3C(=O)C4=C5C(=CC=C6C5=C(C=C4)C(=O)N(C6=O)CC7C(C(C(C(O7)OCC8=CC=CC=C8)N)OC(=O)C)OC(=O)C)C3=O"
88399562,C64H60N4O20,1204.38009032,"CC(=O)OC1C(OC(C(C1OC(=O)C)NC(=O)OCC2=CC=CC=C2)OCC3=CC=CC=C3)CN4C(=O)C5=C6C(=CC=C7C6=C(C=C5)C(=O)N(C7=O)CC8C(C(C(C(O8)OCC9=CC=CC=C9)NC(=O)OCC1=CC=CC=C1)OC(=O)C)OC(=O)C)C4=O"
88554815,C62H62N8O8S2,1110.413202944,"CCCCCCN1C(=O)C2=C3C(=CC(=C4C3=C(C=C2)C(=O)N(C4=O)CCCCCC)C5=CC=C(S5)C6=NN=C(N=N6)C7=CC=C(S7)C8=C9C2=C(C=CC3=C2C(=C8)C(=O)N(C3=O)CCCCCC)C(=O)N(C9=O)CCCCCC)C1=O"
88869989,C33H38N4O12,682.248622656,"CN(C)CCN1C(=O)C2=C3C(=CC=C4C3=C(C=C2)C(=O)N(C4=O)CCOCCOCCOCCOCCC(=O)ON5C(=O)CCC5=O)C1=O"
88869990,C29H31N4O8+,563.2136403720899,"C[N+](C)(C)CCN1C(=O)C2=C3C(=CC=C4C3=C(C=C2)C(=O)N(C4=O)CCCCCC(=O)ON5C(=O)CCC5=O)C1=O"
88870136,C81H106N10O22,1570.7483150319995,"CC1=CC(=CC(=C1)OCCCNC(=O)OCCOCCOCCOCCNC(=O)CCCCCN2C(=O)C3=C4C(=CC=C5C4=C(C=C3)C(=O)N(C5=O)CCN(C)C)C2=O)OCCCNC(=O)CCOCCOCCOCCOCCNC(=O)CCCCCN6C(=O)C7=C8C(=CC=C9C8=C(C=C7)C(=O)N(C9=O)CCN(C)C)C6=O"
88870150,C85H113N11O23,1655.8010788759993,"CCNC(=O)C1=CC(=CC(=C1)OCCCNC(=O)CCOCCOCCOCCOCCNC(=O)CCCCCN2C(=O)C3=C4C(=CC=C5C4=C(C=C3)C(=O)N(C5=O)CCN(C)C)C2=O)OCCCNC(=O)CCOCCOCCOCCOCCNC(=O)CCCCCN6C(=O)C7=C8C(=CC=C9C8=C(C=C7)C(=O)N(C9=O)CCN(C)C)C6=O"
88876064,C50H58N6O4S4,934.340238336,"CCCCCCC(CCCCCC)CN1C(=O)C2=C3C(=C4C5=C2C(=C6C(=C5C(=O)N(C4=O)CC(CCCCCC)CCCCCC)SC(=C(C#N)C#N)S6)C1=O)SC(=C(C#N)C#N)S3"
88876065,C62H82N6O4S4,1102.5280391039998,"CCCCCCCCCCC(CCCCCCCC)CN1C(=O)C2=C3C(=C4C5=C2C(=C6C(=C5C(=O)N(C4=O)CC(CCCCCCCC)CCCCCCCCCC)SC(=C(C#N)C#N)S6)C1=O)SC(=C(C#N)C#N)S3"
88876066,C54H66N6O4S4,990.402838592,"CCCCCCCCC(CCCCCC)CN1C(=O)C2=C3C(=C4C5=C2C(=C6C(=C5C(=O)N(C4=O)CC(CCCCCC)CCCCCCCC)SC(=C(C#N)C#N)S6)C1=O)SC(=C(C#N)C#N)S3"
88876067,C46H50N6O4S4,878.27763808,"CCCCCCC(CCCC)CN1C(=O)C2=C3C(=C4C5=C2C(=C6C(=C5C(=O)N(C4=O)CC(CCCC)CCCCCC)SC(=C(C#N)C#N)S6)C1=O)SC(=C(C#N)C#N)S3"
88876068,C80H108N4O4S4,1316.725341936,"CCCCCCCCCCCCC(CCCCCCCCCC)CN1C(=O)C2=C3C(=C4C5=C2C(=C6C(=C5C(=O)N(C4=O)CC(CCCCCCCCCC)CCCCCCCCCCCC)SC(=C(C#N)C7=CC=CC=C7)S6)C1=O)SC(=C(C#N)C8=CC=CC=C8)S3"
88876069,C70H98N6O4S4,1214.6532396159998,"CCCCCCCCCCCCC(CCCCCCCCCC)CN1C(=O)C2=C3C(=C4C5=C2C(=C6C(=C5C(=O)N(C4=O)CC(CCCCCCCCCC)CCCCCCCCCCCC)SC(=C(C#N)C#N)S6)C1=O)SC(=C(C#N)C#N)S3"
88876121,C62H82N6O4S2,1038.5838971039998,"CCCCCCCCCCC(CCCCCCCC)CN1C(=O)C2=C3C(=C(SC3=C4C5=C2C(=C6C(=C5C(=O)N(C4=O)CC(CCCCCCCC)CCCCCCCCCC)C(=C(S6)C#N)C#N)C1=O)C#N)C#N"
88876122,C70H98N6O4S2,1150.709097616,"CCCCCCCCCCCCC(CCCCCCCCCC)CN1C(=O)C2=C3C(=C(SC3=C4C5=C2C(=C6C(=C5C(=O)N(C4=O)CC(CCCCCCCCCC)CCCCCCCCCCCC)C(=C(S6)C#N)C#N)C1=O)C#N)C#N"
88908401,C29H20N2O8S,556.0940366,"CC1=CC=C(C=C1)N2C(=O)C3=C4C(=CC=C5C4=C(C=C3)C(=O)N(C5=O)C6=CC(=C(C=C6)OC)CS(=O)(=O)O)C2=O"
88908402,C30H22N2O11S2,650.0665015240002,"CC1=C(C=C(C=C1)N2C(=O)C3=C4C(=CC=C5C4=C(C=C3)C(=O)N(C5=O)C6=CC(=C(C=C6)OC)CS(=O)(=O)O)C2=O)S(=O)(=O)OC"
88908404,C42H30N2O14S3,882.0859166400004,"CC1=CC(=CC=C1)N2C(=O)C3=C4C(=CC=C5C4=C(C=C3)C(=O)N(C5=O)C6=CC(=CC=C6)OC7=C(C=C(C=C7)S(=O)(=O)C8=CC(=C(C=C8)OC)CS(=O)(=O)O)S(=O)(=O)OC)C2=O"
88938651,C52H76N2O15,968.5245697319999,"CC(C)(CO)COC(C)(C)C(C(=O)C1CCC(CC1)C(=O)C(C)(CO)CO)(C(C)(C)OCC(C)(CO)O)OCCCCCN2C(=O)C3=C4C(=CC=C5C4=C(C=C3)C(=O)N(C5=O)CCCCCO)C2=O"
88957982,C66H92N4O8S4,1196.5797999039999,"CCCCCCCCCCC(CCCCCCCC)CN1C(=O)C2=C3C(=C4C5=C2C(=C6C(=C5C(=O)N(C4=O)CC(CCCCCCCC)CCCCCCCCCC)SC(=C(C#N)C(=O)OCC)S6)C1=O)SC(=C(C#N)C(=O)OCC)S3"
88957983,C74H108N4O8S4,1308.7050004159998,"CCCCCCCCCCC(CCCCCCCC)CN1C(=O)C2=C3C(=C4C5=C2C(=C6C(=C5C(=O)N(C4=O)CC(CCCCCCCC)CCCCCCCCCC)SC(=C(C#N)C(=O)OCCCCCC)S6)C1=O)SC(=C(C#N)C(=O)OCCCCCC)S3"
88958015,C56H70N6O4S4,1018.43413872,"CCCCCCCCC(CCCCCC)CCN1C(=O)C2=C3C(=C4C5=C2C(=C6C(=C5C(=O)N(C4=O)CCC(CCCCCC)CCCCCCCC)SC(=C(C#N)C#N)S6)C1=O)SC(=C(C#N)C#N)S3"
88980160,C153H64N14O44S,2832.2921523280024,"CN1C(=O)C2=C3C(=CC=C4C3=C(C=C2)C(=O)N(C4=O)C5=CC(=C(C=C5)OC6=CC=C(C=C6)C7=CC(=CC(=C7)N8C(=O)C9=C2C(=CC=C3C2=C(C=C9)C(=O)N(C3=O)C2=CC(=CC(=C2)C(=O)O)N2C(=O)C3=C4C(=CC=C5C4=C(C=C3)C(=O)N(C5=O)C3=CC(=CC(=C3)C(=O)O)N3C(=O)C4=C5C(=CC=C6C5=C(C=C4)C(=O)N(C6=O)C4=CC(=CC(=C4)N4C(=O)C5=C6C(=CC=C7C6=C(C=C5)C(=O)N(C7=O)C5=CC(=CC(=C5)N5C(=O)C6=C7C(=CC=C9C7=C(C=C6)C(=O)N(C9=O)C6=CC(=CC(=C6)N6C(=O)C7=C9C(=CC=C%10C9=C(C=C7)C(=O)NC%10=O)C6=O)C(=O)O)C5=O)C(=O)O)C4=O)C(=O)O)C3=O)C2=O)C8=O)C(=O)O)S(=O)(=O)O)C1=O"
88989039,C70H98N6O4S4,1214.6532396159998,"CCCCCCCCCCCCC(CCCCCCCCCC)CN1C(=O)C2=C3C(=C4C5=C2C(=C6C(=C5C(=O)N(C4=O)CC(CCCCCCCCCC)CCCCCCCCCCCC)SC(=C([N+]#[C-])[N+]#[C-])S6)C1=O)SC(=C(C#N)C#N)S3"
88989040,C62H82N6O4S4,1102.5280391039998,"CCCCCCCCCCC(CCCCCCCC)CN1C(=O)C2=C3C(=C4C5=C2C(=C6C(=C5C(=O)N(C4=O)CC(CCCCCCCC)CCCCCCCCCC)SC(=C([N+]#[C-])[N+]#[C-])S6)C1=O)SC(=C(C#N)C#N)S3"
88989041,C54H66N6O4S4,990.402838592,"CCCCCCCCC(CCCCCC)CN1C(=O)C2=C3C(=C4C5=C2C(=C6C(=C5C(=O)N(C4=O)CC(CCCCCC)CCCCCCCC)SC(=C([N+]#[C-])[N+]#[C-])S6)C1=O)SC(=C(C#N)C#N)S3"
88989042,C50H58N6O4S4,934.340238336,"CCCCCCC(CCCCCC)CN1C(=O)C2=C3C(=C4C5=C2C(=C6C(=C5C(=O)N(C4=O)CC(CCCCCC)CCCCCC)SC(=C([N+]#[C-])[N+]#[C-])S6)C1=O)SC(=C(C#N)C#N)S3"
88989043,C46H50N6O4S4,878.27763808,"CCCCCCC(CCCC)CN1C(=O)C2=C3C(=C4C5=C2C(=C6C(=C5C(=O)N(C4=O)CC(CCCC)CCCCCC)SC(=C([N+]#[C-])[N+]#[C-])S6)C1=O)SC(=C(C#N)C#N)S3"
88989044,C56H70N6O4S4,1018.43413872,"CCCCCCCCC(CCCCCC)CCN1C(=O)C2=C3C(=C4C5=C2C(=C6C(=C5C(=O)N(C4=O)CCC(CCCCCC)CCCCCCCC)SC(=C([N+]#[C-])[N+]#[C-])S6)C1=O)SC(=C(C#N)C#N)S3"
88989045,C38H34N6O4S4,766.1524375680001,"CCCCC(CC)CN1C(=O)C2=C3C(=C4C5=C2C(=C6C(=C5C(=O)N(C4=O)CC(CC)CCCC)SC(=C([N+]#[C-])[N+]#[C-])S6)C1=O)SC(=C(C#N)C#N)S3"
88989046,C24H6N6O4S4,569.933336672,"CN1C(=O)C2=C3C(=C4C5=C2C(=C6C(=C5C(=O)N(C4=O)C)SC(=C([N+]#[C-])[N+]#[C-])S6)C1=O)SC(=C(C#N)C#N)S3"
88989047,C66H92N4O8S4,1196.5797999039999,"CCCCCCCCCCC(CCCCCCCC)CN1C(=O)C2=C3C(=C4C5=C2C(=C6C(=C5C(=O)N(C4=O)CC(CCCCCCCC)CCCCCCCCCC)SC(=C(C(=O)OCC)[N+]#[C-])S6)C1=O)SC(=C(C#N)C(=O)OCC)S3"
88989048,C40H40N4O8S4,832.17289824,"CCCCC(CC)COC(=O)C(=C1SC2=C3C4=C5C(=C2S1)C(=O)N(C(=O)C5=C6C(=C4C(=O)N(C3=O)C)SC(=C(C(=O)OCC(CC)CCCC)[N+]#[C-])S6)C)C#N"
88989049,C74H108N4O8S4,1308.7050004159998,"CCCCCCCCCCC(CCCCCCCC)CN1C(=O)C2=C3C(=C4C5=C2C(=C6C(=C5C(=O)N(C4=O)CC(CCCCCCCC)CCCCCCCCCC)SC(=C(C(=O)OCCCCCC)[N+]#[C-])S6)C1=O)SC(=C(C#N)C(=O)OCCCCCC)S3"
88989050,C80H108N4O4S4,1316.725341936,"CCCCCCCCCCCCC(CCCCCCCCCC)CN1C(=O)C2=C3C(=C4C5=C2C(=C6C(=C5C(=O)N(C4=O)CC(CCCCCCCCCC)CCCCCCCCCCCC)SC(=C(C7=CC=CC=C7)[N+]#[C-])S6)C1=O)SC(=C(C#N)C8=CC=CC=C8)S3"
88989052,C70H98N6O4S4,1214.6532396159998,"CCCCCCCCCCCCC(CCCCCCCCCC)CN1C(=O)C2=C3C(=C4C5=C2C(=C6C(=C5C(=O)N(C4=O)CC(CCCCCCCCCC)CCCCCCCCCCCC)SC(=C(S6)[N+]#[C-])[N+]#[C-])C1=O)SC(=C(S3)C#N)C#N"
88989053,C62H82N6O4S4,1102.5280391039998,"CCCCCCCCCCC(CCCCCCCC)CN1C(=O)C2=C3C(=C4C5=C2C(=C6C(=C5C(=O)N(C4=O)CC(CCCCCCCC)CCCCCCCCCC)SC(=C(S6)[N+]#[C-])[N+]#[C-])C1=O)SC(=C(S3)C#N)C#N"
88989055,C46H50N6O4S4,878.27763808,"CCCCCCC(CCCC)CN1C(=O)C2=C3C(=C4C5=C2C(=C6C(=C5C(=O)N(C4=O)CC(CCCC)CCCCCC)SC(=C(S6)[N+]#[C-])[N+]#[C-])C1=O)SC(=C(S3)C#N)C#N"
88989056,C24H6N6O4S2,505.98919467200005,"CN1C(=O)C2=C3C(=C(SC3=C4C5=C2C(=C6C(=C5C(=O)N(C4=O)C)C(=C(S6)[N+]#[C-])[N+]#[C-])C1=O)C#N)C#N"
88989057,C46H50N6O4S2,814.33349608,"CCCCCCC(CCCC)CN1C(=O)C2=C3C(=C(SC3=C4C5=C2C(=C6C(=C5C(=O)N(C4=O)CC(CCCC)CCCCCC)C(=C(S6)[N+]#[C-])[N+]#[C-])C1=O)C#N)C#N"
88989058,C62H82N6O4S2,1038.5838971039998,"CCCCCCCCCCC(CCCCCCCC)CN1C(=O)C2=C3C(=C(SC3=C4C5=C2C(=C6C(=C5C(=O)N(C4=O)CC(CCCCCCCC)CCCCCCCCCC)C(=C(S6)[N+]#[C-])[N+]#[C-])C1=O)C#N)C#N"
88989059,C70H98N6O4S2,1150.709097616,"CCCCCCCCCCCCC(CCCCCCCCCC)CN1C(=O)C2=C3C(=C(SC3=C4C5=C2C(=C6C(=C5C(=O)N(C4=O)CC(CCCCCCCCCC)CCCCCCCCCCCC)C(=C(S6)[N+]#[C-])[N+]#[C-])C1=O)C#N)C#N"
88989060,C52H62N6O4S4,962.371538464,"CCCCCCCCCCCCC(CCCC)CN1C(=O)C2=C3C(=C4C5=C2C(=C6C(=C5C(=O)N(C4=O)CC(CCCC)CCCCCC)SC(=C(S6)[N+]#[C-])[N+]#[C-])C1=O)SC(=C(S3)C#N)C#N"
88992632,C38H34N6O4S4,766.1524375680001,"CCCCC(CC)CN1C(=O)C2=C3C(=C4C5=C2C(=C6C(=C5C(=O)N(C4=O)CC(CC)CCCC)SC(=C(C#N)C#N)S6)C1=O)SC(=C(C#N)C#N)S3"
89007340,C30H28N4O4,508.21105537599993,"C1CC2C3N2C1CC(C3)N4C(=O)C5=C6C(=CC=C7C6=C(C=C5)C(=O)N(C7=O)C8CC9CCC1N9C1C8)C4=O"
89054501,C56H56N4O8,912.4098147520001,"CCCCC1CCC(C(C1)N2C(=O)C3=C4C(=CC=C5C4=C(C=C3)C(=O)N(C5=O)N6C(=O)C7=C8C(=CC=C9C8=C(C=C7)C(=O)N(C9=O)C1=C(C=CC(=C1)CCCC)C(C)CC)C6=O)C2=O)CCCC"
89108359,C58H66N6O4,910.514554592,"CCCCNC1=CC=C(C=C1)NC2=C3C4=C5C(=C2)C(=O)N(C(=O)C5=C(C=C4C(=O)N(C3=O)C6=C(C=CC=C6C(C)C)C(C)C)NC7=CC=C(C=C7)C(CCC)N)C8=C(C=CC=C8C(C)C)C(C)C"
89195234,C30H22N4O8,566.1437636640001,"CC(C1=CC=C(C=C1)N(O)O)N2C(=O)C3=C4C(=CC=C5C4=C(C=C3)C(=O)N(C5=O)C(C)C6=CC=C(C=C6)[N+](=O)[O-])C2=O"
89228257,C55H46N4O8,890.3315644320002,"CC(=C)C1=C(C=C(C=C1)C(C)(C)C)N2C(=O)C3=C4C(=CC=C5C4=C(C=C3)C(=O)N(C5=O)N6C(=O)C7=C8C(=CC=C9C8=C(C=C7)C(=O)N(C9=O)C1=C(C=CC(=C1)C(C)(C)C)C(C)(C)C)C6=O)C2=O"
89231325,C29H21N3O8,539.132864632,"CC1=CC(=C(C=C1N2C(=O)C3=C4C(=CC=C5C4=C(C=C3)C(=O)N(C5=O)C6=CC=C(C=C6)OC)C2=O)OC)N(O)O"
89249569,C30H23N3O8,553.148514696,"CC1=C(C=C(C=C1)OC)N2C(=O)C3=C4C(=CC=C5C4=C(C=C3)C(=O)N(C5=O)C6=CC(=C(C=C6C)N(O)O)OC)C2=O"
89253570,C184H346N2O4,2648.693267552,"CC(CCN1C(=O)C2=C3C(=CC=C4C3=C(C=C2)C(=O)N(C4=O)CCC(C)CC(C)(C)CC(C)(C)CC(C)(C)CC(C)(C)CC(C)(C)CC(C)(C)CC(C)(C)CC(C)(C)CC(C)(C)CC(C)(C)CC(C)(C)CC(C)(C)CC(C)(C)CC(C)(C)CC(C)(C)CC(C)(C)CC(C)(C)CC(C)(C)CC(C)(C)CC(C)(C)C)C1=O)CC(C)(C)CC(C)(C)CC(C)(C)CC(C)(C)CC(C)(C)CC(C)(C)CC(C)(C)CC(C)(C)CC(C)(C)CC(C)(C)CC(C)(C)CC(C)(C)CC(C)(C)CC(C)(C)CC(C)(C)CC(C)(C)CC(C)(C)CC(C)(C)CC(C)(C)CC(C)(C)C"
89262604,C40H24N2O4,596.1736072479999,"C1C=CC=C1C2=CC(=CC=C2)N3C(=O)C4=CC=C5C6=C(C7=CC=CC=C7C(=C46)C3=O)C(=O)N(C5=O)C8=CC=CC(=C8)C9=CC=CC9"
89262605,C46H30N2O4,674.22055744,"C1C=CC=C1C2=CC=C(C2)C3=CC=CC=C3N4C(=O)C5=C6C(=CC=C7C6=C(C=C5)C(=O)N(C7=O)C8=CC=CC=C8C9=CC(=CC9)C1=CC=CC1)C4=O"
89262609,C34H22N2O4,522.157957184,"CC=CC1=CC=C(C=C1)N2C(=O)C3=C4C(=CC=C5C4=C(C=C3)C(=O)N(C5=O)C6=CC=C(C=C6)C7=CCC=C7)C2=O"
89262610,C34H22N2O4S,554.1300281840001,"C=CCSC1=CC=CC=C1N2C(=O)C3=C4C(=CC=C5C4=C(C=C3)C(=O)N(C5=O)C6=CC=C(C=C6)C7=CCC=C7)C2=O"
89262611,C36H26N2O6,582.1790865520001,"CCCCC(=O)OC1=CC=C(C=C1)N2C(=O)C3=C4C(=CC=C5C4=C(C=C3)C(=O)N(C5=O)C6=CC=C(C=C6)C7=CCC=C7)C2=O"
89262678,C34H20N2O6,552.13213636,"C=COC(=O)C1=CC(=CC=C1)N2C(=O)C3=C4C(=CC=C5C4=C(C=C3)C(=O)N(C5=O)C6=CC=C(C=C6)C7=CCC=C7)C2=O"
89262707,C37H27N3O4,577.2001563439999,"C=CCN(CC=C)C1=CC=C(C=C1)N2C(=O)C3=C4C(=CC=C5C4=C(C=C3)C(=O)N(C5=O)C6=CC=C(C=C6)C7=CCC=C7)C2=O"
89262708,C38H22N2O6,602.1477864240001,"C1C=CC(=C1)C2=CC=C(C=C2)N3C(=O)C4=C5C(=CC=C6C5=C(C=C4)C(=O)N(C6=O)C7=CC=CC(=C7)C(=O)OC8=CC=CC=C8)C3=O"
89268418,C22H15N3O6S,449.0681562,"C1C(O1)COCCN2C(=O)C3=C4C(=CC=C5C4=C(C=C3)C(=O)N(C5=O)C6=NC=CS6)C2=O"
89271479,C67H38N4O14S2,1186.1825938959996,"CC1=CC=C(C=C1)C2(C3=CC=CC=C3C4=CC=CC=C42)C5=CC=C(C=C5)N6C(=O)C7=C8C(=CC=C9C8=C(C=C7)C(=O)N(C9=O)C1=CC(=C(C=C1)C1=C(C=C(C=C1)N1C(=O)C2=C3C(=CC=C4C3=C(C=C2)C(=O)N(C4=O)C)C1=O)S(=O)(=O)O)S(=O)(=O)O)C6=O"
89274066,C27H20N4O4S,496.12052611999997,"CCC1=CC=CC(=C1N2C(=O)C3=C4C(=CC=C5C4=C(C=C3)C(=O)N(C5=O)NC6=NC(=CS6)C)C2=O)C"
89274264,C30H24N4O5S,552.146740868,"CCC1=CC=CC(=C1N2C(=O)C3=C4C(=CC=C5C4=C(C=C3)C(=O)N(C5=O)N(CC6CO6)C7=NC(=CS7)C)C2=O)C"
89328246,C43H42N4O8,742.300264304,"CCCC(CCC)N1C(=O)C2=C3C(=CC=C4C3=C(C=C2)C(=O)N(C4=O)N5C(=O)C6=C7C(=CC=C(C7=C(C=C6)C)C(=O)N(C=O)C(CCC)CCC)C5=O)C1=O"
89408344,C61H62N6O10S2,1102.3968841839999,"CCCCCCN1C(=O)C2=C3C(=CC(=C4C3=C(C=C2)C(=O)N(C4=O)CCCCCC)C5=NC6=C(S5)C(=C(C(=O)C6=O)N)SC(=C)C7=C8C9=C(C=CC2=C9C(=C7)C(=O)N(C2=O)CCCCCC)C(=O)N(C8=O)CCCCCC)C1=O"
89410520,C186H255N7O21,2922.91010818,"CCCCCCCCCCCCOC1=CC(=CC(=C1OCCCCCCCCCCCC)OCCCCCCCCCCCC)N2C(=O)C3=C4C(=CC=C5C4=C(C=C3)C(=O)N(C5=O)C6=CC=C(C=C6)N(C7=CC=C(C=C7)N8C(=O)C9=C1C(=CC=C3C1=C(C=C9)C(=O)N(C3=O)C1=CC(=C(C(=C1)OCCCCCCCCCCCC)OCCCCCCCCCCCC)OCCCCCCCCCCCC)C8=O)C1=CC=C(C=C1)N1C(=O)C3=C4C(=CC=C5C4=C(C=C3)C(=O)N(C5=O)C3=CC(=C(C(=C3)OCCCCCCCCCCCC)OCCCCCCCCCCCC)OCCCCCCCCCCCC)C1=O)C2=O"
89410614,C94H58N2O10S16,1885.9622820559991,"COC1=CC(=CC(=C1OC)O)N2C(=O)C3=C(C(=C4C5=C3C(=C(C(=C5C(=O)N(C4=O)C6=CC(=C(C(=C6)OC)OC)O)C7=CC=C(S7)C8=CC=C(S8)C9=CC=C(S9)C1=CC=CS1)C1=CC=C(S1)C1=CC=C(S1)C1=CC=C(S1)C1=CC=CS1)C2=O)C1=CC=C(S1)C1=CC=C(S1)C1=CC=C(S1)C1=CC=CS1)C1=CC=C(S1)C1=CC=C(S1)C1=CCC(S1)C1CC=CS1"
89410618,C83H49N7O21,1479.2981515879994,"COC1=CC(=CC(=C1OC)O)N2C(=O)C3=C4C(=CC=C5C4=C(C=C3)C(=O)N(C5=O)C6=CC=C(C=C6)N(C7=CC=C(C=C7)N8C(=O)C9=C1C(=CC=C3C1=C(C=C9)C(=O)N(C3=O)C1=CC(=C(C(=C1)O)O)O)C8=O)C1=CC=C(C=C1)N1C(=O)C3=C4C(=CC=C5C4=C(C=C3)C(=O)N(C5=O)C3=CC(=C(C(=C3)OC)OC)OC)C1=O)C2=O"
89458395,C35H48N2O8,624.3410664959999,"CCCCCCCCCCCCN1C(=O)C2=C3C(=CC=C4C3=C(C=C2)C(=O)N(C4=O)CCOCCOCCOCCOC)C1=O"
89494577,C52H58N4O8,866.425464816,"CCCCCCN1C(=O)C2=C3C(=CC(=C4C3=C(C=C2)C(=O)N(C4=O)CCCCCC)C5=C6C7=C(C=CC8=C7C(=C5)C(=O)N(C8=O)CCCCCC)C(=O)N(C6=O)CCCCCC)C1=O"
89494623,C66H73N5O8S2,1127.4900562960001,"CCCCCCN1C2=C(C3=C1C=C(S3)C4=C5C6=C(C=CC7=C6C(=C4)C(=O)N(C7=O)CCCCCC)C(=O)N(C5=O)CCCCCC)SC(=C2)C8=C9C1=C(C=CC2=C1C(=C8)C(=O)N(C2=O)CCCCCC)C(=O)N(C9=O)CCCCCC"
89652196,C26H12N4O8S4,635.953797344,"CN1C(=O)C2=C3C(=C4C5=C2C(=C6C(=C5C(=O)N(C4=O)C)SC(=C(C#N)C(=O)OC)S6)C1=O)SC(=C(C#N)C(=O)OC)S3"
89652197,C34H16N4O4S4,672.005438992,"CN1C(=O)C2=C3C(=C4C5=C2C(=C6C(=C5C(=O)N(C4=O)C)SC(=C(C#N)C7=CC=CC=C7)S6)C1=O)SC(=C(C#N)C8=CC=CC=C8)S3"
89652198,C24H6N6O4S4,569.933336672,"CN1C(=O)C2=C3C(=C4C5=C2C(=C6C(=C5C(=O)N(C4=O)C)SC(=C(C#N)C#N)S6)C1=O)SC(=C(C#N)C#N)S3"
89652201,C24H6N6O4S2,505.98919467200005,"CN1C(=O)C2=C3C(=C(SC3=C4C5=C2C(=C6C(=C5C(=O)N(C4=O)C)C(=C(S6)C#N)C#N)C1=O)C#N)C#N"
89652209,C69H86N4O4S4,1162.5531912319998,"CCCCCCCCCCCCC(CCCCCCCCCC)CN1C(=O)C2=C3C(=C4C5=C2C(=C6C(=C5C(=O)N(C4=O)CC(C)CCCCCCCCCC)SC(=C(C#N)C7=CC=CC=C7)S6)C1=O)SC(=C(C#N)C8=CC=CC=C8)S3"
89661709,C114H138N6O12,1783.0372738559995,"CCCCCCCCN1C(=O)C2=C3C4=C(C=C2)C(=O)N(C(=O)C4=C5C6=CC7=C8C(=CC9=C2C8=C6C4=C6C2=C(C=C2C6=C(C=C4C5=C3C1=O)C(=O)N(C2=O)C(CCCCCCC)CCCCCCC)C1=C2C3=C(C=CC4=C3C(=C91)C(=O)N(C4=O)CCCCCCCC)C(=O)N(C2=O)CCCCCCCC)C(=O)N(C7=O)C(CCCCCCC)CCCCCCC)CCCCCCCC"
89661924,C76H106N4O8,1202.801066352,"CCCCCCCCCCCCN1C(=O)C2=C3C(=CC(=C4C3=C(C=C2)C(=O)N(C4=O)CCCCCCCCCCCC)C5=C6C7=C(C=CC8=C7C(=C5)C(=O)N(C8=O)CCCCCCCCCCCC)C(=O)N(C6=O)CCCCCCCCCCCC)C1=O"
89661925,C68H90N4O8,1090.67586584,"CCCCCCCCCCN1C(=O)C2=C3C(=CC(=C4C3=C(C=C2)C(=O)N(C4=O)CCCCCCCCCC)C5=C6C7=C(C=CC8=C7C(=C5)C(=O)N(C8=O)CCCCCCCCCC)C(=O)N(C6=O)CCCCCCCCCC)C1=O"
89661940,C60H74N4O8,978.550665328,"CCCCCCCCN1C(=O)C2=C3C(=CC(=C4C3=C(C=C2)C(=O)N(C4=O)CCCCCCCC)C5=C6C7=C(C=CC8=C7C(=C5)C(=O)N(C8=O)CCCCCCCC)C(=O)N(C6=O)CCCCCCCC)C1=O"
89672846,C16H10N2O4,294.0640568,"CC1=CC2=C3C(=C(C=C4C3=C1C(=O)NC4=O)C)C(=O)NC2=O"
89757493,C28H18N2O7S,526.0834719159999,"CC1=CC(=C(C=C1)C2=CC=C(C=C2)N3C(=O)C4=C5C(=CC=C6C5=C(C=C4)C(=O)N(C6=O)C)C3=O)S(=O)(=O)O"
89797686,C32H22N2O8,562.137615664,"CC1=CC(=CC(=C1N2C(=O)C3=C4C(=CC=C5C4=C(C=C3)C(=O)N(C5=O)C6=C(C=C(C=C6C)C(=O)O)C)C2=O)C)C(=O)O"
89811931,C25H13N3O4,419.090605896,"C1=CC=C(C=C1)N2C(=O)C3=C4C(=CC=C5C4=C(C=C3)C(=O)N(C5=O)C6=CC=NC=C6)C2=O"
89819768,C38H42N2O4S2,654.258599824,"CCCCC(CC)CN1C(=O)C2=CC(=C3C4=C(C=C(C(=C24)C1=O)C5=CC=CS5)C(=O)N(C3=O)CC(CC)CCCC)C6=CC=CS6"
89865678,C37H40N3O4S+,622.2734041800901,"CCCCCCN1C(=O)C2=C3C(=CC=C4C3=C(C=C2)C(=O)[N+](=C5C=CN(C=C5)CCCCCCC6=C(SC(=C6)C)C)C4=O)C1=O"
89902657,C56H46N6O10,962.3275416720002,"COC(=O)C(CC1=CNC2=CC=CC=C21)NC(=O)C(CC3=CC=CC=C3)N4C(=O)C5=C6C(=CC=C7C6=C(C=C5)C(=O)N(C7=O)C(CC8=CC=CC=C8)C(=O)NC(CC9=CNC1=CC=CC=C19)C(=O)OC)C4=O"
89928617,C80H92N6O12S2,1392.6214643839996,"CCCCCCCCN1C(=O)C2=C(SC(=C2C1=O)C3=C4C(=C(S3)C5=C6C7=C(C=CC8=C7C(=C5)C(=O)N(C8=O)CCCCCC)C(=O)N(C6=O)CCCCCC)C(=O)N(C4=O)CCCCCCCC)C9=C1C2=C(C=CC3=C2C(=C9)C(=O)N(C3=O)CCCCCC)C(=O)N(C1=O)CCCCCC"
89936906,C25H29N3O4,435.215806408,"CC(C)(C)CCCN1C(=O)C2=C3C(=CC=C4C3=C(C=C2)C(=O)N(C4=O)CCN(C)C)C1=O"
89936994,C46H69N11O17S,1079.459360748,"CN(C)CCN1C(=O)C2=C3C(=CC=C4C3=C(C=C2)C(=O)N(C4=O)CCNC(=O)NCCSCC5C(C(C(O5)OC6C(C(CC(C6OC7C(C(C(C(O7)CN)O)O)N)N)N)O)O)OC8C(C(C(C(O8)CN)O)O)N)C1=O"
89936995,C46H69N11O16S2,1095.436517128,"CN(C)CCN1C(=O)C2=C3C(=CC=C4C3=C(C=C2)C(=O)N(C4=O)CCNC(=S)NCCSCC5C(C(C(O5)OC6C(C(CC(C6OC7C(C(C(C(O7)CN)O)O)N)N)N)O)O)OC8C(C(C(C(O8)CN)O)O)N)C1=O"
89937004,C86H147N21O29S4,2065.9556416839982,"CN(C)CCN1C(=O)C2=C3C(=CC=C4C3=C(C=C2)C(=O)N(C4=O)CCCC(=O)NCCCCCN(CCCCNC(=S)NCCSCC5C(C(C(O5)OC6C(C(CC(C6OC7C(C(C(C(O7)CN)O)O)N)N)N)O)O)OC8C(C(C(C(O8)CN)O)O)N)CCCNC(=S)NCCSCC9C(C(C(O9)OC2C(C(CC(C2OC2C(C(C(C(O2)CN)O)O)N)N)N)O)O)OC2C(C(C(C(O2)CN)O)O)N)C1=O"
89937009,C86H147N21O30S3,2049.9784853039982,"CN(C)CCN1C(=O)C2=C3C(=CC=C4C3=C(C=C2)C(=O)N(C4=O)CCCC(=O)NCCCCCN(CCCCNC(=O)NCCSCC5C(C(C(O5)OC6C(C(CC(C6OC7C(C(C(C(O7)CN)O)O)N)N)N)O)O)OC8C(C(C(C(O8)CN)O)O)N)CCCNC(=S)NCCSCC9C(C(C(O9)OC2C(C(CC(C2OC2C(C(C(C(O2)CN)O)O)N)N)N)O)O)OC2C(C(C(C(O2)CN)O)O)N)C1=O"
89941489,C60H60N4O8S3,1060.3573278800002,"CCCCCCN1C(=O)C2=C3C(=CC(=C4C3=C(C=C2)C(=O)N(C4=O)CCCCCC)C5=CC6=C(S5)C7=C(S6)C=C(S7)C8=C9C2=C(C=CC3=C2C(=C8)C(=O)N(C3=O)CCCCCC)C(=O)N(C9=O)CCCCCC)C1=O"
89941546,C56H60N4O8S,948.41318588,"CCCCCCN1C(=O)C2=C3C(=CC(=C4C3=C(C=C2)C(=O)N(C4=O)CCCCCC)C5=CC=C(S5)C6=C7C8=C(C=CC9=C8C(=C6)C(=O)N(C9=O)CCCCCC)C(=O)N(C7=O)CCCCCC)C1=O"
89941547,C61H60N4O9S2,1056.3801715000002,"CCCCCCN1C(=O)C2=C3C(=CC(=C4C3=C(C=C2)C(=O)N(C4=O)CCCCCC)C5=CC6=C(S5)C7=C(C6=O)C=C(S7)C8=C9C2=C(C=CC3=C2C(=C8)C(=O)N(C3=O)CCCCCC)C(=O)N(C9=O)CCCCCC)C1=O"
89941672,C56H58N6O8S2,1006.3757548160002,"CCCCCCN1C(=O)C2=C3C(=CC(=C4C3=C(C=C2)C(=O)N(C4=O)CCCCCC)C5=NC6=C(S5)N=C(S6)C7=C8C9=C(C=CC2=C9C(=C7)C(=O)N(C2=O)CCCCCC)C(=O)N(C8=O)CCCCCC)C1=O"
89941718,C86H109N3O9S2,1391.7605240680002,"CCCCCCCCCCCCC1C(=O)C2=C3C4=C(C=C2)C(=O)N(C(=O)C4=CC(=C3C1=O)C5=CC6=C(S5)C7=C(C6=O)C=C(S7)C8=C9C1=C(C=CC2=C1C(=C8)C(=O)N(C2=O)CCCCCCCCCCCC)C(=O)N(C9=O)CCCCCCCCCCCC)CCCCCCCCCCCC"
89941720,C83H106N6O9S2,1394.7462709719996,"CCCCCCCCCCCCN1C(=O)C2=C3C(=CC(=C4C3=C(C=C2)C(=O)N(C4=O)CCCCCCCCCCCC)C5=NC6=C(S5)C7=C(C6=O)N=C(S7)C8=C9C2=C(C=CC3=C2C(=C8)C(=O)N(C3=O)CCCCCCCCCCCC)C(=O)N(C9=O)CCCCCCCCCCCC)C1=O"
89941748,C74H86N4O10S2,1254.5785369519997,"CCCCCCN1C(=O)C2=C3C(=CC(=C4C3=C(C=C2)C(=O)N(C4=O)CCCCCC)C5=CC6=C(C7=C(C=C(S7)C8=C9C2=C(C=CC3=C2C(=C8)C(=O)N(C3=O)CCCCCC)C(=O)N(C9=O)CCCCCC)C(=C6S5)OCCCCCC)OCCCCCC)C1=O"
89941914,C59H61N3O8S2,1003.3900079120001,"CCCCCCC1C(=O)C2=C3C(=CC(=C4C3=C(C=C2)C(=O)N(C4=O)CCCCCC)C5=CC6=C(S5)C=C(S6)C7=C8C9=C(C=CC2=C9C(=C7)C(=O)N(C2=O)CCCCCC)C(=O)N(C8=O)CCCCCC)C1=O"
89941943,C64H64N4O11S2,1128.401300868,"CCCCCCN1C(=O)C2=C3C(=CC(=C4C3=C(C=C2)C(=O)N(C4=O)CCCCCC)C5=CC6=C(S5)C7=C(C=C(S7)C8=C9C2=C(C=CC3=C2C(=C8)C(=O)N(C3=O)CCCCCC)C(=O)N(C9=O)CCCCCC)C2(C6=O)OCCO2)C1=O"
89942014,C62H60N4O10S2,1084.37508612,"CCCCCCN1C(=O)C2=C3C(=CC(=C4C3=C(C=C2)C(=O)N(C4=O)CCCCCC)C5=CC6=C(S5)C7=C(C=C(S7)C8=C9C2=C(C=CC3=C2C(=C8)C(=O)N(C3=O)CCCCCC)C(=O)N(C9=O)CCCCCC)C(=O)C6=O)C1=O"
89942036,C88H108N10O8S2,1496.7793024159998,"CCCCCCCCCCCCN1C(=O)C2=CC(=C3C4=C(C=C(C(=C24)C1=O)C#N)C(=O)N(C3=O)CCCCCCCCCCCC)C5=CC=C(S5)C6=NN=C(N=N6)C7=CC=C(S7)C8=CC9=C1C2=C8C(=O)N(C(=O)C2=CC(=C1C(=O)N(C9=O)CCCCCCCCCCCC)[N+]#[C-])CCCCCCCCCCCC"
89942085,C80H92N10O8S2,1384.654101904,"CCCCCCCCCCN1C(=O)C2=CC(=C3C4=C(C=C(C(=C24)C1=O)C#N)C(=O)N(C3=O)CCCCCCCCCC)C5=CC=C(S5)C6=NN=C(N=N6)C7=CC=C(S7)C8=CC9=C1C2=C8C(=O)N(C(=O)C2=CC(=C1C(=O)N(C9=O)CCCCCCCCCC)[N+]#[C-])CCCCCCCCCC"
89942109,C59H58N6O9S2,1058.370669436,"CCCCCCN1C(=O)C2=C3C(=CC(=C4C3=C(C=C2)C(=O)N(C4=O)CCCCCC)C5=NC6=C(S5)C7=C(C6=O)N=C(S7)C8=C9C2=C(C=CC3=C2C(=C8)C(=O)N(C3=O)CCCCCC)C(=O)N(C9=O)CCCCCC)C1=O"
89942296,C73H84N4O9S2,1224.567972268,"CCCCCCC1=C(SC2=C1C(=O)C3=C2SC(=C3CCCCCC)C4=C5C6=C(C=CC7=C6C(=C4)C(=O)N(C7=O)CCCCCC)C(=O)N(C5=O)CCCCCC)C8=C9C1=C(C=CC2=C1C(=C8)C(=O)N(C2=O)CCCCCC)C(=O)N(C9=O)CCCCCC"
89946216,C22H23N3O4,393.168856216,"CCCCN1C(=O)C2=C3C(=CC=C4C3=C(C=C2)C(=O)N(C4=O)CCN(C)C)C1=O"
89946413,C77H86N10O8S2,1342.6071517119997,"CCCCCCCCCCCCN1C(=O)C2=CC(=C3C4=C(C=C(C(=C24)C1=O)C#N)C(=O)N(C3=O)CCCCCCCCCCCC)C5=CC=C(S5)C6=NN=C(N=N6)C7=CC=C(S7)C8=C9C1=C(C=C(C2=C1C(=C8)C(=O)N(C2=O)C)C#N)C(=O)N(C9=O)CCCCCCCCCCCC"
89949756,C48H50N4O6,778.3730353200001,"CC1=CC2=C(C=C1)C(=C3CC(N(C(C3)(C)C)O)(C)C)C4=C(C2=C5CC(N(C(C5)(C)C)O)(C)C)C=CC(=C4)N6C(=O)C7=C8C(=CC=C9C8=C(C=C7)C(=O)N(C9=O)C)C6=O"
90120868,C23H24N2O5,408.16852186799997,"CCOCCN1C(=O)C2=C3C(=CC=C4C3=C(C=C2)C(=O)N(C4=O)C(C)C(C)C)C1=O"
90139679,C28H18N2O7S,526.0834719159999,"CC1=CC=C(C=C1)C2=C(C=C(C=C2)N3C(=O)C4=C5C(=CC=C6C5=C(C=C4)C(=O)N(C6=O)C)C3=O)S(=O)(=O)O"
90139682,C29H20N2O7S,540.09912198,"CC1=CC(=C(C=C1)C2=C(C=C(C=C2)N3C(=O)C4=C5C(=CC=C6C5=C(C=C4)C(=O)N(C6=O)C)C3=O)S(=O)(=O)O)C"
90152365,C42H38N2O16S2,890.1662751360003,"C1C(OC2=CSC=C2O1)COC(=O)CCCC(=O)OCCN3C(=O)C4=C5C(=CC=C6C5=C(C=C4)C(=O)N(C6=O)CCOC(=O)CCCC(=O)OCC7COC8=CSC=C8O7)C3=O"
90195433,C40H34N2O5,622.246772188,"CCC1=C(C(=CC=C1)CC)N2C(=O)C3=C4C5=C(C(=C3)C6=CC=CC=C6)C(=O)N(C(=O)C5=CC(=C4C2=O)C7=CC=CC=C7)C(CC)CO"
90195434,C25H19N3O7,473.122299948,"CCC(CO)N1C(=O)C2=C3C(=CC=C4C3=C(C=C2)C(=O)N(C4=O)C5=C(C=C(C=C5)[N+](=O)[O-])C)C1=O"
90195435,C22H22N2O7,426.1427010439999,"CCC(CO)N1C(=O)C2=C3C(=CC=C4C3=C(C=C2)C(=O)N(C4=O)CCOCCO)C1=O"
90195437,C30H26N2O5,494.1841719319999,"CCC1=CC=CC(=C1N2C(=O)C3=C4C(=CC=C5C4=C(C=C3)C(=O)N(C5=O)C(CC)CC(=O)C=C)C2=O)C"
90195438,C28H22N2O6,482.1477864239999,"CCC1=CC=CC(=C1N2C(=O)C3=C4C(=CC=C5C4=C(C=C3)C(=O)N(C5=O)CCOC(=O)C=C)C2=O)C"
90195439,C24H26N2O6S,470.1511575519999,"CC(C)CC(CO)N1C(=O)C2=C3C(=CC=C4C3=C(C=C2)C(=O)N(C4=O)CCSCCO)C1=O"
90195440,C27H22N2O4,438.15795718399994,"CCCCCN1C(=O)C2=C3C(=CC=C4C3=C(C=C2)C(=O)N(C4=O)C5=CC=C(C=C5)C=C)C1=O"
90195469,C23H14N2O6,414.0851861679999,"CC1=CC(=CC(=C1)N2C(=O)C3=C4C(=CC=C5C4=C(C=C3)C(=O)N(C5=O)C)C2=O)C(=O)O"
90201331,C30H22N2O6,506.14778642399995,"COC1=CC=C(C=C1)CN2C(=O)C3=C4C(=CC=C5C4=C(C=C3)C(=O)N(C5=O)CC6=CC=C(C=C6)OC)C2=O"
90292874,C55H60N8O12,1024.43306936,"CCCCC(CC)CN1C(=O)C2=C3C(=CC=C4C3=C(C=C2)C(=O)N(C4=O)CCOCCOCCN5C(=O)C6=C7C(=CC=C8C7=C(C=C6)C(=O)N(C8=O)CCCCCN9C=C(N=N9)CCC(=O)NCCCO)C5=O)C1=O"
90324270,C60H58N6O10S2,1086.365584056,"CCCCCCN1C(=O)C2=C3C(=CC(=C4C3=C(C=C2)C(=O)N(C4=O)CCCCCC)C5=NC6=C(S5)C7=C(C(=O)C6=O)N=C(S7)C8=C9C2=C(C=CC3=C2C(=C8)C(=O)N(C3=O)CCCCCC)C(=O)N(C9=O)CCCCCC)C1=O"
90347382,C50H44N4O4,764.336255888,"CCCC1=C(C(=CC=C1)C(C)C)N2C(=O)C3=C4C5=CC=CC=C5NC4=C6C7=C3C(=C8C(=C7C(=O)N(C6=O)C9=C(C=CC=C9C(C)C)CCC)C1=CC=CC=C1N8)C2=O"
90349410,C44H32N4O4,680.242355504,"CC(C)C1=CC=CC=C1N2C(=O)C3=C4C5=CC=CC=C5NC4=C6C7=C3C(=C8C(=C7C(=O)N(C6=O)C9=CC=CC=C9C(C)C)C1=CC=CC=C1N8)C2=O"
90746394,C42H54N6O6,738.410483448,"CN(CCCNC(=O)CC1CCC=C1)CCCN2C(=O)C3=C4C(=CC=C5C4=C(C=C3)C(=O)N(C5=O)CCCN(C)CCCNC(=O)CC6CCC=C6)C2=O"
91055283,C24H14N2O4S2,458.039498928,"CN1C(=O)C2=CC(=C3C4=C(C=C(C(=C24)C1=O)C5=CC=CS5)C(=O)N(C3=O)C)C6=CC=CS6"
91064414,C54H34N4O15S2,1042.1462083880003,"CC1=CC=C(C=C1)OC2=CC=C(C=C2)N3C(=O)C4=C5C(=CC=C6C5=C(C=C4)C(=O)N(C6=O)C7=CC(=C(C=C7)C8=C(C=C(C=C8)N9C(=O)C1=C2C(=CC=C4C2=C(C=C1)C(=O)N(C4=O)C)C9=O)S(O)(O)O)S(O)(O)O)C3=O"
91095121,C44H60N6O6+2,768.45633648018,"C[N+](C)(CCCNC(=O)CC1CCC=C1)CCCN2C(=O)C3=C4C(=CC=C5C4=C(C=C3)C(=O)N(C5=O)CCC[N+](C)(C)CCCNC(=O)CC6CCC=C6)C2=O"
91126026,C35H23N3O8,613.148514696,"CC(C)C1=C(C2=C3C(=CC=C4C3=C(C=C2)C(=O)N(C4=O)N5C(=O)C6=C7C(=CC=C8C7=C(C=C6)C(=O)N(C8=O)C(C)C)C5=O)C1=O)O"
91150181,C46H60N8O6,820.4635816399999,"C1CC(C=C1)C(=O)NCCCN2CCN(CC2)CCCN3C(=O)C4=C5C(=CC=C6C5=C(C=C4)C(=O)N(C6=O)CCCN7CCN(CC7)CCCNC(=O)C8CCC=C8)C3=O"
91218678,C46H60N8O6,820.4635816399999,"C1CC(C=C1)NC(=O)CCCN2CCN(CC2)CCCN3C(=O)C4=C5C(=CC=C6C5=C(C=C4)C(=O)N(C6=O)CCCN7CCN(CC7)CCCC(=O)NC8CCC=C8)C3=O"
91262318,C43H39N3O8,725.2737152080001,"CCCCCC(C)N1C(=O)C2=C3C(=CC=C4C3=C(C=C2)C(=C(C4=O)N5C(=O)C6=C7C(=CC=C8C7=C(C=C6)C(=O)N(C8=O)C(C)CCCCC)C5=O)O)C1=O"
91274421,C34H44N4O4,572.336255888,"CN(CCCN1C(=O)C2=C3C(=CC=C4C3=C(C=C2)C(=O)N(C4=O)CCCN(C)CC5CCCC5)C1=O)CC6CCCC6"
91386718,C31H34N2O4S2,562.1959995679999,"CCCCN1C(=O)C2=CC(=C3C4=C2C(=C(C=C4C(=O)N(C3=O)C)C(C=CCC)SC)C1=O)C(CCC#C)SC"
91528097,C42H53N5O6,723.399584416,"CN(CCCNC(=O)CC1CCC=C1)CCCN2C(=O)C3=C4C(=CC=C5C4=C(C=C3)C(=O)N(C5=O)CCCCCCCNC(=O)CC6CCC=C6)C2=O"
100825138,C20H10N2O5,358.05897142,"C1=CC(=CC(=C1)O)N2C(=O)C3=C4C(=CC=C5C4=C(C=C3)C(=O)NC5=O)C2=O"
100825139,C20H10N2O5,358.0589714199999,"C1=CC=C(C(=C1)N2C(=O)C3=C4C(=CC=C5C4=C(C=C3)C(=O)NC5=O)C2=O)O"
100825140,C20H11N3O4,357.07495583199994,"C1=CC(=CN=C1)CN2C(=O)C3=C4C(=CC=C5C4=C(C=C3)C(=O)NC5=O)C2=O"
100825142,C22H12N2O5,384.074621484,"CC(=O)C1=CC(=CC=C1)N2C(=O)C3=C4C(=CC=C5C4=C(C=C3)C(=O)NC5=O)C2=O"
100825143,C19H9N3O4,343.059305768,"C1=CC=NC(=C1)N2C(=O)C3=C4C(=CC=C5C4=C(C=C3)C(=O)NC5=O)C2=O"
100825144,C19H9N3O4,343.05930576800006,"C1=CC2=C3C(=CC=C4C3=C1C(=O)NC4=O)C(=O)N(C2=O)C5=CC=NC=C5"
100825145,C18H12N2O6,352.06953610399995,"CC(=O)OCCN1C(=O)C2=C3C(=CC=C4C3=C(C=C2)C(=O)NC4=O)C1=O"
100825146,C22H14N2O4,370.09535692799994,"CC1=CC(=C(C=C1)C)N2C(=O)C3=C4C(=CC=C5C4=C(C=C3)C(=O)NC5=O)C2=O"
100825150,C20H10N2O5,358.0589714199999,"C1=CC(=CC=C1N2C(=O)C3=C4C(=CC=C5C4=C(C=C3)C(=O)NC5=O)C2=O)O"
100825151,C18H14N2O5,338.090271548,"C1=CC2=C3C(=CC=C4C3=C1C(=O)NC4=O)C(=O)N(C2=O)CCCCO"
100825152,C22H14N2O6,402.08518616799995,"COC1=CC(=C(C=C1)OC)N2C(=O)C3=C4C(=CC=C5C4=C(C=C3)C(=O)NC5=O)C2=O"
100825153,C16H10N2O5,310.05897142,"C1=CC2=C3C(=CC=C4C3=C1C(=O)NC4=O)C(=O)N(C2=O)CCO"
101065257,C34H18N2O4,518.126657056,"C1=CC=C2C(=C1)C=CC=C2N3C(=O)C4=C5C(=CC=C6C5=C(C=C4)C(=O)N(C6=O)C7=CC=CC8=CC=CC=C87)C3=O"
101228612,C25H21N3O4,427.153206152,"CCCCCCN1C(=O)C2=C3C(=CC=C4C3=C(C=C2)C(=O)N(C4=O)C5=CC=NC=C5)C1=O"
101345096,C20H18N2O4,350.12665705599994,"CCCCCCN1C(=O)C2=C3C(=CC=C4C3=C(C=C2)C(=O)NC4=O)C1=O"
101456350,C40H36N4O4,636.273655632,"CC(C)C1=C(C(=CC=C1)C(C)C)N2C(=O)C3=CC(=C4C5=C(C=C(C(=C35)C2=O)C#N)C(=O)N(C4=O)C6=C(C=CC=C6C(C)C)C(C)C)C#N"
101518344,C60H66N10O20,1246.4454845119997,"CC(C)C(C(=O)O)NC(=O)C(CC(=O)O)NC(=O)C(CC1=CC=CC=C1)NC(=O)C(C)NC(=O)CN2C(=O)C3=C4C(=CC=C5C4=C(C=C3)C(=O)N(C5=O)CC(=O)NC(C)C(=O)NC(CC6=CC=CC=C6)C(=O)NC(CC(=O)O)C(=O)NC(C(C)C)C(=O)O)C2=O"
102011559,C31H32N2O6,528.2260367439999,"CC(C)(C)C1=CC(=C(C=C1)C(C)(C)C)N2C(=O)C3=C4C(=CC=C5C4=C(C=C3)C(=O)N(C5=O)C(CO)CO)C2=O"
102031709,C54H86N2O4,826.658759232,"CCCCCCCCCCC(CCCCCCCC)CN1C(=O)C2=C3C(=CC=C4C3=C(C=C2)C(=O)N(C4=O)CC(CCCCCCCC)CCCCCCCCCC)C1=O"
102054811,C24H30N4O4+2,438.22560828018,"C[NH+](C)CCCN1C(=O)C2=C3C(=CC=C4C3=C(C=C2)C(=O)N(C4=O)CCC[NH+](C)C)C1=O"
102164850,C62H90N2O4S2,990.63420136,"CCCCCCCCCCC(CCCCCCCC)CN1C(=O)C2=C3C(=CC(=C4C3=C(C=C2)C(=O)N(C4=O)CC(CCCCCCCC)CCCCCCCCCC)C5=CC=C(S5)C6=CC=CS6)C1=O"
102191496,C44H40N2O4S,692.27087876,"CC(C)C1=C(C(=CC=C1)C(C)C)N2C(=O)C3=C4C5=C(C=C3)C(=O)N(C(=O)C5=C6C(=C4C2=O)C7=CC=CC=C7S6)C8=C(C=CC=C8C(C)C)C(C)C"
102191499,C50H42N2O4S2,798.2585998240002,"CC(C)C1=C(C(=CC=C1)C(C)C)N2C(=O)C3=C4C5=CC=CC=C5SC4=C6C7=C3C(=C8C(=C7C(=O)N(C6=O)C9=C(C=CC=C9C(C)C)C(C)C)C1=CC=CC=C1S8)C2=O"
102224071,C26H26N2O8,494.1689157919999,"CC(C)CC(C(=O)O)N1C(=O)C2=C3C(=CC=C4C3=C(C=C2)C(=O)N(C4=O)C(CC(C)C)C(=O)O)C1=O"
102229026,C24H18N6O4,454.138953056,"CC1=C(C(=NN1)C)N2C(=O)C3=C4C(=CC=C5C4=C(C=C3)C(=O)N(C5=O)C6=C(NN=C6C)C)C2=O"
102254290,C26H28N4O4,460.21105537599993,"C1CCC(C(C1)N)N2C(=O)C3=C4C(=CC=C5C4=C(C=C3)C(=O)N(C5=O)C6CCCCC6N)C2=O"
102283563,C22H10N6O4,422.0763528,"C1=CC2=C3C(=CC=C4C3=C1C(=O)N(C4=O)C5=CN=CN=C5)C(=O)N(C2=O)C6=CN=CN=C6"
102416825,C57H29N9O10,999.203738128,"C1=CC(=CC(=C1)N2C(=O)C3=C4C(=CC=C5C4=C(C=C3)C(=O)N(C5=O)C6=CC=NC=C6)C2=O)NC(=O)C7=NC(=CC=C7)C(=NC8=CC(=CC=C8)N9C(=O)C1=C2C(=CC=C3C2=C(C=C1)C(=O)N(C3=O)C1=CC=NC=C1)C9=O)O"
102491773,C26H16N4O4,448.11715499199994,"C1=CC(=CC=C1N)N2C(=O)C3=C4C(=CC=C5C4=C(C=C3)C(=O)N(C5=O)C6=CC=C(C=C6)N)C2=O"
102529929,C60H42N6O12,1038.2860707840002,"C1CCC2C(C1)N3C(=O)C4=C5C(=CC=C6C5=C(C=C4)C(=O)N(C6=O)C7CCCCC7N8C(=O)C9=C1C(=CC=C4C1=C(C=C9)C(=O)N(C4=O)C1CCCCC1N1C(=O)C4=C5C(=CC=C6C5=C(C=C4)C(=O)N2C6=O)C1=O)C8=O)C3=O"
102553048,C19H14N2O5,350.090271548,"C1CC(OC1)CN2C(=O)C3=C4C(=CC=C5C4=C(C=C3)C(=O)NC5=O)C2=O"
102596094,C32H16N4O4,520.117154992,"C1=CC2=C(C=CC=N2)C(=C1)N3C(=O)C4=C5C(=CC=C6C5=C(C=C4)C(=O)N(C6=O)C7=CC=CC8=C7C=CC=N8)C3=O"
117607212,C29H32N2O6,504.2260367439999,"CCCCCCN1C(=O)C2=C3C(=CC=C4C3=C(C=C2)C(=O)N(C4=O)CCCCCCOC(=O)C=C)C1=O"
117672676,C24H18N2O8,462.1063155359999,"C=CC(=O)OCCN1C(=O)C2=C3C(=CC=C4C3=C(C=C2)C(=O)N(C4=O)CCOC(=O)C=C)C1=O"
117672677,C56H82N2O14,1006.5766053040002,"CC(N1C(=O)C2=C3C(=CC=C4C3=C(C=C2)C(=O)NC4=O)C1=O)OC(C)(C)C(C)(C(=O)C5CCC(CC5)C(=O)C(C)(C)C)C6(C(OCC(COC(C(OCC(CO6)(C)C)(C)C(C)(C)O)(C)C)(CO)CO)(C)C)C"
117676766,C25H10N4O8S4,621.9381472800001,"CN1C(=O)C2=C3C(=C4C5=C2C(=C6C(=C5C(=O)N(C4=O)C)SC(=C(C#N)C(=O)OC)S6)C1=O)SC(=C(C#N)C(=O)O)S3"
117676768,C24H9N5O4S2,495.0095957680001,"CC1=C(C2=C3C4=C5C(=C6C(=C(SC6=C4C(=O)N(C3=O)C)C#N)C#N)C(=O)N(C(=O)C5=C2S1)C)C#N"
117676774,C50H42N2O6,766.304287064,"CC(C)C1=C(C(=CC=C1)C(C)C)N2C(=O)C3=C4C5=CC=CC=C5OC4=C6C7=C3C(=C8C(=C7C(=O)N(C6=O)C9=C(C=CC=C9C(C)C)C(C)C)C1=CC=CC=C1O8)C2=O"
117676781,C50H44N4O4,764.3362558880001,"CC(C)C1=C(C(=CC=C1)C(C)C)N2C(=O)C3=C4C5=CC=CC=C5NC4=C6C7=C3C(=C8C9=CC=CC=C9NC8=C7C(=O)N(C6=O)C1=C(C=CC=C1C(C)C)C(C)C)C2=O"
117683883,C86H147N21O29S4,2065.9556416839982,"CN(C)CCN1C(=O)C2=C3C(=CC=C4C3=C(C=C2)C(=O)N(C4=O)CCCC(=O)NCCCCCN(CCCCNC(=S)NCCSCC5C(C(C(O5)OC6C(C(CC(C6OC7C(C(C(C(O7)CN)O)O)N)N)N)O)O)OC8C(C(C(C(O8)CN)O)O)N)CCCNC(=S)NCCSCC9C(C(C(O9)OC2C(C(CC(C2OC2C(C(C(C(O2)CN)O)O)N)N)N)O)O)OC2C(C(C(C(O2)CN)O)O)N)C1=O"
117739949,C70H106N2O4S2,1102.7594018720001,"CCCCCCCCCCCCC(CCCCCCCCCC)CN1C(=O)C2=CC(=C3C4=C(C=C(C(=C24)C1=O)C5=CC=CS5)C(=O)N(C3=O)CC(CCCCCCCCCC)CCCCCCCCCCCC)C6=CC=CS6"
117740221,C40H42N2O6S2,710.248429064,"CCCCCCCCN1C(=O)C2=CC(=C3C4=C(C=C(C(=C24)C1=O)C5=CC=C(S5)C=O)C(=O)N(C3=O)CCCCCCCC)C6=CC=C(S6)C=O"
117745080,C25H27N3O5,449.195070964,"CC(=O)CCCCCN1C(=O)C2=C3C(=CC=C4C3=C(C=C2)C(=O)N(C4=O)CCN(C)C)C1=O"
117754300,C72H46N2O4,1002.3457579520001,"CN1C(=O)C2=C3C4=C(C5=C2C(=C(C(=C5C6=CC=CC=C6)C7=CC=CC=C7)C8=CC=CC=C8)C9=CC=CC=C9)C(=O)N(C(=O)C4=C2C(=C(C(=C(C2=C3C1=O)C1=CC=CC=C1)C1=CC=CC=C1)C1=CC=CC=C1)C1=CC=CC=C1)C"
117754303,C40H22N2O4,594.157957184,"CN1C(=O)C2=C3C4=C(C5=C2C6=CC=CC=C6C7=CC=CC=C75)C(=O)N(C(=O)C4=C8C9=CC=CC=C9C2=CC=CC=C2C8=C3C1=O)C"
117754498,C76H112N4O4S2,1208.8125000639998,"CCCCCCCCCCCCC(CCCCCCCCCC)CCCN1C(=O)C2=CC(=C3C4=C(C=C(C(=C24)C1=O)C5=CC=C(S5)C#N)C(=O)N(C3=O)CCCC(CCCCCCCCCC)CCCCCCCCCCCC)C6=CC=C(S6)C#N"
117754499,C78H116N4O4S2,1236.843800192,"CCCCCCCCCCCCC(CCCCCCCCCC)CCCCN1C(=O)C2=CC(=C3C4=C(C=C(C(=C24)C1=O)C5=CC=C(S5)C#N)C(=O)N(C3=O)CCCCC(CCCCCCCCCC)CCCCCCCCCCCC)C6=CC=C(S6)C#N"
117754500,C74H108N4O4S2,1180.7811999360001,"CCCCCCCCCCCCC(CCCCCCCCCC)CCN1C(=O)C2=CC(=C3C4=C(C=C(C(=C24)C1=O)C5=CC=C(S5)C#N)C(=O)N(C3=O)CCC(CCCCCCCCCC)CCCCCCCCCCCC)C6=CC=C(S6)C#N"
117754501,C72H104N4O4S2,1152.749899808,"CCCCCCCCCCCCC(CCCCCCCCCC)CN1C(=O)C2=CC(=C3C4=C(C=C(C(=C24)C1=O)C5=CC=C(S5)C#N)C(=O)N(C3=O)CC(CCCCCCCCCC)CCCCCCCCCCCC)C6=CC=C(S6)C#N"
117754502,C80H120N4O4S2,1264.8751003199998,"CCCCCCCCCCCCC(CCCCCCCCCC)CCCCCN1C(=O)C2=CC(=C3C4=C(C=C(C(=C24)C1=O)C5=CC=C(S5)C#N)C(=O)N(C3=O)CCCCCC(CCCCCCCCCC)CCCCCCCCCCCC)C6=CC=C(S6)C#N"
117754504,C82H124N4O4S2,1292.9064004479999,"CCCCCCCCCCCCC(CCCCCCCCCC)CCCCCCN1C(=O)C2=CC(=C3C4=C(C=C(C(=C24)C1=O)C5=CC=C(S5)C#N)C(=O)N(C3=O)CCCCCCC(CCCCCCCCCC)CCCCCCCCCCCC)C6=CC=C(S6)C#N"
117754505,C84H128N4O4S2,1320.9377005759998,"CCCCCCCCCCCCC(CCCCCCCCCC)CCCCCCCN1C(=O)C2=CC(=C3C4=C(C=C(C(=C24)C1=O)C5=CC=C(S5)C#N)C(=O)N(C3=O)CCCCCCCC(CCCCCCCCCC)CCCCCCCCCCCC)C6=CC=C(S6)C#N"
117754506,C38H42N2O4S2,654.258599824,"CCCCCCCCN1C(=O)C2=CC(=C3C4=C(C=C(C(=C24)C1=O)C5=CC=CS5)C(=O)N(C3=O)CCCCCCCC)C6=CC=CS6"
117754527,C46H42N6O4S2,806.2708958239999,"CCCCCCCCN1C(=O)C2=CC(=C3C4=C(C=C(C(=C24)C1=O)C5=CC=C(S5)C=C(C#N)C#N)C(=O)N(C3=O)CCCCCCCC)C6=CC=C(S6)C=C(C#N)C#N"
117754528,C78H106N6O4S2,1254.771697872,"CCCCCCCCCCCCC(CCCCCCCCCC)CN1C(=O)C2=CC(=C3C4=C(C=C(C(=C24)C1=O)C5=CC=C(S5)C=C(C#N)C#N)C(=O)N(C3=O)CC(CCCCCCCCCC)CCCCCCCCCCCC)C6=CC=C(S6)C=C(C#N)C#N"
117754530,C46H46N2O4S2,754.289899952,"CCCCCCCCN1C(=O)C2=CC(=C3C4=C(C=C(C(=C24)C1=O)C5=CC6=CC=CC=C6S5)C(=O)N(C3=O)CCCCCCCC)C7=CC8=CC=CC=C8S7"
117754531,C46H46N2O4S4,818.2340419520001,"CCCCCCCCN1C(=O)C2=CC(=C3C4=C(C=C(C(=C24)C1=O)C5=CC=C(S5)C6=CC=CS6)C(=O)N(C3=O)CCCCCCCC)C7=CC=C(S7)C8=CC=CS8"
117754532,C40H40N4O4S2,704.2490977599999,"CCCCCCCCN1C(=O)C2=CC(=C3C4=C(C=C(C(=C24)C1=O)C5=CC=C(S5)C#N)C(=O)N(C3=O)CCCCCCCC)C6=CC=C(S6)C#N"
117754533,C36H32N4O6S2,680.176326744,"CCCCCCON1C(=O)C2=CC(=C3C4=C(C=C(C(=C24)C1=O)C5=CC=C(S5)C#N)C(=O)N(C3=O)OCCCCCC)C6=CC=C(S6)C#N"
117754535,C46H46N2O6,722.335587192,"CCCCCCCCN1C(=O)C2=CC(=C3C4=C(C=C(C(=C24)C1=O)C5=CC6=CC=CC=C6O5)C(=O)N(C3=O)CCCCCCCC)C7=CC8=CC=CC=C8O7"
117754536,C64H88N4O4S2,1040.624699296,"CCCCCCCCCCC(CCCCCCCC)CN1C(=O)C2=CC(=C3C4=C(C=C(C(=C24)C1=O)C5=CC=C(S5)C#N)C(=O)N(C3=O)CC(CCCCCCCC)CCCCCCCCCC)C6=CC=C(S6)C#N"
117758583,C50H34N2O4S2,790.195999568,"C1C=CC(=C1)C2=CC(=C(C=C2)N3C(=O)C4=C5C(=CC=C6C5=C(C=C4)C(=O)N(C6=O)C7=C(C=C(C=C7)C8C=CC=C8)SCC9=CC=CC=C9)C3=O)SCC1=CC=CC=C1"
117758585,C38H20N4O4,596.14845512,"C1C=CC(=C1)C2=C(C=C(C=C2)N3C(=O)C4=C5C(=CC=C6C5=C(C=C4)C(=O)N(C6=O)C7=CC(=C(C=C7)C8C=CC=C8)C#N)C3=O)C#N"
117758586,C40H26N2O6,630.1790865520001,"C=COC1=C(C=CC(=C1)N2C(=O)C3=C4C(=CC=C5C4=C(C=C3)C(=O)N(C5=O)C6=CC(=C(C=C6)C7=CCC=C7)OC=C)C2=O)C8C=CC=C8"
117758587,C38H26N2O4S2,638.1333993120002,"CSC1=C(C=CC(=C1)C2C=CC=C2)N3C(=O)C4=C5C(=CC=C6C5=C(C=C4)C(=O)N(C6=O)C7=C(C=C(C=C7)C8=CCC=C8)SC)C3=O"
117758588,C48H30N2O4S2,762.16469944,"C1C=CC(=C1)C2=CC(=C(C=C2)N3C(=O)C4=C5C(=CC=C6C5=C(C=C4)C(=O)N(C6=O)C7=C(C=C(C=C7)C8C=CC=C8)SC9=CC=CC=C9)C3=O)SC1=CC=CC=C1"
117758626,C40H28N2O6,632.194736616,"C1C=CC(=C1)C2=CC=C(C=C2)N3C(=O)C4=C5C(=CC=C6C5=C(C=C4)C(=O)N(C6=O)C7=CC=CC(=C7)COC(=O)CCC8=CC=CC8)C3=O"
117758627,C40H28N2O6,632.194736616,"C1C=CC(=C1)C2=CC=C(C=C2)N3C(=O)C4=C5C(=CC=C6C5=C(C=C4)C(=O)N(C6=O)C7=CC=CC(=C7)CC(=O)OCCC8C=CC=C8)C3=O"
117758629,C40H26N2O7,646.1740011720001,"C1C=CC(=C1)C2=CC=C(C=C2)N3C(=O)C4=C5C(=CC=C6C5=C(C=C4)C(=O)N(C6=O)C7=CC=CC(=C7)COC(=O)CC(=O)C8=CC=CC8)C3=O"
117758632,C70H66N2O6,1030.492087832,"CC(C)C(C(C)C)OC1=C2C3=C4C(=C1)C(=O)N(C(=O)C4=C(C=C3C(=O)N(C2=O)C5=C(C=C(C=C5C6=CC=CC6)C7=CC=CC7)C8=CC=CC8)OC(C(C)C)C(C)C)C9=C(C=C(C=C9C1=CC=CC1)C1=CC=CC1)C1=CC=CC1"
117758633,C40H26N2O6,630.1790865520001,"C1C=CC(=C1)C2=CC=C(C=C2)N3C(=O)C4=C5C(=CC=C6C5=C(C=C4)C(=O)N(C6=O)C7=CC=CC(=C7)COC(=O)C=CC8=CC=CC8)C3=O"
117758680,C47H31N3O4,701.231456472,"C1C=CC(=C1)C2=CC=C(C=C2)N3C(=O)C4=C5C(=CC(=C6C5=C(C=C4)C(=O)N(C6=O)C7=CC=C(C=C7)C8C=CC=C8)NC9=CC=C(C=C9)C1=CC=CC1)C3=O"
117758682,C36H22N2O5,562.152871804,"C1C=CC(=C1)C2=CC=C(C=C2)N3C(=O)C4=C5C(=CC(=C6C5=C(C=C4)C(=O)N(C6=O)C7=CC=C(C=C7)C8C=CC=C8)O)C3=O"
117758684,C47H31N3O4,701.2314564719999,"C1C=CC=C1C2=CC(=CC=C2)NC3=C4C5=C(C=CC6=C5C(=C3)C(=O)N(C6=O)C7=CC=CC(=C7)C8=CC=CC8)C(=O)N(C4=O)C9=CC=CC(=C9)C1=CC=CC1"
117758687,C53H38N4O4,794.289305696,"C=CC=CC(=C)N1C(=O)C2=CC(=C3C4=C2C(=C(C=C4C(=O)N(C3=O)C5=CC=CC(=C5)C6=CC=CC6)NC7=CC=CC(=C7)C8=CC=CC8)C1=O)NC9=CC=CC(=C9)C1=CCC=C1"
117758688,C50H38N2O6,762.272986936,"CC(C)OC1=CC(=CC(=C1)N2C(=O)C3=CC=C4C5=C(C6=CC7=CC=CC=C7C=C6C(=C35)C2=O)C(=O)N(C4=O)C8=CC(=CC(=C8)C9=CC=CC9)OC(C)C)C1=CC=CC1"
117758699,C36H22N2O4,546.157957184,"C1C=CC(=C1)C2=CC=C(C=C2)N3C(=O)C4=C5C(=CC=C6C5=C(C=C4)C(=O)N(C6=O)C7=CC=C(C=C7)C8C=CC=C8)C3=O"
117758705,C38H24N4O4,600.179755248,"C1C=CC=C1C=NC2=CC=C(C=C2)N3C(=O)C4=C5C(=CC=C6C5=C(C=C4)C(=O)N(C6=O)C7=CC=C(C=C7)N=CC8C=CC=C8)C3=O"
117758715,C37H24N2O5,576.168521868,"C1C=CC(=C1)C2=CC=C(C=C2)N3C(=O)C4=C5C(=CC=C6C5=C(C=C4)C(=O)N(C6=O)C7=CC=CC(=C7)COC8C=CC=C8)C3=O"
117758716,C38H24N2O4,572.1736072479999,"C1C=CC(=C1)C2=CC=C(C=C2)N3C(=O)C4=C5C(=CC=C6C5=C(C=C4)C(=O)N(C6=O)C7=CC=C(C=C7)C=CC8C=CC=C8)C3=O"
117758717,C39H26N2O4,586.189257312,"CC(=CC1C=CC=C1)C2=CC=C(C=C2)N3C(=O)C4=C5C(=CC=C6C5=C(C=C4)C(=O)N(C6=O)C7=CC=C(C=C7)C8=CCC=C8)C3=O"
117758718,C37H22N2O6,590.1477864240001,"C1C=CC(=C1)C2=CC=C(C=C2)N3C(=O)C4=C5C(=CC=C6C5=C(C=C4)C(=O)N(C6=O)C7=CC(=CC=C7)OC(=O)C8C=CC=C8)C3=O"
117758719,C39H24N2O6,616.163436488,"C1C=CC(=C1)C2=CC=C(C=C2)N3C(=O)C4=C5C(=CC=C6C5=C(C=C4)C(=O)N(C6=O)C7=CC(=CC=C7)OC(=O)C=CC8C=CC=C8)C3=O"
117758720,C39H26N2O6,618.1790865520001,"C1C=CC(=C1)C2=CC=C(C=C2)N3C(=O)C4=C5C(=CC=C6C5=C(C=C4)C(=O)N(C6=O)C7=CC=C(C=C7)C(=O)OCCC8C=CC=C8)C3=O"
117758721,C40H28N2O7,648.1896512359999,"COC(CC(=O)OC1=CC=CC(=C1)N2C(=O)C3=C4C(=CC=C5C4=C(C=C3)C(=O)N(C5=O)C6=CC=C(C=C6)C7=CCC=C7)C2=O)C8C=CC=C8"
117758722,C39H26N2O7,634.1740011720001,"C1C=CC(=C1)C2=CC=C(C=C2)N3C(=O)C4=C5C(=CC=C6C5=C(C=C4)C(=O)N(C6=O)C7=CC(=CC=C7)OC(=O)CC(C8C=CC=C8)O)C3=O"
117825824,C44H42N4O8,754.300264304,"CCCCCCC(C)N1C(=O)C2=C3C(=C(C=C4C3=C(C=C2)C(=O)N(C4=O)N5C(=O)C6=C7C(=CC=C8C7=C(C=C6)C(=O)N(C8=O)C(C)CCCCC)C5=O)C)C1=O"
117825838,C48H52N4O8,812.378514624,"CCCCCC(C)N1C(=O)C2=C3C(=CC=C4C3=C(C=C2)C(=O)N(C4=O)N(C)C(=O)C5=CC=C6C7=C(C=CC(=C57)C(=O)C)C(=O)N(C6=O)C(CCCCC)CCCCC)C1=O"
117835278,C28H18N2O6,478.11648629599995,"C1=CC=C(C(=C1)CO)N2C(=O)C3=C4C(=CC=C5C4=C(C=C3)C(=O)N(C5=O)C6=CC=CC=C6CO)C2=O"
117835279,C32H26N2O6,534.179086552,"C1=CC=C(C=C1)CC(CO)N2C(=O)C3=C4C(=CC=C5C4=C(C=C3)C(=O)N(C5=O)C(CC6=CC=CC=C6)CO)C2=O"
117835285,C34H30N2O10,626.1900451600001,"C1=CC2=C3C(=CC=C4C3=C1C(=O)N(C4=O)CCC5=CC(=C(C(=C5)CO)O)CO)C(=O)N(C2=O)CCC6=CC(=C(C(=C6)CO)O)CO"
117835286,C18H14N2O6,354.08518616799995,"COCN1C(=O)C2=C3C(=CC=C4C3=C(C=C2)C(=O)N(C4=O)COC)C1=O"
117838918,C134H202N6O8S3,2119.4746304239998,"CCCCCCCCCCCCC(CCCCCCCCCC)CN1C(=O)C2=CC(=C3C4=C(C=C(C(=C24)C1=O)C#N)C(=O)N(C3=O)CC(CCCCCCCCCC)CCCCCCCCCCCC)C5=CC6=C(S5)C7=C(S6)C=C(S7)C8=C9C1=C(C=C(C2=C1C(=C8)C(=O)N(C2=O)CC(CCCCCCCCCC)CCCCCCCCCCCC)C#N)C(=O)N(C9=O)CC(CCCCCCCCCC)CCCCCCCCCCCC"
117838921,C58H58N6O8S,998.4036838160001,"CCCCCCCCN1C(=O)C2=CC(=C3C4=C(C=C(C(=C24)C1=O)C#N)C(=O)N(C3=O)CCCCCCCC)C5=CC=C(S5)C6=C7C8=C(C=C(C9=C8C(=C6)C(=O)NC9=O)C#N)C(=O)N(C7=O)CCCCCCCC"
117915227,C20H8N8O8,488.046509216,"C1=CC2=C3C(=CC=C4C3=C1C(=O)N(C4=O)C5=NC(=O)NC(=O)N5)C(=O)N(C2=O)C6=NC(=O)NC(=O)N6"
117915229,C24H19N5O6,473.133533328,"C1CCCC(CC1)N2C(=O)C3=C4C(=CC=C5C4=C(C=C3)C(=O)N(C5=O)C6=NC(=O)NC(=O)N6)C2=O"
117915260,C37H18N2O6,586.1164862960001,"C1=CC2=C3C(=C1)C=CC4=C(C=CC(=C43)C=C2)N5C(=O)C6=C7C(=CC=C8C7=C(C=C6)C(=O)N(C8=O)C9=CC=CC(=C9)C(=O)O)C5=O"
117915261,C35H18N2O6,562.1164862960001,"C1=CC=C2C=C3C(=CC2=C1)C=CC=C3N4C(=O)C5=C6C(=CC=C7C6=C(C=C5)C(=O)N(C7=O)C8=CC=C(C=C8)C(=O)O)C4=O"
117915263,C30H18N2O5,486.121571676,"CCON1C(=O)C2=C3C(=CC=C4C3=C(C=C2)C(=O)N(C4=O)C5=CC=CC6=CC7=CC=CC=C7C=C65)C1=O"
117915268,C30H14N2O5,482.0902715479999,"C1=CC2=C3C(=C1)C=C(C4=CC=CC(=C43)C=C2)N5C(=O)C6=C7C(=CC=C8C7=C(C=C6)C(=O)N(C8=O)O)C5=O"
117915269,C35H18N2O6,562.1164862960001,"C1=CC=C2C=C3C=C(C=CC3=CC2=C1)N4C(=O)C5=C6C(=CC=C7C6=C(C=C5)C(=O)N(C7=O)C8=CC=CC(=C8)C(=O)O)C4=O"
117915270,C30H18N2O5,486.121571676,"CCON1C(=O)C2=C3C(=CC=C4C3=C(C=C2)C(=O)N(C4=O)C5=CC6=CC7=CC=CC=C7C=C6C=C5)C1=O"
117915271,C37H18N2O5,570.121571676,"C1=CC2=C3C(=C1)C=C(C4=CC=CC(=C43)C=C2)N5C(=O)C6=C7C(=CC=C8C7=C(C=C6)C(=O)N(C8=O)C9=CC=C(C=C9)C=O)C5=O"
117915272,C46H27N3O5,701.1950709639999,"C1=CC=C(C=C1)N(C2=CC=C(C=C2)N3C(=O)C4=C5C(=CC=C6C5=C(C=C4)C(=O)N(C6=O)C7=CC(=CC=C7)O)C3=O)C8=C9C=CC=CC9=CC1=CC=CC=C18"
117915277,C37H18N2O6,586.1164862960001,"C1=CC2=C3C(=C1)C=CC4=C(C=CC(=C43)C=C2)N5C(=O)C6=C7C(=CC=C8C7=C(C=C6)C(=O)N(C8=O)C9=CC=C(C=C9)C(=O)O)C5=O"
117915278,C34H18N2O5,534.121571676,"C1=CC=C2C=C3C(=CC2=C1)C=CC=C3N4C(=O)C5=C6C(=CC=C7C6=C(C=C5)C(=O)N(C7=O)C8=CC=C(C=C8)O)C4=O"
117915287,C30H14N2O5,482.0902715479999,"C1=CC2=C3C(=C1)C=CC4=C(C=CC(=C43)C=C2)N5C(=O)C6=C7C(=CC=C8C7=C(C=C6)C(=O)N(C8=O)O)C5=O"
117915288,C36H18N2O5,558.121571676,"C1=CC2=C3C(=C1)C=C(C4=CC=CC(=C43)C=C2)N5C(=O)C6=C7C(=CC=C8C7=C(C=C6)C(=O)N(C8=O)C9=CC=C(C=C9)O)C5=O"
117915289,C38H20N2O5,584.1372217400001,"CC(=O)C1=CC=C(C=C1)N2C(=O)C3=C4C(=CC=C5C4=C(C=C3)C(=O)N(C5=O)C6=CC7=CC=CC8=C7C9=C(C=CC=C69)C=C8)C2=O"
117915290,C34H18N2O5,534.121571676,"C1=CC=C2C=C3C=C(C=CC3=CC2=C1)N4C(=O)C5=C6C(=CC=C7C6=C(C=C5)C(=O)N(C7=O)C8=CC=C(C=C8)O)C4=O"
117915291,C35H18N2O6,562.1164862960001,"C1=CC=C2C=C3C=C(C=CC3=CC2=C1)N4C(=O)C5=C6C(=CC=C7C6=C(C=C5)C(=O)N(C7=O)C8=CC=C(C=C8)C(=O)O)C4=O"
117915293,C52H30N6O5,818.22776806,"C1=CC=C(C=C1)C2=NC3=CC=CC=C3N2C4=CC(=CC(=C4)N5C(=O)C6=C7C(=CC=C8C7=C(C=C6)C(=O)N(C8=O)C9=CC=C(C=C9)O)C5=O)N1C2=CC=CC=C2N=C1C1=CC=CC=C1"
117915294,C47H29N3O4,699.215806408,"CC1=CC(=CC=C1)N2C(=O)C3=C4C(=CC=C5C4=C(C=C3)C(=O)N(C5=O)C6=CC(=CC=C6)N(C7=CC=CC=C7)C8=C9C=CC=CC9=CC1=CC=CC=C18)C2=O"
117915300,C27H12N2O6,460.06953610399995,"C1=CC=C2C(=C1)C3=C(C2=O)C=C(C=C3)N4C(=O)C5=C6C(=CC=C7C6=C(C=C5)C(=O)N(C7=O)O)C4=O"
117915303,C50H28N4O5,764.2059699959999,"C1=CC=C2C(=C1)C3=CC=CC=C3N2C4=CC(=CC(=C4)N5C(=O)C6=C7C(=CC=C8C7=C(C=C6)C(=O)N(C8=O)C9=CC=C(C=C9)O)C5=O)N1C2=CC=CC=C2C2=CC=CC=C21"
117915322,C38H27N3O7,637.184900204,"CC1=CC=C(C=C1)N(C2=CC=C(C=C2)C)C3=CC(=CC=C3)OC(=O)CN4C(=O)C5=C6C(=CC=C7C6=C(C=C5)C(=O)N(C7=O)CC=O)C4=O"
117915337,C100H60N4O11S,1524.3979297399994,"CC1=C(C=CC(=C1)N2C(=O)C3=C4C(=CC=C5C4=C(C=C3)C(=O)N(C5=O)C6=CC(=CC(=C6)C7C8=CC=CC=C8C=C7C9=CC=CC=C9)C1C3=CC=CC=C3C=C1C1=CC=CC=C1)C2=O)C=CC1=C(C=C(C=C1)N1C(=O)C2=C3C(=CC=C4C3=C(C=C2)C(=O)N(C4=O)C2=CC=CC=C2C2C3=CC=CC=C3C=C2C2=CC=CC=C2)C1=O)S(=O)(=O)O"
117915347,C36H23N3O7,609.153600076,"C1=CC=C(C=C1)N(C2=CC=CC=C2)C3=CC(=CC=C3)OC(=O)CN4C(=O)C5=C6C(=CC=C7C6=C(C=C5)C(=O)N(C7=O)CC=O)C4=O"
117915356,C47H27N3O6,729.1899855839999,"C1=CC=C(C=C1)N(C2=CC=CC=C2N3C(=O)C4=C5C(=CC=C6C5=C(C=C4)C(=O)N(C6=O)C7=CC=C(C=C7)C(=O)O)C3=O)C8=C9C=CC=CC9=CC1=CC=CC=C18"
117915367,C80H44N4O11S,1268.2727292279997,"CC1=C(C=CC(=C1)N2C(=O)C3=C4C(=CC=C5C4=C(C=C3)C(=O)N(C5=O)C6=CC=CC=C6C7C8=CC=CC=C8C=C7C9=CC=CC=C9)C2=O)C=CC1=C(C=C(C=C1)N1C(=O)C2=C3C(=CC=C4C3=C(C=C2)C(=O)N(C4=O)C2=C3C=CC4=CC=CC5=C4C3=C(C=C5)C=C2)C1=O)S(=O)(=O)O"
117915371,C34H30N2O4,530.22055744,"CC(C)(C)C1=CC(=CC=C1)N2C(=O)C3=C4C(=CC=C5C4=C(C=C3)C(=O)N(C5=O)C6=CC=CC=C6C(C)(C)C)C2=O"
117915380,C85H50N4O11S,1334.3196794199996,"CC1=C(C=CC(=C1)N2C(=O)C3=C4C(=CC=C5C4=C(C=C3)C(=O)N(C5=O)C6=CC=CC=C6C7C8=CC=CC=C8C=C7C9=CC=CC=C9)C2=O)C=CC1=C(C=C(C=C1)N1C(=O)C2=C3C(=CC=C4C3=C(C=C2)C(=O)N(C4=O)C2=CC=CC=C2C2C3=CC=CC=C3C=C2C2=CC=CC=C2)C1=O)S(=O)(=O)O"
117915381,C115H70N4O11S,1714.4761800599993,"CC1=C(C=CC(=C1)N2C(=O)C3=C4C(=CC=C5C4=C(C=C3)C(=O)N(C5=O)C6=CC(=CC(=C6)C7C8=CC=CC=C8C=C7C9=CC=CC=C9)C1C3=CC=CC=C3C=C1C1=CC=CC=C1)C2=O)C=CC1=C(C=C(C=C1)N1C(=O)C2=C3C(=CC=C4C3=C(C=C2)C(=O)N(C4=O)C2=CC(=CC(=C2)C2C3=CC=CC=C3C=C2C2=CC=CC=C2)C2C3=CC=CC=C3C=C2C2=CC=CC=C2)C1=O)S(=O)(=O)O"
117915383,C38H38N2O4,586.283157696,"CC(C)(C)C1=CC=C(C=C1)N2C(=O)C3=C4C(=CC=C5C4=C(C=C3)C(=O)N(C5=O)C6=C(C=CC(=C6)C(C)(C)C)C(C)(C)C)C2=O"
117915384,C38H38N2O4,586.283157696,"CC(C)(C)C1=CC(=C(C=C1)C(C)(C)C)N2C(=O)C3=C4C(=CC=C5C4=C(C=C3)C(=O)N(C5=O)C6=CC=CC=C6C(C)(C)C)C2=O"
117915389,C95H54N4O11S,1458.3509795479993,"CC1=C(C=CC(=C1)N2C(=O)C3=C4C(=CC=C5C4=C(C=C3)C(=O)N(C5=O)C6=CC(=CC(=C6)C7C8=CC=CC=C8C=C7C9=CC=CC=C9)C1C3=CC=CC=C3C=C1C1=CC=CC=C1)C2=O)C=CC1=C(C=C(C=C1)N1C(=O)C2=C3C(=CC=C4C3=C(C=C2)C(=O)N(C4=O)C2=C3C=CC4=CC=CC5=C4C3=C(C=C5)C=C2)C1=O)S(=O)(=O)O"
117915394,C34H30N2O4,530.22055744,"CC(C)(C)C1=CC(=CC=C1)N2C(=O)C3=C4C(=CC=C5C4=C(C=C3)C(=O)N(C5=O)C6=CC=CC(=C6)C(C)(C)C)C2=O"
117915406,C32H22N4O5,542.1590198040001,"CC(C)(C)C1=CC=C(C=C1)N2C(=O)C3=C4C(=CC=C5C4=C(C=C3)C(=O)N(C5=O)C6=NN=C(O6)C7=CC=CC=C7)C2=O"
117915422,C34H30N2O4,530.22055744,"CC(C)(C)C1=CC=C(C=C1)N2C(=O)C3=C4C(=CC=C5C4=C(C=C3)C(=O)N(C5=O)C6=CC=CC=C6C(C)(C)C)C2=O"
117915425,C34H30N2O4,530.22055744,"CC(C)(C)C1=CC=C(C=C1)N2C(=O)C3=C4C(=CC=C5C4=C(C=C3)C(=O)N(C5=O)C6=CC=CC(=C6)C(C)(C)C)C2=O"
117915455,C19H12N2O6,364.06953610399995,"CC(=O)CN1C(=O)C2=C3C(=CC=C4C3=C(C=C2)C(=O)N(C4=O)CC=O)C1=O"
117915464,C75H38N4O11S,1202.2257790359995,"CC1=C(C=CC(=C1)N2C(=O)C3=C4C(=CC=C5C4=C(C=C3)C(=O)N(C5=O)C6=C7C=CC8=CC=CC9=C8C7=C(C=C9)C=C6)C2=O)C=CC1=C(C=C(C=C1)N1C(=O)C2=C3C(=CC=C4C3=C(C=C2)C(=O)N(C4=O)C2=C3C=CC4=CC=CC5=C4C3=C(C=C5)C=C2)C1=O)S(=O)(=O)O"
117915469,C38H38N2O4,586.283157696,"CC(C)(C)C1=CC(=CC=C1)N2C(=O)C3=C4C(=CC=C5C4=C(C=C3)C(=O)N(C5=O)C6=C(C=CC(=C6)C(C)(C)C)C(C)(C)C)C2=O"
117915470,C36H30N4O5,598.2216200600001,"CC(C)(C)C1=CC(=C(C=C1)C(C)(C)C)N2C(=O)C3=C4C(=CC=C5C4=C(C=C3)C(=O)N(C5=O)C6=NN=C(O6)C7=CC=CC=C7)C2=O"
117918384,C30H18N2O5,486.1215716759999,"C1=CC=C2C=C3C=C(C=CC3=CC2=C1)N4C(=O)C5=C6C(=CC=C7C6=C(C=C5)C(=O)N(C7=O)CCO)C4=O"
117918385,C30H18N2O5,486.1215716759999,"C1=CC=C2C=C3C(=CC2=C1)C=CC=C3N4C(=O)C5=C6C(=CC=C7C6=C(C=C5)C(=O)N(C7=O)CCO)C4=O"
117918387,C84H49N5O14S2,1415.271743247999,"C1=CC=C(C=C1)C2=CC3=CC=CC=C3C2C4=CC=CC=C4N5C(=O)C6=C7C(=CC=C8C7=C(C=C6)C(=O)N(C8=O)C9=CC(=C(C=C9)C=CC1=C(C=C(C=C1)N1C(=O)C2=C3C(=CC=C4C3=C(C=C2)C(=O)N(C4=O)C2=CC=CC=C2C2C3=CC=CC=C3C=C2C2=CC=CC=C2)C1=O)S(=O)(=O)ON)S(=O)(=O)O)C5=O"
117918388,C99H59N5O14S2,1605.349993567999,"C1=CC=C(C=C1)C2=CC3=CC=CC=C3C2C4=CC=CC=C4N5C(=O)C6=C7C(=CC=C8C7=C(C=C6)C(=O)N(C8=O)C9=CC(=C(C=C9)C=CC1=C(C=C(C=C1)N1C(=O)C2=C3C(=CC=C4C3=C(C=C2)C(=O)N(C4=O)C2=CC(=CC(=C2)C2C3=CC=CC=C3C=C2C2=CC=CC=C2)C2C3=CC=CC=C3C=C2C2=CC=CC=C2)C1=O)S(=O)(=O)ON)S(=O)(=O)O)C5=O"
117918389,C114H69N5O14S2,1795.428243887999,"C1=CC=C(C=C1)C2=CC3=CC=CC=C3C2C4=CC(=CC(=C4)N5C(=O)C6=C7C(=CC=C8C7=C(C=C6)C(=O)N(C8=O)C9=CC(=C(C=C9)C=CC1=C(C=C(C=C1)N1C(=O)C2=C3C(=CC=C4C3=C(C=C2)C(=O)N(C4=O)C2=CC(=CC(=C2)C2C3=CC=CC=C3C=C2C2=CC=CC=C2)C2C3=CC=CC=C3C=C2C2=CC=CC=C2)C1=O)S(=O)(=O)ON)S(=O)(=O)O)C5=O)C1C2=CC=CC=C2C=C1C1=CC=CC=C1"
117918391,C32H26N2O4,502.18925731199994,"CC1=CC=C(C=C1)N2C(=O)C3=C4C(=CC=C5C4=C(C=C3)C(=O)N(C5=O)C6=C(C=CC(=C6)C(C)(C)C)C)C2=O"
117918407,C32H18N2O5,510.1215716759999,"C1=CC2=C3C(=C1)C=CC4=C(C=CC(=C43)C=C2)N5C(=O)C6=C7C(=CC=C8C7=C(C=C6)C(=O)N(C8=O)CCO)C5=O"
117918408,C32H18N2O5,510.1215716759999,"C1=CC2=C3C(=C1)C=C(C4=CC=CC(=C43)C=C2)N5C(=O)C6=C7C(=CC=C8C7=C(C=C6)C(=O)N(C8=O)CCO)C5=O"
117918410,C29H16N2O6,488.10083623199995,"C1=CC=C2C(=C1)C3=C(C2=O)C=C(C=C3)N4C(=O)C5=C6C(=CC=C7C6=C(C=C5)C(=O)N(C7=O)CCO)C4=O"
117918411,C48H31N3O4,713.231456472,"CCC1=CC(=CC=C1)N2C(=O)C3=C4C(=CC=C5C4=C(C=C3)C(=O)N(C5=O)C6=CC(=CC=C6)N(C7=CC=CC=C7)C8=C9C=CC=CC9=CC1=CC=CC=C18)C2=O"
117918418,C74H37N5O14S2,1283.1778428639989,"C1=CC2=C3C(=C1)C=CC4=C(C=CC(=C43)C=C2)N5C(=O)C6=C7C(=CC=C8C7=C(C=C6)C(=O)N(C8=O)C9=CC(=C(C=C9)C=CC1=C(C=C(C=C1)N1C(=O)C2=C3C(=CC=C4C3=C(C=C2)C(=O)N(C4=O)C2=C3C=CC4=CC=CC6=C4C3=C(C=C6)C=C2)C1=O)S(=O)(=O)ON)S(=O)(=O)O)C5=O"
117918422,C94H53N5O14S2,1539.3030433759989,"C1=CC=C(C=C1)C2=CC3=CC=CC=C3C2C4=CC(=CC(=C4)N5C(=O)C6=C7C(=CC=C8C7=C(C=C6)C(=O)N(C8=O)C9=CC(=C(C=C9)C=CC1=C(C=C(C=C1)N1C(=O)C2=C3C(=CC=C4C3=C(C=C2)C(=O)N(C4=O)C2=C3C=CC4=CC=CC6=C4C3=C(C=C6)C=C2)C1=O)S(=O)(=O)O)S(=O)(=O)ON)C5=O)C1C2=CC=CC=C2C=C1C1=CC=CC=C1"
117943766,C21H20N2O7S,444.09912197999984,"CCCCN1C(=O)C2=C3C(=CC=C4C3=C(C=C2)C(=O)N(C4=O)CCCS(=O)(=O)O)C1=O"
117945037,C22H24N3O4+,394.17613266808996,"CCCN1C(=O)C2=C3C(=CC=C4C3=C(C=C2)C(=O)N(C4=O)CC[N+](C)(C)C)C1=O"
117945038,C20H18N2O7S,430.08347191599984,"CCCN1C(=O)C2=C3C(=CC=C4C3=C(C=C2)C(=O)N(C4=O)CCCS(=O)(=O)O)C1=O"
117980042,C25H20N2O4,412.14230711999994,"CCC1=C(C(=CC=C1)CC)N2C(=O)C3=C4C(=CC=C5C4=C(C=C3)C(=O)N(C5=O)C)C2=O"
117980043,C25H20N2O5,428.13722174,"CN1C(=O)C2=C3C(=CC=C4C3=C(C=C2)C(=O)N(C4=O)C(CC5=CC=CC=C5)COC)C1=O"
117980044,C22H14N2O4S,402.06742792800003,"CN1C(=O)C2=C3C(=CC=C4C3=C(C=C2)C(=O)N(C4=O)C5=CC=C(C=C5)SC)C1=O"
117980045,C37H28N2O4,564.2049073759999,"CCC1=C(C(=CC=C1)CC)N2C(=O)C3=CC(=C4C5=C(C=C(C(=C35)C2=O)C6=CC=CC=C6)C(=O)N(C4=O)C)C7=CC=CC=C7"
117980046,C21H18N2O7,410.1114009159999,"CN1C(=O)C2=C3C(=CC=C4C3=C(C=C2)C(=O)N(C4=O)C(CCOC=O)COC)C1=O"
117980047,C24H18N2O5,414.121571676,"CN1C(=O)C2=C3C(=CC=C4C3=C(C=C2)C(=O)N(C4=O)C(COC)C5=CC=CC=C5)C1=O"
117980050,C24H18N2O5,414.121571676,"CC1=CC=C(C=C1)OCCN2C(=O)C3=C4C(=CC=C5C4=C(C=C3)C(=O)N(C5=O)C)C2=O"
117980051,C23H16N2O5,400.105921612,"CN1C(=O)C2=C3C(=CC=C4C3=C(C=C2)C(=O)N(C4=O)C5=CC=CC=C5COC)C1=O"
117980067,C22H22N2O5,394.152871804,"CC(C)CC(COC)N1C(=O)C2=C3C(=CC=C4C3=C(C=C2)C(=O)N(C4=O)C)C1=O"
117980069,C24H16N2O6,428.1008362319999,"CCC(N1C(=O)C2=C3C(=CC=C4C3=C(C=C2)C(=O)N(C4=O)C5=CC=CC=C5)C1=O)OC=O"
117980071,C24H18N2O5,414.121571676,"CCC(CO)N1C(=O)C2=C3C(=CC=C4C3=C(C=C2)C(=O)N(C4=O)C5=CC=CC=C5)C1=O"
117980072,C24H18N2O4S,430.09872805599997,"CCC(CS)N1C(=O)C2=C3C(=CC=C4C3=C(C=C2)C(=O)N(C4=O)C5=CC=CC=C5)C1=O"
117980073,C28H18N2O5,462.1215716759999,"CC(C1=CC(=CC=C1)N2C(=O)C3=C4C(=CC=C5C4=C(C=C3)C(=O)N(C5=O)C6=CC=CC=C6)C2=O)O"
117980075,C31H24N2O5,504.1685218679999,"CCC1=CC=CC(=C1N2C(=O)C3=C4C(=CC=C5C4=C(C=C3)C(=O)N(C5=O)C6=CC=C(C=C6)CCO)C2=O)C"
117980076,C24H18N2O6,430.11648629599995,"CCC(CO)N1C(=O)C2=C3C(=CC=C4C3=C(C=C2)C(=O)N(C4=O)C5=CC=C(C=C5)O)C1=O"
117980077,C26H22N2O6,458.1477864239999,"CCC1=CC=CC(=C1N2C(=O)C3=C4C(=CC=C5C4=C(C=C3)C(=O)N(C5=O)C(CO)CO)C2=O)C"
117980078,C26H14N2O5,434.0902715479999,"C1=CC=C(C=C1)N2C(=O)C3=C4C(=CC=C5C4=C(C=C3)C(=O)N(C5=O)C6=CC=C(C=C6)O)C2=O"
117980079,C22H22N2O6,410.14778642399995,"CCC(CO)N1C(=O)C2=C3C(=CC=C4C3=C(C=C2)C(=O)N(C4=O)C(CC)CO)C1=O"
117980080,C24H28N4O6,468.20088461599994,"CC(CNCCN1C(=O)C2=C3C(=CC=C4C3=C(C=C2)C(=O)N(C4=O)CCNCC(C)O)C1=O)O"
117980081,C32H26N2O5,518.1841719319999,"CCC1=C(C(=CC=C1)CC)N2C(=O)C3=C4C(=CC=C5C4=C(C=C3)C(=O)N(C5=O)CCC6=CC=C(C=C6)O)C2=O"
117980082,C32H24N2O9,580.148180348,"COC1=CC=C(C=C1)OCCN2C(=O)C3=C4C(=CC=C5C4=C(C=C3)C(=O)N(C5=O)CCOC6=CC=C(C=C6)C(=O)O)C2=O"
117980083,C27H14N2O6,462.0851861679999,"C1=CC=C(C=C1)N2C(=O)C3=C4C(=CC=C5C4=C(C=C3)C(=O)N(C5=O)C6=CC=C(C=C6)OC=O)C2=O"
117980084,C39H30N4O9,698.20127854,"CCC1=CC=CC(=C1N2C(=O)C3=C4C5=C(C(=C3)C6=CC(=CC=C6)[N+](=O)[O-])C(=O)N(C(=O)C5=CC(=C4C2=O)C7=CC(=CC=C7)[N+](=O)[O-])C(CC)CO)C"
117980085,C31H24N2O5,504.1685218679999,"CCC1=CC=CC(=C1N2C(=O)C3=C4C(=CC=C5C4=C(C=C3)C(=O)N(C5=O)C6=CC=CC(=C6)C(C)O)C2=O)C"
117980086,C26H22N2O6,458.14778642399995,"CCC(CO)N1C(=O)C2=C3C(=CC=C4C3=C(C=C2)C(=O)N(C4=O)C5=CC=CC(=C5)C(C)O)C1=O"
117980087,C24H18N2O6,430.11648629599995,"CCC(CO)N1C(=O)C2=C3C(=CC=C4C3=C(C=C2)C(=O)N(C4=O)C5=CC=CC=C5O)C1=O"
117980088,C30H22N2O4S,506.1300281839999,"CCC1=C(C(=CC=C1)CC)N2C(=O)C3=C4C(=CC=C5C4=C(C=C3)C(=O)N(C5=O)C6=CC=C(C=C6)S)C2=O"
117980089,C22H18N2O10,470.09614477599985,"COC(=O)C(CO)N1C(=O)C2=C3C(=CC=C4C3=C(C=C2)C(=O)N(C4=O)C(CO)COC=O)C1=O"
117980090,C26H14N2O4S2,482.0394989279999,"C1=CC(=CC=C1N2C(=O)C3=C4C(=CC=C5C4=C(C=C3)C(=O)N(C5=O)C6=CC=C(C=C6)S)C2=O)S"
117980091,C24H26N2O7,454.1740011719999,"CC(C)CC(CO)N1C(=O)C2=C3C(=CC=C4C3=C(C=C2)C(=O)N(C4=O)CCOCCO)C1=O"
117980096,C31H32N2O5,512.231122124,"CCC1=CC=CC(=C1N2C(=O)C3=C4C(=CC=C5C4=C(C=C3)C(=O)N(C5=O)CCCCCCCCO)C2=O)C"
117980100,C24H19N3O4,413.137556088,"CCC(CN)N1C(=O)C2=C3C(=CC=C4C3=C(C=C2)C(=O)N(C4=O)C5=CC=CC=C5)C1=O"
117980101,C29H20N2O5,476.1372217399999,"CCC1=CC=CC(=C1N2C(=O)C3=C4C(=CC=C5C4=C(C=C3)C(=O)N(C5=O)C6=CC=C(C=C6)O)C2=O)C"
117980102,C31H24N2O5,504.1685218679999,"CCC1=CC=CC(=C1N2C(=O)C3=C4C(=CC=C5C4=C(C=C3)C(=O)N(C5=O)C6=CC=C(C=C6)C(C)O)C2=O)C"
117980103,C29H20N2O5,476.1372217399999,"CCC1=CC=CC(=C1N2C(=O)C3=C4C(=CC=C5C4=C(C=C3)C(=O)N(C5=O)C6=CC=CC=C6O)C2=O)C"
117980104,C25H20N2O6,444.13213635999995,"CCC(CO)N1C(=O)C2=C3C(=CC=C4C3=C(C=C2)C(=O)N(C4=O)C5=CC=C(C=C5)CO)C1=O"
117980105,C22H15N3O6,417.0960852,"C1=CC2=C3C(=CC=C4C3=C1C(=O)N(C4=O)COCCO)C(=O)N(C2=O)C5=CC=NC=C5"
117980106,C32H26N2O5,518.1841719319999,"CCC1=C(C(=CC=C1)CC)N2C(=O)C3=C4C(=CC=C5C4=C(C=C3)C(=O)N(C5=O)C6=C(C=CC(=C6)CO)C)C2=O"
117980107,C31H22N2O6,518.147786424,"CCC1=C(C(=CC=C1)CC)N2C(=O)C3=C4C(=CC=C5C4=C(C=C3)C(=O)N(C5=O)C6=CC=CC(=C6)C(=O)O)C2=O"
117980108,C30H23N3O4,489.168856216,"CCC1=C(C(=CC=C1)CC)N2C(=O)C3=C4C(=CC=C5C4=C(C=C3)C(=O)N(C5=O)C6=CC=CC(=C6)N)C2=O"
117980109,C27H24N2O5,456.1685218679999,"CCC1=CC=CC(=C1N2C(=O)C3=C4C(=CC=C5C4=C(C=C3)C(=O)N(C5=O)C(C)(C)CO)C2=O)C"
117980110,C28H27N3O5,485.19507096399997,"CCC1=CC=CC(=C1N2C(=O)C3=C4C(=CC=C5C4=C(C=C3)C(=O)N(C5=O)CCNCC(C)O)C2=O)C"
117980112,C26H30N2O6,466.21038667999994,"CCC(C)C(CO)N1C(=O)C2=C3C(=CC=C4C3=C(C=C2)C(=O)N(C4=O)C(CO)C(C)CC)C1=O"
117980113,C24H26N2O6,438.17908655199994,"CC(C)C(CO)N1C(=O)C2=C3C(=CC=C4C3=C(C=C2)C(=O)N(C4=O)C(CO)C(C)C)C1=O"
117980123,C30H22N2O6,506.14778642399995,"C1=CC=C(C(=C1)CCO)N2C(=O)C3=C4C(=CC=C5C4=C(C=C3)C(=O)N(C5=O)C6=CC=CC=C6CCO)C2=O"
117980125,C30H31N3O6,529.2212857119999,"CCC1=CC=CC(=C1N2C(=O)C3=C4C(=CC=C5C4=C(C=C3)C(=O)N(C5=O)CCCN(CCO)CCO)C2=O)C"
117980139,C32H26N2O5,518.1841719319999,"CCC1=C(C(=CC=C1)CC)N2C(=O)C3=C4C(=CC=C5C4=C(C=C3)C(=O)N(C5=O)C6=CC=CC=C6CCO)C2=O"
117980140,C21H20N2O6,396.13213635999995,"CCC(CO)N1C(=O)C2=C3C(=CC=C4C3=C(C=C2)C(=O)N(C4=O)CCCO)C1=O"
117980244,C29H28N2O4,468.20490737599994,"CCCCCCN1C(=O)C2=C3C(=CC=C4C3=C(C=C2)C(=O)N(C4=O)C5=C(C=CC=C5CC)C)C1=O"
117980273,C26H30N2O6,466.21038667999994,"COCCCCCN1C(=O)C2=C3C(=CC=C4C3=C(C=C2)C(=O)N(C4=O)CCCCCOC)C1=O"
117980388,C21H18N2O7,410.1114009159999,"CN1C(=O)C2=C3C(=CC=C4C3=C(C=C2)C(=O)N(C4=O)C(CC(=O)OC)COC)C1=O"
117980390,C27H14N2O6,462.0851861679999,"C1=CC=C(C=C1)N2C(=O)C3=C4C(=CC=C5C4=C(C=C3)C(=O)N(C5=O)C6=CC=C(C=C6)C(=O)O)C2=O"
117980391,C29H22N4O5,506.15901980399997,"CCC1=CC=CC(=C1N2C(=O)C3=C4C5=C(C(=C3)C#N)C(=O)N(C(=O)C5=CC(=C4C2=O)C#N)C(CC)CO)C"
117980392,C24H16N2O6,428.10083623199995,"CCC(C(=O)O)N1C(=O)C2=C3C(=CC=C4C3=C(C=C2)C(=O)N(C4=O)C5=CC=CC=C5)C1=O"
117980407,C30H22N2O5,490.1528718039999,"CCC1=CC=CC(=C1N2C(=O)C3=C4C(=CC=C5C4=C(C=C3)C(=O)N(C5=O)C6=CC=C(C=C6)CO)C2=O)C"
117980428,C24H18N2O5,414.1215716759999,"CCC1=CC=CC(=C1N2C(=O)C3=C4C(=CC=C5C4=C(C=C3)C(=O)N(C5=O)CO)C2=O)C"
117980433,C22H18N2O10,470.09614477599985,"COC(=O)C(CO)N1C(=O)C2=C3C(=CC=C4C3=C(C=C2)C(=O)N(C4=O)C(CO)C(=O)OC)C1=O"
117980434,C32H22N2O9,578.132530284,"C1=CC(=CC=C1C=O)OCCN2C(=O)C3=C4C(=CC=C5C4=C(C=C3)C(=O)N(C5=O)CCOC6=CC=C(C=C6)C(=O)O)C2=O"
117980444,C23H16N2O4,384.11100699199994,"CCC1=CC=CC(=C1N2C(=O)C3=C4C(=CC=C5C4=C(C=C3)C(=O)NC5=O)C2=O)C"
118026340,C21H12N2O4,356.079706864,"CN1C(=O)C2=C3C(=CC=C4C3=C(C=C2)C(=O)N(C4=O)C5=CC=CC=C5)C1=O"
118026341,C36H24N4O8,640.1594137279999,"CCC1=CC=CC(=C1N2C(=O)C3=CC(=C4C5=C(C=C(C(=C35)C2=O)C6=CC(=CC=C6)[N+](=O)[O-])C(=O)N(C4=O)C)C7=CC(=CC=C7)[N+](=O)[O-])C"
118026342,C22H13N3O6,415.080435136,"CC1=C(C=CC(=C1)[N+](=O)[O-])N2C(=O)C3=C4C(=CC=C5C4=C(C=C3)C(=O)N(C5=O)C)C2=O"
118026345,C20H18N2O4,350.12665705599994,"CCC(CC)N1C(=O)C2=C3C(=CC=C4C3=C(C=C2)C(=O)N(C4=O)C)C1=O"
118026346,C22H14N2O4,370.09535692799994,"CC1=CC=CC=C1N2C(=O)C3=C4C(=CC=C5C4=C(C=C3)C(=O)N(C5=O)C)C2=O"
118026368,C22H22N2O4,378.15795718399994,"CCC(CC(C)C)N1C(=O)C2=C3C(=CC=C4C3=C(C=C2)C(=O)N(C4=O)C)C1=O"
118026369,C23H24N2O4,392.17360724799994,"CCC(C)CC(CC)N1C(=O)C2=C3C(=CC=C4C3=C(C=C2)C(=O)N(C4=O)C)C1=O"
118026370,C19H16N2O5,352.105921612,"CCOCCN1C(=O)C2=C3C(=CC=C4C3=C(C=C2)C(=O)N(C4=O)C)C1=O"
118026372,C25H28N2O6,452.19473661599994,"CC(C)CC(CO)N1C(=O)C2=C3C(=CC=C4C3=C(C=C2)C(=O)N(C4=O)CCCCCO)C1=O"
118026373,C27H24N2O6S,504.1355074879999,"C1=CC=C(C=C1)CC(CO)N2C(=O)C3=C4C(=CC=C5C4=C(C=C3)C(=O)N(C5=O)CCSCCO)C2=O"
118026374,C24H24N2O8,468.1532657279999,"CC(C)CC(CO)N1C(=O)C2=C3C(=CC=C4C3=C(C=C2)C(=O)N(C4=O)C(CO)C(=O)OC)C1=O"
118026375,C22H22N2O6S,442.1198574239999,"CCC(CO)N1C(=O)C2=C3C(=CC=C4C3=C(C=C2)C(=O)N(C4=O)CCSCCO)C1=O"
118026376,C26H26N2O8,494.1689157919999,"CC(C)CC(C(=O)O)N1C(=O)C2=C3C(=CC=C4C3=C(C=C2)C(=O)N(C4=O)C(CC(C)C)OC=O)C1=O"
118026377,C29H28N2O6,500.19473661599994,"CC(C)CC(CO)N1C(=O)C2=C3C(=CC=C4C3=C(C=C2)C(=O)N(C4=O)C(CC5=CC=CC=C5)CO)C1=O"
118026378,C25H29N3O6,467.205635648,"CC(C)CC(CO)N1C(=O)C2=C3C(=CC=C4C3=C(C=C2)C(=O)N(C4=O)CCCNCCO)C1=O"
118026379,C25H28N2O5S,468.1718929959999,"CCCCCC(C)N1C(=O)C2=C3C(=CC=C4C3=C(C=C2)C(=O)N(C4=O)CCSCCO)C1=O"
118026381,C24H26N2O6,438.17908655199994,"CCOCCN1C(=O)C2=C3C(=CC=C4C3=C(C=C2)C(=O)N(C4=O)C(CC(C)C)CO)C1=O"
118026382,C29H28N2O5,484.1998219959999,"CCC1=CC=CC(=C1N2C(=O)C3=C4C(=CC=C5C4=C(C=C3)C(=O)N(C5=O)C(CC(C)C)CO)C2=O)C"
118026489,C26H16N4O4,448.117154992,"CCC1=CC=CC(=C1N2C(=O)C3=CC(=C4C5=C(C=C(C(=C35)C2=O)C#N)C(=O)N(C4=O)C)C#N)C"
118026490,C25H16N2O4,408.111006992,"CN1C(=O)C2=C3C(=CC=C4C3=C(C=C2)C(=O)N(C4=O)C5(C6C5C6)C7=CC=CC=C7)C1=O"
118026493,C21H21N3O4,379.15320615199994,"CC(C)CNCCN1C(=O)C2=C3C(=CC=C4C3=C(C=C2)C(=O)N(C4=O)C)C1=O"
118042569,C45H44N2O4S,708.302178888,"CC(C)C1=C(C(=CC=C1)C(C)C)N2C(=O)C3=C4C(=CC(=C5C4=C(C=C3)C(=O)N(C5=O)C6=C(C=CC=C6C(C)C)C(C)C)C7=CC=CC=C7SC)C2=O"
118042570,C36H40N2O4S,596.27087876,"CCCCCCCCN1C(=O)C2=C3C4=C(C=C2)C(=O)N(C(=O)C4=C5C(=C3C1=O)C6=CC=CC=C6S5)CCCCCCCC"
118042571,C37H44N2O4S,612.302178888,"CCCCCCCCN1C(=O)C2=C3C(=CC(=C4C3=C(C=C2)C(=O)N(C4=O)CCCCCCCC)C5=CC=CC=C5SC)C1=O"
118042573,C39H40N2O4,600.29880776,"CC1=C2C3=C(C=CC4=C3C(=C1)C(=O)N(C4=O)C5=C(C=CC=C5C(C)C)C(C)C)C(=O)N(C2=O)C6=C(C=CC=C6C(C)C)C(C)C"
118042574,C31H40N2O4,504.29880775999993,"CCCCCCCCN1C(=O)C2=C3C(=CC(=C4C3=C(C=C2)C(=O)N(C4=O)CCCCCCCC)C)C1=O"
118042575,C52H50N2O4S2,830.32120008,"CC(C)C1=C(C(=CC=C1)C(C)C)N2C(=O)C3=CC(=C4C5=C(C=C(C(=C35)C2=O)C6=CC=CC=C6SC)C(=O)N(C4=O)C7=C(C=CC=C7C(C)C)C(C)C)C8=CC=CC=C8SC"
118042576,C42H42N2O4S2,702.2585998240002,"CCCCCCCCN1C(=O)C2=C3C4=CC=CC=C4SC3=C5C6=C2C(=C7C(=C6C(=O)N(C5=O)CCCCCCCC)C8=CC=CC=C8S7)C1=O"
118042577,C44H50N2O4S2,734.32120008,"CCCCCCCCN1C(=O)C2=CC(=C3C4=C(C=C(C(=C24)C1=O)C5=CC=CC=C5SC)C(=O)N(C3=O)CCCCCCCC)C6=CC=CC=C6SC"
118047849,C29H16N2O4S2,520.055148992,"CCN1C(=O)C2=C3C4=CC=CC=C4SC3=C5C6=C2C(=C7C(=C6C(=O)N(C5=O)C)C8=CC=CC=C8S7)C1=O"
118054915,C27H12N2O4S2,492.02384886399994,"CN1C(=O)C2=C3C4=CC=CC=C4SC3=C5C6=C2C(=C7C(=C6C(=O)NC5=O)C8=CC=CC=C8S7)C1=O"
118065839,C29H36N2O6,508.25733687199994,"CC(C)(C)OCCCCCN1C(=O)C2=C3C(=CC=C4C3=C(C=C2)C(=O)N(C4=O)CCCCCOC)C1=O"
118066249,C37H36N2O5,588.262422252,"CCC(C)(C)C1=CC=C(C=C1)OC2=CC=C(C=C2)N3C(=O)C4=C5C(=CC=C6C5=C(C=C4)C(=O)N(C6=O)C(C)(CC)CC)C3=O"
118104133,C31H26N2O4,490.18925731199994,"CC=C(C)C=C(C)C(=C)N1C(=O)C2=C3C(=CC=C4C3=C(C=C2)C(=O)N(C4=O)C5=C(C=C(C=C5)C)C)C1=O"
118134406,C27H15N3O6,477.0960851999999,"C1=CC(=CC=C1N)N2C(=O)C3=C4C(=CC=C5C4=C(C=C3)C(=O)N(C5=O)C6=CC=C(C=C6)OC=O)C2=O"
118136407,C27H15N3O6,477.0960852,"C1=CC(=CC=C1C(=O)O)N2C(=O)C3=C4C(=CC=C5C4=C(C=C3)C(=O)N(C5=O)C6=CC=C(C=C6)N)C2=O"
118175863,C34H14N2O4S4,641.983640928,"C1=CC2=C(C3=C1C=CS3)SC(=C2)C4=CC5=C6C7=C4C(=O)NC(=O)C7=CC(=C6C(=O)NC5=O)C8=CC9=C(S8)C1=C(C=C9)C=CS1"
118176349,C26H26N2O6,462.1790865519999,"CCC(CC)N1C(=O)C2=C3C(=CC=C4C3=C(C=C2)C(=O)N(C4=O)C(CC)COC(=O)C=C)C1=O"
118185118,C113H76N6O6,1612.5826341519999,"CC(C)(C1=CC(=C(C=C1)O)N2C(=C)C3=C4C(=CC=C5C4=C(C=C3)C(=C)N(C5=C)C6=CC(=CC(=C6)N7C8=CC=CC=C8C9=CC=CC=C97)CN1C3=CC=CC=C3C3=CC=CC=C31)C2=C)C1=CC(=C(C=C1)O)N1C(=O)C2=C3C(=CC=C4C3=C(C=C2)C(=O)N(C4=O)C2=CC(=CC(=C2)C2C3=CCC=C3C=C2C2=CC=CC=C2)C2C3=CC=CC=C3C=C2C2=CC=CC=C2)C1=O"
118185119,C100H62N4O10,1478.446594184,"CC(C)(C1=CC(=C(C=C1)O)N2C(=O)C3=C4C(=CC=C5C4=C(C=C3)C(=O)N(C5=O)C6=CC=CC(=C6)C7C8=CC=CC=C8C=C7C9=CC=CC=C9)C2=O)C1=CC(=C(C=C1)O)N1C(=O)C2=C3C(=CC=C4C3=C(C=C2)C(=O)N(C4=O)C2=CC(=CC(=C2)C2C3=CC=CC=C3C=C2C2=CC=CC=C2)C2C3=CC=CC=C3C=C2C2=CC=CC=C2)C1=O"
118185120,C115H106N6O10,1730.797043592,"CC(C)(C1=CC(=C(C=C1)O)N2C(=O)C3=C4C(=CC=C5C4=C(C=C3)C(=O)N(C5=O)C6=CC(=CC(=C6)N7C8=CC=CC=C8C9=CC=CC=C97)CN1C3=CC=CC=C3C3=CC=CC=C31)C2=O)C1=CC(=C(C=C1)O)N1C(=O)C2=CC3=C(C=C2C1=O)C(=O)N(C3=O)C1=C(C=C(C=C1C1C2CCCCC2C2C1CCCC2)C1C2CCCCC2C2C1CCCC2)C1C2CCCCC2C2C1CCCC2"
118185121,C120H110N4O10,1766.8221957199999,"CC(C)(C1=CC(=C(C=C1)O)N2C(=O)C3=C4C(=CC=C5C4=C(C=C3)C(=O)N(C5=O)C6=CC(=CC(=C6)C7C8=CC=CC=C8C=C7C9=CC=CC=C9)C1C3=CC=CC=C3C=C1C1=CC=CC=C1)C2=O)C1=CC(=C(C=C1)O)N1C(=O)C2=CC3=C(C=C2C1=O)C(=O)N(C3=O)C1=C(C=C(C=C1C1C2CCCCC2C2C1CCCC2)C1C2CCCCC2C2C1CCCC2)C1C2CCCCC2C2C1CCCC2"
118185124,C117H69N9O12,1791.5065686479998,"CC(C)(C1=CC(=C(C=C1)OC(=O)C=C)N2C(=O)C3=C4C(=CC=C5C4=C(C=C3)C(=O)N(C5=O)C6=CC(=CC(=C6)N7C8=CC=CC=C8C9=CC=CC=C97)N1C3=CC=CC=C3C3=CC=CC=C31)C2=O)C1=CC(=C(C=C1)OC(=O)C=C)N1C(=O)C2=CC3=C(C=C2C1=O)C(=O)N(C3=O)C1=C(C=C(C=C1N1C2=CC=CC=C2C2=CC=CC=C21)N1C2=CC=CC=C2C2=CC=CC=C21)N1C2=CC=CC=C2C2=CC=CC=C21"
118185125,C115H70N10O12,1782.5174676799995,"CC(C)(C1=CC(=C(C=C1)OC(=O)C=C)N2C(=O)C3=C4C(=CC=C5C4=C(C=C3)C(=O)N(C5=O)C6=CC(=CC(=C6)C7C8=CC=CC=C8N=C7C9=CC=CC=C9)C1C3=CC=CC=C3N=C1C1=CC=CC=C1)C2=O)C1=CC(=C(C=C1)OC(=O)C=C)N1C(=O)C2=C3C(=CC=C4C3=C(C=C2)C(=O)N(C4=O)C2=CC(=CC(=C2)N2C3=CC=CC=C3N=C2C2=CC=CC=C2)N2C3=CC=CC=C3N=C2C2=CC=CC=C2)C1=O"
118185126,C109H64N8O12,1676.4643694879996,"CC(C)(C1=CC(=C(C=C1)OC(=O)C=C)N2C(=O)C3=C4C(=CC=C5C4=C(C=C3)C(=O)N(C5=O)C6=CC(=CC(=C6)N7C8=CC=CC=C8C9=CC=CC=C97)N1C3=CC=CC=C3C3=CC=CC=C31)C2=O)C1=CC(=C(C=C1)OC(=O)C=C)N1C(=O)C2=C3C(=CC=C4C3=C(C=C2)C(=O)N(C4=O)C2=CC(=CC(=C2)N2C3=CC=CC=C3C3=CC=CC=C32)N2C3=CC=CC=C3C3=CC=CC=C32)C1=O"
118185127,C121H73N9O12,1843.5378687759996,"CC(C)(C1=CC(=C(C=C1)OC(=O)C=C)N2C(=O)C3=C4C(=CC=C5C4=C(C=C3)C(=O)N(C5=O)C6=CC(=CC(=C6)C7C8=CC=CC=C8N=C7C9=CC=CC=C9)C1C3=CC=CC=C3N=C1C1=CC=CC=C1)C2=O)C1=CC(=C(C=C1)OC(=O)C=C)N1C(=O)C2=CC3=C(C=C2C1=O)C(=O)N(C3=O)C1=C(C=C(C=C1N1C2=CC=CC=C2C2=CC=CC=C21)N1C2=CC=CC=C2C2=CC=CC=C21)N1C2=CC=CC=C2C2=CC=CC=C21"
118185128,C113H68N8O12,1728.4956696159998,"CC(C)(C1=CC(=C(C=C1)OC(=O)C=C)N2C(=O)C3=C4C(=CC=C5C4=C(C=C3)C(=O)N(C5=O)C6=CC(=CC(=C6)C7C8=CC=CC=C8N=C7C9=CC=CC=C9)C1C3=CC=CC=C3N=C1C1=CC=CC=C1)C2=O)C1=CC(=C(C=C1)OC(=O)C=C)N1C(=O)C2=C3C(=CC=C4C3=C(C=C2)C(=O)N(C4=O)C2=CC(=CC(=C2)N2C3=CC=CC=C3C3=CC=CC=C32)N2C3=CC=CC=C3C3=CC=CC=C32)C1=O"
118186842,C118H73N9O12,1807.5378687759996,"CC(C)(C1=CC(=C(C=C1)OC(=O)C=C)N2C(=O)C3=C4C(=CC=C5C4=C(C=C3)C(=O)N(C5=O)C6=CC(=CC(=C6)N7C8=CC=CC=C8C9=CC=CC=C97)N1C3=CC=CC=C3C3=CC=CC=C31)C2=O)C1=CC(=C(C=C1)OC(=O)C=C)N1C(=O)C2=CC3=C(C=C2C1=O)C(=O)N(C3=O)C1=C(C=C(C=C1N1CC=CC=CC(=C)C2=CC=CC=C21)N1C2=CC=CC=C2C2=CC=CC=C21)N1C2=CC=CC=C2C2=CC=CC=C21"
118198583,C31H32N2O6,528.226036744,"CCC(C)C(CO)N1C(=O)C2=C3C(=CC=C4C3=C(C=C2)C(=O)N(C4=O)C5=CC=C(C=C5)CCCCCO)C1=O"
118198584,C31H33N3O6,543.2369357759999,"CCN(CCO)C1=CC(=C(C=C1)N2C(=O)C3=C4C(=CC=C5C4=C(C=C3)C(=O)N(C5=O)C(CC(C)C)CO)C2=O)C"
118198589,C28H25N3O6S2,563.11847752,"COC(=O)C(CS)N1C(=O)C2=C3C(=CC=C4C3=C(C=C2)C(=O)N(C4=O)C5=CC=C(C=C5)CCCCSN)C1=O"
118198590,C31H33N3O6,543.236935776,"CCC(C)C(CO)N1C(=O)C2=C3C(=CC=C4C3=C(C=C2)C(=O)N(C4=O)C5=C(C=C(C=C5)N(CC)CCO)C)C1=O"
118198591,C30H31N3O6,529.2212857119999,"CCN(CCO)C1=CC=C(C=C1)N2C(=O)C3=C4C(=CC=C5C4=C(C=C3)C(=O)N(C5=O)C(CC(C)C)CO)C2=O"
118198592,C27H24N2O6S,504.1355074879999,"CSCCC(CO)N1C(=O)C2=C3C(=CC=C4C3=C(C=C2)C(=O)N(C4=O)C5=CC=C(C=C5)CCO)C1=O"
118198593,C30H22N4O7,550.148849044,"CC(C)C(CO)N1C(=O)C2=CC(=C3C4=C(C=C(C(=C24)C1=O)C#N)C(=O)N(C3=O)C5=CC=C(C=C5)CCC(=O)O)C#N"
118198595,C45H44N2O5,692.325022508,"CCCC1=CC=C(C=C1)N2C(=O)C3=C4C5=C(C(=C3)C6=CC=C(C=C6)CC)C(=O)N(C(=O)C5=CC(=C4C2=O)C7=CC=C(C=C7)CC)C(CC(C)C)CO"
118198597,C32H34N2O6,542.2416868079999,"CC(C)CC(CO)N1C(=O)C2=C3C(=CC=C4C3=C(C=C2)C(=O)N(C4=O)C5=CC=C(C=C5)CCCCCCO)C1=O"
118198614,C30H30N2O6,514.2103866799999,"CC1=C(C=CC(=C1)CCCO)N2C(=O)C3=C4C(=CC=C5C4=C(C=C3)C(=O)N(C5=O)C(CC(C)C)CO)C2=O"
118198615,C30H30N2O6,514.2103866799999,"CC(C)CC(CO)N1C(=O)C2=C3C(=CC=C4C3=C(C=C2)C(=O)N(C4=O)C5=CC=C(C=C5)CCCCO)C1=O"
118198617,C33H28N2O6,548.194736616,"C1=CC=C(C=C1)CC(CO)N2C(=O)C3=C4C(=CC=C5C4=C(C=C3)C(=O)N(C5=O)C6=CC=C(C=C6)CCCCO)C2=O"
118199008,C24H19N3O6,445.127385328,"C1=CC(=CC=C1CCO)N2C(=O)C3=C4C(=CC=C5C4=C(C=C3)C(=O)N(C5=O)NCCO)C2=O"
118199009,C21H21N3O6,411.1430353919999,"CC(CNN1C(=O)C2=C3C(=CC=C4C3=C(C=C2)C(=O)N(C4=O)C(C)(C)CO)C1=O)O"
118199010,C20H17N3O8,427.10156450399995,"COC(=O)C(CO)N1C(=O)C2=C3C(=CC=C4C3=C(C=C2)C(=O)N(C4=O)NCCO)C1=O"
118199011,C24H25N3O6S,483.14640651999997,"CSCCC(CO)N1C(=O)C2=C3C(=CC=C4C3=C(C=C2)C(=O)N(C4=O)NC5CCCC5O)C1=O"
118199012,C19H18N4O6,398.1226342959999,"CC(CNN1C(=O)C2=C3C(=CC=C4C3=C(C=C2)C(=O)N(C4=O)NCCO)C1=O)O"
118199013,C27H24N4O6,500.1695844879999,"CC(C)(C1CCN(CC1)N2C(=O)C3=C4C(=CC=C5C4=C(C=C3)C(=O)N(C5=O)C6=CNC=CC6=O)C2=O)O"
118199014,C29H34N4O6,534.2478348079999,"CC(C)(C1CCN(CC1)N2C(=O)C3=C4C(=CC=C5C4=C(C=C3)C(=O)N(C5=O)N6CCCCC6CCO)C2=O)O"
118199015,C23H17N3O6,431.11173526399995,"CC1=C(C=C(C=C1)N2C(=O)C3=C4C(=CC=C5C4=C(C=C3)C(=O)N(C5=O)NCCO)C2=O)O"
118199016,C21H21N3O6S,443.11510639199986,"CC(CNN1C(=O)C2=C3C(=CC=C4C3=C(C=C2)C(=O)N(C4=O)CCSCCO)C1=O)O"
118199017,C18H14N6O10,474.07714064799995,"C1=C2C3=C4C(=CC(=C3C(=O)N(C2=O)NCCO)[N+](=O)[O-])C(=O)N(C(=O)C4=C1[N+](=O)[O-])NCCO"
118199018,C30H24N4O6,536.169584488,"C1=CC=C(C=C1)C2=CC3=C4C5=C2C(=O)N(C(=O)C5=CC(=C4C(=O)N(C3=O)NCCO)C6=CC=CC=C6)NCCO"
118199019,C24H28N4O6,468.200884616,"CCCC1=CC2=C3C4=C1C(=O)N(C(=O)C4=CC(=C3C(=O)N(C2=O)NCCO)CCC)NCCO"
118199020,C21H21N3O7,427.13795001199986,"CC(CNN1C(=O)C2=C3C(=CC=C4C3=C(C=C2)C(=O)N(C4=O)CCOCCO)C1=O)O"
118199021,C37H29N3O5,595.2107210280001,"C1=CC=C(C=C1)CC(CO)N2C(=O)C3=C4C(=CC=C5C4=C(C=C3)C(=O)N(C5=O)N(CC6=CC=CC=C6)CC7=CC=CC=C7)C2=O"
118199022,C19H12N6O5,404.08691748399997,"C1=CC2=C3C(=CC=C4C3=C1C(=O)N(C4=O)C5=NC=NC=N5)C(=O)N(C2=O)NCCO"
118199023,C24H26N4O6,466.1852345519999,"CC(C)(C1CCN(CC1)N2C(=O)C3=C4C(=CC=C5C4=C(C=C3)C(=O)N(C5=O)NCCO)C2=O)O"
118199024,C23H21N3O7,451.137950012,"CCC(CC(=O)O)N1C(=O)C2=C3C(=CC=C4C3=C(C=C2)C(=O)N(C4=O)N5CCOCC5)C1=O"
118199025,C23H23N3O6,437.158685456,"CCC(CO)N1C(=O)C2=C3C(=CC=C4C3=C(C=C2)C(=O)N(C4=O)NC5CCCC5O)C1=O"
118199026,C29H25N3O6,511.1743355199999,"CC1CCCC(N1N2C(=O)C3=C4C(=CC=C5C4=C(C=C3)C(=O)N(C5=O)C6=C(C=CC(=C6)C(=O)O)C)C2=O)C"
118199027,C24H24N4O6,464.16958448799994,"C1CCN(C(C1)O)N2C(=O)C3=C4C(=CC=C5C4=C(C=C3)C(=O)N(C5=O)N6CCCC(C6)O)C2=O"
118199028,C28H32N4O6,520.2321847439999,"C1CCN(C(C1)CCO)N2C(=O)C3=C4C(=CC=C5C4=C(C=C3)C(=O)N(C5=O)N6CCCCC6CCO)C2=O"
118199029,C27H18N4O4,462.13280505599994,"CN(C1=CC=CC=C1)N2C(=O)C3=C4C(=CC=C5C4=C(C=C3)C(=O)N(C5=O)C6=CC=C(C=C6)N)C2=O"
118199030,C30H36N4O6,548.2634848719999,"CC(C)(C1CCN(CC1)N2C(=O)C3=C4C(=CC=C5C4=C(C=C3)C(=O)N(C5=O)N6CCC(CC6)C(C)(C)O)C2=O)O"
118199031,C30H24N4O5,520.1746698679999,"C1=CC=C(C=C1)CN(CC2=CC=CC=C2)N3C(=O)C4=C5C(=CC=C6C5=C(C=C4)C(=O)N(C6=O)NCCO)C3=O"
118199032,C21H20N4O6,424.13828435999994,"C1CC(C(C1)O)NN2C(=O)C3=C4C(=CC=C5C4=C(C=C3)C(=O)N(C5=O)NCCO)C2=O"
118199033,C28H24N4O5,496.1746698679999,"C1CC2=CC=CC=C2N(C1)N3C(=O)C4=C5C(=CC=C6C5=C(C=C4)C(=O)N(C6=O)N7CCC(CC7)O)C3=O"
118199034,C31H27N3O4,505.200156344,"C=CC1=CC=C(C=C1)N2C(=O)C3=C4C(=CC=C5C4=C(C=C3)C(=O)N(C5=O)N6CCCC7C6CCCC7)C2=O"
118199035,C23H18N4O6,446.1226342959999,"CC(CNN1C(=O)C2=C3C(=CC=C4C3=C(C=C2)C(=O)N(C4=O)C5=CC(=NC=C5)OC)C1=O)O"
118199036,C24H24N4O5,448.17466986799997,"C1CCN(C(C1)CO)N2C(=O)C3=C4C(=CC=C5C4=C(C=C3)C(=O)N(C5=O)N6CCCC6)C2=O"
118199038,C32H27N3O5,533.195070964,"CC(C)CC(CO)N1C(=O)C2=C3C(=CC=C4C3=C(C=C2)C(=O)N(C4=O)N(C5=CC=CC=C5)C6=CC=CC=C6)C1=O"
118199039,C27H28N4O5,488.2059699959999,"C1CCC2C(C1)CCCN2N3C(=O)C4=C5C(=CC=C6C5=C(C=C4)C(=O)N(C6=O)N7CCCC7O)C3=O"
118199040,C22H23N3O6,425.158685456,"CC(C)CC(CO)N1C(=O)C2=C3C(=CC=C4C3=C(C=C2)C(=O)N(C4=O)NCCO)C1=O"
118199041,C28H28N4O4,484.21105537599993,"CCCCCN(C)N1C(=O)C2=C3C(=CC=C4C3=C(C=C2)C(=O)N(C4=O)N(CC)C5=CC=CC=C5)C1=O"
118199042,C29H20N4O4,488.14845511999994,"C1CC2=CC=CC=C2N(C1)N3C(=O)C4=C5C(=CC=C6C5=C(C=C4)C(=O)N(C6=O)C7=CC=CC(=C7)N)C3=O"
118199043,C25H21N3O6,459.143035392,"C1=CC=C(C=C1)CC(CO)N2C(=O)C3=C4C(=CC=C5C4=C(C=C3)C(=O)N(C5=O)NCCO)C2=O"
118199046,C23H21N3O6,435.14303539199994,"CN(C)N1C(=O)C2=C3C(=CC=C4C3=C(C=C2)C(=O)N(C4=O)CCCCOC(=O)C=C)C1=O"
118199047,C24H24N4O6,464.16958448799994,"C1CC(CN(C1)N2C(=O)C3=C4C(=CC=C5C4=C(C=C3)C(=O)N(C5=O)N6CCC(C6)O)C2=O)CO"
118199048,C25H27N3O6,465.189985584,"CCC(C)C(CO)N1C(=O)C2=C3C(=CC=C4C3=C(C=C2)C(=O)N(C4=O)N5CCC(CC5)O)C1=O"
118199049,C28H20N4O5,492.1433697399999,"C1=CC=C(C=C1)N(C2=CC=CC=C2)N3C(=O)C4=C5C(=CC=C6C5=C(C=C4)C(=O)N(C6=O)NCCO)C3=O"
118199050,C29H27N3O6,513.1899855839999,"CC1=CC(=CC(=C1N2C(=O)C3=C4C(=CC=C5C4=C(C=C3)C(=O)N(C5=O)N6CCCCC6CCO)C2=O)C)O"
118199051,C20H20N4O6,412.1382843599999,"CC(CNN1C(=O)C2=C3C(=CC=C4C3=C(C=C2)C(=O)N(C4=O)NCC(C)O)C1=O)O"
118199052,C24H17N3O6,443.11173526399995,"C1CN(CC1O)N2C(=O)C3=C4C(=CC=C5C4=C(C=C3)C(=O)N(C5=O)C6=CC=CC=C6O)C2=O"
118199053,C24H26N6O4,462.201553312,"C1CN(CCC1N)N2C(=O)C3=C4C(=CC=C5C4=C(C=C3)C(=O)N(C5=O)N6CCC(CC6)N)C2=O"
118199054,C25H22N6O7,518.154997044,"CC(C)(C1CCN(CC1)N2C(=O)C3=C4C(=CC=C5C4=C(C=C3)C(=O)N(C5=O)C6=NC(=O)NC(=O)N6)C2=O)O"
118199055,C21H20N4O6,424.1382843599999,"CC(CNN1C(=O)C2=C3C(=CC=C4C3=C(C=C2)C(=O)N(C4=O)N5CCOCC5)C1=O)O"
118199056,C23H25N3O5,423.17942089999997,"CCCC(CCC)N1C(=O)C2=C3C(=CC=C4C3=C(C=C2)C(=O)N(C4=O)NCCO)C1=O"
118199057,C26H28N4O5,476.2059699959999,"CC1CCCC(N1N2C(=O)C3=C4C(=CC=C5C4=C(C=C3)C(=O)N(C5=O)NC6CCCC6O)C2=O)C"
118199059,C22H22N4O6,438.15393442399994,"C1CN(CCC1CO)N2C(=O)C3=C4C(=CC=C5C4=C(C=C3)C(=O)N(C5=O)NCCO)C2=O"
118199061,C24H17N3O4S,443.093977024,"C1CCN(C1)N2C(=O)C3=C4C(=CC=C5C4=C(C=C3)C(=O)N(C5=O)C6=CC=C(C=C6)S)C2=O"
118199062,C27H23N3O6,485.15868545599994,"C1CCN(C(C1)CCO)N2C(=O)C3=C4C(=CC=C5C4=C(C=C3)C(=O)N(C5=O)C6=CC=C(C=C6)O)C2=O"
118199063,C24H24N4O6,464.16958448799994,"C1CC(C(C1)O)NN2C(=O)C3=C4C(=CC=C5C4=C(C=C3)C(=O)N(C5=O)N6CCC(CC6)O)C2=O"
118199064,C22H22N4O5,422.1590198039999,"CC(CNN1C(=O)C2=C3C(=CC=C4C3=C(C=C2)C(=O)N(C4=O)N5CCCCC5)C1=O)O"
118199065,C24H19N3O6,445.1273853279999,"CC(CNN1C(=O)C2=C3C(=CC=C4C3=C(C=C2)C(=O)N(C4=O)C5=CC=CC=C5CO)C1=O)O"
118199066,C26H28N4O6,492.20088461599994,"C1CN(CCC1CO)N2C(=O)C3=C4C(=CC=C5C4=C(C=C3)C(=O)N(C5=O)N6CCC(CC6)CO)C2=O"
118199067,C25H28N4O4,448.21105537599993,"CCCCCN(C)N1C(=O)C2=C3C(=CC=C4C3=C(C=C2)C(=O)N(C4=O)N5CCCCC5)C1=O"
118199068,C25H20N4O5,456.14336973999997,"C1CCN(C(C1)CO)N2C(=O)C3=C4C(=CC=C5C4=C(C=C3)C(=O)N(C5=O)C6=CC=NC=C6)C2=O"
118199069,C25H27N3O6,465.189985584,"CC(C)(C)C(CO)N1C(=O)C2=C3C(=CC=C4C3=C(C=C2)C(=O)N(C4=O)N5CCC(CC5)O)C1=O"
118199070,C24H15N5O9,517.0869770599999,"C1CC(N(C1)N2C(=O)C3=C4C(=CC=C5C4=C(C=C3)C(=O)N(C5=O)C6=CC(=CC(=C6)[N+](=O)[O-])[N+](=O)[O-])C2=O)O"
118199071,C27H23N3O5,469.16377083599997,"C1CCN(CC1)N2C(=O)C3=C4C(=CC=C5C4=C(C=C3)C(=O)N(C5=O)C6=CC=C(C=C6)CCO)C2=O"
118199072,C25H19N3O7,473.122299948,"COC1=C(C=C(C=C1)N2C(=O)C3=C4C(=CC=C5C4=C(C=C3)C(=O)N(C5=O)N6CCC(C6)O)C2=O)O"
118199073,C29H25N3O6,511.17433551999994,"CC(C)(C)C1=CC=C(C=C1)N2C(=O)C3=C4C(=CC=C5C4=C(C=C3)C(=O)N(C5=O)N6CCCC6C(=O)O)C2=O"
118199074,C28H32N4O5,504.2372701239999,"CC(C)(C1CCN(CC1)N2C(=O)C3=C4C(=CC=C5C4=C(C=C3)C(=O)N(C5=O)N6CCCCCC6)C2=O)O"
118199075,C20H16N4O6,408.1069842319999,"C1C(CN1N2C(=O)C3=C4C(=CC=C5C4=C(C=C3)C(=O)N(C5=O)N6CC(C6)O)C2=O)O"
118199076,C25H20N4O5,456.1433697399999,"CCN(C1=CC=CC=C1)N2C(=O)C3=C4C(=CC=C5C4=C(C=C3)C(=O)N(C5=O)N6CC(C6)O)C2=O"
118199077,C21H18N4O6,422.12263429599994,"C1CC(N(C1)N2C(=O)C3=C4C(=CC=C5C4=C(C=C3)C(=O)N(C5=O)N6CC(C6)O)C2=O)O"
118199078,C22H20N4O6,436.13828435999994,"C1CC(N(C1)N2C(=O)C3=C4C(=CC=C5C4=C(C=C3)C(=O)N(C5=O)N6CCCC6O)C2=O)O"
118199079,C31H27N3O6,537.1899855839999,"CCC(COC(=O)C(=C)C)N1C(=O)C2=C3C(=CC=C4C3=C(C=C2)C(=O)N(C4=O)N5CCCC6=CC=CC=C65)C1=O"
118199080,C26H24N4O8,520.159413728,"C1CN(CCC1C(=O)O)N2C(=O)C3=C4C(=CC=C5C4=C(C=C3)C(=O)N(C5=O)N6CCC(CC6)OC=O)C2=O"
118199081,C23H24N6O4,448.185903248,"C1CN(CCC1N)N2C(=O)C3=C4C(=CC=C5C4=C(C=C3)C(=O)N(C5=O)N6CCC(C6)N)C2=O"
118199082,C21H13N5O7,447.081497756,"C1=CC2=C3C(=CC=C4C3=C1C(=O)N(C4=O)C5=C(C=NC=C5)[N+](=O)[O-])C(=O)N(C2=O)NCCO"
118199083,C25H20N4O5,456.1433697399999,"CC1=NC=CC(=C1)N2C(=O)C3=C4C(=CC=C5C4=C(C=C3)C(=O)N(C5=O)NC6CCCC6O)C2=O"
118199084,C18H16N4O6,384.106984232,"C1=CC2=C3C(=CC=C4C3=C1C(=O)N(C4=O)NCCO)C(=O)N(C2=O)NCCO"
118199085,C25H22N4O5S,490.13109080399994,"CC(C)(C1CCN(CC1)N2C(=O)C3=C4C(=CC=C5C4=C(C=C3)C(=O)N(C5=O)C6=NC=CS6)C2=O)O"
118199088,C32H31N3O6,553.2212857119999,"CC(C)C1=C(C(=CC=C1)C(C)C)N2C(=O)C3=C4C(=CC=C5C4=C(C=C3)C(=O)N(C5=O)N6CCC(CC6)OC=O)C2=O"
118200330,C28H26N2O6,486.17908655199994,"CCC(C)C(CO)N1C(=O)C2=C3C(=CC=C4C3=C(C=C2)C(=O)N(C4=O)C5=CC=C(C=C5)CCO)C1=O"
118200331,C28H26N2O6,486.17908655199994,"CC(C)CC(CO)N1C(=O)C2=C3C(=CC=C4C3=C(C=C2)C(=O)N(C4=O)C5=CC=C(C=C5)CCO)C1=O"
118200332,C26H22N2O6,458.14778642399995,"CCC(CO)N1C(=O)C2=C3C(=CC=C4C3=C(C=C2)C(=O)N(C4=O)C5=CC=C(C=C5)CCO)C1=O"
118200333,C27H24N2O6,472.16343648799995,"CC(C)C(CO)N1C(=O)C2=C3C(=CC=C4C3=C(C=C2)C(=O)N(C4=O)C5=CC=C(C=C5)CCO)C1=O"
118200334,C28H26N2O6,486.17908655199994,"CC(C)(C)C(CO)N1C(=O)C2=C3C(=CC=C4C3=C(C=C2)C(=O)N(C4=O)C5=CC=C(C=C5)CCO)C1=O"
118200335,C26H20N2O8,488.1219655999999,"COC(=O)C(CO)N1C(=O)C2=C3C(=CC=C4C3=C(C=C2)C(=O)N(C4=O)C5=CC=C(C=C5)CCO)C1=O"
118200336,C30H22N2O6,506.14778642399995,"C1=CC=C(C=C1)C(CO)N2C(=O)C3=C4C(=CC=C5C4=C(C=C3)C(=O)N(C5=O)C6=CC=C(C=C6)CCO)C2=O"
118200337,C30H28N2O6,512.194736616,"C1CCC(CC1)C(CO)N2C(=O)C3=C4C(=CC=C5C4=C(C=C3)C(=O)N(C5=O)C6=CC=C(C=C6)CCO)C2=O"
118200339,C31H24N2O6,520.163436488,"C1=CC=C(C=C1)CC(CO)N2C(=O)C3=C4C(=CC=C5C4=C(C=C3)C(=O)N(C5=O)C6=CC=C(C=C6)CCO)C2=O"
118200340,C28H27N3O6,501.1899855839999,"CC(CNCCCN1C(=O)C2=C3C(=CC=C4C3=C(C=C2)C(=O)N(C4=O)C5=CC=C(C=C5)CCO)C1=O)O"
118200341,C25H20N2O6,444.13213635999995,"CC(CO)N1C(=O)C2=C3C(=CC=C4C3=C(C=C2)C(=O)N(C4=O)C5=CC=C(C=C5)CCO)C1=O"
118200342,C26H22N2O6S,490.1198574239999,"C1=CC(=CC=C1CCO)N2C(=O)C3=C4C(=CC=C5C4=C(C=C3)C(=O)N(C5=O)CCSCCO)C2=O"
118200343,C26H22N2O7,474.1427010439999,"C1=CC(=CC=C1CCO)N2C(=O)C3=C4C(=CC=C5C4=C(C=C3)C(=O)N(C5=O)CCOCCO)C2=O"
118200344,C27H25N3O6,487.17433552,"C1=CC(=CC=C1CCO)N2C(=O)C3=C4C(=CC=C5C4=C(C=C3)C(=O)N(C5=O)CCCNCCO)C2=O"
118200345,C28H25N3O8,531.16416476,"CC(C)CC(CO)N1C(=O)C2=C3C(=CC=C4C3=C(C=C2)C(=O)N(C4=O)C5=C(C=C(C=C5)CCO)[N+](=O)[O-])C1=O"
118200346,C24H18N2O6,430.11648629599995,"C1=CC(=CC=C1CCO)N2C(=O)C3=C4C(=CC=C5C4=C(C=C3)C(=O)N(C5=O)CCO)C2=O"
118200347,C30H29N3O8,559.1954648880001,"C1=CC(=C(C=C1CCO)[N+](=O)[O-])N2C(=O)C3=C4C(=CC=C5C4=C(C=C3)C(=O)N(C5=O)CCCCCCCCO)C2=O"
118200348,C34H38N2O6,570.272986936,"C1=CC(=CC=C1CCO)N2C(=O)C3=C4C(=CC=C5C4=C(C=C3)C(=O)N(C5=O)CCCCCCCCCCCCO)C2=O"
118200350,C28H26N2O6,486.17908655199994,"CCC(CO)N1C(=O)C2=CC(=C3C4=C(C=C(C(=C24)C1=O)C)C(=O)N(C3=O)C5=CC=C(C=C5)CCO)C"
118200351,C27H22N2O7S,518.1147720439999,"CCOC(=O)C(CS)N1C(=O)C2=C3C(=CC=C4C3=C(C=C2)C(=O)N(C4=O)C5=CC=C(C=C5)CCO)C1=O"
118200352,C26H20N2O7,472.1270509799999,"CC(CC(=O)O)N1C(=O)C2=C3C(=CC=C4C3=C(C=C2)C(=O)N(C4=O)C5=CC=C(C=C5)CCO)C1=O"
118200353,C33H33N3O9,615.2216796360001,"C1=CC(=C(C=C1CCO)[N+](=O)[O-])N2C(=O)C3=C4C(=CC=C5C4=C(C=C3)C(=O)N(C5=O)CCCCCCCCCCC(=O)O)C2=O"
118200356,C27H22N4O10,562.133592904,"CC(C)C(CO)N1C(=O)C2=CC(=C3C4=C2C(=C(C=C4C(=O)N(C3=O)C5=CC=C(C=C5)CCO)[N+](=O)[O-])C1=O)[N+](=O)[O-]"
118200358,C42H38N2O8,698.262816176,"CCC(C)C(CO)N1C(=O)C2=C3C4=C(C(=C2)C5=CC=C(C=C5)CO)C(=O)N(C(=O)C4=CC(=C3C1=O)C6=CC=C(C=C6)OC)C7=CC=C(C=C7)CCO"
118200359,C38H30N2O6,610.2103866799999,"CCC(CO)N1C(=O)C2=CC(=C3C4=C(C=C(C(=C24)C1=O)C5=CC=CC=C5)C(=O)N(C3=O)C6=CC=C(C=C6)CCO)C7=CC=CC=C7"
118200360,C38H28N4O10,700.1805430960001,"CCC(CO)N1C(=O)C2=CC(=C3C4=C(C=C(C(=C24)C1=O)C5=CC(=CC=C5)[N+](=O)[O-])C(=O)N(C3=O)C6=CC=C(C=C6)CCO)C7=CC(=CC=C7)[N+](=O)[O-]"
118200361,C31H33N3O6,543.236935776,"CCC(C)C(CO)N1C(=O)C2=C3C(=CC=C4C3=C(C=C2)C(=O)N(C4=O)C5=C(C=C(C=C5)N(CC)CCO)C)C1=O"
118200362,C30H31N3O6,529.2212857119999,"CCN(CCO)C1=CC(=C(C=C1)N2C(=O)C3=C4C(=CC=C5C4=C(C=C3)C(=O)N(C5=O)CCCCCO)C2=O)C"
118200363,C28H26N2O7,502.1740011719999,"C1=CC(=CC=C1CCCCO)N2C(=O)C3=C4C(=CC=C5C4=C(C=C3)C(=O)N(C5=O)CCOCCO)C2=O"
118200364,C33H29N3O6,563.205635648,"CCN(CCO)C1=CC(=C(C=C1)N2C(=O)C3=C4C(=CC=C5C4=C(C=C3)C(=O)N(C5=O)C(CO)C6=CC=CC=C6)C2=O)C"
118200365,C29H28N2O6,500.19473661599994,"CCC(CO)N1C(=O)C2=C3C(=CC=C4C3=C(C=C2)C(=O)N(C4=O)C5=CC=C(C=C5)CC(C)CCO)C1=O"
118200366,C27H20N2O8,500.1219655999999,"CC(CC(=O)O)N1C(=O)C2=C3C(=CC=C4C3=C(C=C2)C(=O)N(C4=O)C5=CC=C(C=C5)CCOC=O)C1=O"
118200367,C26H17N3O9,515.0964791239999,"C1=CC(=CC=C1C(=O)NCOC=O)N2C(=O)C3=C4C(=CC=C5C4=C(C=C3)C(=O)N(C5=O)CCC(=O)O)C2=O"
118200368,C29H26N2O7,514.174001172,"CC(C)CC(CO)N1C(=O)C2=C3C(=CC=C4C3=C(C=C2)C(=O)N(C4=O)C5=CC=C(C=C5)CCOC=O)C1=O"
118200369,C28H24N2O7,500.1583511079999,"CCC(CO)N1C(=O)C2=C3C(=CC=C4C3=C(C=C2)C(=O)N(C4=O)C5=CC=C(C=C5)CCCOC=O)C1=O"
118200371,C41H32N2O8,680.215865984,"CC1=CC=C(C=C1)C2=CC3=C4C5=C2C(=O)N(C(=O)C5=CC(=C4C(=O)N(C3=O)C6=CC=C(C=C6)CCOC=O)C7=CC=C(C=C7)C)C(C)CC(=O)O"
118200372,C29H25N3O8,543.16416476,"CC(C)CC(CO)N1C(=O)C2=C3C(=CC=C4C3=C(C=C2)C(=O)N(C4=O)C5=CC=C(C=C5)C(=O)NCOC=O)C1=O"
118200374,C28H27N3O5,485.195070964,"CC(C)(C)C(CO)N1C(=O)C2=C3C(=CC=C4C3=C(C=C2)C(=O)N(C4=O)C5=CC=C(C=C5)CCN)C1=O"
118200375,C28H27N3O5,485.195070964,"CC(C)CC(CO)N1C(=O)C2=C3C(=CC=C4C3=C(C=C2)C(=O)N(C4=O)C5=CC=C(C=C5)CCN)C1=O"
118200376,C31H23N3O6,533.158685456,"C1=CC=C(C=C1)C(CC(=O)O)N2C(=O)C3=C4C(=CC=C5C4=C(C=C3)C(=O)N(C5=O)C6=CC=C(C=C6)CCN)C2=O"
118200377,C44H43N3O5,693.320271476,"CCC1=CC=C(C=C1)C2=CC3=C4C5=C2C(=O)N(C(=O)C5=CC(=C4C(=O)N(C3=O)C6=CC=C(C=C6)CCN)C7=CC=C(C=C7)CC)C(CC(C)C)CO"
118200378,C29H28N2O5S,516.171892996,"CC(C)C(CO)N1C(=O)C2=C3C(=CC=C4C3=C(C=C2)C(=O)N(C4=O)C5=CC=C(C=C5)CCCCS)C1=O"
118200379,C28H24N2O6S2,548.107578488,"COC(=O)C(CS)N1C(=O)C2=C3C(=CC=C4C3=C(C=C2)C(=O)N(C4=O)C5=CC=C(C=C5)CCCCS)C1=O"
118200381,C30H22N2O6,506.14778642399995,"C1=CC(=CC=C1CCO)N2C(=O)C3=C4C(=CC=C5C4=C(C=C3)C(=O)N(C5=O)C6=CC=C(C=C6)CCO)C2=O"
118200382,C26H22N2O6,458.14778642399995,"CCC(CO)N1C(=O)C2=C3C(=CC=C4C3=C(C=C2)C(=O)N(C4=O)C5=C(C=CC(=C5)CO)C)C1=O"
118200383,C30H22N2O10,570.127444904,"C1=CC2=C3C(=CC=C4C3=C1C(=O)N(C4=O)C5=CC(=C(C(=C5)CO)O)CO)C(=O)N(C2=O)C6=CC(=C(C(=C6)CO)O)CO"
118200384,C27H24N2O6,472.16343648799995,"CC(C)CC(CO)N1C(=O)C2=C3C(=CC=C4C3=C(C=C2)C(=O)N(C4=O)C5=CC=CC=C5CO)C1=O"
118200385,C36H36N4O6,620.263484872,"CCN(CCO)C1=CC(=C(C=C1)N2C(=O)C3=C4C(=CC=C5C4=C(C=C3)C(=O)N(C5=O)C6=C(C=C(C=C6)N(CC)CCO)C)C2=O)C"
118200968,C56H82N2O14,1006.576605304,"CC(N1C(=O)C2=C3C(=CC=C4C3=C(C=C2)C(=O)NC4=O)C1=O)OC(C)(C)C5(C(OCC(COC(C(OCC(CO5)(C)C)(C)C(C)(C(=O)C6CCC(CC6)C(=O)C(C)(C)C)C(C)(C)O)(C)C)(CO)CO)(C)C)C"
118201115,C20H14N6O6,434.097482168,"C1=C(C2=C3C(=CC(=C4C3=C1C(=O)N(C4=O)NCCO)C#N)C(=O)N(C2=O)NCCO)C#N"
118201118,C32H31N3O6,553.2212857119999,"CC(C)C1=C(C(=CC=C1)C(C)C)N2C(=O)C3=C4C(=CC=C5C4=C(C=C3)C(=O)N(C5=O)N6CCC(CC6)C(=O)O)C2=O"
118201224,C24H24N4O6,464.16958448799994,"C1CC(C(C1)O)NN2C(=O)C3=C4C(=CC=C5C4=C(C=C3)C(=O)N(C5=O)NC6CCCC6O)C2=O"
118201227,C26H24N4O8,520.159413728,"C1CN(CCC1C(=O)O)N2C(=O)C3=C4C(=CC=C5C4=C(C=C3)C(=O)N(C5=O)N6CCC(CC6)C(=O)O)C2=O"
118203639,C29H25N3O8,543.16416476,"CC(C)CC(CO)N1C(=O)C2=C3C(=CC=C4C3=C(C=C2)C(=O)N(C4=O)C5=CC=C(C=C5)C(=O)NCC(=O)O)C1=O"
118203643,C25H21N3O5,443.14812077199997,"CCN(CCO)C1=CC(=C(C=C1)N2C(=O)C3=C4C(=CC=C5C4=C(C=C3)C(=O)NC5=O)C2=O)C"
118203688,C22H14N2O5,386.090271548,"C1=CC(=CC=C1CCO)N2C(=O)C3=C4C(=CC=C5C4=C(C=C3)C(=O)NC5=O)C2=O"
118203689,C42H32N4O6,688.2321847439999,"CC(C)CC(CO)N1C(=O)C2=CC(=C3C4=C(C=C(C(=C24)C1=O)C5=CC=C(C=C5)C#N)C(=O)N(C3=O)C6=CC=C(C=C6)CCO)C7=CC=C(C=C7)C#N"
118203698,C28H24N2O7,500.1583511079999,"CCC(CO)N1C(=O)C2=C3C(=CC=C4C3=C(C=C2)C(=O)N(C4=O)C5=CC=C(C=C5)CCCC(=O)O)C1=O"
118203711,C29H26N2O7,514.174001172,"CC(C)CC(CO)N1C(=O)C2=C3C(=CC=C4C3=C(C=C2)C(=O)N(C4=O)C5=CC=C(C=C5)CCC(=O)O)C1=O"
118203712,C22H13N3O7,431.075349756,"C1=CC(=C(C=C1CCO)[N+](=O)[O-])N2C(=O)C3=C4C(=CC=C5C4=C(C=C3)C(=O)NC5=O)C2=O"
118203713,C30H24N4O6,536.169584488,"CC(C)CC(CO)N1C(=O)C2=CC(=C3C4=C(C=C(C(=C24)C1=O)C#N)C(=O)N(C3=O)C5=CC=C(C=C5)CCO)C#N"
118203739,C30H24N4O5S,552.1467408679999,"CCC(CO)N1C(=O)C2=CC(=C3C4=C(C=C(C(=C24)C1=O)C#N)C(=O)N(C3=O)C5=CC=C(C=C5)CCCCS)C#N"
118203741,C42H38N2O8,698.262816176,"CCC(C)C(CO)N1C(=O)C2=CC(=C3C4=C(C=C(C(=C24)C1=O)C5=CC=C(C=C5)OC)C(=O)N(C3=O)C6=CC=C(C=C6)CCO)C7=CC=C(C=C7)OC"
118203746,C27H20N2O8,500.1219655999999,"CC(CC(=O)O)N1C(=O)C2=C3C(=CC=C4C3=C(C=C2)C(=O)N(C4=O)C5=CC=C(C=C5)CCC(=O)O)C1=O"
118203748,C41H32N2O8,680.215865984,"CC1=CC=C(C=C1)C2=CC3=C4C5=C2C(=O)N(C(=O)C5=CC(=C4C(=O)N(C3=O)C6=CC=C(C=C6)CCC(=O)O)C7=CC=C(C=C7)C)C(C)CC(=O)O"
118203753,C26H17N3O9,515.0964791239999,"C1=CC(=CC=C1C(=O)NCC(=O)O)N2C(=O)C3=C4C(=CC=C5C4=C(C=C3)C(=O)N(C5=O)CCC(=O)O)C2=O"
118331387,C40H42N2O8S2,742.2382583040002,"CCC(=O)OCCCCCCN1C(=O)C2=CC(=C3C4=C(C=C(C(=C24)C1=O)C5=CC=CS5)C(=O)N(C3=O)CCCCCCOC(=O)CC)C6=CC=CS6"
118331538,C52H66N2O8S2,910.426059072,"CCCCCCC1=CSC(=C1)C2=CC3=C4C5=C2C(=O)N(C(=O)C5=CC(=C4C(=O)N(C3=O)CCCCCCOC(=O)CC)C6=CC(=CS6)CCCCCC)CCCCCCOC(=O)CC"
118374100,C32H30N2O4,506.22055743999994,"CCCCCCCCCCN1C(=O)C2=C3C(=CC=C4C3=C(C=C2)C(=O)N(C4=O)C#CC5=CC=CC=C5)C1=O"
118405057,C74H40N8O4,1104.3172517599996,"C1=CC=C2C(=C1)C3=CC=CC=C3N2C4=CC=C(C=C4)C5=CC6=C7C8=C5C(=O)N(C(=O)C8=CC(=C7C(=O)N(C6=O)C9=C1C=CC=NC1=C1C(=C9)C=CC=N1)C1=CC=C(C=C1)N1C2=CC=CC=C2C2=CC=CC=C21)C1=C2C=CC=NC2=C2C(=C1)C=CC=N2"
118405058,C74H40N8O4,1104.3172517599999,"C1=CC=C(C=C1)N2C3=C(C=C(C=C3)C4=CC5=C6C7=C4C(=O)N(C(=O)C7=CC(=C6C(=O)N(C5=O)C8=C9C=CC=NC9=C1C(=C8)C=CC=N1)C1=CC3=C(C=C1)N(C1=CC=CC=C13)C1=CC=CC=C1)C1=C3C=CC=NC3=C3C(=C1)C=CC=N3)C1=CC=CC=C12"
118405059,C74H40N8O4,1104.3172517599999,"C1=CC=C(C=C1)N2C3=C(C=C(C=C3)C4=C5C6=C(C=C(C7=C6C(=C4)C(=O)N(C7=O)C8=C9C=CC=NC9=C1C(=C8)C=CC=N1)C1=CC=C(C=C1)N1C3=CC=CC=C3C3=CC=CC=C31)C(=O)N(C5=O)C1=C3C=CC=NC3=C3C(=C1)C=CC=N3)C1=CC=CC=C12"
118440864,C24H18N2O12,526.0859740159998,"C1=CC2=C3C(=CC=C4C3=C1C(=O)N(C4=O)CCOC(=O)CC(=O)O)C(=O)N(C2=O)CCOC(=O)COC=O"
118441012,C43H32N2O9S,752.1828516040001,"CC1=CC(=CC=C1)OC2=C(C=C(C=C2)C(C)(C)C3=CC=C(C=C3)OC4=CC=CC(=C4)N5C(=O)C6=C7C(=CC=C8C7=C(C=C6)C(=O)N(C8=O)C)C5=O)S(=O)(=O)O"
118443392,C46H46N2O16S2,946.2288753920003,"CC1=C2C(=C(S1)C)OC(CO2)COC(=O)CCCC(=O)OCCN3C(=O)C4=C5C(=CC=C6C5=C(C=C4)C(=O)N(C6=O)CCOC(=O)CCCC(=O)OCC7COC8=C(SC(=C8O7)C)C)C3=O"
118474835,C31H40N2O6,536.2886369999999,"CCC(C)(CC(C)N1C(=O)C2=C3C(=CC=C4C3=C(C=C2)C(=O)N(C4=O)C(C)(CC)CC(C)(CC)O)C1=O)OC"
118485461,C26H30N2O4,434.22055744,"CC1=C2C3=C4C(=C(C(=C3C(=O)N(C2=O)C)C(C)(C)C)C)C(=O)N(C(=O)C4=C1C(C)(C)C)C"
118485470,C24H26N2O4,406.189257312,"CC(C)(C)C1=C2C3=C4C(=C1)C(=O)N(C(=O)C4=C(C=C3C(=O)N(C2=O)C)C(C)(C)C)C"
118485476,C70H100N2O4S2,1096.71245168,"CCCCCCCCCCC(CCCCCCCC)CN1C(=O)C2=CC(=C3C4=C(C=C(C(=C24)C1=O)C)C(=O)N(C3=O)CC(CCCCCCCC)CCCCCCCCCC)C5=CC6=C(S5)C(=C7CCC8=C7SC(=C8)C)CC6"
118485479,C72H104N2O4S2,1124.7437518079998,"CCCCCCCCCCC(CCCCCCCC)CN1C(=O)C2=CC(=C3C4=C(C=C(C(=C24)C1=O)C)C(=O)N(C3=O)CC(CCCCCCCC)CCCCCCCCCC)C5=CC6=C(S5)CCCC6=C7CCCC8=C7C=C(S8)C"
118485482,C46H28N4O8S2,828.1348558560002,"CN1C(=O)C2=C3C(=CC(=C4C3=C(C=C2)C(=O)N(C4=O)C)C5=CC6=C(S5)C(=C7CCC8=C7SC(=C8)C9=C2C3=C(C=CC4=C3C(=C9)C(=O)N(C4=O)C)C(=O)N(C2=O)C)CC6)C1=O"
118485484,C74H84N4O8S2,1220.573057648,"CCCCCCCCN1C(=O)C2=C3C(=CC(=C4C3=C(C=C2)C(=O)N(C4=O)CCCCCCCC)C5=CC6=C(S5)CCC6=C7CCC8=C7C=C(S8)C9=C2C3=C(C=CC4=C3C(=C9)C(=O)N(C4=O)CCCCCCCC)C(=O)N(C2=O)CCCCCCCC)C1=O"
118485486,C32H24N2O4S2,564.117749248,"CC1=CC2=C3C4=C1C(=O)N(C(=O)C4=CC(=C3C(=O)N(C2=O)C)C5=CC6=C(S5)CCC6=C7CCC8=C7C=C(S8)C)C"
118485931,C17H12N2O4,308.079706864,"CCC1=C2C3=C(C=C(C4=C3C(=C1)C(=O)NC4=O)C)C(=O)NC2=O"
118485933,C74H84N4O8S2,1220.573057648,"CCCCCCCCN1C(=O)C2=C3C(=CC(=C4C3=C(C=C2)C(=O)N(C4=O)CCCCCCCC)C5=CC6=C(S5)C(=C7CCC8=C7SC(=C8)C9=C2C3=C(C=CC4=C3C(=C9)C(=O)N(C4=O)CCCCCCCC)C(=O)N(C2=O)CCCCCCCC)CC6)C1=O"
118516314,C31H24N2O4,488.17360724799994,"CCC1=CC=CC=C1N2C(=O)C3=C4C(=CC=C5C4=C(C=C3)C(=O)N(C5=O)C6=C(C=CC=C6CC)C)C2=O"
118516837,C40H42N2O4,614.314457824,"CC1=CC(=C(C=C1C#CC(C)C)C)C#CC2=CC3=C4C5=C2C(=O)N(C(=O)C5=CC(=C4C(=O)N(C3=O)CC(C)C)C(C)C)CC(C)C"
118516838,C86H113N3O4S,1283.8451800960001,"CCCCCCCCCCCCC(CCCCCCCCCC)CN1C(=O)C2=C3C4=C(C(=C2)C5=CC6=C(C=C5)N(C7=C(S6)C=C(C=C7)C(C)C)CCCCCC)C(=O)N(C(=O)C4=CC(=C3C1=O)C(C)C)CC(CCCCCCCCCCCC)C#CC#CC#CC#CC#C"
118516839,C68H102N2O4S2,1074.728101744,"CCCCCCCCCCC(CCCCCCCC)CN1C(=O)C2=CC(=C3C4=C(C=C(C(=C24)C1=O)C5=CC=C(S5)C6=CC=C(S6)C(C)C)C(=O)N(C3=O)CC(CCCCCCCC)CCCCCCCCCC)C(C)C"
118516840,C40H42N2O4S2,678.2585998240002,"CC(C)CN1C(=O)C2=CC(=C3C4=C(C=C(C(=C24)C1=O)C=CC5=CC=C(S5)C6=CC=C(S6)C=CC(C)C)C(=O)N(C3=O)CC(C)C)C(C)C"
118516844,C36H40N2O4S,596.27087876,"CC(C)CN1C(=O)C2=CC(=C3C4=C(C=C(C(=C24)C1=O)C=CC5=CC=C(S5)C=CC(C)C)C(=O)N(C3=O)CC(C)C)C(C)C"
118601420,C27H16N2O10S2,592.024636712,"CC1=CC(=C(C=C1)C2=C(C=C(C=C2)N3C(=O)C4=C5C(=CC=C6C5=C(C=C4)C(=O)NC6=O)C3=O)S(=O)(=O)O)S(=O)(=O)O"
118893728,C42H34N6O4,686.2641535680001,"CC(C)C1=C(C(=CC=C1)C(C)C)N2C(=O)C3=C4C(=C(C(=C5C4=C(C(=C3C#N)C#N)C(=O)N(C5=O)C6=C(C=CC=C6C(C)C)C(C)C)C#N)C#N)C2=O"
118893731,C40H36N4O4,636.273655632,"CC(C)C1=C(C(=CC=C1)C(C)C)N2C(=O)C3=CC(=C4C5=C(C(=CC(=C35)C2=O)C#N)C(=O)N(C4=O)C6=C(C=CC=C6C(C)C)C(C)C)C#N"
118907868,C33H44N2O6,564.319937128,"CCC(C)(CC(C)(CC)O)N1C(=O)C2=C3C(=CC=C4C3=C(C=C2)C(=O)N(C4=O)C(C)(CC)CC(C)(CC)OC)C1=O"
118909054,C19H9N3O4S2,407.003447768,"CN1C(=O)C2=C3C4=C(C=C2)C(=O)N(C(=O)C4=C5C(=C3C1=O)SC(=CC#N)S5)C"
118909083,C38H16N6O8S4,811.9912454720001,"CN1C(=O)C2=C3C4=C(C=C2)C(=O)N(C(=O)C4=C5C(=C3C1=O)SC(=C(C#N)C(=C6SC7=C8C9=C(C=CC1=C9C(=C7S6)C(=O)N(C1=O)C)C(=O)N(C8=O)C)C#N)S5)C"
118909361,C73H108N4O4S4,1232.725341936,"CCCCCCCCCCCCC(CCCCCCCCCC)CN1C(=O)C2=C3C(=C4C5=C2C(=C6C(=C5C(=O)N(C4=O)CC(CCCCCCCCCC)CCCCCCCCCCCC)SC(=C(C=CC(C)C)C#N)S6)C1=O)SC(=CC#N)S3"
118909616,C23H7N5O4S4,544.9380877039999,"CN1C(=O)C2=C3C(=C4C5=C2C(=C6C(=C5C(=O)N(C4=O)C)SC(=C(C#N)C#N)S6)C1=O)SC(=CC#N)S3"
118909640,C74H105N3O4S6,1291.6429348399997,"CCCCCCCCCCCCC(CCCCCCCCCC)CN1C(=O)C2=C3C(=C4C5=C2C(=C6C(=C5C(=O)N(C4=O)CC(CCCCCCCCCC)CCCCCCCCCCCC)SC(=CC7=CC8=C(S7)C=C(S8)C)S6)C1=O)SC(=CC#N)S3"
118909641,C46H12N10O8S8,1087.8605253440003,"CN1C(=O)C2=C3C(=C4C5=C2C(=C6C(=C5C(=O)N(C4=O)C)SC(=C(C#N)C(=C7SC8=C9C2=C4C(=C5C(=C2C(=O)N(C9=O)C)SC(=C(C#N)C#N)S5)C(=O)N(C(=O)C4=C8S7)C)C#N)S6)C1=O)SC(=C(C#N)C#N)S3"
118909649,C68H100N4O4S4,1164.6627416800002,"CCCCCCCCCCCCC(CCCCCCCCCC)CN1C(=O)C2=C3C(=C4C5=C2C(=C6C(=C5C(=O)N(C4=O)CC(CCCCCCCCCC)CCCCCCCCCCCC)SC(=CC#N)S6)C1=O)SC(=CC#N)S3"
118909651,C75H108N4O4S5,1288.6974129359999,"CCCCCCCCCCCCC(CCCCCCCCCC)CN1C(=O)C2=C3C(=C4C5=C2C(=C6C(=C5C(=O)N(C4=O)CC(CCCCCCCCCC)CCCCCCCCCCCC)SC(=C(C#N)C7=CC=C(S7)C)S6)C1=O)SC(=CC(C)C#N)S3"
121259359,C24H16N2O4S2,460.055148992,"CC1=CC2=C3C4=C1C(=O)N(C(=O)C4=CC(=C3C(=O)N(C2=O)C)C5=CC6=C(S5)C=C(S6)C)C"
121259372,C22H16N2O4S,404.08307799199997,"CC1=CC=C(S1)C2=C3C4=C(C=C(C5=C4C(=C2)C(=O)N(C5=O)C)C)C(=O)N(C3=O)C"
121259379,C26H16N2O4S3,516.027219992,"CC1=CC2=C3C4=C1C(=O)N(C(=O)C4=CC(=C3C(=O)N(C2=O)C)C5=CC6=C(S5)C7=C(S6)C=C(S7)C)C"
121259381,C26H18N2O4S2,486.07079905599994,"CC1=CC=C(S1)C2=CC=C(S2)C3=C4C5=C(C=C(C6=C5C(=C3)C(=O)N(C6=O)C)C)C(=O)N(C4=O)C"
121259434,C28H20N2O4S2,512.08644912,"CC1=CC=C(S1)C=CC2=CC=C(S2)C3=C4C5=C(C=C(C6=C5C(=C3)C(=O)N(C6=O)C)C)C(=O)N(C4=O)C"
121276994,C32H36N4O4,540.2736556320001,"CCCCCN1C(=O)C2=C3C4=C(C=C2)C(=O)N(C(=O)C4=C5C(=C3C1=O)C6=C7N5CCCN7CCCC6)CCCC"
121277002,C42H42N2O6,670.3042870640002,"CCCCCCCCN1C(=O)C2=C3C4=CC=CC=C4OC3=C5C6=C2C(=C7C(=C6C(=O)N(C5=O)CCCCCCCC)C8=CC=CC=C8O7)C1=O"
121279196,C30H16N4O4S2,560.061296992,"CN1C(=O)C2=C3C(=C4C5=C2C(=C6C(=C5C(=O)N(C4=O)C)N=C(S6)C7=CC=CC=C7)C1=O)SC(=N3)C8=CC=CC=C8"
121279198,C26H12N4O4S4,571.974138864,"CN1C(=O)C2=C3C(=C4C5=C2C(=C6C(=C5C(=O)N(C4=O)C)SC(=N6)C7=CC=CS7)C1=O)SC(=N3)C8=CC=CS8"
121279199,C26H12N4O4S4,571.974138864,"CN1C(=O)C2=C3C(=C4C5=C2C(=C6C(=C5C(=O)N(C4=O)C)N=C(S6)C7=CC=CS7)C1=O)SC(=N3)C8=CC=CS8"
121279200,C24H6N6O4S2,505.98919467200005,"CN1C(=O)C2=C3C(=C(SC3=C4C5=C2C(=C6C(=C(SC6=C5C(=O)N(C4=O)C)C#N)C#N)C1=O)C#N)C#N"
121279201,C30H16N4O4S2,560.061296992,"CN1C(=O)C2=C3C(=C4C5=C2C(=C6C(=C5C(=O)N(C4=O)C)SC(=N6)C7=CC=CC=C7)C1=O)SC(=N3)C8=CC=CC=C8"
121287938,C22H22N2O5,394.152871804,"CC(C)COCC(C)N1C(=O)C2=C3C(=CC=C4C3=C(C=C2)C(=O)N(C4=O)C)C1=O"
121297919,C44H42N4O8,754.3002643040002,"CCC(CC)N1C(=O)C2=C3C(=CC=C4C3=C(C=C2)C(=O)N(C4=O)CCCC(C)CN5C(=O)C6=C7C(=CC=C8C7=C(C=C6)C(=O)N(C8=O)C(CC)CC)C5=O)C1=O"
121300372,C28H25N3O7,515.1692501399999,"CCCCCC(C)N1C(=O)C2=C3C(=CC=C4C3=C(C=C2)C(=O)N(C4=O)N(C=O)C(=O)C=CC=CC=O)C1=O"
121321061,C22H20N4O6,436.13828435999994,"CC(C)NC(=O)CN1C(=O)C2=C3C(=CC=C4C3=C(C=C2)C(=O)N(C4=O)CC(=O)NC)C1=O"
121321066,C60H66N10O20,1246.4454845119997,"CC(C)C(C(=O)O)NC(=O)C(CC(=O)O)NC(=O)C(CC1=CC=CC=C1)NC(=O)C(C)NC(=O)CN2C(=O)C3=C4C(=CC=C5C4=C(C=C3)C(=O)N(C5=O)CC(=O)NC(C)C(=O)NC(CC6=CC=CC=C6)C(=O)NC(CC(=O)O)C(=O)NC(C(C)C)C(=O)O)C2=O"
121353621,C41H43N6O5+,699.32894489609,"CCCCN1C(=O)C2=C3C(=CC=C4C3=C(C=C2)C(=O)N(C4=O)CCC[N+](C)(C)CCCCCC(=O)NC5=C6C=CC=NC6=C7C(=C5)C=CC=N7)C1=O"
121355167,C30H26N2O4S2,542.133399312,"CC(C)CN1C(=O)C2=CC(=C3C4=C(C=C(C(=C24)C1=O)C5=CC=CS5)C(=O)N(C3=O)CC(C)C)C6=CC=CS6"
121356567,C18H14N2O4,322.09535692799994,"CCCN1C(=O)C2=C3C(=CC=C4C3=C(C=C2)C(=O)N(C4=O)C)C1=O"
121360225,C102H114N16O28S4,2138.6871310079987,"CCCN1C(=O)C2=C3C(=CC=C4C3=C(C=C2)C(=O)N(C4=O)CCCCC(C(=O)NC(C(C)C)C(=O)NC(CCC(=O)O)C(=O)NC(C(C)C)C(=O)O)NC(=O)CNC(=O)CNC(=O)C5=CC=C(S5)C6=CC=C(S6)C7=CC=C(S7)C8=CC=C(S8)C(=O)NCC(=O)NCC(=O)NC(CCCCN9C(=O)C2=C3C(=CC=C4C3=C(C=C2)C(=O)N(C4=O)CCC)C9=O)C(=O)NC(C(C)C)C(=O)NC(CCC(=O)O)C(=O)NC(C(C)C)C(=O)O)C1=O"
121360226,C102H114N16O28S4,2138.6871310079987,"CCCN1C(=O)C2=C3C(=CC=C4C3=C(C=C2)C(=O)N(C4=O)CCCCC(C(=O)O)NC(=O)C(C(C)C)NC(=O)C(CCC(=O)O)NC(=O)C(C(C)C)NC(=O)CNC(=O)CNC(=O)C5=CC=C(S5)C6=CC=C(S6)C7=CC=C(S7)C8=CC=C(S8)C(=O)NCC(=O)NCC(=O)NC(C(C)C)C(=O)NC(CCC(=O)O)C(=O)NC(C(C)C)C(=O)NC(CCCCN9C(=O)C2=C3C(=CC=C4C3=C(C=C2)C(=O)N(C4=O)CCC)C9=O)C(=O)O)C1=O"
121360295,C102H114N16O28S4,2138.6871310079987,"CCCN1C(=O)C2=C3C(=CC=C4C3=C(C=C2)C(=O)N(C4=O)CCCCC(C(=O)NCC(=O)NC(C(C)C)C(=O)NC(CCC(=O)O)C(=O)NC(C(C)C)C(=O)O)NC(=O)CNC(=O)C5=CC=C(S5)C6=CC=C(S6)C7=CC=C(S7)C8=CC=C(S8)C(=O)NCC(=O)NC(CCCCN9C(=O)C2=C3C(=CC=C4C3=C(C=C2)C(=O)N(C4=O)CCC)C9=O)C(=O)NCC(=O)NC(C(C)C)C(=O)NC(CCC(=O)O)C(=O)NC(C(C)C)C(=O)O)C1=O"
121360296,C94H94N16O32S4,2086.5102888479983,"CCCN1C(=O)C2=C3C(=CC=C4C3=C(C=C2)C(=O)N(C4=O)CCCCC(C(=O)NC(CC(=O)O)C(=O)NC(C)C(=O)NC(CC(=O)O)C(=O)O)NC(=O)CNC(=O)CNC(=O)C5=CC=C(S5)C6=CC=C(S6)C7=CC=C(S7)C8=CC=C(S8)C(=O)NCC(=O)NCC(=O)NC(CCCCN9C(=O)C2=C3C(=CC=C4C3=C(C=C2)C(=O)N(C4=O)CCC)C9=O)C(=O)NC(CC(=O)O)C(=O)NC(C)C(=O)NC(CC(=O)O)C(=O)O)C1=O"
121380572,C31H25N3O7S,583.14132114,"CCNOS(=O)(=O)C1=C(C=CC(=C1)N2C(=O)C3=C4C(=CC=C5C4=C(C=C3)C(=O)N(C5=O)C)C2=O)C6=C(C=C(C=C6)C)C"
121440447,C24H26N2O8,470.1689157919999,"CN1C(=O)C2=C3C(=CC=C4C3=C(C=C2)C(=O)N(C4=O)CCOCCOCCOCCOC)C1=O"
122214853,C60H42N6O12,1038.2860707840002,"C1CCC2C(C1)N3C(=O)C4=C5C(=CC=C6C5=C(C=C4)C(=O)N(C6=O)C7CCCCC7N8C(=O)C9=C1C(=CC=C4C1=C(C=C9)C(=O)N(C4=O)C1CCCCC1N1C(=O)C4=C5C(=CC=C6C5=C(C=C4)C(=O)N2C6=O)C1=O)C8=O)C3=O"
122385063,C20H10N2O4S2,406.00819879999995,"CN1C(=O)C2=C3C=CSC3=C4C5=C2C(=C6C(=C5C(=O)N(C4=O)C)C=CS6)C1=O"
122397559,C26H10N2O4S4,541.9523408,"C1=CSC(=C1)C2=CC=C(S2)C3=CC4=C5C6=C7C(=C8C=CSC8=C6C(=O)NC5=O)C(=O)NC(=O)C7=C4S3"
122432573,C40H26N4O4,626.1954053120002,"CN1C(=O)C2=C3C(=CC=C4C3=C(C=C2)C(=O)N(C4=O)C5C6CC(C5C7=CN=C8C9=CC=CC=C9C2=CC=CC=C2C8=N7)C2=C6CC2)C1=O"
122470051,C31H11N5O4,517.081103832,"C#CC1=C(C=C(C=C1)N2C(=O)C3=C4C(=CC=C5C4=C(C=C3)C(=O)N(C5=O)C6=CC(=C(C=C6)C#N)C#N)C2=O)C#N"
122518333,C22H18N2O6,406.1164862959999,"CCCN1C(=O)C2=C3C(=CC=C4C3=C(C=C2)C(=O)N(C4=O)CCOC(=O)C=C)C1=O"
122543873,C23H24N2O7,440.1583511079999,"CCCOCCN1C(=O)C2=C3C(=CC=C4C3=C(C=C2)C(=O)N(C4=O)CCOCCO)C1=O"
122549012,C60H42N6O12,1038.2860707840002,"C1CCC2C(C1)N3C(=O)C4=C5C(=CC=C6C5=C(C=C4)C(=O)N(C6=O)C7CCCCC7N8C(=O)C9=C1C(=CC=C4C1=C(C=C9)C(=O)N(C4=O)C1CCCCC1N1C(=O)C4=C5C(=CC=C6C5=C(C=C4)C(=O)N2C6=O)C1=O)C8=O)C3=O"
122549013,C60H42N6O12,1038.2860707840002,"C1CCC2C(C1)N3C(=O)C4=C5C(=CC=C6C5=C(C=C4)C(=O)N(C6=O)C7CCCCC7N8C(=O)C9=C1C(=CC=C4C1=C(C=C9)C(=O)N(C4=O)C1CCCCC1N1C(=O)C4=C5C(=CC=C6C5=C(C=C4)C(=O)N2C6=O)C1=O)C8=O)C3=O"
122577584,C86H147N21O29S4,2065.9556416839982,"CN(C)CCN1C(=O)C2=C3C(=CC=C4C3=C(C=C2)C(=O)N(C4=O)CCCC(=O)NCCCCCN(CCCCNC(=S)NCCSCC5C(C(C(O5)OC6C(C(CC(C6OC7C(C(C(C(O7)CN)O)O)N)N)N)O)O)OC8C(C(C(C(O8)CN)O)O)N)CCCNC(=S)NCCSCC9C(C(C(O9)OC2C(C(CC(C2OC2C(C(C(C(O2)CN)O)O)N)N)N)O)O)OC2C(C(C(C(O2)CN)O)O)N)C1=O"
122592606,C26H29N3O6,479.20563564799994,"CC(C)CC(CN=O)N1C(=O)C2=C3C(=CC=C4C3=C(C=C2)C(=O)N(C4=O)C(CC(C)C)CO)C1=O"
122595808,C32H16N4O4,520.117154992,"C1=CC2=C(C=CC(=C2)N3C(=O)C4=C5C(=CC=C6C5=C(C=C4)C(=O)N(C6=O)C7=CC8=C(C=C7)N=CC=C8)C3=O)N=C1"
122608226,C38H34N2O4S4,710.1401415680001,"CCCCCCN1C(=O)C2=C3C(=C4C5=C2C(=C6C(=C5C(=O)N(C4=O)CCCCCC)SC7=CC=CC=C7S6)C1=O)SC8=CC=CC=C8S3"
122610109,C34H10N6O4S4,693.9646368000001,"C1=CC=C(C=C1)N2C(=O)C3=C4C(=C5C6=C3C(=C7C(=C6C(=O)N(C5=O)C8=CC=CC=C8)SC(=C(C#N)C#N)S7)C2=O)SC(=C(C#N)C#N)S4"
122610110,C34H26N6O4S4,710.0898373120001,"CCCCCCN1C(=O)C2=C3C(=C4C5=C2C(=C6C(=C5C(=O)N(C4=O)CCCCCC)SC(=C(C#N)C#N)S6)C1=O)SC(=C(C#N)C#N)S3"
122675629,C31H11N5O4,517.081103832,"C#CC1=C(C=C(C=C1)N2C(=O)C3=C4C(=CC=C5C4=C(C=C3)C(=O)N(C5=O)C6=CC(=CC(=C6)C#N)C#N)C2=O)C#N"
122678040,C30H10N6O4,518.0763528000001,"C1=CC(=C(C=C1N2C(=O)C3=C4C(=CC=C5C4=C(C=C3)C(=O)N(C5=O)C6=CC(=CC(=C6)C#N)C#N)C2=O)C#N)C#N"
123139387,C51H78N2O4,782.596158976,"CCC1(CC1(C)CC(C)C(C)(C)C)CC(C)CCN2C(=O)C3=C4C(=CC=C5C4=C(C=C3)C(=O)N(C5=O)CCC(C)CC(C)(C)C(C)(C)CC(C)(C)C(C)(C)C)C2=O"
123170673,C93H124N12O26,1824.8749720879991,"CN(C)CCN1C(=O)C2=C3C(=CC=C4C3=C(CN(C4=O)CCCCCC(=O)NCCOCCOCCOCCOCCC(=O)NCCCOC5=CC(=CC(=C5)C(=O)NCCCCCC(=O)ON6C(=CC=C6O)O)OCCCNC(=O)CCOCCOCCOCCOCCNC(=O)CCCCCN7C(=O)C8=C9C(=CC=C3C9=C(C=C8)C(=O)N(C3=O)CCN(C)C)C7=O)C=C2)C1=O"
123220847,C114H144N6O12,1789.0842240479994,"CCCCCCCCN1C(C2=C3C4=C(C=C2)C(=O)N(C(=O)C4=C5C6=C7C8=C(C5=C3C1=O)C=C9C1=C(C=C2C(=C18)C1=C7C3=C(C=C1C1=C4C5=C(C=CC7=C5C(=C21)C(=O)N(C7=O)CCCCCCCC)C(=O)N(C4=O)CCCCCCCC)C(N(C(=O)C3=C6)C(CCCCCCC)CCCCCCC)O)C(N(C9=O)C(CCCCCCC)CCCCCCC)O)CCCCCCCC)O"
123232341,C47H34N8O6S2,870.2042728080002,"CCCCCCN1C(=O)C2=C3C4=C(C=C2)C(=O)NC(=O)C4=CC(=C3C1=O)C5=CC=C(S5)C6=NN=C(N=N6)C7=CC=C(S7)C8=C9C1=C(C=CC(=C1C(=C8)C(=N)C)C(=C)C)C(=O)NC9=O"
123253481,C30H24N4O6,536.169584488,"CC(C)CC(CO)N1C(=O)C2=CC(=C3C4=C(C=C(C(=C24)C1=O)C#N)C(=O)N(C3=O)C5=CC=C(C=C5)CCO)[N+]#[C-]"
123274073,C24H26N2O4,406.189257312,"CC1=CC2=C3C(=C(C=C4C3=C1C(=O)N(C4=O)CC(C)C)C)C(=O)N(C2=O)CC(C)C"
123304410,C29H22N4O5,506.15901980399997,"CCC1=CC=CC(=C1N2C(=O)C3=C4C5=C(C(=C3)C#N)C(=O)N(C(=O)C5=CC(=C4C2=O)[N+]#[C-])C(CC)CO)C"
123351126,C50H40N4O8S3,920.2008272400001,"CCCCCCN1C(=O)C2=C3C(=CC(=C4C3=C(C=C2)C(=O)N(C4=O)C)C5=CC6=C(S5)C7=C(S6)C=C(S7)C8=C9C2=C(C=CC3=C2C(=C8)C(=O)N(C3=O)CCCCCC)C(=O)N(C9=O)C)C1=O"
123363907,C33H38N4O12,682.248622656,"CN(C)CCN1C(=O)C2=C3C(=CC=C4C3=C(C=C2)C(=O)N(C4=O)CCOCCOCCOCCOCCC(=O)ON5C(=CC=C5O)O)C1=O"
123385754,C34H26N2O6,558.1790865520001,"CCCCCCCCN1C(=O)C2=C3C4=CC=CC=C4OC3=C5C6=C2C(=C7C(=C6C(=O)NC5=O)C8=CC=CC=C8O7)C1=O"
123393653,C78H86N6O12,1298.6303721919999,"CCCCCCCCN1C(=O)C2=C3C(=CC(=C4C3=C(C=C2)C(=O)N(C4=O)CCCCCC)C5=CC6=C7C8=C5C(=O)N(C(=O)C8=CC(=C7C(=O)NC6=O)C9=C2C3=C(C=CC4=C3C(=C9)C(=O)N(C4=O)CCCCCCCC)C(=O)N(C2=O)CCCCCC)CCCCCCCC)C1=O"
123442406,C38H38N6O4,642.295453696,"CCCCCCCCN1C(=O)C2=C3C4=C(C5=NC6=CC=CC=C6N=C25)C(=O)N(C(=O)C4=C(C(=C3C1=O)[N+]#[C-])[N+]#[C-])CCCCCCCC"
123474741,C20H14N6O6,434.097482168,"[C-]#[N+]C1=C2C3=C(C=C(C4=C3C(=C1)C(=O)N(C4=O)NCCO)C#N)C(=O)N(C2=O)NCCO"
123479536,C68H90N4O8,1090.67586584,"CCCCCCCC(CC)N1C(=O)C2=C3C(=CC(=C4C3=C(C=C2)C(=O)N(C4=O)C(CC)CCCCCCC)C5=C6C7=C(C=CC8=C7C(=C5)C(=O)N(C8=O)C(CC)CCCCCCC)C(=O)N(C6=O)C(CC)CCCCCCC)C1=O"
123486407,C49H58N4O4S4,894.334090336,"CCCCCCCCC(CCCCCC)CN1C(=O)C2=C3C(=C4C5=C2C(=C6C(=C5C(=O)N(C4=O)CC(C)CCCCCC)N=C(S6)C7=CC=CS7)C1=O)SC(=N3)C8=CC=CS8"
123486662,C62H64N8O7S2,1096.4339383880001,"CCCCCCN1CC2=CC(=C3C4=C(C=CC(=C24)C1=O)C(=O)N(C3=O)CCCCCC)C5=CC=C(S5)C6=NN=C(N=N6)C7=CC=C(S7)C8=C9C1=C(C=CC2=C1C(=C8)C(=O)N(C2=O)CCCCCC)C(=O)N(C9=O)CCCCCC"
123492678,C22H22N2O5,394.1528718039999,"CCC(C)(CC)N1C(=O)C2=C3C(=CC=C4C3=C(C=C2)C(=O)N(C4=O)CCO)C1=O"
123493692,C42H40N2O16S2,892.1819252000003,"C1C(OC2=CSC=C2O1)COC(CCCC(=O)OCCN3C(=O)C4=C5C(=CC=C6C5=C(C=C4)C(=O)N(C6=O)CCOC(=O)CCCC(=O)OCC7COC8=CSC=C8O7)C3=O)O"
123495709,C30H24N4O5S,552.1467408679999,"CCC(CO)N1C(=O)C2=CC(=C3C4=C(C=C(C(=C24)C1=O)C#N)C(=O)N(C3=O)C5=CC=C(C=C5)CCCCS)[N+]#[C-]"
123515452,C43H52N3O4S+,706.3673045640901,"CCCCCCN1C(=O)C2=C3C(=CC=C4C3=C(C=C2)C(=O)[N+](=C5C=CN(C=C5)CCCCCCC6=C(SC(=C6)C(C)(C)C)C(C)(C)C)C4=O)C1=O"
123569151,C48H62N2O4,730.4709584640001,"CCCCCCCC(CC)N1C(=O)C2=C3C(=C(C(=C(C3=C4C5=C(C6=C(C(=C(C(=C6C(=C52)C1=O)CC)CC)CC)CC)C(=O)NC4=O)CC)CC)CC)CC"
123577665,C44H66N2O4,686.502258592,"CCCCCCCCC(C)CN1C(=O)C2=CC(=C3C4=C2C(=C(C=C4C(=O)N(C3=O)CC(C)CCCCCCCC)C(C)(C)C)C1=O)C(C)(C)C"
123590850,C56H82N2O14,1006.576605304,"CC1(COC(C(OCC(COC(C(OC1)(C)C(C)(C(=O)C2CCC(CC2)C(=O)C(C)(C)C)C(C)(C)O)(C)C)(CO)CO)(C)C)(C)C(C)(C)OCCN3C(=O)C4=C5C(=CC=C6C5=C(C=C4)C(=O)NC6=O)C3=O)C"
123597625,C60H61N5O8S2,1043.3961559120003,"CCCCCCN1C(=O)C2=C3C(=CC(=C4C3=C(C=C2)C(=O)N(C4=O)CCCCCC)C5=CC6=C(S5)C7=C(N6)C=C(S7)C8=C9C2=C(C=CC3=C2C(=C8)C(=O)N(C3=O)CCCCCC)C(=O)N(C9=O)CCCCCC)C1=O"
123645017,C93H122N12O27,1838.854236643999,"CN(C)CCN1C(=O)C2=C3C(=CC=C4C3=C(C=C2)C(=O)N(C4=O)CCCCCC(=O)NCCOCCOCCOCCOCCC(=O)NCCCOC5=CC(=CC(=C5)C(=O)NCCCCCC(=O)ON6C(=CC=C6O)O)OCCCNC(=O)CCOCCOCCOCCOCCNC(=O)CCCCCN7C(=O)C8=C9C(=CC=C2C9=C(C=C8)C(=O)N(C2=O)CCN(C)C)C7=O)C1=O"
123675168,C26H26N2O9,510.1638304119998,"CCCN1C(=O)C2=C3C(=CC=C4C3=C(C=C2)C(=O)N(C4=O)CCCOC(C)C(=O)OC(C)C(=O)O)C1=O"
123716348,C52H78N2O4,794.596158976,"CCC(C)(CC1(CCC1(C)CC(C)CCN2C(=O)C3=C4C(=CC=C5C4=C(C=C3)C(=O)N(C5=O)CCC(C)CC6(CC6(C)CC(C)(C)C(C)(C)C)C)C2=O)C)C(C)(C)C"
123747168,C27H32N2O4,448.23620750399994,"CCCCCCN1C(=O)C2=C3C(=CC(=C4C3=C(C=C2)C(=O)N(C4=O)CCCCCC)C)C1=O"
123758729,C113H68N8O12,1728.4956696159998,"CC(C)(C1=CC(=C(C=C1)OC(=O)C=C)N2C(=O)C3=C4C(=CC=C5C4=C(C=C3)C(=O)N(C5=O)C6=CC(=CC(=C6)C7=C(NC8=CC=CC=C87)C9=CC=CC=C9)C1=C(NC3=CC=CC=C31)C1=CC=CC=C1)C2=O)C1=CC(=C(C=C1)OC(=O)C=C)N1C(=O)C2=C3C(=CC=C4C3=C(C=C2)C(=O)N(C4=O)C2=CC(=CC(=C2)N2C3=CC=CC=C3C3=CC=CC=C32)N2C3=CC=CC=C3C3=CC=CC=C32)C1=O"
123777484,C29H31N4O8+,563.2136403720899,"C[N+](C)(C)CCN1C(=O)C2=C3C(=CC=C4C3=C(C=C2)C(=O)N(C4=O)CCCCCC(=O)ON5C(=CC=C5O)O)C1=O"
123785648,C28H28N4O8,548.1907138559999,"CN(C)CCN1C(=O)C2=C3C(=CC=C4C3=C(C=C2)C(=O)N(C4=O)CCCCCC(=O)ON5C(=CC=C5O)O)C1=O"
123786068,C42H32N4O6,688.2321847439999,"CC(C)CC(CO)N1C(=O)C2=CC(=C3C4=C(C=C(C(=C24)C1=O)C5=CC=C(C=C5)C#N)C(=O)N(C3=O)C6=CC=C(C=C6)CCO)C7=CC=C(C=C7)[N+]#[C-]"
123832008,C108H110N6O12,1682.8181729599996,"CCCCCCCCN1C(=O)C2=C3C4=C(C=C2)C(=O)N(C(=O)C4=C5C6=CC7=C8C(=CC9=C2C8=C6C4=C6C2=C(C=C2C6=C(C=C4C5=C3C1=O)C(=O)N(C2=O)C1=C(C=CC=C1C(C)C)C(C)C)C1=C2C3=C(C=CC4=C3C(=C91)C(=O)N(C4=O)CCCCCCCC)C(=O)N(C2=O)CCCCCCCC)C(=O)N(C7=O)C1=C(C=CC=C1C(C)C)C(C)C)CCCCCCCC"
123842898,C115H128N16O24,2116.928738975999,"CCCCC(CC)CN1C(=O)C2=C3C(=CC=C4C3=C(C=C2)C(=O)N(C4=O)CCOCCOCCN5C(=O)C6=C7C(=CC=C8C7=C(C=C6)C(=O)N(C8=O)CCCCCN9C=C(N=N9)CCC(=O)NCCCC(C)(C)OCCC(C)(C)OCCCNC(=O)CCC2=CN(N=N2)CCCCCN2C(=O)C3=C4C(=CC=C6C4=C(C=C3)C(=O)N(C6=O)CCOCCOCCN3C(=O)C4=C6C(=CC=C7C6=C(C=C4)C(=O)N(C7=O)CC(C)CC)C3=O)C2=O)C5=O)C1=O"
123880477,C78H78N4O8,1198.5819654559998,"CCCCCCCCN1C(=O)C2=C3C(=CC(=C4C3=C(C=C2)C(=O)N(C4=O)CCCCCCCC)C5=C6C7=CC=C8C9=C(C=CC(=C79)C2=C6C3=C(C=C2)C(=O)N(C(=O)C3=C5)C2=C(C=CC=C2C(C)C)C(C)C)C(=O)N(C8=O)C2=C(C=CC=C2C(C)C)C(C)C)C1=O"
123887074,C52H50N4O8S2,922.3070065600001,"CCCCCCN1C(C2=C(C=C3C4=C(C=CC(=C24)C1=O)C(=O)NC3=O)C5=CC6=C(S5)C=C(S6)C7=C8C9=C(C=CC1=C9C(=C7)C(=O)N(C1=O)CCCCCC)C(=O)N(C8=O)CCCCCC)O"
123896137,C72H74N2O4S8,1286.3414268480003,"CCCCCCC1=C(SC=C1)C2=CC=C(S2)C3=CC=C(S3)C4=C(C=C(S4)C5=CC6=C7C8=C5C(=O)N(C(=O)C8=CC(=C7C(=O)N(C6=O)C)C9=CC(=C(S9)C1=CC=C(S1)C1=CC=C(S1)C1=C(C=CS1)CCCCCC)CCCCCC)C)CCCCCC"
123928867,C29H22N4O5,506.15901980399997,"CCC1=CC=CC(=C1N2C(=O)C3=CC(=C4C5=C(C=C(C(=C35)C2=O)C#N)C(=O)N(C4=O)C(CC)CO)[N+]#[C-])C"
123932588,C96H116N8O6,1476.901783432,"CCCCCCC(CC)N1C(=C)C(=C)C2=C(C1=O)C=CC3=C2C(=CC4=CC5=C(C=C4)C=C(C=C5)C6=NC7=C8C9=C1C(=C7N6)C(=O)N(C(=O)C1=C1C(=C9C(=O)N(C8=O)C(CCCCCC)CCCCCC)N=C(N1)C1=CC2=CC=CC=C2C=C1)C(CCCCCC)CCCCCC)C(=C)N(C3=O)C(CC)CCCCCC"
123932834,C58H52N4O11S2,1044.3074004840003,"CCCCCCN1C(=O)C2=C3C(=CC(=C4C3=C(C=C2)C(=O)NC4=O)C5=CC6=C(S5)C7=C(C=C(S7)C8=C9C2=C(C=CC3=C2C(=C8)C(=O)N(C3=O)CCCCCC)C(=O)N(C9=O)CCCCCC)C2(C6=O)OCCO2)C1=O"
123935661,C46H52N4O4S4,852.287140144,"CCCCCCCCC(C)CN1C(=O)C2=C3C(=C4C5=C2C(=C6C(=C5C(=O)N(C4=O)CC(C)CCCCCCCC)SC(=N6)C7=CC=CS7)C1=O)SC(=N3)C8=CC=CS8"
123996562,C56H82N2O14,1006.5766053040002,"CC1(COC(C(OCC(COC(C(OC1)(C)C(C)(C(=O)C2CCC(CC2)C(=O)C(C)(C)C)C(C)(C)OCCN3C(=O)C4=C5C(=CC=C6C5=C(C=C4)C(=O)NC6=O)C3=O)(C)C)(CO)CO)(C)C)(C)C(C)(C)O)C"
124002800,C49H53N5O9,855.384328276,"CCCCC(CC)CN1C(=N)C2=C3C(=CC=C4C3=C(C=C2)C(=C(C4=O)CCCOCCOCCN5C(=O)C6=C7C(=CC=C8C7=C(C=C6)C(=O)N(C8=O)CCCCCN)C5=O)O)C1=O"
124015587,C26H16N4O4,448.117154992,"CCC1=CC=CC(=C1N2C(=O)C3=CC(=C4C5=C(C=C(C(=C35)C2=O)C#N)C(=O)N(C4=O)C)[N+]#[C-])C"
124027751,C30H22N4O7,550.148849044,"CC(C)C(CO)N1C(=O)C2=CC(=C3C4=C(C=C(C(=C24)C1=O)C#N)C(=O)N(C3=O)C5=CC=C(C=C5)CCOC=O)[N+]#[C-]"
124162465,C24H26N2O6,438.1790865519999,"CCCC(CCC)N1C(=O)C2=C3C(=CC=C4C3=C(C=C2)C(=O)N(C4=O)C(CO)CO)C1=O"
124162467,C22H22N2O6S2,474.0919284239999,"CSCC(CSC)N1C(=O)C2=C3C(=CC=C4C3=C(C=C2)C(=O)N(C4=O)C(CO)CO)C1=O"
124163607,C22H18N2O4,374.12665705599994,"CC=CCN1C(=O)C2=C3C(=CC=C4C3=C(C=C2)C(=O)N(C4=O)CC=CC)C1=O"
124163611,C24H26N2O5S,454.15624293199994,"CCC(C)C(CO)N1C(=O)C2=C3C(=CC=C4C3=C(C=C2)C(=O)N(C4=O)CCSCC)C1=O"
124163615,C18H14N2O6,354.08518616799995,"CN1C(=O)C2=C3C(=CC=C4C3=C(C=C2)C(=O)N(C4=O)C(CO)CO)C1=O"
124163616,C21H18N2O6,394.1164862959999,"CCCN1C(=O)C2=C3C(=CC=C4C3=C(C=C2)C(=O)N(C4=O)CC(=O)OCC)C1=O"
124163618,C25H28N2O5,436.1998219959999,"CCCCCC(C)N1C(=O)C2=C3C(=CC=C4C3=C(C=C2)C(=O)N(C4=O)CCOCC)C1=O"
124165692,C25H26N2O8,482.1689157919999,"CCOC(=O)C(CC(C)C)N1C(=O)C2=C3C(=CC=C4C3=C(C=C2)C(=O)N(C4=O)C(CO)CO)C1=O"
124165693,C24H26N2O6,438.1790865519999,"CCCCCC(C)N1C(=O)C2=C3C(=CC=C4C3=C(C=C2)C(=O)N(C4=O)C(CO)CO)C1=O"
124165694,C18H14N2O6,354.08518616799995,"CN1C(=O)C2=C3C(=CC=C4C3=C(C=C2)C(=O)N(C4=O)CC(CO)O)C1=O"
124165695,C22H22N2O7,426.1427010439999,"CCC(COC)N1C(=O)C2=C3C(=CC=C4C3=C(C=C2)C(=O)N(C4=O)C(CO)CO)C1=O"
124165696,C24H18N2O6,430.1164862959999,"C1=CC=C(C=C1)CN2C(=O)C3=C4C(=CC=C5C4=C(C=C3)C(=O)N(C5=O)C(CO)CO)C2=O"
124165697,C24H26N2O6,438.1790865519999,"CCCCCC(C)N1C(=O)C2=C3C(=CC=C4C3=C(C=C2)C(=O)N(C4=O)CC(CO)O)C1=O"
124165698,C24H22N2O8,466.13761566399984,"CCCC(CCC)N1C(=O)C2=C3C(=CC=C4C3=C(C=C2)C(=O)N(C4=O)C(C(=O)O)C(=O)O)C1=O"
124165699,C29H28N2O6,500.1947366159999,"CC(C)C1=C(C(=CC=C1)C(C)C)N2C(=O)C3=C4C(=CC=C5C4=C(C=C3)C(=O)N(C5=O)C(CO)CO)C2=O"
124165700,C20H18N2O6,382.1164862959999,"CC(C)N1C(=O)C2=C3C(=CC=C4C3=C(C=C2)C(=O)N(C4=O)C(CO)CO)C1=O"
124165701,C25H28N2O6,452.1947366159999,"CCCCC(CC)CN1C(=O)C2=C3C(=CC=C4C3=C(C=C2)C(=O)N(C4=O)C(CO)CO)C1=O"
124165702,C24H26N2O6,438.1790865519999,"CCC(C)CC(C)N1C(=O)C2=C3C(=CC=C4C3=C(C=C2)C(=O)N(C4=O)C(CO)CO)C1=O"
124165703,C22H22N2O6,410.1477864239999,"CCC(CC)N1C(=O)C2=C3C(=CC=C4C3=C(C=C2)C(=O)N(C4=O)C(CO)CO)C1=O"
124165704,C21H18N2O6,394.1164862959999,"CC=CCN1C(=O)C2=C3C(=CC=C4C3=C(C=C2)C(=O)N(C4=O)C(CO)CO)C1=O"
124165705,C25H28N2O6,452.1947366159999,"CC(C)CCCC(C)N1C(=O)C2=C3C(=CC=C4C3=C(C=C2)C(=O)N(C4=O)C(CO)CO)C1=O"
124165706,C24H24N2O6,436.1634364879999,"C1CCCC(CC1)N2C(=O)C3=C4C(=CC=C5C4=C(C=C3)C(=O)N(C5=O)C(CO)CO)C2=O"
124165707,C23H22N2O7,438.14270104399986,"C1CC(CCC1N2C(=O)C3=C4C(=CC=C5C4=C(C=C3)C(=O)N(C5=O)C(CO)CO)C2=O)O"
124165708,C29H34N2O6,506.2416868079999,"C1CCCCCC(CCCCC1)N2C(=O)C3=C4C(=CC=C5C4=C(C=C3)C(=O)N(C5=O)C(CO)CO)C2=O"
124165709,C22H20N2O8S,472.09403659999987,"CCOC(=O)C(CS)N1C(=O)C2=C3C(=CC=C4C3=C(C=C2)C(=O)N(C4=O)C(CO)CO)C1=O"
124165710,C23H22N2O8,454.1376156639999,"CCC(C)C(C(=O)O)N1C(=O)C2=C3C(=CC=C4C3=C(C=C2)C(=O)N(C4=O)C(CO)CO)C1=O"
124165711,C23H24N2O7,440.1583511079999,"CC(C)CC(CO)N1C(=O)C2=C3C(=CC=C4C3=C(C=C2)C(=O)N(C4=O)C(CO)CO)C1=O"
124165712,C21H20N2O8,428.1219655999999,"CCOCOCN1C(=O)C2=C3C(=CC=C4C3=C(C=C2)C(=O)N(C4=O)C(CO)CO)C1=O"
124165713,C21H20N2O8,428.1219655999999,"COCCOCN1C(=O)C2=C3C(=CC=C4C3=C(C=C2)C(=O)N(C4=O)C(CO)CO)C1=O"
124165714,C18H14N2O7,370.0801007879999,"C1=CC2=C3C(=CC=C4C3=C1C(=O)N(C4=O)CO)C(=O)N(C2=O)C(CO)CO"
124165715,C25H20N2O6,444.1321363599999,"CC1=CC=C(C=C1)CN2C(=O)C3=C4C(=CC=C5C4=C(C=C3)C(=O)N(C5=O)C(CO)CO)C2=O"
124165716,C24H18N2O7,446.11140091599987,"C1=CC(=CC=C1CN2C(=O)C3=C4C(=CC=C5C4=C(C=C3)C(=O)N(C5=O)CC(CO)O)C2=O)O"
124193434,C29H12N6O4,508.09200286400005,"C1=CC(=C(C=C1N2C(=O)C3=C4C(=CC=C5C4=C(C=C3)C(=O)N(C5=O)C6=CC(=C(C=C6)N)C#N)C2=O)C#N)C#N"
124529745,C38H22N2O4,570.157957184,"C1=CC=C(C=C1)C2=CC=C(C=C2)N3C(=O)C4=C5C(=CC=C6C5=C(C=C4)C(=O)N(C6=O)C7=CC=C(C=C7)C8=CC=CC=C8)C3=O"
126517792,C28H14N6O4,498.10765292800005,"C1=CC(=C(C=C1N2C(=O)C3=C4C(=CC=C5C4=C(C=C3)C(=O)N(C5=O)C6=CC(=C(C=C6)C#N)N)C2=O)N)C#N"
126549663,C20H11N3O4,357.07495583199994,"C1=CC=C(C(=C1)N)N2C(=O)C3=C4C(=CC=C5C4=C(C=C3)C(=O)NC5=O)C2=O"
126549667,C20H17N3O4,363.12190602399994,"C1CCC(C(C1)N)N2C(=O)C3=C4C(=CC=C5C4=C(C=C3)C(=O)NC5=O)C2=O"
126549668,C19H16N2O5,352.1059216119999,"CCCN1C(=O)C2=C3C(=CC=C4C3=C(C=C2)C(=O)N(C4=O)CCO)C1=O"
126549669,C21H12N2O4,356.07970686399995,"CC1=CC(=CC=C1)N2C(=O)C3=C4C(=CC=C5C4=C(C=C3)C(=O)NC5=O)C2=O"
126549670,C31H20N2O5,500.1372217399999,"CC(=C)C1=CC(=CC=C1)N2C(=O)C3=C4C(=CC=C5C4=C(C=C3)C(=O)N(C5=O)C6=CC=CC(=C6)C(=O)C)C2=O"
126549671,C23H24N2O5,408.1685218679999,"CCCCCN1C(=O)C2=C3C(=CC=C4C3=C(C=C2)C(=O)N(C4=O)CCCCO)C1=O"
126549672,C17H12N2O4,308.07970686399995,"CCCN1C(=O)C2=C3C(=CC=C4C3=C(C=C2)C(=O)NC4=O)C1=O"
126549673,C19H16N2O4,336.11100699199994,"CCCCCN1C(=O)C2=C3C(=CC=C4C3=C(C=C2)C(=O)NC4=O)C1=O"
126549675,C27H16N2O5,448.1059216119999,"CC1=CC=C(C=C1)N2C(=O)C3=C4C(=CC=C5C4=C(C=C3)C(=O)N(C5=O)C6=CC=C(C=C6)O)C2=O"
126554257,C20H9N3O5,371.054220388,"C1=CC=C(C(=C1)N=O)N2C(=O)C3=C4C(=CC=C5C4=C(C=C3)C(=O)NC5=O)C2=O"
126554466,C26H14N4O5,462.0964195479999,"C1=CC=C(C(=C1)N)N2C(=O)C3=C4C(=CC=C5C4=C(C=C3)C(=O)N(C5=O)C6=CC=CC=C6N=O)C2=O"
126607298,C37H50N2O4,586.37705808,"CCCC(C)(C)C(C)(C)C(C)CCN1C(=O)C2=C3C(=CC=C4C3=C(C=C2)C(=O)N(C4=O)CCC(C)C5(CC5(C)C)C)C1=O"
126655135,C22H22N2O4,378.15795718399994,"CCC(C)N1C(=O)C2=C3C(=CC=C4C3=C(C=C2)C(=O)N(C4=O)C(C)CC)C1=O"
126655136,C22H22N2O4,378.15795718399994,"CCC(C)N1C(=O)C2=C3C(=CC=C4C3=C(C=C2)C(=O)N(C4=O)C(C)CC)C1=O"
126655137,C22H22N2O4,378.15795718399994,"CCC(C)N1C(=O)C2=C3C(=CC=C4C3=C(C=C2)C(=O)N(C4=O)C(C)CC)C1=O"
129172015,C31H28N2O11S,636.141380716,"COCCN1C(=O)C2=C3C(=CC=C4C3=C(C=C2)C(=O)N(C4=O)CCOC(=O)CCCC(=O)OCC5COC6=CSC=C6O5)C1=O"
129172020,C35H34N2O12S,706.183245528,"CCCCC(=O)OCCN1C(=O)C2=C3C(=CC=C4C3=C(C=C2)C(=O)N(C4=O)CCOC(=O)CCCC(=O)OCC5COC6=CSC=C6O5)C1=O"
129265109,C17H12N2O4,308.079706864,"CC1=C2C3=C(C=CC4=C3C(=C1)C(=O)N(C4=O)C)C(=O)N(C2=O)C"
130183664,C33H30N2O4,518.22055744,"CCC1CC=CC(=C1N2C(=O)C3=C4C(=CC(=C5C4=C(C=C3)C(=O)N(C5=O)C6=C(C=CC=C6CC)C)C)C2=O)C"
130230531,C60H56N4O8S2,1024.3539567520002,"CCCCCCCCN1C(=O)C2=C3C(=CC(=C4C3=C(C=C2)C(=O)N(C4=O)C)C5=CC6=C(S5)CCC6=C7CCC8=C7C=C(S8)C9=C2C3=C(C=CC4=C3C(=C9)C(=O)N(C4=O)C)C(=O)N(C2=O)CCCCCCCC)C1=O"
130230581,C46H28N4O8S2,828.1348558560002,"CN1C(=O)C2=C3C(=CC(=C4C3=C(C=C2)C(=O)N(C4=O)C)C5=CC6=C(S5)CCC6=C7CCC8=C7C=C(S8)C9=C2C3=C(C=CC4=C3C(=C9)C(=O)N(C4=O)C)C(=O)N(C2=O)C)C1=O"
130242722,C22H10N2O4S2,430.0081988,"C1=CSC(=C1)C2=CC3=C4C5=C2C(=O)NC(=O)C5=CC(=C4C(=O)NC3=O)C6=CC=CS6"
130327531,C20H12N4O4S2,436.02999686400005,"CCN1C(=O)C2=CC(=C3C4=C2C(=C(C=C4C(=O)N(C3=O)CC)SC#N)C1=O)N=C=S"
130327532,C22H10N6O4S4,549.9646368000001,"CCN1C(=O)C2=C(C(=C3C4=C2C(=C(C(=C4C(=O)N(C3=O)CC)SC#N)SC#N)C1=O)N=C=S)N=C=S"
130327534,C20H12N4O4S2,436.02999686400005,"CCN1C(=O)C2=CC(=C3C4=C2C(=CC(=C4C(=O)N(C3=O)CC)SC#N)C1=O)N=C=S"
130332627,C18H10N6O4,374.07635280000005,"C1=C(C2=C3C(=CC(=C4C3=C1C(=O)N(C4=O)CN)C#N)C(=O)N(C2=O)CN)C#N"
130332628,C18H10N6O4,374.0763528000001,"C1=C(C2=C3C4=C1C(=O)N(C(=O)C4=CC(=C3C(=O)N(C2=O)CN)C#N)CN)C#N"
130332629,C20H8N8O4,424.06685073600005,"C(N)N1C(=O)C2=C3C(=C(C(=C4C3=C(C(=C2C#N)C#N)C(=O)N(C4=O)CN)C#N)C#N)C1=O"
130332640,C16H12N4O4,324.085854864,"C1=CC2=C3C(=CC=C4C3=C1C(=O)N(C4=O)CN)C(=O)N(C2=O)CN"
130332717,C20H8N8O4S4,551.9551347360001,"C(N)N1C(=O)C2=C(C(=C3C4=C2C(=C(C(=C4C(=O)N(C3=O)CN)N=C=S)N=C=S)C1=O)N=C=S)N=C=S"
130332718,C18H10N6O4S2,438.02049480000005,"C1=C2C3=C4C(=C1N=C=S)C(=O)N(C(=O)C4=C(C=C3C(=O)N(C2=O)CN)N=C=S)CN"
130332719,C18H10N6O4S2,438.02049480000005,"C1=C2C3=C4C(=CC(=C3C(=O)N(C2=O)CN)N=C=S)C(=O)N(C(=O)C4=C1N=C=S)CN"
130387686,C32H26N2O10,598.1587450320001,"C1=CC2=C3C(=CC=C4C3=C1C(=O)N(C4=O)CC5=CC(=C(C(=C5)CO)O)CO)C(=O)N(C2=O)CC6=CC(=C(C(=C6)CO)O)CO"
130387692,C31H32N2O6,528.2260367439999,"CCCCC1=CC(=C(C=C1)CCCC)N2C(=O)C3=C4C(=CC=C5C4=C(C=C3)C(=O)N(C5=O)C(CO)CO)C2=O"
130387739,C27H24N2O5,456.1685218679999,"CC1=CC=C(C=C1)N2C(=O)C3=C4C(=CC=C5C4=C(C=C3)C(=O)N(C5=O)C(CC(C)C)CO)C2=O"
130410572,C33H20N4O8,600.1281136,"CCN1C(=O)C2=C3C(=CC=C4C3=C(C=C2)C(=O)N(C4=O)N5C(=O)C6=C7C(=CC=C8C7=C(C=C6)C(=O)N(C8=O)C(C)C)C5=O)C1=O"
130410591,C22H14N2O8,434.0750154079999,"C=CC(=O)OCN1C(=O)C2=C3C(=CC=C4C3=C(C=C2)C(=O)N(C4=O)COC(=O)C=C)C1=O"
130415333,C20H18N2O6,382.11648629599995,"CCOCN1C(=O)C2=C3C(=CC=C4C3=C(C=C2)C(=O)N(C4=O)COCC)C1=O"
130456929,C24H18N2O5,414.1215716759999,"CC1=C(C(=CC=C1)C)N2C(=O)C3=C4C(=CC=C5C4=C(C=C3)C(=O)N(C5=O)COC)C2=O"
130460528,C45H36N2O12S2,860.1709665920002,"CC1=CC(=CC=C1)OC2=C(C=C(C=C2)C(C)(C)C3=CC(=C(C=C3)OC4=CC=CC(=C4)N5C(=O)C6=C7C(=CC=C8C7=C(C=C6)C(=O)N(C8=O)C(C)C)C5=O)S(=O)(=O)O)S(=O)(=O)O"
130466065,C37H46N2O6,614.335587192,"CCCCCC1CCC(CC1)N2C(=O)C3=C4C(=CC=C5C4=C(C=C3)C(=O)N(C5=O)C6CCC(CC6)C(=O)OCCCCC)C2=O"
131974947,C25H27N3O6,465.18998558399994,"CCCCN1C(=O)C2=C3C(=CC=C4C3=C(C=C2)C(=O)N(C4=O)CCCCC(C(=O)OC)N)C1=O"
131974948,C24H26N4O5,450.19031993199997,"CCCCN1C(=O)C2=C3C(=CC=C4C3=C(C=C2)C(=O)N(C4=O)CCCCC(C(=O)N)N)C1=O"
131974949,C24H25N3O6,451.17433551999994,"CCCCN1C(=O)C2=C3C(=CC=C4C3=C(C=C2)C(=O)N(C4=O)CCCCC(C(=O)O)N)C1=O"
131975047,C77H86N12O15,1418.6335600519997,"CCCCN1C(=O)C2=C3C(=CC=C4C3=C(C=C2)C(=O)N(C4=O)CCCCC(C(=O)N)NC(=O)C(CCCCN)NC(=O)CNC(=O)C(CCCCN5C(=O)C6=C7C(=CC=C8C7=C(C=C6)C(=O)N(C8=O)CCCC)C5=O)NC(=O)C(CCCCN)NC(=O)OCC9C2=CC=CC=C2C2=CC=CC=C92)C1=O"
131975049,C76H84N12O15,1404.6179099879998,"CCCCN1C(=O)C2=C3C(=CC=C4C3=C(C=C2)C(=O)N(C4=O)CCCCC(C(=O)N)NC(=O)C(CCCCN)NC(=O)NC(=O)C(CCCCN5C(=O)C6=C7C(=CC=C8C7=C(C=C6)C(=O)N(C8=O)CCCC)C5=O)NC(=O)C(CCCCN)NC(=O)OCC9C2=CC=CC=C2C2=CC=CC=C92)C1=O"
131977704,C46H20N2O4S3,760.0585201200001,"C1=CC2=C3C(=C1)C4=CC=CC5=CC(=CC(=C54)C3=CC=C2)C6=CC7=C8C(=C9C(=C7S6)C=CS9)C(=CS8)C1=C2C3=C(C=CC4=C3C(=C1)C(=O)NC4=O)C(=O)NC2=O"
132017725,C68H102N2O4S2,1074.728101744,"CCCCCCCCCCC(CCCCCCCCCC)CN1C(=O)C2=CC(=C3C4=C(C=C(C(=C24)C1=O)C)C(=O)N(C3=O)CC(CCCCCCCCCC)CCCCCCCCCC)C5=CC=C(S5)C6=CC=C(S6)C"
132127247,C28H16N2O8,508.09066547199984,"C1C=C(C=CC1N2C(=O)C3=C4C(=CC=C5C4=C(C=C3)C(=O)N(C5=O)C6=CC=C(C=C6)C(=O)O)C2=O)C(=O)O"
132127264,C33H28N2O5,532.199821996,"CCC(C)(CC)N1C(=O)C2=C3C(=CC=C4C3=C(C=C2)C(=O)N(C4=O)C5=CC=C(C=C5)OC6=CC=C(C=C6)C)C1=O"
132130940,C74H94N2O10S2,1234.634989208,"CCCCCCC1=C(SC(=C1)C2=CC3=C4C5=C2C(=O)N(C(=O)C5=CC(=C4C(=O)N(C3=O)CCCCCCOC(=O)OC(C)(C)CCCC)C6=CC(=C(S6)C7=CC=CC=C7)CCCCCC)CCCCCCOC(=O)OC(C)(C)CCCC)C8=CC=CC=C8"
132130941,C62H70N2O10S2,1066.44718844,"CCCCC(C)(C)OC(=O)OCCCCCCN1C(=O)C2=CC(=C3C4=C(C=C(C(=C24)C1=O)C5=CC=C(S5)C6=CC=CC=C6)C(=O)N(C3=O)CCCCCCOC(=O)OC(C)(C)CCCC)C7=CC=C(S7)C8=CC=CC=C8"
132130944,C62H70N2O8S2,1034.4573592,"CCCCCCC1=C(SC(=C1)C2=CC3=C4C5=C2C(=O)N(C(=O)C5=CC(=C4C(=O)N(C3=O)C(=O)OC(C)(C)CCCC)C6=CC(=C(S6)C7=CC=CC=C7)CCCCCC)C(=O)OC(C)(C)CCCC)C8=CC=CC=C8"
132130945,C84H114N2O10S2,1374.791489848,"CCCCCCCCC(C)(CCCCCCCC)OC(=O)OCCCCCCN1C(=O)C2=CC(=C3C4=C(C=C(C(=C24)C1=O)C5=CC=C(S5)C6=CC=CC=C6)C(=O)N(C3=O)CCCCCCOC(=O)OC(C)(CCCCCCCC)CCCCCCCC)C7=CC=C(S7)C8=CC=CC=C8"
132135217,C68H82N2O8S2,1118.551259584,"CCCCCCC1=C(SC(=C1)C2=CC3=C4C5=C2C(=O)N(C(=O)C5=CC(=C4C(=O)N(C3=O)C(=O)OC(C)(C)CCCC)C6=CC(=C(S6)C(C)(C)C7=CC=CC=C7)CCCCCC)C(=O)OC(C)(C)CCCC)C(C)(C)C8=CC=CC=C8"
132135228,C80H106N2O10S2,1318.728889592,"CCCCCCC1=C(SC(=C1)C2=CC3=C4C5=C2C(=O)N(C(=O)C5=CC(=C4C(=O)N(C3=O)CCCCCCOC(=O)OC(C)(C)CCCC)C6=CC(=C(S6)C(C)(C)C7=CC=CC=C7)CCCCCC)CCCCCCOC(=O)OC(C)(C)CCCC)C(C)(C)C8=CC=CC=C8"
132135230,C90H126N2O10S2,1458.8853902320002,"CCCCCCCCC(C)(CCCCCCCC)OC(=O)OCCCCCCN1C(=O)C2=CC(=C3C4=C(C=C(C(=C24)C1=O)C5=CC=C(S5)C(C)(C)C6=CC=CC=C6)C(=O)N(C3=O)CCCCCCOC(=O)OC(C)(CCCCCCCC)CCCCCCCC)C7=CC=C(S7)C(C)(C)C8=CC=CC=C8"
132135288,C68H82N2O10S2,1150.541088824,"CCCCC(C)(C)OC(=O)OCCCCCCN1C(=O)C2=CC(=C3C4=C(C=C(C(=C24)C1=O)C5=CC=C(S5)C(C)(C)C6=CC=CC=C6)C(=O)N(C3=O)CCCCCCOC(=O)OC(C)(C)CCCC)C7=CC=C(S7)C(C)(C)C8=CC=CC=C8"
132262324,C28H26N2O6,486.1790865519999,"CC1=C(C=C(C=C1)C(C)(C)C)N2C(=O)C3=C4C(=CC=C5C4=C(C=C3)C(=O)N(C5=O)C(CO)CO)C2=O"
132268944,C48H27N3O6,741.189985584,"C1=CC2=C3C(=C1)C=CC4=C(C=CC(=C43)C=C2)N5C(=O)C6=C7C(=CC=C8C7=C(C=C6)C(=O)N(C8=O)C9=CC=C(C=C9)N(C1=CC(=CC=C1)O)C1=CC(=CC=C1)O)C5=O"
132268946,C47H29N3O5,715.210721028,"CC1=CC(=CC=C1)N(C2=CC=C(C=C2)N3C(=O)C4=C5C(=CC=C6C5=C(C=C4)C(=O)N(C6=O)C7=C8C=CC=CC8=CC9=CC=CC=C97)C3=O)C1=CC(=CC=C1)O"
132268949,C28H14N2O5,458.0902715479999,"C1=CC=C2C=C3C(=CC2=C1)C=CC=C3N4C(=O)C5=C6C(=CC=C7C6=C(C=C5)C(=O)N(C7=O)O)C4=O"
132268951,C38H20N2O5,584.1372217400001,"CC(=O)C1=CC=C(C=C1)N2C(=O)C3=C4C(=CC=C5C4=C(C=C3)C(=O)N(C5=O)C6=C7C=CC8=CC=CC9=C8C7=C(C=C9)C=C6)C2=O"
132268954,C46H27N3O5,701.1950709639999,"C1=CC=C(C=C1)N(C2=CC=CC(=C2)N3C(=O)C4=C5C(=CC=C6C5=C(C=C4)C(=O)N(C6=O)C7=CC(=CC=C7)O)C3=O)C8=C9C=CC=CC9=CC1=CC=CC=C18"
132268955,C46H27N3O5,701.1950709639999,"C1=CC=C(C=C1)N(C2=CC=CC=C2N3C(=O)C4=C5C(=CC=C6C5=C(C=C4)C(=O)N(C6=O)C7=CC(=CC=C7)O)C3=O)C8=C9C=CC=CC9=CC1=CC=CC=C18"
132268956,C47H26N4O5,726.1903199320001,"C1=CC=C(C=C1)C2=NC3=CC=CC=C3N2C4=C(C(=CC=C4)N5C(=O)C6=C7C(=CC=C8C7=C(C=C6)C(=O)N(C8=O)C9=C1C=CC=CC1=CC1=CC=CC=C19)C5=O)O"
132268957,C46H25N3O5,699.1794209000001,"C1=CC=C2C(=C1)C=C3C=CC=CC3=C2N4C(=O)C5=C6C(=CC=C7C6=C(C=C5)C(=O)N(C7=O)C8=CC=CC(=C8O)N9C1=CC=CC=C1C1=CC=CC=C19)C4=O"
132268958,C46H24N4O6,728.169584488,"C1=CC=C(C=C1)C2=NC3=CC=CC=C3N2C4=C(C(=CC=C4)N5C(=O)C6=C7C(=CC=C8C7=C(C=C6)C(=O)N(C8=O)C9=CC1=C(C=C9)C2=CC=CC=C2C1=O)C5=O)O"
132268959,C49H26N4O5,750.1903199320001,"C1=CC=C(C=C1)C2=NC3=CC=CC=C3N2C4=C(C(=CC=C4)N5C(=O)C6=C7C(=CC=C8C7=C(C=C6)C(=O)N(C8=O)C9=CC1=C2C(=C9)C=CC3=C2C(=CC=C3)C=C1)C5=O)O"
132268978,C74H47N5O12,1197.322121944,"C1=CC=C(C=C1)N(C2=CC=CC=C2)C3=CC(=CC=C3)OC(=O)CCCN4C(=O)C5=C6C(=CC=C7C6=C(C=C5)C(=O)N(C7=O)CCCC(=O)OC8=CC=C(C=C8)N9C(=O)C1=C2C(=CC=C3C2=C(C=C1)C(=O)N(C3=O)C1=CC=CC2=CC3=CC=CC=C3C=C21)C9=O)C4=O"
132268979,C60H48N4O8,952.347214496,"CC1=CC=C(C=C1)N(C2=CC=C(C=C2)C)C3=CC(=CC=C3)OC(=O)CCCN4C(=O)C5=C6C(=CC=C7C6=C(C=C5)C(=O)N(C7=O)CCCC(=O)OC8=CC=CC(=C8)N(C9=CC=CC=C9)C1=CC=CC=C1)C4=O"
132268980,C90H50N6O16,1470.3283295199997,"C1=CC=C2C=C3C(=CC2=C1)C=CC=C3N4C(=O)C5=C6C(=CC=C7C6=C(C=C5)C(=O)N(C7=O)C8=CC=C(C=C8)OC(=O)CCCN9C(=O)C1=C2C(=CC=C3C2=C(C=C1)C(=O)N(C3=O)CCCC(=O)OC1=CC=C(C=C1)N1C(=O)C2=C3C(=CC=C5C3=C(C=C2)C(=O)N(C5=O)C2=CC=CC3=CC5=CC=CC=C5C=C32)C1=O)C9=O)C4=O"
132268981,C58H44N4O8,924.315914368,"C1=CC=C(C=C1)N(C2=CC=CC=C2)C3=CC(=CC=C3)OC(=O)CCCN4C(=O)C5=C6C(=CC=C7C6=C(C=C5)C(=O)N(C7=O)CCCC(=O)OC8=CC=CC(=C8)N(C9=CC=CC=C9)C1=CC=CC=C1)C4=O"
132268982,C58H44N4O8,924.315914368,"CC1=CC=C(C=C1)N(C2=CC=C(C=C2)C)C3=CC(=CC=C3)OC(=O)CN4C(=O)C5=C6C(=CC=C7C6=C(C=C5)C(=O)N(C7=O)CC(=O)OC8=CC=CC(=C8)N(C9=CC=C(C=C9)C)C1=CC=C(C=C1)C)C4=O"
132268983,C66H39N5O12,1093.259521688,"CC1=CC=C(C=C1)N(C2=CC=C(C=C2)C)C3=CC(=CC=C3)OC(=O)CN4C(=O)C5=C6C(=CC=C7C6=C(C=C5)C(=O)N(C7=O)CC(=O)ON8C(=O)C9=C1C(=CC=C2C1=C(C=C9)C(=O)N(C2=O)C1=CC=CC2=CC3=CC=CC=C3C=C21)C8=O)C4=O"
132269007,C94H54N10O11S,1530.3694235479993,"CC1=C(C=CC(=C1)N2C(=O)C3=C4C(=CC=C5C4=C(C=C3)C(=O)N(C5=O)C6=CC(=CC(=C6)N7C8=CC=CC=C8N=C7C9=CC=CC=C9)N1C3=CC=CC=C3N=C1C1=CC=CC=C1)C2=O)C=CC1=C(C=C(C=C1)N1C(=O)C2=C3C(=CC=C4C3=C(C=C2)C(=O)N(C4=O)C2=CC=CC=C2N2C3=CC=CC=C3N=C2C2=CC=CC=C2)C1=O)S(=O)(=O)O"
132269008,C107H62N12O11S,1722.4381718039992,"CC1=C(C=CC(=C1)N2C(=O)C3=C4C(=CC=C5C4=C(C=C3)C(=O)N(C5=O)C6=CC(=CC(=C6)N7C8=CC=CC=C8N=C7C9=CC=CC=C9)N1C3=CC=CC=C3N=C1C1=CC=CC=C1)C2=O)C=CC1=C(C=C(C=C1)N1C(=O)C2=C3C(=CC=C4C3=C(C=C2)C(=O)N(C4=O)C2=CC(=CC(=C2)N2C3=CC=CC=C3N=C2C2=CC=CC=C2)N2C3=CC=CC=C3N=C2C2=CC=CC=C2)C1=O)S(=O)(=O)O"
132269009,C81H46N8O11S,1338.3006752919996,"CC1=C(C=CC(=C1)N2C(=O)C3=C4C(=CC=C5C4=C(C=C3)C(=O)N(C5=O)C6=CC=CC=C6N7C8=CC=CC=C8N=C7C9=CC=CC=C9)C2=O)C=CC1=C(C=C(C=C1)N1C(=O)C2=C3C(=CC=C4C3=C(C=C2)C(=O)N(C4=O)C2=CC=CC=C2N2C3=CC=CC=C3N=C2C2=CC=CC=C2)C1=O)S(=O)(=O)O"
132269010,C78H42N6O11S,1270.2632271639998,"CC1=C(C=CC(=C1)N2C(=O)C3=C4C(=CC=C5C4=C(C=C3)C(=O)N(C5=O)C6=CC=CC=C6N7C8=CC=CC=C8N=C7C9=CC=CC=C9)C2=O)C=CC1=C(C=C(C=C1)N1C(=O)C2=C3C(=CC=C4C3=C(C=C2)C(=O)N(C4=O)C2=C3C=CC4=CC=CC5=C4C3=C(C=C5)C=C2)C1=O)S(=O)(=O)O"
132269011,C91H50N8O11S,1462.3319754199995,"CC1=C(C=CC(=C1)N2C(=O)C3=C4C(=CC=C5C4=C(C=C3)C(=O)N(C5=O)C6=CC(=CC(=C6)N7C8=CC=CC=C8N=C7C9=CC=CC=C9)N1C3=CC=CC=C3N=C1C1=CC=CC=C1)C2=O)C=CC1=C(C=C(C=C1)N1C(=O)C2=C3C(=CC=C4C3=C(C=C2)C(=O)N(C4=O)C2=C3C=CC4=CC=CC5=C4C3=C(C=C5)C=C2)C1=O)S(=O)(=O)O"
132269023,C33H24N4O5,556.174669868,"CC1=CC(=C(C=C1)C(C)(C)C)N2C(=O)C3=C4C(=CC=C5C4=C(C=C3)C(=O)N(C5=O)C6=NN=C(O6)C7=CC=CC=C7)C2=O"
132269053,C36H18N2O5,558.121571676,"C1=CC2=C3C(=C1)C=CC4=C(C=CC(=C43)C=C2)N5C(=O)C6=C7C(=CC=C8C7=C(C=C6)C(=O)N(C8=O)C9=CC=C(C=C9)O)C5=O"
132269436,C132H206N2O6S4,2043.475876312,"CCCCCCCCCCCCCCCCC1(C2=CC3=C(C=C2C4=C1C=C(S4)C5=CC=C(S5)C)C(C6=C3SC(=C6)C7=CC=C(S7)C8=C9C1=C(C=C(C2=C1C(=C8)C(=O)N(C2=O)CCOCCCCCCCCCCCC)C)C(=O)N(C9=O)CCOCCCCCCCCCCCC)(CCCCCCCCCCCCCCCC)CCCCCCCCCCCCCCCC)CCCCCCCCCCCCCCCC"
132269456,C119H180N2O5S4,1845.2775108600001,"CCCCCCCCCCCCCCCCC1(C2=CC3=C(C=C2C4=C1C=C(S4)C5=CC=C(S5)C)C(C6=C3SC(=C6)C7=CC=C(S7)C8=C9C1=C(C=C(C2=C1C(=C8)C(=O)N(C2=O)COCCCCCCCCCCCC)C)C(=O)N(C9=O)CC)(CCCCCCCCCCCCCCCC)CCCCCCCCCCCCCCCC)CCCCCCCCCCCCCCCC"
132523571,C64H74N4O8S2,1090.494807328,"CCCCCCCCN1C(=O)C2=C3C4=C(C=C2)C(=O)N(C(=O)C4=C5C(=C3C1=O)C=C(S5)C6=CC7=C8C9=C(C=CC1=C9C(=C7S6)C(=O)N(C1=O)CCCCCCCC)C(=O)N(C8=O)CCCCCCCC)CCCCCCCC"
132523572,C64H74N4O8S2,1090.494807328,"CCCCC(CC)CN1C(=O)C2=C3C4=C(C=C2)C(=O)N(C(=O)C4=C5C(=C3C1=O)C=C(S5)C6=CC7=C8C9=C(C=CC1=C9C(=C7S6)C(=O)N(C1=O)CC(CC)CCCC)C(=O)N(C8=O)CC(CC)CCCC)CC(CC)CCCC"
132774447,C38H22N2O4,570.157957184,"C1=CC=C(C=C1)C2=CC=CC=C2N3C(=O)C4=C5C(=CC=C6C5=C(C=C4)C(=O)N(C6=O)C7=CC=CC=C7C8=CC=CC=C8)C3=O"
132869360,C34H18N2O4,518.126657056,"C1=CC=C2C=C(C=CC2=C1)N3C(=O)C4=C5C(=CC=C6C5=C(C=C4)C(=O)N(C6=O)C7=CC8=CC=CC=C8C=C7)C3=O"
134215633,C73H96N4O4S2,1156.6872995519998,"CCCCC(CC)CN1C(=O)C2=CC(=C3C4=C(C=C(C(=C24)C1=O)C5=CC=C(S5)C)C(=O)N(C3=O)CC(CC)CCCC)C6=CC=C(S6)C7=CC8=C(C=C7)C9=C(C8(CCCCCCN(CC)CC)CCCCCCN(CC)CC)C=C(C=C9)C"
134215634,C63H76N4O4S2,1016.5307989119999,"CCCCC(CC)CN1C(=O)C2=CC(=C3C4=C(C=C(C(=C24)C1=O)C5=CC=C(S5)C)C(=O)N(C3=O)CC(CC)CCCC)C6=CC=C(S6)C7=CC8=C(C=C7)C9=C(C8(CCCN(C)C)CCCN(C)C)C=C(C=C9)C"
134215635,C72H94N4O4S2,1142.6716494879997,"CCCCC(CC)CN1C(=O)C2=CC(=C3C4=C(C=C(C(=C24)C1=O)C5=CC=C(S5)C)C(=O)N(C3=O)CC(CC)CCCC)C6=CC=C(S6)C7=CC8=C(C=C7)C9=C(C8(CCCCCCN(C)CC)CCCCCCN(CC)CC)C=C(C=C9)C"
134215639,C54H66N4O6S,898.470306832,"CCN(CC)CCCCCCOC1=CC=C(C=C1)CN2C(=O)C3=CC(=C4C5=C(C=C(C(=C35)C2=O)C)C(=O)N(C4=O)CC6=CC=C(C=C6)OCCCCCCN(CC)CC)C7=CC=C(S7)C"
134226139,C53H72N4O4+2,828.55425962418,"CCCCC(CC)CN1C(=O)C2=CC(=C3C4=C2C(=C(C=C4C(=O)N(C3=O)CC(CC)CCCC)[N+]5=CC=C(C=C5)C6=CC=[N+](C=C6)C(CC)(CC)CC)C1=O)C(C)(CC)CC"
134226141,C52H70N4O4+2,814.53860956018,"CCCCC(CC)CN1C(=O)C2=CC(=C3C4=C2C(=C(C=C4C(=O)N(C3=O)CC(CC)CCCC)[N+]5=CC=C(C=C5)C6=CC=[N+](C=C6)C(C)(CC)CC)C1=O)C(C)(CC)CC"
134302732,C46H42N2O4S2,750.258599824,"CC(C)C1=C(C(=CC=C1)C(C)C)N2C(=O)C3=CC(=C4C5=C(C=C(C(=C35)C2=O)C6=CC=CS6)C(=O)N(C4=O)C7=C(C=CC=C7C(C)C)C(C)C)C8=CC=CS8"
134387202,C54H74N2O4,814.564858848,"CN1C(=O)C2=C3C4=C(C(=C2)C5CCCC(CCC5)C6CCCC6)C(=O)N(C(=O)C4=CC(=C3C1=O)C7CCCC(CCC7)C8CCCC8)C9CCCC(CCC9)C1CCCC1"
134398072,C30H13N5O4,507.09675389600005,"CC1=C(C=CC(=C1)N2C(=O)C3=C4C(=CC=C5C4=C(C=C3)C(=O)N(C5=O)C6=CC(=C(C=C6)C#N)C#N)C2=O)C#N"
134460873,C32H26N2O4,502.18925731199994,"CC(C)C1=CC=CC=C1N2C(=O)C3=C4C(=CC=C5C4=C(C=C3)C(=O)N(C5=O)C6=CC=CC=C6C(C)C)C2=O"
134485454,C37H32N6O4S4,752.136787504,"CCCCCCCCC(C)CN1C(=O)C2=C3C(=C4C5=C2C(=C6C(=C5C(=O)N(C4=O)CC(C)C)SC(=C(C#N)C#N)S6)C1=O)SC(=C(C#N)C#N)S3"
134485455,C30H18N6O4S4,654.027237056,"CC(C)CN1C(=O)C2=C3C(=C4C5=C2C(=C6C(=C5C(=O)N(C4=O)CC(C)C)SC(=C(C#N)C#N)S6)C1=O)SC(=C(C#N)C#N)S3"
134527915,C30H14N2O12,594.054673888,"C1=CC2=C3C(=CC=C4C3=C1C(=O)N(C4=O)C5=CC(=CC(=C5)C(=O)O)OC=O)C(=O)N(C2=O)C6=CC(=CC(=C6)C(=O)O)OC=O"
134528434,C144H214N2O4S4,2163.548647328,"CCCCCCCCCCCCCCCCC1(C2=CC3=C(C=C2C4=C1C=C(S4)C5=CC=C(S5)C)C(C6=C3SC(=C6)C7=CC=C(S7)C8=C9C1=C(C=C(C2=C1C(=C8)C(=O)N(C2=O)CCCCC1=CC=C(C=C1)CCCCCCCCCC)C)C(=O)N(C9=O)CCCCC1=CC=C(C=C1)CCCCCCCCCC)(CCCCCCCCCCCCCCCC)CCCCCCCCCCCCCCCC)CCCCCCCCCCCCCCCC"
134572264,C18H10N2O4S,350.0361278,"CN1C(=O)C2=CC=C3C4=C(C5=CSC=C5C(=C24)C1=O)C(=O)N(C3=O)C"
134572533,C40H36N2O4S,640.239578632,"C1C2CC3CC1CC(C2)C3N4C(=O)C5=C6C=CC=CC6=C7C8=C(C9=CSC=C9C(=C58)C4=O)C(=O)N(C7=O)C1C2CC3CC(C2)CC1C3"
134590368,C38H34N6O4S4,766.1524375680001,"CCCCCCCCN1C(=O)C2=C3C(=C4C5=C2C(=C6C(=C5C(=O)N(C4=O)CCCCCCCC)SC(=C(C#N)C#N)S6)C1=O)SC(=C(C#N)C#N)S3"
134590369,C24H6N6O4S3,537.9612656720001,"CN1C(=O)C2=C3C(=C(SC3=C4C5=C2C(=C6C(=C5C(=O)N(C4=O)C)SC(=C(C#N)C#N)S6)C1=O)C#N)C#N"
134590370,C20H6N6O4S4,521.9333366720001,"CN1C(=O)C2=C3C(=C4C5=C2C(=C6C(=C5C(=O)N(C4=O)C)SC(=NC#N)S6)C1=O)SC(=NC#N)S3"
134591805,C38H32N2O4S,612.208278504,"C1C2CC3CC1C(C2)C3N4C(=O)C5=C6C=CC=CC6=C7C8=C(C9=CSC=C9C(=C58)C4=O)C(=O)N(C7=O)C1C2CC3CC(C2)C1C3"
135138881,C36H42N2O4,566.314457824,"CCC(C)(CC)C1=C(C(=C(C(=C1C)C)N2C(=O)C3=C4C(=CC=C5C4=C(C=C3)C(=O)N(C5=O)C(C)(CC)CC)C2=O)C)C"
135215274,C42H22N4O11S,790.1005785240003,"CN1C(=O)C2=C3C(=CC=C4C3=C(C=C2)C(=O)N(C4=O)C5=CC=C(C=C5)C6=C(C=C(C=C6)N7C(=O)C8=C9C(=CC=C2C9=C(C=C8)C(=O)N(C2=O)C)C7=O)S(=O)(=O)O)C1=O"
135299810,C47H54N2O4,710.4083582080001,"CC1=CC2=C3C(=C(C=C4C3=C1C(=O)N(C4=O)C5CCCCCC(CCCC5)CC6CCC6)C)C(=O)N(C2=O)C7=CC=CC=C(C=CC=C7)C8CCCC8"
135299811,C53H74N2O4,802.5648588480001,"CC1CCCC(CCC1)C2=C3C4=C(C=C(C5=C4C(=C2)C(=O)N(C5=O)C6CCCC(CCC6)C7CCCC7)C8CCCCCCC8)C(=O)N(C3=O)C9CCCC(CCC9)C"
136020628,C54H66N6O4,862.5145545919999,"CCCCCCC(CCCCCC)N1C(=O)C2=C3C(=C4C5=C2C(=C6C(=C5C(=O)N(C4=O)C(CCCCCC)CCCCCC)NC(=N6)C7=CC=CC=C7)C1=O)N=C(N3)C8=CC=CC=C8"
136020629,C62H70N6O4,962.5458547199999,"CCCCCCC(CCCCCC)N1C(=O)C2=C3C(=C4C5=C2C(=C6C(=C5C(=O)N(C4=O)C(CCCCCC)CCCCCC)NC(=N6)C7=CC8=CC=CC=C8C=C7)C1=O)N=C(N3)C9=CC1=CC=CC=C1C=C9"
136020631,C58H76N8O4,948.5989529119997,"CCCCCCC(CCCCCC)N1C(=O)C2=C3C(=C4C5=C2C(=C6C(=C5C(=O)N(C4=O)C(CCCCCC)CCCCCC)NC(=N6)C7=CC=C(C=C7)N(C)C)C1=O)N=C(N3)C8=CC=C(C=C8)N(C)C"
136090283,C54H40N6O10,932.2805914800001,"CC1=CC(=C2C(=C1)C=C(C(=C2O)N=NC3=C(C=C(C=C3)N4C(=O)C5=C6C(=CC=C7C6=C(C=C5)C(=O)N(C7=O)C8=CC(=C(C=C8)N=NC9=C(C1=C(C=C(C=C1C=C9C)C)C)O)C(=O)O)C4=O)COO)C)C"
137137395,C86H109N3O9S2,1391.760524068,"CCCCCCCCCCCCC1=C(C2=C(C=C3C4=C(C=CC(=C42)C1=O)C(=O)N(C3=O)CCCCCCCCCCCC)C5=CC6=C(S5)C7=C(C6=O)C=C(S7)C8=C9C1=C(C=CC2=C1C(=C8)C(=O)N(C2=O)CCCCCCCCCCCC)C(=O)N(C9=O)CCCCCCCCCCCC)O"
137153187,C58H76N8O4,948.5989529119997,"CCCCCCC(CCCCCC)N1C(=O)C2=C3C(=C4C5=C2C(=C6C(=C5C(=O)N(C4=O)C(CCCCCC)CCCCCC)NC(=N6)C7=CC=CC=C7N(C)C)C1=O)N=C(N3)C8=CC=CC=C8N(C)C"
137412742,C60H42N6O12,1038.2860707840002,"C1CCC2C(C1)N3C(=O)C4=C5C(=CC=C6C5=C(C=C4)C(=O)N(C6=O)C7CCCCC7N8C(=O)C9=C1C(=CC=C4C1=C(C=C9)C(=O)N(C4=O)C1CCCCC1N1C(=O)C4=C5C(=CC=C6C5=C(C=C4)C(=O)N2C6=O)C1=O)C8=O)C3=O"
137412743,C60H42N6O12,1038.2860707840002,"C1CCC2C(C1)N3C(=O)C4=C5C(=CC=C6C5=C(C=C4)C(=O)N(C6=O)C7CCCCC7N8C(=O)C9=C1C(=CC=C4C1=C(C=C9)C(=O)N(C4=O)C1CCCCC1N1C(=O)C4=C5C(=CC=C6C5=C(C=C4)C(=O)N2C6=O)C1=O)C8=O)C3=O"
137412744,C60H42N6O12,1038.2860707840002,"C1CCC2C(C1)N3C(=O)C4=C5C(=CC=C6C5=C(C=C4)C(=O)N(C6=O)C7CCCCC7N8C(=O)C9=C1C(=CC=C4C1=C(C=C9)C(=O)N(C4=O)C1CCCCC1N1C(=O)C4=C5C(=CC=C6C5=C(C=C4)C(=O)N2C6=O)C1=O)C8=O)C3=O"
137420405,C34H46N2O4,546.345757952,"CCCCCCCCN1C(=O)C2=CC(=C3C4=C(C=C(C(=C24)C1=O)C)C(=O)N(C3=O)CCCCCCCC)C(C)C"
138463398,C54H43N5O12,953.2908218160001,"C1CCC2C(C1)CC(=O)C3=C(C=C4C(=C3)C(=O)N(C4=O)C5CCCCC5N6C(=O)C7=C8C(=CC=C9C8=C(C=C7)C(=O)N(C9=O)C1CCCCC1C1C(=O)C3=CC4=C(C=C3C1=O)C(=O)N2C4=O)C6=O)C(=O)N"
138463400,C26H28N4O4,460.21105537599993,"C1CCC(C(C1)N)N2C(=O)C3=C4C(=CC=C5C4=C(C=C3)C(=O)N(C5=O)C6CCCCC6N)C2=O"
138463402,C26H28N4O4,460.21105537599993,"C1CCC(C(C1)N)N2C(=O)C3=C4C(=CC=C5C4=C(C=C3)C(=O)N(C5=O)C6CCCCC6N)C2=O"
138463418,C56H40N6O12,988.2704207200001,"C1CCC2C(C1)N3C(=O)C4=C5C(=CC=C6C5=C(C=C4)C(=O)N(C6=O)C7CCCCC7N8C(=O)C9=CC1=C(C=C9C8=O)C(=O)N(C1=O)C1CCCCC1N1C(=O)C4=C5C(=CC=C6C5=C(C=C4)C(=O)N2C6=O)C1=O)C3=O"
138463419,C56H42N6O12,990.2860707840001,"C1CCC(CC1)N2C(=O)C3=CC4=C(C=C3C2=O)C(=O)N(C4=O)C5CCCCC5N6C(=O)C7=C8C(=CC=C9C8=C(C=C7)C(=O)N(C9=O)C1CCCCC1N1C(=O)C2=C3C(=CC=C4C3=C(C=C2)C(=O)NC4=O)C1=O)C6=O"
138463420,C56H40N6O12,988.2704207200001,"C1CCC2C(C1)N3C(=O)C4=C5C(=CC=C6C5=C(C=C4)C(=O)N(C6=O)C7CCCCC7N8C(=O)C9=CC1=C(C=C9C8=O)C(=O)N(C1=O)C1CCCCC1N1C(=O)C4=C5C(=CC=C6C5=C(C=C4)C(=O)N2C6=O)C1=O)C3=O"
138463427,C20H16N2O4,348.11100699199994,"C1CCC(CC1)N2C(=O)C3=C4C(=CC=C5C4=C(C=C3)C(=O)NC5=O)C2=O"
138463433,C56H40N6O12,988.2704207200001,"C1CCC2C(C1)N3C(=O)C4=C5C(=CC=C6C5=C(C=C4)C(=O)N(C6=O)C7CCCCC7N8C(=O)C9=CC1=C(C=C9C8=O)C(=O)N(C1=O)C1CCCCC1N1C(=O)C4=C5C(=CC=C6C5=C(C=C4)C(=O)N2C6=O)C1=O)C3=O"
138463434,C56H40N6O12,988.2704207200001,"C1CCC2C(C1)N3C(=O)C4=C5C(=CC=C6C5=C(C=C4)C(=O)N(C6=O)C7CCCCC7N8C(=O)C9=CC1=C(C=C9C8=O)C(=O)N(C1=O)C1CCCCC1N1C(=O)C4=C5C(=CC=C6C5=C(C=C4)C(=O)N2C6=O)C1=O)C3=O"
138463448,C59H50N6O12,1034.3486710400002,"CC1CCC2C(C1)CC(=O)C3=C4C(=CC=C5C4=C(C=C3)C(=O)N(C5=O)C6CCCCC6N7C(=O)C8=C9C(=CC=C1C9=C(C=C8)C(=O)N(C1=O)C1CCCCC1CC(=O)C1=C(C=C3C(=C1)C(=O)N2C3=O)C(=O)N)C7=O)C(=O)N"
138478088,C62H46N4O8,974.3315644320002,"CCC1=CC=CC(=C1N2C(=O)C3=C4C(=CC=C5C4=C(C=C3)C(=O)N(C5=O)C6=C(C=C(C=C6C)C7=CC(=C(C(=C7)C)N8C(=O)C9=C1C(=CC=C3C1=C(C=C9)C(=O)N(C3=O)C1=C(C=CC=C1C)C)C8=O)C)CC)C2=O)C"
138500607,C32H40N4O6,576.2947849999999,"CC1(CC(CC(N1O)(C)C)N2C(=O)C3=C4C(=CC=C5C4=C(C=C3)C(=O)N(C5=O)C6CC(N(C(C6)(C)C)O)(C)C)C2=O)C"
138500608,C37H48N2O4,584.3614080159999,"CCCCCC(C)CCCCC1(CCC(C1)N2C(=O)C3=C4C(=CC=C5C4=C(C=C3)C(=O)N(C5=O)C6(CCCC6)C)C2=O)C"
138500614,C42H52N2O4,648.3927081439999,"CCCC(CC)CC1(CCC(C1)N2C(=O)C3=C4C(=CC=C5C4=C(C=C3)C(=O)N(C5=O)C6CCC(C6)C78CC9CCC7CC(C9)C8)C2=O)C"
138500615,C28H30N2O4,458.22055743999994,"CCC1(CCC(C1)N2C(=O)C3=C4C(=CC=C5C4=C(C=C3)C(=O)N(C5=O)C6CCCC6)C2=O)CC"
138650394,C46H48N4O5,736.362470636,"CCC1=CC=C(C=C1)C2=CC3=C4C5=C2C(=O)N(C(=O)C5=CC(=C4C(=O)N(C3=O)C6=CC=C(C=C6)CCNCCN)C7=CC=C(C=C7)CC)C(CC(C)C)CO"
138650727,C39H36N4O7,672.258399492,"CCC(CC)N1C(=O)C2=CC(=C3C4=C2C(=C(C=C4C(=O)N(C3=O)C5=CC=C(C=C5)CCO)C6=CCCC(=C6)N)C1=O)C7=CCCC(=C7)[N+](=O)[O-]"
138705251,C103H116N16O28S4,2152.7027810719983,"CCCN1C(=O)C2=C3C(=CC=C4C3=C(C=C2)C(=O)N(C4=O)CCCCCC(C(=O)NC(C(C)C)C(=O)NC(CCC(=O)O)C(=O)NC(C(C)C)C(=O)O)NC(=O)CNC(=O)CNC(=O)C5=CC=C(S5)C6=CC=C(S6)C7=CC=C(S7)C8=CC=C(S8)C(=O)NCC(=O)NCC(=O)NC(CCCCN9C(=O)C2=C3C(=CC=C4C3=C(C=C2)C(=O)N(C4=O)CCC)C9=O)C(=O)NC(C(C)C)C(=O)NC(CCC(=O)O)C(=O)NC(C(C)C)C(=O)O)C1=O"
138705255,C91H96N16O24S4,1924.5666219519987,"CCCN1C(=O)C2=C3C(=CC=C4C3=C(C=C2)C(=O)N(C4=O)CCCCCC(C(=O)NC(C)C(=O)NC(C)C(=O)NC(C)C(=O)O)NC(=O)CNC(=O)CNC(=O)C5=CC=C(S5)C6=CC=C(S6)C7=CC=C(S7)C8=CC=C(S8)C(=O)NCC(=O)NCC(=O)NC(CCCCN9C(=O)C2=C3C(=CC=C4C3=C(C=C2)C(=O)N(C4=O)CCC)C9=O)C(=O)NC(C)C(=O)NC(C)C(=O)NC(C)C(=O)O)C1=O"
138705257,C95H96N16O32S4,2100.5259389119983,"CCCN1C(=O)C2=C3C(=CC=C4C3=C(C=C2)C(=O)N(C4=O)CCCCCC(C(=O)NC(CC(=O)O)C(=O)NC(C)C(=O)NC(CC(=O)O)C(=O)O)NC(=O)CNC(=O)CNC(=O)C5=CC=C(S5)C6=CC=C(S6)C7=CC=C(S7)C8=CC=C(S8)C(=O)NCC(=O)NCC(=O)NC(CCCCN9C(=O)C2=C3C(=CC=C4C3=C(C=C2)C(=O)N(C4=O)CCC)C9=O)C(=O)NC(CC(=O)O)C(=O)NC(C)C(=O)NC(CC(=O)O)C(=O)O)C1=O"
138706441,C18H10N2O4,318.0640568,"C=CN1C(=O)C2=C3C(=CC=C4C3=C(C=C2)C(=O)N(C4=O)C=C)C1=O"
139372438,C25H26N2O7S,498.1460721719999,"CCOC(=O)C(CS)N1C(=O)C2=C3C(=CC=C4C3=C(C=C2)C(=O)N(C4=O)C(CC(C)C)CO)C1=O"
139372439,C30H22N2O6,506.1477864239999,"C1=CC=C(C=C1)C(C2=CC=CC=C2)N3C(=O)C4=C5C(=CC=C6C5=C(C=C4)C(=O)N(C6=O)C(CO)CO)C3=O"
139372442,C46H30N4O10,798.1961931600001,"C1=CC=C(C=C1)CC(CO)N2C(=O)C3=C4C(=CC=C5C4=C(C=C3)C(=O)N(C5=O)N6C(=O)C7=C8C(=CC=C9C8=C(C=C7)C(=O)N(C9=O)C(CC1=CC=CC=C1)CO)C6=O)C2=O"
139381050,C36H18N4O8S2,698.0566055360001,"CN1C(=O)C2=C3C4=C(C=C2)C(=O)N(C(=O)C4=C5C(=C3C1=O)C=C(S5)C6=CC7=C8C9=C(C=CC1=C9C(=C7S6)C(=O)N(C1=O)C)C(=O)N(C8=O)C)C"
139381068,C48H42N4O8S2,866.2444063040001,"CC(C)CN1C(=O)C2=C3C4=C(C=C2)C(=O)N(C(=O)C4=C5C(=C3C1=O)C=C(S5)C6=CC7=C8C9=C(C=CC1=C9C(=C7S6)C(=O)N(C1=O)CC(C)C)C(=O)N(C8=O)CC(C)C)CC(C)C"
139381070,C25H24N2O4S,448.14567824799997,"CC1=CC2=C3C4=C(C=CC5=C4C(=C2S1)C(=O)N(C5=O)CC(C)C)C(=O)N(C3=O)CC(C)C"
139381156,C18H10N2O4S,350.0361278,"CN1C(=O)C2=C3C4=C(C=C2)C(=O)N(C(=O)C4=C5C(=C3C1=O)C=CS5)C"
139381198,C102H114N6O12S3,1710.7656860879995,"CCCCC(CC)CN1C(=O)C2=C3C4=C(C=C2)C(=O)N(C(=O)C4=C5C(=C3C1=O)C=C(S5)C6=CC(=CC(=C6)C7=CC8=C9C1=C(C=CC2=C1C(=C8S7)C(=O)N(C2=O)CC(CC)CCCC)C(=O)N(C9=O)CC(CC)CCCC)C1=CC2=C3C4=C(C=CC5=C4C(=C2S1)C(=O)N(C5=O)CC(CC)CCCC)C(=O)N(C3=O)CC(CC)CCCC)CC(CC)CCCC"
139381199,C78H66N6O12S3,1374.3900845519997,"CC(C)CN1C(=O)C2=C3C4=C(C=C2)C(=O)N(C(=O)C4=C5C(=C3C1=O)C=C(S5)C6=CC(=CC(=C6)C7=CC8=C9C1=C(C=CC2=C1C(=C8S7)C(=O)N(C2=O)CC(C)C)C(=O)N(C9=O)CC(C)C)C1=CC2=C3C4=C(C=CC5=C4C(=C2S1)C(=O)N(C5=O)CC(C)C)C(=O)N(C3=O)CC(C)C)CC(C)C"
139381201,C92H98N6O12S4,1606.6125565759996,"CCCCC(CC)CN1C(=O)C2=C3C4=C(C=C2)C(=O)N(C(=O)C4=C5C(=C3C1=O)C=C(S5)C6=CC7=C8C9=C1C(=C2C=C(SC2=C9C(=O)N(C8=O)CCC(C)C)C2=CC3=C4C5=C(C=CC8=C5C(=C3S2)C(=O)N(C8=O)CC(CC)CCCC)C(=O)N(C4=O)CC(CC)CCCC)C(=O)N(C(=O)C1=C7S6)CCC(C)C)CC(CC)CCCC"
139395342,C26H22N2O5,442.1528718039999,"CC1=C(C(=CC=C1)C)CN2C(=O)C3=C4C(=CC=C5C4=C(C=C3)C(=O)N(C5=O)CCOC)C2=O"
139470552,C51H48N4O4,780.367556016,"CC1CC2=C(C=C1)C3=C4C5=C6C(=C3N2)C(=O)N(C(=O)C6=C7C(=C5C(=O)N(C4=O)C8=C(C=CC=C8C(C)C)C(C)C)C9=CC=CC=C9N7)C1=C(C=CC=C1C(C)C)C(C)C"
140081911,C30H22N2O6,506.1477864239999,"C1=CC(=CC=C1CCN2C(=O)C3=C4C(=CC=C5C4=C(C=C3)C(=O)N(C5=O)CCC6=CC=C(C=C6)O)C2=O)O"
140254884,C40H18N4O8,682.1124635360001,"C1=CC=C(C=C1)N2C(=O)C3=C4C(=CC=C5C4=C(C=C3)C(=O)N(C5=O)N6C(=O)C7=C8C(=CC=C9C8=C(C=C7)C(=O)N(C9=O)C1=CC=CC=C1)C6=O)C2=O"
140771855,C26H18N4O4+2,450.13170789618,"C1=CC=C(C(=C1)[NH3+])N2C(=O)C3=C4C(=CC=C5C4=C(C=C3)C(=O)N(C5=O)C6=CC=CC=C6[NH3+])C2=O"
140771857,C20H18N3O4+,364.12918247608997,"C1CCC(C(C1)[NH3+])N2C(=O)C3=C4C(=CC=C5C4=C(C=C3)C(=O)NC5=O)C2=O"
140771858,C20H12N3O4+,358.08223228408997,"C1=CC=C(C(=C1)[NH3+])N2C(=O)C3=C4C(=CC=C5C4=C(C=C3)C(=O)NC5=O)C2=O"
140776589,C22H22N2O4,378.15795718399994,"CCC(C)N1C(=O)C2=C3C(=CC=C4C3=C(C=C2)C(=O)N(C4=O)C(C)CC)C1=O"
140776590,C22H22N2O4,378.15795718399994,"CCC(C)N1C(=O)C2=C3C(=CC=C4C3=C(C=C2)C(=O)N(C4=O)C(C)CC)C1=O"
140828598,C49H42N4O5,766.315520444,"C1CC2CCC3CC(CC4C3C2C(C1)CC4)N5C(=O)C6=C7C(=CC=C8C7=C(C=C6)C(=O)N(C8=O)C9=CC=CC(=C9O)N1C2=CC=CC=C2N=C1C1=CC=CC=C1)C5=O"
140828609,C74H65N5O12,1215.46297252,"C1CCC(CC1)N(C2CCCCC2)C3CCCC(C3)OC(=O)CCCN4C(=O)C5=C6C(=CC=C7C6=C(C=C5)C(=O)N(C7=O)CCCC(=O)OC8=CC=C(C=C8)N9C(=O)C1=C2C(=CC=C3C2=C(C=C1)C(=O)N(C3=O)C1=CC=CC2=CC3=CC=CC=C3C=C21)C9=O)C4=O"
140828610,C58H80N4O8,960.59761552,"C1CCC(CC1)N(C2CCCCC2)C3CCCC(C3)OC(=O)CCCN4C(=O)C5=C6C(=CC=C7C6=C(C=C5)C(=O)N(C7=O)CCCC(=O)OC8CCCC(C8)N(C9CCCCC9)C1CCCCC1)C4=O"
140828618,C60H84N4O8,988.628915648,"CC1CCC(CC1)N(C2CCC(CC2)C)C3CCCC(C3)OC(=O)CCCN4C(=O)C5=C6C(=CC=C7C6=C(C=C5)C(=O)N(C7=O)CCCC(=O)OC8CCCC(C8)N(C9CCCCC9)C1CCCCC1)C4=O"
140875902,C34H26N6O4S4,710.0898373120001,"CCCCCCN1C(=O)C2=C3C(=C4C5=C2C(=C6C(=C5C(=O)N(C4=O)CCCCCC)SC(=C([N+]#[C-])[N+]#[C-])S6)C1=O)SC(=C(C#N)C#N)S3"
140875903,C36H32N4O8S4,776.110297984,"CCCCCCN1C(=O)C2=C3C(=C4C5=C2C(=C6C(=C5C(=O)N(C4=O)CCCCCC)SC(=C(C(=O)CO)[N+]#[C-])S6)C1=O)SC(=C(C#N)C(=O)OC)S3"
140875904,C34H10N6O4S4,693.9646368000002,"[C-]#[N+]C(=C1SC2=C3C4=C5C(=C6C(=C4C(=O)N(C3=O)C7=CC=CC=C7)SC(=C(C#N)C#N)S6)C(=O)N(C(=O)C5=C2S1)C8=CC=CC=C8)[N+]#[C-]"
140875905,C38H34N6O4S4,766.1524375680001,"CCCCCCCCN1C(=O)C2=C3C(=C4C5=C2C(=C6C(=C5C(=O)N(C4=O)CCCCCCCC)SC(=C([N+]#[C-])[N+]#[C-])S6)C1=O)SC(=C(C#N)C#N)S3"
140875906,C34H26N6O4S4,710.089837312,"CCCCCCN1C(=O)C2=C3C(=C4C5=C2C(=C6C(=C5C(=O)N(C4=O)CCCCCC)SC(=C(S6)[N+]#[C-])[N+]#[C-])C1=O)SC(=C(S3)C#N)C#N"
140875907,C34H26N6O4S2,646.1456953119999,"CCCCCCN1C(=O)C2=C3C(=C(SC3=C4C5=C2C(=C6C(=C5C(=O)N(C4=O)CCCCCC)C(=C(S6)[N+]#[C-])[N+]#[C-])C1=O)C#N)C#N"
140875908,C34H26N6O4S4,710.0898373120001,"CCCCCCN1C(=O)C2=C3C(=C4C5=C2C(=C6C(=C5C(=O)N(C4=O)CCCCCC)SC(=C(C#N)C#N)S6)C1=O)SC(=C(S3)[N+]#[C-])[N+]#[C-]"
140875909,C30H26N6O4S4,662.0898373120001,"CCCCCCN1C(=O)C2=C3C(=C4C5=C2C(=C6C(=C5C(=O)N(C4=O)CCCCCC)SC(=N[N+]#[C-])S6)C1=O)SC(=NC#N)S3"
140875910,C34H26N6O4S3,678.117766312,"CCCCCCN1C(=O)C2=C3C(=C(SC3=C4C5=C2C(=C6C(=C5C(=O)N(C4=O)CCCCCC)SC(=C([N+]#[C-])[N+]#[C-])S6)C1=O)C#N)C#N"
140958054,C82H116N2O4S2,1256.8376521920002,"CCCCCCCCCCCCC(CCCCCCCCCC)CN1C(=O)C2=CC(=C3C4=C(C=C(C(=C24)C1=O)C5=CC=C(S5)C)C(=O)N(C3=O)CC(CCCCCCCCCC)CCCCCCCCCCCC)C6=CC=C(S6)C7=CC8=C(C=C7)C=C(C=C8)C"
141637616,C73H96N4O4S2,1156.6872995519998,"CCCCCCCCN1C(=O)C2=CC(=C3C4=C(C=C(C(=C24)C1=O)C5=CC=C(S5)C)C(=O)N(C3=O)CCCCCCCC)C6=CC=C(S6)C7=CC8=C(C=C7)C9=C(C8(CCCCCCN(CC)CC)CCCCCCN(CC)CC)C=C(C=C9)C"
141637617,C65H84N4O4,984.6492571679998,"CCCCCCCCN1C(=O)C2=CC(=C3C4=C(C=C(C(=C24)C1=O)C#CC)C(=O)N(C3=O)CCCCCCCC)C#CC5=CC6=C(C=C5)C7=C(C6(CCCCCCN(C)C)CCCCCCN(C)C)C=C(C=C7)C"
141641306,C40H36N4O4,636.273655632,"CC(C)C1=C(C(=CC=C1)C(C)C)N2C(=O)C3=CC(=C4C5=C(C=C(C(=C35)C2=O)C#N)C(=O)N(C4=O)C6=C(C=CC=C6C(C)C)C(C)C)[N+]#[C-]"
141641312,C40H36N4O4,636.273655632,"CC(C)C1=C(C(=CC=C1)C(C)C)N2C(=O)C3=CC(=C4C5=C(C(=CC(=C35)C2=O)C#N)C(=O)N(C4=O)C6=C(C=CC=C6C(C)C)C(C)C)[N+]#[C-]"
141641314,C42H34N6O4,686.2641535680001,"CC(C)C1=C(C(=CC=C1)C(C)C)N2C(=O)C3=C4C5=C(C(=C3C#N)C#N)C(=O)N(C(=O)C5=C(C(=C4C2=O)[N+]#[C-])[N+]#[C-])C6=C(C=CC=C6C(C)C)C(C)C"
141643579,C112H176N4O6,1673.3589893519995,"CCCCCCCCCCCCC(CCCCCCCCCCCC)CCCCC1=C2C(=C(C3=CC=C(N3C2=O)C(C)C)CCCCC(CCCCCCCCCCCC)CCCCCCCCCCCC)C(=O)N4C1=CC=C4C=CC5=CC6=C7C8=C5C(=O)N(C(=O)C8=CC(=C7C(=O)N(C6=O)CCCCCCCC)C=CC(C)C)CCCCCCCC"
141644368,C56H40N6O12,988.2704207200001,"C1CCC2C(C1)N3C(=O)C4=C5C(=CC=C6C5=C(C=C4)C(=O)N(C6=O)C7CCCCC7N8C(=O)C9=CC1=C(C=C9C8=O)C(=O)N(C1=O)C1CCCCC1N1C(=O)C4=C5C(=CC=C6C5=C(C=C4)C(=O)N2C6=O)C1=O)C3=O"
141644369,C56H40N6O12,988.2704207200001,"C1CCC2C(C1)N3C(=O)C4=C5C(=CC=C6C5=C(C=C4)C(=O)N(C6=O)C7CCCCC7N8C(=O)C9=CC1=C(C=C9C8=O)C(=O)N(C1=O)C1CCCCC1N1C(=O)C4=C5C(=CC=C6C5=C(C=C4)C(=O)N2C6=O)C1=O)C3=O"
141644370,C26H28N4O4,460.21105537599993,"C1CCC(C(C1)N)N2C(=O)C3=C4C(=CC=C5C4=C(C=C3)C(=O)N(C5=O)C6CCCCC6N)C2=O"
141887523,C19H15N3O5,365.10117058,"CCC(=O)NCCN1C(=O)C2=C3C(=CC=C4C3=C(C=C2)C(=O)NC4=O)C1=O"
142152011,C21H22N4O4,394.164105184,"CCNCCN1C(=O)C2=C3C(=CC=C4C3=C(C=C2)C(=O)N(C4=O)CCNC)C1=O"
142335345,C20H10N2O4S2,406.0081988,"CC1=CC2=C3C4=C5C(=C6C=C(SC6=C4C(=O)NC3=O)C)C(=O)NC(=O)C5=C2S1"
142423589,C36H34N6O4+4,614.2619592483601,"CC=C(C=C[NH2+]C)C1=CC=[N+](C=C1)N2C(=O)C3=C4C(=CC=C5C4=C(C=C3)C(=O)N(C5=O)[NH2+]C=CC(=CC)C6=CC=[N+](C=C6)C)C2=O"
142515344,C22H22N2O4,378.157957184,"CCC1=CC2=C3C4=C1C(=O)N(C(=O)C4=CC(=C3C(=O)N(C2=O)C)C(C)(C)C)C"
142726029,C74H82N6O10,1214.609242824,"CCCCCCCCN1C(=O)C2=CC(=C3C4=C(C=C(C(=C24)C1=O)C#N)C(=O)N(C3=O)CCCCCCCC)C5=C(C6=C(C=C5)C(=C(C=C6)C7=C8C9=C(C=C(C1=C9C(=C7)C(=O)N(C1=O)CCCCCCCC)C#N)C(=O)N(C8=O)CCCCCCCC)OC)OC"
142726030,C70H76N6O8S2,1192.5166053920002,"CCCCCCCCN1C(=O)C2=CC(=C3C4=C(C=C(C(=C24)C1=O)C#N)C(=O)N(C3=O)CCCCCCCC)C5=CC=C(S5)C6=CC=C(S6)C7=C8C9=C(C=C(C1=C9C(=C7)C(=O)N(C1=O)CCCCCCCC)C#N)C(=O)N(C8=O)CCCCCCCC"
143016886,C26H22N2O8,490.1376156639999,"CC(=C)C(=O)OCCN1C(=O)C2=C3C(=CC=C4C3=C(C=C2)C(=O)N(C4=O)CCOC(=O)C(=C)C)C1=O"
143113157,C36H31N5O8,661.2172629519999,"CCCNCCN1C(=O)C2=CC3=C(C=C2C1=O)C(=O)N(C3=O)N4C(=O)C5=C6C(=CC=C7C6=C(C=C5)C(=O)N(C7=O)C8CCCCC8C)C4=O"
143370311,C26H24N6O4,484.185903248,"C=NC=CNCCCN1C(=O)C2=C3C(=CC=C4C3=C(C=C2)C(=O)N(C4=O)CCCN5C=CN=C5)C1=O"
143876645,C25H24N2O4,416.17360724799994,"C1CCC(CC1)N2C(=O)C3=C4C(=CC=C5C4=C(C=C3)C(=O)N(C5=O)C6CCCC6)C2=O"
143876646,C27H28N2O4,444.20490737599994,"C1CCCC(CC1)N2C(=O)C3=C4C(=CC=C5C4=C(C=C3)C(=O)N(C5=O)C6CCCCC6)C2=O"
143925336,C23H12N2O4S2,444.023848864,"CN1C(=O)C2=CC(=C3C4=C(C=C(C(=C24)C1=O)C5=CC=CS5)C(=O)NC3=O)C6=CC=CS6"
144035106,C46H24N8O4,752.192051248,"C1=CC=C(C=C1)N2C(=O)C3=CC(=C4C5=C3C(=C(C=C5C(=O)N(C4=O)C6=CC=CC=C6)N7C8=C(C=NC=C8)C9=C7C=CN=C9)C2=O)N1C2=C(C=NC=C2)C2=C1C=CN=C2"
144103530,C66H54N4O9S2,1110.333221308,"CC(C)(C)C1=CC=C(C=C1)OC2=CC=C(C=C2)N3C(=O)C4=C5C(=CC=C6C5=C(C=C4)C(=O)N(C6=O)C(C)(C)C(C)(C)C7=CC(=C(C=C7)C8=C(C=C(C=C8)N9C(=O)C1=C2C(=CC=C4C2=C(C=C1)C(=O)N(C4=O)C(C)(C)C)C9=O)S)S)C3=O"
144422868,C35H36N2O4,548.267507632,"CCC1=C2C(=C(C=C1)CC)C3=C4C5=C2C(=O)NC(=O)C5=C6C(=C(C(=C(C6=C4C(=O)N(C3=O)C)CC)CC)CC)CC"
144429325,C23H24N2O4,392.17360724799994,"CCCCC(CC)CN1C(=O)C2=C3C(=CC=C4C3=C(C=C2)C(=O)N(C4=O)C)C1=O"
144437279,C17H10N2O5,322.05897142,"CN1C(=O)C2=C3C(=CC=C4C3=C(C=C2)C(=O)N(C4=O)CC=O)C1=O"
144437280,C35H31N5O5,601.232519092,"CC1(CC(CC(N1O)(C)C)N2C(=O)C3=C4C(=CC=C5C4=C(C=C3)C(=O)N(C5=O)C6=CC=C(C=C6)N=NC7=CC=CC=C7)C2=O)C"
144437283,C30H36N4O6,548.2634848719999,"CC1(CC(C(N1O)(C)C)N2C(=O)C3=C4C(=CC=C5C4=C(C=C3)C(=O)N(C5=O)C6CC(N(C6(C)C)O)(C)C)C2=O)C"
144437285,C24H25N3O5,435.17942089999997,"CC1(CC(CC(N1O)(C)C)N2C(=O)C3=C4C(=CC=C5C4=C(C=C3)C(=O)N(C5=O)C)C2=O)C"
144437287,C30H29N3O5,511.21072102799997,"CC1=CC=C(C=C1)N2C(=O)C3=C4C(=CC=C5C4=C(C=C3)C(=O)N(C5=O)C6CC(N(C(C6)(C)C)O)(C)C)C2=O"
144437288,C25H26N3O4+,432.19178273208996,"CC1(CC(CC([N+]1=C)(C)C)N2C(=O)C3=C4C(=CC=C5C4=C(C=C3)C(=O)N(C5=O)C)C2=O)C"
144460550,C21H21N2O4+,365.14958357208997,"CCCCCCN1C(=O)C2=C3C(=CC(=C4C3=C(C=C2)C(=O)[NH2+]C4=O)C)C1=O"
144460552,C62H64N4O8S3,1088.388628008,"CCCCCCCCN1C(=O)C2=C3C4=C(C=C2)C(=O)N(C(=O)C4=CC(=C3C1=O)C5=CC6=C(S5)C7=C(S6)C=C(S7)C8=C9C1=C(C=CC2=C1C(=C8)C(=O)N(C2=O)CCCCCC)C(=O)N(C9=O)CCCCCC)CCCCCC"
144460556,C18H10N2O4S,350.0361278,"C1CSC(=C1)C2=C3C4=C(C=CC5=C4C(=C2)C(=O)NC5=O)C(=O)NC3=O"
144521099,C22H22N2O4,378.157957184,"CC(C)(C)C1=C2C3=C4C(=C1)C(=O)NC(=O)C4=C(C=C3C(=O)NC2=O)C(C)(C)C"
144610990,C62H67N9O6+2,1033.52033370418,"CC1=C2C(=C(C=C1C=CC#C)NC(=O)CCCCC[N+](C)(C)CCCN3C(=O)C4=C5C(=CC=C6C5=C(C=C4)C(=O)N(C6=O)CCC[N+](C)(C)CCCCCC(=O)NC7=C8C=CC=NC8=C9C(=C7)C=CC=N9)C3=O)C=CC=N2"
144748500,C32H26N2O10S2,662.1028870320002,"CCN1C(=O)C2=C3C(=CC=C4C3=C(C=C2)C(=O)N(C4=O)C5=CC(=C(C=C5)C6=C(C=C(C=C6)C(C)(C)C)S(=O)(=O)O)S(=O)(=O)O)C1=O"
144757675,C25H12N2O6S2,500.0136781039999,"CN1C(=O)C2=CC(=C3C4=C(C=C(C(=C24)C1=O)C5=CC=C(S5)C=O)C(=O)NC3=O)C6=CC=C(S6)C=O"
144757677,C31H16N2O4S4,607.9992909919999,"CN1C(=O)C2=CC(=C3C4=C(C=C(C(=C24)C1=O)C5=CC=C(S5)C6=CC=CS6)C(=O)NC3=O)C7=CC=C(S7)C8=CC=CS8"
144780957,C54H48N6O8S3,1004.269575496,"CC(C)CN1C(=O)C2=CC(=C3C4=C(C=C(C(=C24)C1=O)C#N)C(=O)N(C3=O)CC(C)C)C5CC6C(S5)C7=C(S6)CC(S7)C8=C9C1=C(C=C(C2=C1C(=C8)C(=O)N(C2=O)CC(C)C)C#N)C(=O)N(C9=O)CC(C)C"
144999036,C20H18N2O4,350.126657056,"CC(C)C1=C2C3=C4C(=C1)C(=O)NC(=O)C4=C(C=C3C(=O)NC2=O)C(C)C"
144999050,C19H16N2O4,336.111006992,"CCC1=CC2=C3C4=C1C(=O)NC(=O)C4=CC(=C3C(=O)NC2=O)C(C)C"
145020356,C18H16N4O4,352.117154992,"CNCN1C(=O)C2=C3C(=CC=C4C3=C(C=C2)C(=O)N(C4=O)CNC)C1=O"
145020359,C80H70N8O8,1270.5316612,"CC(C)C1=C(C(=CC=C1)C(C)C)N2C(=O)C3=C4C5=C(C(=C3)C#N)C(=O)N(C(=O)C5=CC(=C4C2=O)C#N)C6=C(C=CC=C6C(C)CCC(C)C7=CC=CC(=C7N8C(=O)C9=CC(=C1C2=C(C(=CC(=C92)C8=O)C#N)C(=O)N(C1=O)C1=C(C=CC=C1C(C)C)C(C)C)C#N)C(C)C)C(C)C"
145146493,C32H26N2O10S2,662.1028870320002,"CC(C)C1=CC(=C(C=C1)C2=C(C=C(C=C2)N3C(=O)C4=C5C(=CC=C6C5=C(C=C4)C(=O)N(C6=O)C(C)C)C3=O)S(=O)(=O)O)S(=O)(=O)O"
145436834,C50H29N3O4,735.215806408,"C1=CC=C(C=C1)C2=CC3=C(C=C2)N(C4=C3C=C(C=C4)C5=CC=CC=C5)C6=C7C8=C(C=CC9=C8C(=C6)C(=O)N(C9=O)C1=CC=CC=C1)C(=O)N(C7=O)C1=CC=CC=C1"
145436836,C62H52N4O4,916.398856144,"C1CCC(CC1)N2C(=O)C3=CC(=C4C5=C(C=C(C(=C35)C2=O)C6=CC=C(C=C6)N(C7=CC=CC=C7)C8=CC=CC=C8)C(=O)N(C4=O)C9CCCCC9)C1=CC=C(C=C1)N(C1=CC=CC=C1)C1=CC=CC=C1"
145436842,C64H51N5O4,953.394105112,"CCCCN1C(=O)C2=C3C(=CC(=C4C3=C(C=C2)C(=O)N(C4=O)CCCC)C5=CC=C(C=C5)N6C7=C(C=C(C=C7)N(C8=CC=CC=C8)C9=CC=CC=C9)C2=C6C=CC(=C2)N(C2=CC=CC=C2)C2=CC=CC=C2)C1=O"
145436845,C70H56N4O4,1016.430156272,"CC(C)(C)C1=CC=C(C=C1)N2C(=O)C3=CC(=C4C5=C(C=C(C(=C35)C2=O)C6=CC=C(C=C6)N(C7=CC=CC=C7)C8=CC=CC=C8)C(=O)N(C4=O)C9=CC=C(C=C9)C(C)(C)C)C1=CC=C(C=C1)N(C1=CC=CC=C1)C1=CC=CC=C1"
145436849,C68H52N4O4,988.398856144,"CC1=CC(=C(C(=C1)C)N2C(=O)C3=CC(=C4C5=C(C=C(C(=C35)C2=O)C6=CC=C(C=C6)N(C7=CC=CC=C7)C8=CC=CC=C8)C(=O)N(C4=O)C9=C(C=C(C=C9C)C)C)C1=CC=C(C=C1)N(C1=CC=CC=C1)C1=CC=CC=C1)C"
145436857,C66H60N4O4,972.4614564,"CCCCCCCCN1C(=O)C2=CC(=C3C4=C(C=C(C(=C24)C1=O)C5=CC=C(C=C5)N6C7=CC=CC=C7C8=CC=CC=C86)C(=O)N(C3=O)CCCCCCCC)C9=CC=C(C=C9)N1C2=CC=CC=C2C2=CC=CC=C21"
145436859,C68H43N5O4,993.3315048559999,"C1=CC=C(C=C1)N2C(=O)C3=C4C(=CC(=C5C4=C(C=C3)C(=O)N(C5=O)C6=CC=CC=C6)C7=CC=C(C=C7)N8C9=C(C=C(C=C9)N(C1=CC=CC=C1)C1=CC=CC=C1)C1=C8C=CC(=C1)N(C1=CC=CC=C1)C1=CC=CC=C1)C2=O"
145436878,C54H32N4O6,832.232184744,"CN1C(=O)C2=CC(=C3C4=C(C=C(C(=C24)C1=O)C5=CC=C(C=C5)N6C7=CC=CC=C7C(=O)C8=CC=CC=C86)C(=O)N(C3=O)C)C9=CC=C(C=C9)N1C2=CC=CC=C2C(=O)C2=CC=CC=C21"
145436879,C86H68N4O4,1220.524056656,"C1CCC(CC1)N2C(=O)C3=CC(=C4C5=C(C=C(C(=C35)C2=O)C6=CC=C(C=C6)N(C7=CC=C(C=C7)C8=CC=CC=C8)C9=CC=C(C=C9)C1=CC=CC=C1)C(=O)N(C4=O)C1CCCCC1)C1=CC=C(C=C1)N(C1=CC=C(C=C1)C1=CC=CC=C1)C1=CC=C(C=C1)C1=CC=CC=C1"
145436885,C62H52N4O4,916.398856144,"C1CCC(CC1)N2C(=O)C3=CC(=C4C5=C(C=C(C(=C35)C2=O)C6=CC(=CC=C6)N(C7=CC=CC=C7)C8=CC=CC=C8)C(=O)N(C4=O)C9CCCCC9)C1=CC(=CC=C1)N(C1=CC=CC=C1)C1=CC=CC=C1"
145436887,C70H40N4O4,1000.30495576,"C1=CC=C(C=C1)N2C(=O)C3=CC(=C4C5=C(C=C(C(=C35)C2=O)C6=CC=C(C7=CC=CC=C76)N8C9=CC=CC=C9C1=CC=CC=C18)C(=O)N(C4=O)C1=CC=CC=C1)C1=CC=C(C2=CC=CC=C21)N1C2=CC=CC=C2C2=CC=CC=C21"
145436894,C60H40N4O4,880.30495576,"CN1C(=O)C2=CC(=C3C4=C(C=C(C(=C24)C1=O)C5=CC=C(C6=CC=CC=C65)N(C7=CC=CC=C7)C8=CC=CC=C8)C(=O)N(C3=O)C)C9=CC=C(C1=CC=CC=C19)N(C1=CC=CC=C1)C1=CC=CC=C1"
145436897,C52H36N4O4,780.273655632,"CN1C(=O)C2=CC(=C3C4=C(C=C(C(=C24)C1=O)C5=CC=C(C=C5)N(C6=CC=CC=C6)C7=CC=CC=C7)C(=O)N(C3=O)C)C8=CC=C(C=C8)N(C9=CC=CC=C9)C1=CC=CC=C1"
145436900,C64H36N4O6,956.2634848719999,"C1=CC=C(C=C1)N2C(=O)C3=CC(=C4C5=C(C=C(C(=C35)C2=O)C6=CC=C(C=C6)N7C8=CC=CC=C8C(=O)C9=CC=CC=C97)C(=O)N(C4=O)C1=CC=CC=C1)C1=CC=C(C=C1)N1C2=CC=CC=C2C(=O)C2=CC=CC=C21"
145436902,C66H60N4O6,1004.4512856399999,"CCCCCCCCN1C(=O)C2=CC(=C3C4=C(C=C(C(=C24)C1=O)C5=CC=C(C=C5)N6C7=CC=CC=C7OC8=CC=CC=C86)C(=O)N(C3=O)CCCCCCCC)C9=CC=C(C=C9)N1C2=CC=CC=C2OC2=CC=CC=C21"
145436904,C50H32N4O4,752.242355504,"C1=CC=C(C=C1)N2C(=O)C3=CC(=C4C5=C3C(=C(C=C5C(=O)N(C4=O)C6=CC=CC=C6)N(C7=CC=CC=C7)C8=CC=CC=C8)C2=O)N(C9=CC=CC=C9)C1=CC=CC=C1"
145436905,C78H72N4O4,1128.555356784,"CC(C)(C)C1=CC=C(C=C1)N(C2=CC=C(C=C2)C3=CC4=C5C6=C3C(=O)N(C(=O)C6=CC(=C5C(=O)N(C4=O)C7=CC=CC=C7)C8=CC=C(C=C8)N(C9=CC=C(C=C9)C(C)(C)C)C1=CC=C(C=C1)C(C)(C)C)C1=CC=CC=C1)C1=CC=C(C=C1)C(C)(C)C"
145436920,C66H48N4O8,1024.347214496,"COC1=CC=C(C=C1)N(C2=CC=C(C=C2)C3=CC4=C5C6=C3C(=O)N(C(=O)C6=CC(=C5C(=O)N(C4=O)C7=CC=CC=C7)C8=CC=C(C=C8)N(C9=CC=C(C=C9)OC)C1=CC=C(C=C1)OC)C1=CC=CC=C1)C1=CC=C(C=C1)OC"
145436922,C62H39N3O4,889.294056728,"C1=CC=C(C=C1)C2=CC(=CC=C2)C3=CC(=CC=C3)C4=C5C6=C(C=C(C7=C6C(=C4)C(=O)N(C7=O)C8=CC=CC=C8)C9=CC=C(C=C9)N(C1=CC=CC=C1)C1=CC=CC=C1)C(=O)N(C5=O)C1=CC=CC=C1"
145436923,C45H26N4O4,686.195405312,"C1=CC=C(C=C1)N2C(=O)C3=CC(=C4C5=C(C=C(C(=C35)C2=O)C#N)C(=O)N(C4=O)C6=CC=CC=C6)C7=CC=C(C=C7)N(C8=CC=CC=C8)C9=CC=CC=C9"
145436927,C74H64N4O4,1072.492756528,"CCCCCCCCN1C(=O)C2=CC(=C3C4=C(C=C(C(=C24)C1=O)C5=CC=C(C=C5)N6C7=C(C8=CC=CC=C8C=C7)C9=CC=CC=C96)C(=O)N(C3=O)CCCCCCCC)C1=CC=C(C=C1)N1C2=C(C3=CC=CC=C3C=C2)C2=CC=CC=C21"
145436931,C66H64N4O4,976.492756528,"CCCCCCCCN1C(=O)C2=CC(=C3C4=C(C=C(C(=C24)C1=O)C5=CC=C(C=C5)N(C6=CC=CC=C6)C7=CC=CC=C7)C(=O)N(C3=O)CCCCCCCC)C8=CC=C(C=C8)N(C9=CC=CC=C9)C1=CC=CC=C1"
145436937,C53H42N4O4,798.320605824,"CC=CC(=CC=C)N(C1=CCCC=C1)C2=CC=C(C=C2)C3=C4C5=C(C=C(C6=C5C(=C3)C(=O)N(C6=O)C)C7=CC=C(C=C7)N(C8=CC=CC=C8)C9=CC=CC=C9)C(=O)N(C4=O)C"
145436938,C66H60N4O4S2,1036.4055984000001,"CCCCCCCCN1C(=O)C2=CC(=C3C4=C(C=C(C(=C24)C1=O)C5=CC=C(C=C5)N6C7=CC=CC=C7SC8=CC=CC=C86)C(=O)N(C3=O)CCCCCCCC)C9=CC=C(C=C9)N1C2=CC=CC=C2SC2=CC=CC=C21"
145558412,C64H66N8O8S2,1138.4445030720003,"CCCCCCCCN1C(=O)C2=C3C4=C(C=C2)C(=O)N(C(=O)C4=CC(=C3C1=O)C5=CC=C(S5)C6=NN=C(N=N6)C7=CC=C(S7)C8=C9C1=C(C=CC2=C1C(=C8)C(=O)N(C2=O)CCCCCC)C(=O)N(C9=O)CCCCCC)CCCCCC"
145601516,C32H18N4O8,586.1124635360001,"CN1C(=O)C2=C3C(=CC(=C4C3=C(C=C2)C(=O)N(C4=O)C)C5=C6C7=C(C=CC8=C7C(=C5)C(=O)N(C8=O)C)C(=O)N(C6=O)C)C1=O"
145603063,C33H28N2O4,516.2049073759999,"CCC1=CCC=CC(=C1N2C(=O)C3=C4C(=CC=C5C4=C(C=C3)C(=O)N(C5=O)C6=C(C=CC=C6CC)C)C2=O)C"
145723940,C34H50N4O10+2,674.3515966401801,"C1=CC2=C3C(=CC=C4C3=C1C(=O)N(C4=O)CCCOCCOCCOCCC[NH3+])C(=O)N(C2=O)CCCOCCOCCOCCC[NH3+]"
145723941,C29H39N4O7+,555.2813260080899,"CN(C)CCCN1C(=O)C2=C3C(=CC=C4C3=C(C=C2)C(=O)N(C4=O)CCCOCCOCCOCCC[NH3+])C1=O"
145741928,C40H26N2O8S,694.140986792,"CC1=CC(=CC=C1)OC2=CC=C(C=C2)S(=O)(=O)C3=CC=C(C=C3)OC4=CC=CC(=C4)N5C(=O)C6=C7C(=CC=C8C7=C(C=C6)C(=O)N(C8=O)C)C5=O"
145741951,C45H34N2O7S,746.2086724280001,"CC1=CC(=CC(=C1C)C)C2(C3=CC=CC=C3C4=C2C=C(C=C4)S(=O)(=O)O)C5=CC(=C(C(=C5)C)N6C(=O)C7=C8C(=CC=C9C8=C(C=C7)C(=O)N(C9=O)C)C6=O)C"
145767534,C60H42N6O12,1038.2860707840002,"C1CCC2C(C1)N3C(=O)C4=C5C(=CC=C6C5=C(C=C4)C(=O)N(C6=O)C7CCCCC7N8C(=O)C9=C1C(=CC=C4C1=C(C=C9)C(=O)N(C4=O)C1CCCCC1N1C(=O)C4=C5C(=CC=C6C5=C(C=C4)C(=O)N2C6=O)C1=O)C8=O)C3=O"
145767535,C60H42N6O12,1038.2860707840002,"C1CCC2C(C1)N3C(=O)C4=C5C(=CC=C6C5=C(C=C4)C(=O)N(C6=O)C7CCCCC7N8C(=O)C9=C1C(=CC=C4C1=C(C=C9)C(=O)N(C4=O)C1CCCCC1N1C(=O)C4=C5C(=CC=C6C5=C(C=C4)C(=O)N2C6=O)C1=O)C8=O)C3=O"
145770548,C76H36N2O4S4,1168.1557916320003,"CC1=CC=C(S1)C2=CC3=C4C5=C2C(=O)N(C(=O)C5=CC(=C4C(=O)N(C3=O)CC(C)C)C6=CC=C(S6)C7=CC8=C(S7)C=CC9=C8C=CC1=C9C=CC2=C1C=CC1=C2C=C(S1)C)CC(C#CC#CC#CC#CC#CC#C)C#CC#CC#CC#CC#CC#C"
145770550,C108H150N4O4S4,1695.0539932799998,"CCCCCCCCCCCCC(CCCCCCCCCC)CN1C(=O)C2=CC(=C3C4=C(C=C(C(=C24)C1=O)C5=CC=C(S5)C)C(=O)N(C3=O)CC(CCCCCCCCCC)CCCCCCCCCCCC)C6=CC=C(S6)C7=NC8=C(S7)C9=C(C=C8)C1=C(C=C9CCCCCCCC)C2=C(C(=C1)CCCCCCCC)C1=C(C=C2)N=C(S1)C"
145770646,C92H120N2O4S3,1412.84102332,"CCCCCCCCCCCCC(CCCCCCCCCC)CN1C(=O)C2=CC(=C3C4=C(C=C(C(=C24)C1=O)C5=CC=C(S5)C)C(=O)N(C3=O)CC(CCCCCCCCCC)CCCCCCCCCCCC)C6=CC=C(S6)C7=CC8=C(C=C7)C9=C(C=C8)C1=C(S9)C2=C(C=C1)C=C(C=C2)C"
146183994,C28H20N4O8S2,604.0722556,"CCOC(=O)C1=C(N=C(S1)N2C(=O)C3=C4C(=CC=C5C4=C(C=C3)C(=O)N(C5=O)C6=NC(=C(S6)C(=O)OCC)C)C2=O)C"
146183996,C40H20N4O4S2,684.09259712,"C1=CC=C2C(=C1)C=CC=C2C3=CSC(=N3)N4C(=O)C5=C6C(=CC=C7C6=C(C=C5)C(=O)N(C7=O)C8=NC(=CS8)C9=CC=CC1=CC=CC=C19)C4=O"
146183998,C38H24N4O8S2,728.103555728,"CCOC(=O)C1=C(N=C(S1)N2C(=O)C3=C4C(=CC=C5C4=C(C=C3)C(=O)N(C5=O)C6=NC(=C(S6)C(=O)OCC)C7=CC=CC=C7)C2=O)C8=CC=CC=C8"
146184001,C40H28N4O8S2,756.1348558560002,"C1=CC=C(C=C1)CCOC(=O)CC2=CSC(=N2)N3C(=O)C4=C5C(=CC=C6C5=C(C=C4)C(=O)N(C6=O)C7=NC(=CS7)CC(=O)OCCC8=CC=CC=C8)C3=O"
146184002,C28H12N4O6,500.07568410399995,"C1=CC=C2C(=C1)N=C(O2)N3C(=O)C4=C5C(=CC=C6C5=C(C=C4)C(=O)N(C6=O)C7=NC8=CC=CC=C8O7)C3=O"
146184003,C40H44N4O8S2,772.2600563680002,"CCCCCCCCOC(=O)CC1=CSC(=N1)N2C(=O)C3=C4C(=CC=C5C4=C(C=C3)C(=O)N(C5=O)C6=NC(=CS6)CC(=O)OCCCCCCCC)C2=O"
146184004,C34H20N4O4S2,612.09259712,"CC1=CC=C(C=C1)C2=CSC(=N2)N3C(=O)C4=C5C(=CC=C6C5=C(C=C4)C(=O)N(C6=O)C7=NC(=CS7)C8=CC=C(C=C8)C)C3=O"
146184007,C24H12N4O8S2,548.009655344,"COC(=O)C1=CN=C(S1)N2C(=O)C3=C4C(=CC=C5C4=C(C=C3)C(=O)N(C5=O)C6=NC=C(S6)C(=O)OC)C2=O"
146184008,C34H32N4O10S2,720.1559852240001,"CCOCC(C)OC(=O)CC1=CSC(=N1)N2C(=O)C3=C4C(=CC=C5C4=C(C=C3)C(=O)N(C5=O)C6=NC(=CS6)CC(=O)OC(C)COCC)C2=O"
146184010,C28H20N4O8S2,604.0722556000001,"CCOC(=O)CC1=CSC(=N1)N2C(=O)C3=C4C(=CC=C5C4=C(C=C3)C(=O)N(C5=O)C6=NC(=CS6)CC(=O)OCC)C2=O"
146184012,C22H12N4O4S2,460.029996864,"CC1=CN=C(S1)N2C(=O)C3=C4C(=CC=C5C4=C(C=C3)C(=O)N(C5=O)C6=NC=C(S6)C)C2=O"
146184013,C22H12N4O4S2,460.029996864,"CC1=CSC(=N1)N2C(=O)C3=C4C(=CC=C5C4=C(C=C3)C(=O)N(C5=O)C6=NC(=CS6)C)C2=O"
146184015,C40H46N4O7S2,758.2807918120001,"CCCCCCCCOCCC1=CSC(=N1)N2C(=O)C3=C4C(=CC=C5C4=C(C=C3)C(=O)N(C5=O)C6=NC(=CS6)CC(=O)OCCCCCCCC)C2=O"
146184028,C34H26N2O8,590.168915792,"CCOC(=O)CC1=CC=C(C=C1)N2C(=O)C3=C4C(=CC=C5C4=C(C=C3)C(=O)N(C5=O)C6=CC=C(C=C6)CC(=O)OCC)C2=O"
146187038,C34H20N4O8S2,676.0722556000001,"CCOC(=O)C1=CC2=C(C=C1)N=C(S2)N3C(=O)C4=C5C(=CC=C6C5=C(C=C4)C(=O)N(C6=O)C7=NC8=C(S7)C=C(C=C8)C(=O)OCC)C3=O"
146187039,C24H12N4O8,484.06551334399995,"CC(=O)C1=CN=C(O1)N2C(=O)C3=C4C(=CC=C5C4=C(C=C3)C(=O)N(C5=O)C6=NC=C(O6)C(=O)C)C2=O"
146187040,C30H16N4O6S2,592.0511262320001,"COC1=CC2=C(C=C1)N=C(S2)N3C(=O)C4=C5C(=CC=C6C5=C(C=C4)C(=O)N(C6=O)C7=NC8=C(S7)C=C(C=C8)OC)C3=O"
146187041,C20H8N4O6,400.044383976,"C1=CC2=C3C(=CC=C4C3=C1C(=O)N(C4=O)C5=NC=CO5)C(=O)N(C2=O)C6=NC=CO6"
146187042,C34H32N4O8S2,688.166155984,"CC(C)CCOC(=O)CC1=CSC(=N1)N2C(=O)C3=C4C(=CC=C5C4=C(C=C3)C(=O)N(C5=O)C6=NC(=CS6)CC(=O)OCCC(C)C)C2=O"
146187044,C32H20N4O4S2,588.09259712,"CC1=CC2=C(C=C1C)SC(=N2)N3C(=O)C4=C5C(=CC=C6C5=C(C=C4)C(=O)N(C6=O)C7=NC8=C(S7)C=C(C(=C8)C)C)C3=O"
146187634,C36H20N4O4,572.14845512,"C1=CC(=CC=C1C2=CC=NC=C2)N3C(=O)C4=C5C(=CC=C6C5=C(C=C4)C(=O)N(C6=O)C7=CC=C(C=C7)C8=CC=NC=C8)C3=O"
146221451,C117H71N9O12,1793.5222187119994,"CC(C)(C1=CC(=C(C=C1)OC(=O)C=C)N2C(C3=CC4=C(C=C3C2=O)C(=O)N(C4=O)C5=C(C=C(C=C5N6C7=CC=CC=C7C8=CC=CC=C86)N9C1=CC=CC=C1C1=CC=CC=C19)N1C2=CC=CC=C2C2=CC=CC=C21)O)C1=CC(=C(C=C1)OC(=O)C=C)N1C(=O)C2=C3C(=CC=C4C3=C(C=C2)C(=O)N(C4=O)C2=CC(=CC(=C2)N2C3=CC=CC=C3C3=CC=CC=C32)N2C3=CC=CC=C3C3=CC=CC=C32)C1=O"
146221497,C105H62N10O10,1622.4650381839997,"CC(C)(C1=CC(=C(C=C1)O)N2C(=O)C3=C4C(=CC=C5C4=C(C=C3)C(=O)N(C5=O)C6=CC(=CC(=C6)N7C8=CC=CC=C8C9=CC=CC=C97)N1C3=CC=CC=C3C3=CC=CC=C31)C2=O)C1=CC(=C(C=C1)O)N1C(=O)C2=C3C(=CC=C4C3=C(C=C2)C(=O)N(C4=O)C2=CC(=CC(=C2)N2C3=CC=CC=C3N=C2C2=CC=CC=C2)N2C3=CC=CC=C3N=C2C2=CC=CC=C2)C1=O"
146221498,C103H60N8O10,1568.44324012,"CC(C)(C1=CC(=C(C=C1)O)N2C(=O)C3=C4C(=CC=C5C4=C(C=C3)C(=O)N(C5=O)C6=CC(=CC(=C6)N7C8=CC=CC=C8C9=CC=CC=C97)N1C3=CC=CC=C3C3=CC=CC=C31)C2=O)C1=CC(=C(C=C1)O)N1C(=O)C2=C3C(=CC=C4C3=C(C=C2)C(=O)N(C4=O)C2=CC(=CC(=C2)N2C3=CC=CC=C3C3=CC=CC=C32)N2C3=CC=CC=C3C3=CC=CC=C32)C1=O"
146221503,C105H62N8O12,1626.4487194239996,"CC(C)(C1=CC(=C(C=C1)OC(=O)C=C)N2C(=O)C3=C4C(=CC=C5C4=C(C=C3)C(=O)N(C5=O)C6=CC(=CC(=C6)N7C8=CC=CC=C8C9=CC=CC=C97)N1C=CC3=CC=CC=C31)C2=O)C1=CC(=C(C=C1)OC(=O)C=C)N1C(=O)C2=C3C(=CC=C4C3=C(C=C2)C(=O)N(C4=O)C2=CC(=CC(=C2)N2C3=CC=CC=C3C3=CC=CC=C32)N2C3=CC=CC=C3C3=CC=CC=C32)C1=O"
146221504,C112H67N9O12,1729.4909185839997,"CC(C)(C1=CC(=C(C=C1)OC(=O)C=C)N2C(=O)C3=C4C(=CC=C5C4=C(C=C3)C(=O)N(C5=O)C6=CC(=CC(=C6)N7C8=CC=CC=C8C9=CC=CC=C97)N1C3=CC=CC=C3C3=CC=CC=C31)C2=O)C1=CC(=C(C=C1)OC(=O)C=C)N1C(=O)C2=C3C(=CC=C4C3=C(C=C2)C(=O)N(C4=O)C2=CC(=CC(=C2)N2C3=CC=CC=C3N=C2C2=CC=CC=C2)N2C3=CC=CC=C3C=C2C2=CC=CC=C2)C1=O"
146221505,C114H69N11O12,1783.5127166479997,"CC(C)(C1=CC(=C(C=C1)OC(=O)C=C)N2C(=O)C3=C4C(=CC=C5C4=C(C=C3)C(=O)N(C5=O)C6=CC(=CC(=C6)N7C8=CC=CC=C8N=C7C9=CC=CC=C9)N1C3=CC=CC=C3C=C1C1=CC=CC=C1)C2=O)C1=CC(=C(C=C1)OC(=O)C=C)N1C(=O)C2=C3C(=CC=C4C3=C(C=C2)C(=O)N(C4=O)C2=CC(=CC(=C2)N2C3=CC=CC=C3N=C2C2=CC=CC=C2)N2C3=CC=CC=C3N=C2C2=CC=CC=C2)C1=O"
146221533,C107H66N12O9,1662.5075716919996,"CC(C)(C1=CC(=C(C=C1)O)N2C(=O)C3=C4C(=CC=C5C4=C(CN(C5=O)C6=CC(=CC(=C6)N7C8=CC=CC=C8N=C7C9=CC=CC=C9)N1C4=CC=CC=C4N=C1C1=CC=CC=C1)C=C3)C2=O)C1=CC(=C(C=C1)O)N1C(=O)C2=C3C(=CC=C4C3=C(C=C2)C(=O)N(C4=O)C2=CC(=CC(=C2)N2C3=CC=CC=C3N=C2C2=CC=CC=C2)N2C3=CC=CC=C3N=C2C2=CC=CC=C2)C1=O"
146221534,C113H69N11O10,1739.5228874079994,"CC(C)(C1=CC(=C(C=C1)O)N2C(C3=CC4=C(C=C3C2=O)C(=O)N(C4=O)C5=C(C=C(C=C5N6C7=CC=CC=C7C8=CC=CC=C86)N9C1=CC=CC=C1C1=CC=CC=C19)N1C2=CC=CC=C2C2=CC=CC=C21)O)C1=CC(=C(C=C1)O)N1C(=O)C2=C3C(=CC=C4C3=C(C=C2)C(=O)N(C4=O)C2=CC(=CC(=C2)N2C3=CC=CC=C3N=C2C2=CC=CC=C2)N2C3=CC=CC=C3N=C2C2=CC=CC=C2)C1=O"
146221540,C111H65N9O10,1683.4854392799998,"CC(C)(C1=CC(=C(C=C1)O)N2C(=O)C3=C4C(=CC=C5C4=C(C=C3)C(=O)N(C5=O)C6=CC(=CC(=C6)N7C8=CC=CC=C8C9=CC=CC=C97)N1C3=CC=CC=C3C3=CC=CC=C31)C2=O)C1=CC(=C(C=C1)O)N1C(=O)C2=CC3=C(C=C2C1=O)C(=O)N(C3=O)C1=C(C=C(C=C1N1C2=CC=CC=C2C2=CC=CC=C21)N1C2=CC=CC=C2C2=CC=CC=C21)N1C2=CC=CC=C2C2=CC=CC=C21"
146230563,C82H92N4O4,1196.711857424,"CCCCCCCCN1C(=O)C2=CC(=C3C4=C(C=C(C(=C24)C1=O)C5=CC=C(C=C5)N6C7=C(C=C(C=C7)C(C)(C)C)C8=C6C=CC(=C8)C(C)(C)C)C(=O)N(C3=O)CCCCCCCC)C9=CC=C(C=C9)N1C2=C(C=C(C=C2)C(C)(C)C)C2=C1C=CC(=C2)C(C)(C)C"
146230564,C70H55N5O4,1029.42540524,"CCCCC1=CC=C(C=C1)N2C(=O)C3=C4C5=C(C=C3)C(=O)N(C(=O)C5=CC(=C4C2=O)C6=CC=C(C=C6)N7C8=C(C=C(C=C8)N(C9=CC=CC=C9)C1=CC=CC=C1)C1=C7C=CC(=C1)N(C1=CC=CC=C1)C1=CC=CC=C1)CCCC"
146230565,C68H48N4O4,984.3675560159999,"CC1(C2=CC=CC=C2N(C3=CC=CC=C31)C4=CC=C(C=C4)C5=CC6=C7C8=C5C(=O)N(C(=O)C8=CC(=C7C(=O)N(C6=O)C9=CC=CC=C9)C1=CC=C(C=C1)N1C2=CC=CC=C2C(C2=CC=CC=C21)(C)C)C1=CC=CC=C1)C"
146322571,C24H16N4O4S2,488.061296992,"CC1=C(SC(=N1)N2C(=O)C3=C4C(=CC=C5C4=C(C=C3)C(=O)N(C5=O)C6=NC(=C(S6)C)C)C2=O)C"
146322572,C40H44N4O8S2,772.2600563680002,"CCCCC(CC)COC(=O)CC1=CSC(=N1)N2C(=O)C3=C4C(=CC=C5C4=C(C=C3)C(=O)N(C5=O)C6=NC(=CS6)CC(=O)OCC(CC)CCCC)C2=O"
146322579,C35H34N4O9S2,718.1767206680001,"CCCCC(C)OC(=O)CC1=CSC(=N1)N2C(=O)C3=C4C(=CC=C5C4=C(C=C3)C(=O)N(C5=O)C6=NC(=CS6)CC(=O)OC(C)COCC)C2=O"
146323692,C29H16N4O6S2,580.051126232,"C1=CC(=CC=C1C2=CC(=C(S2)N)N3C(=O)C4=C5C(=CC=C6C5=C(C=C4)C(=O)N(C6=O)C7=C(SC=C7)N)C3=O)C(=O)O"
146324654,C21H20N2O4,364.14230711999994,"CC(C)N1C(=O)C2=C3C(=CC=C4C3=C(C=C2)C(=O)N(C4=O)C(C)(C)C)C1=O"
146336152,C25H26N2O7S,498.1460721719999,"CCOC(=O)C(CS)N1C(=O)C2=C3C(=CC=C4C3=C(C=C2)C(=O)N(C4=O)C(CC(C)C)CO)C1=O"
146336336,C28H28N2O6,488.19473661599994,"CC(C)CC(CO)N1C(=O)C2=C3C(=CC=C4C3=C(C=C2)C(=O)N(C4=O)C5=CC=C(CC5)CCO)C1=O"
146355758,C20H18N2O4,350.12665705599994,"CCC(C)CN1C(=O)C2=C3C(=CC=C4C3=C(C=C2)C(=O)N(C4=O)C)C1=O"
146355759,C21H20N2O4,364.14230711999994,"CCC(CC)N1C(=O)C2=C3C(=CC=C4C3=C(C=C2)C(=O)N(C4=O)CC)C1=O"
146355762,C36H34N2O10S2,718.1654872880002,"CCC(CC)C1=CC(=C(C=C1)C2=C(C=C(C=C2)N3C(=O)C4=C5C(=CC=C6C5=C(C=C4)C(=O)N(C6=O)C(CC)CC)C3=O)S(=O)(=O)O)S(=O)(=O)O"
146355763,C42H44N2O4,640.3301078879999,"CCC(CC)C1=CC=C(C=C1)C2(CCCCC2)C3=CC=C(C=C3)N4C(=O)C5=C6C(=CC=C7C6=C(C=C5)C(=O)N(C7=O)C(CC)CC)C4=O"
146355771,C48H42N2O8S,806.266187304,"CCC(CC)C1=CC=C(C=C1)OC2=CC=C(C=C2)S(=O)(=O)C3=CC=C(C=C3)OC4=CC=C(C=C4)N5C(=O)C6=C7C(=CC=C8C7=C(C=C6)C(=O)N(C8=O)C(CC)CC)C5=O"
146355814,C37H40N2O4,576.2988077599999,"CCC(CC)C(=CC=C(C)C(=C)C=CC(=C)N1C(=O)C2=C3C(=CC=C4C3=C(C=C2)C(=O)N(C4=O)C(CC)CC)C1=O)C=C"
146355843,C30H30N2O4,482.22055743999994,"CCC(CC)C1=CC(=CC=C1)N2C(=O)C3=C4C(=CC=C5C4=C(C=C3)C(=O)N(C5=O)C(CC)CC)C2=O"
146355845,C38H38N2O10S2,746.1967874160002,"CCC(C)(CC)C1=CC(=C(C=C1)C2=C(C=C(C=C2)N3C(=O)C4=C5C(=CC=C6C5=C(C=C4)C(=O)N(C6=O)C(C)(CC)CC)C3=O)S(=O)(=O)O)S(=O)(=O)O"
146355846,C30H30N2O4,482.22055743999994,"CCC(CC)C1=CC=C(C=C1)N2C(=O)C3=C4C(=CC=C5C4=C(C=C3)C(=O)N(C5=O)C(CC)CC)C2=O"
146355847,C48H46N2O8S,810.297487432,"CCC(CC)C1=CC=C(C=C1)OC(=CC=C(C)S(=O)(=O)C2=CC=C(C=C2)OC3=CC=C(C=C3)N4C(=O)C5=C6C(=CC=C7C6=C(C=C5)C(=O)N(C7=O)C(CC)CC)C4=O)C"
146436936,C50H40N4O10,856.2744434800001,"C1=CC=C(C=C1)CC(C(=O)O)NC(=O)C(CC2=CC=CC=C2)N3C(=O)C4=C5C(=CC=C6C5=C(C=C4)C(=O)N(C6=O)C(CC7=CC=CC=C7)C(=O)NC(CC8=CC=CC=C8)C(=O)O)C3=O"
146436937,C37H30N4O10,690.1961931600001,"C1=CC=C(C=C1)CC(C(=O)O)NCC(C=O)N2C(=O)C3=C4C(=CC=C5C4=C(C=C3)C(=O)N(C5=O)CC(=O)NC(CC6=CC=CC=C6)C(=O)O)C2=O"
146436938,C36H28N4O10,676.1805430960001,"C1=CC=C(C=C1)CC(C(=O)O)NC(=O)CN2C(=O)C3=C4C(=CC=C5C4=C(C=C3)C(=O)N(C5=O)CC(=O)NC(CC6=CC=CC=C6)C(=O)O)C2=O"
146436993,C44H46N4O8,758.3315644320002,"CCC(C)C(C(=O)NC(C)CC1=CC=CC=C1)N2C(=O)C3=C4C(=CC=C5C4=C(C=C3)C(=O)N(C5=O)C(C(C)CC)C(=O)NC(CC6=CC=CC=C6)C(=O)O)C2=O"
146436995,C45H46N4O10,802.3213936720002,"CCC(C)C(C(=O)NC(CC1=CC=CC=C1)C(=O)O)N2C(=O)C3=C4C(=CC=C5C4=C(C=C3)C(=O)N(C5=O)C(CNC(CC6=CC=CC=C6)C(=O)O)(C=O)C(C)CC)C2=O"
146437168,C37H30N4O10,690.1961931600001,"C1=CC=C(C=C1)CC(C(=O)O)NCC(C=O)N2C(=O)C3=C4C(=CC=C5C4=C(C=C3)C(=O)N(C5=O)CC(=O)NC(CC6=CC=CC=C6)C(=O)O)C2=O"
146507783,C54H30N2O12,898.1798744000002,"C1=CC(=CC=C1C2=CC(=CC(=C2)N3C(=O)C4=C5C(=CC=C6C5=C(C=C4)C(=O)N(C6=O)C7=CC(=CC(=C7)C8=CC=C(C=C8)C(=O)O)C9=CC=C(C=C9)C(=O)O)C3=O)C1=CC=C(C=C1)C(=O)O)C(=O)O"
146512810,C28H14N2O10,538.0648446479998,"C1=CC(=C(C=C1N2C(=O)C3=C4C(=CC=C5C4=C(C=C3)C(=O)N(C5=O)C6=CC(=C(C=C6)C(=O)O)O)C2=O)O)C(=O)O"
146769995,C49H52N4O8,824.378514624,"CCCCC(CC)(CCCN1C(=O)C2=C3C(=CC=C4C3=C(C=C2)C(=O)N(C4=O)C(CC)CC)C1=O)CN5C(=O)C6=C7C(=CC=C8C7=C(C=C6)C(=O)N(C8=O)C(CC)CC)C5=O"
147921628,C58H70N2O4,858.53355872,"C1CCC(CC1)CCC2=C(C(=CC=C2)CCC3CCCCC3)N4C(=O)C5=C6C(=CC=C7C6=C(C=C5)C(=O)N(C7=O)C8=C(C=CC=C8CCC9CCCCC9)CCC1CCCCC1)C4=O"
148338696,C30H22N2O10S2,634.0715869040001,"CC1=CC(=C(C=C1)C2=C(C=C(C=C2)N3C(=O)C4=C5C(=CC=C6C5=C(C=C4)C(=O)N(C6=O)C)C3=O)S(=O)(=O)OC)CS(=O)(=O)O"
148608530,C132H178N6O12S4,2167.2385591359994,"CCCCCCCCCCCCC(CCCCCCCCCC)CCN1C(=O)C2=C3C=C(SC3=C4C5=C2C(=C6C(=C5C(=O)N(C4=O)CCC(CCCCCCCCCC)CCCCCCCCCCCC)C=C(S6)C7=CC8=C9C2=C(C=CC3=C2C(=C8S7)C(=O)N(C3=O)CCCCCCCC)C(=O)N(C9=O)CCCCCCCC)C1=O)C1=CC2=C3C4=C(C=CC5=C4C(=C2S1)C(=O)N(C5=O)CCCCCCCC)C(=O)N(C3=O)CCCCCCCC"
148780492,C37H46N2O4,582.345757952,"CCCCCC1CCC(CC1)N2C(=O)C3=C4C(=CC=C5C4=C(C=C3)C(=O)N(C5=O)C6CCC7(CC6)CC7CCCC)C2=O"
153005881,C20H6N6O8S2,521.968853152,"C1=CC2=C3C(=CC=C4C3=C1C(=O)N(C4=O)C5=NC=C(S5)[N+](=O)[O-])C(=O)N(C2=O)C6=NC=C(S6)[N+](=O)[O-]"
153102735,C48H50N4O8,810.3628645600002,"CCCC(CCC)N1C(=O)C2=C3C(=CC=C4C3=C(C=C2)C(=O)N(C4=O)CCCC(C)CN5C(=O)C6=C7C(=CC=C8C7=C(C=C6)C(=O)N(C8=O)C(CCC)CCC)C5=O)C1=O"
153160510,C43H28N4O6,696.2008846159999,"CC(C)(C)C1=CC=C(C=C1)N2C(=O)C3=C4C(=CC=C5C4=C(C=C3)C(=O)N(C5=O)CCOC(=O)C6=CC=CC7=C6C8=CC=CC=C8C7=C(C#N)C#N)C2=O"
153248822,C42H38N4O9,742.2638787960001,"CCC(CC)N1C(=O)C2=C3C(=CC=C4C3=C(C=C2)C(=O)N(C4=O)CCOCCN5C(=O)C6=C7C(=CC=C8C7=C(C=C6)C(=O)N(C8=O)C(CC)CC)C5=O)C1=O"
153277181,C28H18N2O4,446.12665705599994,"CC1=CC=C(C=C1)C2=CC=C(C=C2)N3C(=O)C4=C5C(=CC=C6C5=C(C=C4)C(=O)N(C6=O)C)C3=O"
153299190,C39H42N4O8S2,758.2444063040002,"CCCCCCCCOC(=O)CC1=CSC(=N1)N2C(=O)C3=C4C(=CC=C5C4=C(C=C3)C(=O)N(C5=O)C6=NC(=CS6)CC(=O)OCCCCCCC)C2=O"
153314567,C70H56N10O8+4,1164.4260644323601,"C1=CC2=C3C(=CC=C4C3=C1C(=O)N(C4=O)CCC[N+]5=CC=C(C=C5)C6=CC=NC=C6)C(=O)N(C2=O)CCC[N+]7=CC=C(C=C7)C8=CC=[N+](C=C8)CCCN9C(=O)C1=C2C(=CC=C3C2=C(C=C1)C(=O)N(C3=O)CCC[N+]1=CC=C(C=C1)C1=CC=NC=C1)C9=O"
153314568,C42H38N6O4+4,690.2932593763601,"C[N+]1=CC=C(C=C1)C2=CC=[N+](C=C2)CCCN3C(=O)C4=C5C(=CC=C6C5=C(C=C4)C(=O)N(C6=O)CCC[N+]7=CC=C(C=C7)C8=CC=[N+](C=C8)C)C3=O"
153316332,C72H110N2O4S2,1130.790702,"CCCCCCCCCCCCC(CCCCCCCCCC)CN1C(=O)C2=CC(=C3C4=C(C=C(C(=C24)C1=O)C5=CC=C(S5)C)C(=O)N(C3=O)CC(CCCCCCCCCC)CCCCCCCCCCCC)C6=CC=C(S6)C"
153419934,C93H115N5O8S2,1493.8187076399997,"CCCCCCCCC(CCCCCCCC)N1C2=C(C=CC(=C2)C3=CC4=C5C6=C(C=CC7=C6C(=C4S3)C(=O)N(C7=O)CC(CC)CCCC)C(=O)N(C5=O)CC(CC)CCCC)C8=C1C=C(C=C8)C9=CC1=C2C3=C(C=CC4=C3C(=C1S9)C(=O)N(C4=O)CC(CC)CCCC)C(=O)N(C2=O)CC(CC)CCCC"
153419936,C153H160N8O16S4,2493.08351504,"CCCCC(CC)CN1C(=O)C2=C3C4=C(C=C2)C(=O)N(C(=O)C4=C5C(=C3C1=O)C=C(S5)C6=CC7=C(C=C6)C8=C(C79C1=C(C=CC(=C1)C1=CC2=C3C4=C(C=CC5=C4C(=C2S1)C(=O)N(C5=O)CC(CC)CCCC)C(=O)N(C3=O)CC(CC)CCCC)C1=C9C=C(C=C1)C1=CC2=C3C4=C(C=CC5=C4C(=C2S1)C(=O)N(C5=O)CC(CC)CCCC)C(=O)N(C3=O)CC(CC)CCCC)C=C(C=C8)C1=CC2=C3C4=C(C=CC5=C4C(=C2S1)C(=O)N(C5=O)CC(CC)CCCC)C(=O)N(C3=O)CC(CC)CCCC)CC(CC)CCCC"
153419937,C93H114N4O8S2,1478.8078086079997,"CCCCCCCCC1(C2=C(C=CC(=C2)C3=CC4=C5C6=C(C=CC7=C6C(=C4S3)C(=O)N(C7=O)CC(CC)CCCC)C(=O)N(C5=O)CC(CC)CCCC)C8=C1C=C(C=C8)C9=CC1=C2C3=C(C=CC4=C3C(=C1S9)C(=O)N(C4=O)CC(CC)CCCC)C(=O)N(C2=O)CC(CC)CCCC)CCCCCCCC"
153419939,C132H178N6O12S4,2167.2385591359994,"CCCCCCCCCCCCC(CCCCCCCCCC)CCN1C(=O)C2=C3C=C(SC3=C4C5=C2C(=C6C(=C5C(=O)N(C4=O)CCC(CCCCCCCCCC)CCCCCCCCCCCC)C=C(S6)C7=CC8=C9C2=C(C=CC3=C2C(=C8S7)C(=O)N(C3=O)CC(CC)CCCC)C(=O)N(C9=O)CC(CC)CCCC)C1=O)C1=CC2=C3C4=C(C=CC5=C4C(=C2S1)C(=O)N(C5=O)CC(CC)CCCC)C(=O)N(C3=O)CC(CC)CCCC"
153475984,C54H30N2O12,898.1798744000002,"C1=CC(=CC=C1C2=CC(=CC(=C2)N3C(=O)C4=C5C(=CC=C6C5=C(C=C4)C(=O)N(C6=O)C7=CC(=CC(=C7)C8=CC=C(C=C8)OC=O)C9=CC=C(C=C9)C(=O)O)C3=O)C1=CC=C(C=C1)OC=O)C(=O)O"
153490099,C38H54N2O4,602.408358208,"CCCCCCCCN1C(=O)C2=CC(=C3C4=C2C(=CC(=C4C(=O)N(C3=O)CCCCCCCC)C(C)(C)C)C1=O)C(C)(C)C"
153490100,C38H54N2O4,602.408358208,"CCCCCCCCN1C(=O)C2=CC(=C3C4=C2C(=C(C=C4C(=O)N(C3=O)CCCCCCCC)C(C)(C)C)C1=O)C(C)(C)C"
153548683,C29H20N2O4,460.14230712,"CCC1=C2C3=C(C=CC4=C3C(=C1C)C(=O)N(C4=O)C5=CC=CC=C5)C(=O)N(C2=O)C6=CC=CC=C6"
153645008,C34H30N2O5,546.21547206,"CC(C)(C)C1=CC=C(C=C1)N2C(=O)C3=C4C(=CC=C5C4=C(C=C3)C(=O)N(C5=O)C6=CC=C(C=C6)OC(C)(C)C)C2=O"
153695054,C29H12N6O4,508.09200286400005,"C1=CC(=C(C=C1N2C(=O)C3=C4C(=CC=C5C4=C(C=C3)C(=O)N(C5=O)C6=CC(=C(C=C6)C#N)N)C2=O)C#N)C#N"
153712456,C58H68N2O4S4,984.4061926560001,"CCCCCCCCCCCCC(CCCCCCCCCC)CN1C(=O)C2=CC(=C3C4=C(C=C(C(=C24)C1=O)C5=CC=C(S5)C)C(=O)NC3=O)C6=CC=C(S6)C7=CC=C(S7)C=CC8=CC=C(S8)C"
154545794,C19H16N2O4,336.11100699199994,"CC(C)(C)N1C(=O)C2=C3C(=CC=C4C3=C(C=C2)C(=O)N(C4=O)C)C1=O"
154623467,C60H42N6O12,1038.2860707840002,"C1CCC2C(C1)N3C(=O)C4=C5C(=CC=C6C5=C(C=C4)C(=O)N(C6=O)C7CCCCC7N8C(=O)C9=C1C(=CC=C4C1=C(C=C9)C(=O)N(C4=O)C1CCCCC1N1C(=O)C4=C5C(=CC=C6C5=C(C=C4)C(=O)N2C6=O)C1=O)C8=O)C3=O"
154953680,C32H34N2O4,510.25185756799993,"CC(C)C(C)(C)C1=CC=C(C=C1)N2C(=O)C3=C4C(=CC=C5C4=C(C=C3)C(=O)N(C5=O)C(C)(C)C(C)C)C2=O"
154973402,C26H30N4O5,478.22162005999996,"CCCN1C(=O)C2=C3C(=CC=C4C3=C(C=C2)C(=O)N(C4=O)CCNCCCN5CCOCC5)C1=O"
154988667,C28H34N2O4S6,654.084283568,"C1=CC2=C3C(=CC=C4C3=C1C(=O)N(C4=O)CCCSCCSCCS)C(=O)N(C2=O)CCCSCCSCCS"
154988724,C36H50N2O6S8,862.1434553200002,"C1=CC2=C3C(=CC=C4C3=C1C(=O)N(C4=O)CCCSCCSCCOCCSCCS)C(=O)N(C2=O)CCCSCCSCCOCCSCCS"
154991209,C34H30N2O4,530.22055744,"CCC1=C(C(=CC=C1)CC)N2C(=O)C3=C4C(=CC=C5C4=C(C=C3)C(=O)N(C5=O)C6=C(C=CC=C6CC)CC)C2=O"
155000501,C25H16N4O4,436.11715499199994,"CC=C(C=CN=C)N1C(=O)C2=C3C(=CC=C4C3=C(C=C2)C(=O)N(C4=O)C5=CC=NC=C5)C1=O"
155055662,C62H88N2O4,924.6744092959999,"CC1CCCC(CCC1)N2C(=O)C3=C4C5=C(C(=C3)C6CCCC(CCC6)C7CCCC7)C(=O)N(C(=O)C5=CC(=C4C2=O)C8CCCC(CCC8)C9CCCC9)C1CCCC(CCC1)C1CCCC1"
155061130,C60H44N6O12,1040.301720848,"C1CCC2C(C1)N3C(=O)C4CC=C5C6=C(C=CC(=C46)C3=O)C(=O)N(C5=O)C7CCCCC7N8C(=O)C9=C1C(=CC=C3C1=C(C=C9)C(=O)N(C3=O)C1CCCCC1N1C(=O)C3=C4C(=CC=C5C4=C(C=C3)C(=O)N2C5=O)C1=O)C8=O"
155061131,C60H42N6O12,1038.2860707840002,"C1CCC2C(C1)N3C(=O)C4=C5C(=CC=C6C5=C(C=C4)C(=O)N(C6=O)C7CCCCC7N8C(=O)C9=C1C(=CC=C4C1=C(C=C9)C(=O)N(C4=O)C1CCCCC1N1C(=O)C4=C5C(=CC=C6C5=C(C=C4)C(=O)N2C6=O)C1=O)C8=O)C3=O"
155061132,C60H44N6O12,1040.3017208480003,"C1CCC(CC1)N2C(=O)C3=C4C(=CC=C5C4=C(C=C3)C(=O)N(C5=O)C6CCCCC6N7C(=O)C8=C9C(=CC=C1C9=C(C=C8)C(=O)N(C1=O)C1CCCCC1N1C(=O)C3=C4C(=CC=C5C4=C(C=C3)C(=O)NC5=O)C1=O)C7=O)C2=O"
155081454,C76H50N6O8,1174.3690125599999,"CC(C)N1C(=O)C2C=CC3=C4C2C(=CC=C4C(=O)N(C3=O)C5=CC=C(C=C5)C6=C7C(=C(C8=C6C9=CC=CC=C9N8C2=CC=CC=C2)C2=CC=C(C=C2)N2C(=O)C3=C4C(=CC=C5C4=C(C=C3)C(=O)N(C5=O)C(C)C)C2=O)C2=CC=CC=C2N7C2=CC=CC=C2)C1=O"
155106846,C113H68N12O12,1784.5079656159996,"CC(C)(C1=CC(=C(C=C1)OC(=O)C=C)N2C(=O)C3=C4C(=CC=C5C4=C(C=C3)C(=O)N(C5=O)C6=CC(=CC(=C6)N7C8=CC=CC=C8N=C7C9=CC=CC=C9)N1C3=CC=CC=C3N=C1C1=CC=CC=C1)C2=O)C1=CC(=C(C=C1)OC(=O)C=C)N1C(=O)C2=C3C(=CC=C4C3=C(C=C2)C(=O)N(C4=O)C2=CC(=CC(=C2)N2C3=CC=CC=C3N=C2C2=CC=CC=C2)N2C3=CC=CC=C3N=C2C2=CC=CC=C2)C1=O"
155106847,C119H71N11O12,1845.5283667119995,"CC(C)(C1=CC(=C(C=C1)OC(=O)C=C)N2C(=O)C3=C4C(=CC=C5C4=C(C=C3)C(=O)N(C5=O)C6=CC(=CC(=C6)N7C8=CC=CC=C8N=C7C9=CC=CC=C9)N1C3=CC=CC=C3N=C1C1=CC=CC=C1)C2=O)C1=CC(=C(C=C1)OC(=O)C=C)N1C(=O)C2=CC3=C(C=C2C1=O)C(=O)N(C3=O)C1=C(C=C(C=C1N1C2=CC=CC=C2C2=CC=CC=C21)N1C2=CC=CC=C2C2=CC=CC=C21)N1C2=CC=CC=C2C2=CC=CC=C21"
155106964,C111H66N10O12,1730.4861675519996,"CC(C)(C1=CC(=C(C=C1)OC(=O)C=C)N2C(=O)C3=C4C(=CC=C5C4=C(C=C3)C(=O)N(C5=O)C6=CC(=CC(=C6)N7C8=CC=CC=C8C9=CC=CC=C97)N1C3=CC=CC=C3C3=CC=CC=C31)C2=O)C1=CC(=C(C=C1)OC(=O)C=C)N1C(=O)C2=C3C(=CC=C4C3=C(C=C2)C(=O)N(C4=O)C2=CC(=CC(=C2)N2C3=CC=CC=C3N=C2C2=CC=CC=C2)N2C3=CC=CC=C3N=C2C2=CC=CC=C2)C1=O"
155106966,C107H64N12O10,1676.4868362479997,"CC(C)(C1=CC(=C(C=C1)O)N2C(=O)C3=C4C(=CC=C5C4=C(C=C3)C(=O)N(C5=O)C6=CC(=CC(=C6)N7C8=CC=CC=C8N=C7C9=CC=CC=C9)N1C3=CC=CC=C3N=C1C1=CC=CC=C1)C2=O)C1=CC(=C(C=C1)O)N1C(=O)C2=C3C(=CC=C4C3=C(C=C2)C(=O)N(C4=O)C2=CC(=CC(=C2)N2C3=CC=CC=C3N=C2C2=CC=CC=C2)N2C3=CC=CC=C3N=C2C2=CC=CC=C2)C1=O"
155106968,C113H67N11O10,1737.5072373439998,"CC(C)(C1=CC(=C(C=C1)O)N2C(=O)C3=C4C(=CC=C5C4=C(C=C3)C(=O)N(C5=O)C6=CC(=CC(=C6)N7C8=CC=CC=C8N=C7C9=CC=CC=C9)N1C3=CC=CC=C3N=C1C1=CC=CC=C1)C2=O)C1=CC(=C(C=C1)O)N1C(=O)C2=CC3=C(C=C2C1=O)C(=O)N(C3=O)C1=C(C=C(C=C1N1C2=CC=CC=C2C2=CC=CC=C21)N1C2=CC=CC=C2C2=CC=CC=C21)N1C2=CC=CC=C2C2=CC=CC=C21"
155115277,C21H18N2O5,378.121571676,"CC(C)C(=O)N1C(=O)C2=C3C(=CC=C4C3=C(C=C2)C(=O)N(C4=O)C(C)C)C1=O"
155115282,C19H14N2O5,350.090271548,"CC(C)C(=O)N1C(=O)C2=C3C(=CC=C4C3=C(C=C2)C(=O)N(C4=O)C)C1=O"
155167137,C28H38N6O4,522.2954536960001,"CN(C)CCCN1C(=O)C2=CC(=C3C4=C2C(=C(C=C4C(=O)N(C3=O)CCCN(C)C)N(C)C)C1=O)N(C)C"
155168068,C60H98N2O4,910.752659616,"CCCCCCCCCCCC(CCCCCCCCCCC)N1C(=O)C2=C3C(=CC=C4C3=C(C=C2)C(=O)N(C4=O)C(CCCCCCCCCCC)CCCCCCCCCCC)C1=O"
155173057,C25H31N4O4+,451.23398189209,"CN(C)CCCN1C(=O)C2=C3C(=CC=C4C3=C(C=C2)C(=O)N(C4=O)CCC[N+](C)(C)C)C1=O"
155467597,C46H42N6O4,742.326753824,"CC(C)C1=C(C(=CC=C1)C(C)C)N2C(=O)C3=CC(=C4C5=C(C=C(C(=C35)C2=O)C6=CN=CN=C6)C(=O)N(C4=O)C7=C(C=CC=C7C(C)C)C(C)C)C8=CN=CN=C8"
155485116,C40H34N4O8,698.237664048,"CCCCC(C)N1C(=O)C2=C3C(=CC=C4C3=C(C=C2)C(=O)N(C4=O)N5C(=O)C6=C7C(=CC=C8C7=C(C=C6)C(=O)N(C8=O)C(C)CCCC)C5=O)C1=O"
155608248,C28H18N2O4S3,542.042870056,"CC1=CC=C(C=C1)SSSC2=CC=C(C=C2)N3C(=O)C4=C5C(=CC=C6C5=C(C=C4)C(=O)N(C6=O)C)C3=O"
155702712,C25H32N4O4+2,452.24125834418,"C[NH+](C)CCCN1C(=O)C2=C3C(=CC=C4C3=C(C=C2)C(=O)N(C4=O)CCC[N+](C)(C)C)C1=O"
156159030,C38H24N2O6,604.163436488,"C1CC=C(C=C1)OC2=CC=C(C=C2)N3C(=O)C4=C5C(=CC=C6C5=C(C=C4)C(=O)N(C6=O)C7=CC=C(C=C7)OC8=CC=CC=C8)C3=O"
156233520,C26H18N4O4,450.13280505599994,"C1C(=CC=CN1)CN2C(=O)C3=C4C(=CC=C5C4=C(C=C3)C(=O)N(C5=O)CC6=CN=CC=C6)C2=O"
156233524,C23H13N3O4,395.090605896,"C1CC2=C(C=CC(=C2)N3C(=O)C4=C5C(=CC=C6C5=C(C=C4)C(=O)NC6=O)C3=O)N=C1"
156290211,C28H32N2O6,492.22603674399994,"CC(C)CC(CO)N1C(=O)C2=C3C(=CC=C4C3=C(C=C2)C(=O)N(C4=O)C5CCC(CC5)CCO)C1=O"
156324804,C71H48N6O12,1176.3330209759997,"C1CCC(C(C1)N2C(=O)C3=C4C(=CC=C5C4=C(C=C3)C6=C7C5=CC=C8C7=C(C=C6)C(=O)N(C8=O)C91CCCCC9C1)C2=O)N1C(=O)C2=C3C(=CC=C4C3=C(C=C2)C(=O)N(C4=O)C2CCCCC2N2C(=O)C3=C4C(=CC=C5C4=C(C=C3)C(=O)NC5=O)C2=O)C1=O"
156324818,C47H43N5O8,805.311163336,"C1CCC(C(C1)C2C(=O)C3=C4C(=CC=C5C4=C(C=C3)C(=O)N(C5=O)C6CCCCC6N7C(=O)C8=C9C(=CC=C1C9=C(C=C8)C(=O)N(C1=O)C1CCCCC1N)C7=O)C2=O)N"
156324821,C41H32N4O7,692.2270993640001,"C=C1C2=C3C(=CC=C4C3=C(C=C2)C(=O)N(C4=O)C5CCCCC5)C(=O)N1C6CCCCC6N7C(=O)C8=C9C(=CC=C1C9=C(C=C8)C(=O)NC1=O)C7=O"
156324825,C40H30N4O8,694.2063639200002,"C1CCC(CC1)N2C(=O)C3=C4C(=CC=C5C4=C(C=C3)C(=O)N(C5=O)C6CCCCC6N7C(=O)C8=C9C(=CC=C1C9=C(C=C8)C(=O)NC1=O)C7=O)C2=O"
156324831,C46H42N6O8,806.3064123040001,"C1CCC(C(C1)N)N2C(=O)C3=C4C(=CC=C5C4=C(C=C3)C(=O)N(C5=O)C6CCCCC6N7C(=O)C8=C9C(=CC=C1C9=C(C=C8)C(=O)N(C1=O)C1CCCCC1N)C7=O)C2=O"
156324833,C46H42N6O8,806.3064123040001,"C1CCC(C(C1)N)N2C(=O)C3=C4C(=CC=C5C4=C(C=C3)C(=O)N(C5=O)C6CCCCC6N7C(=O)C8=C9C(=CC=C1C9=C(C=C8)C(=O)N(C1=O)C1CCCCC1N)C7=O)C2=O"
156324846,C46H42N6O8,806.3064123040001,"C1CCC(C(C1)N)N2C(=O)C3=C4C(=CC=C5C4=C(C=C3)C(=O)N(C5=O)C6CCCCC6N7C(=O)C8=C9C(=CC=C1C9=C(C=C8)C(=O)N(C1=O)C1CCCCC1N)C7=O)C2=O"
156324847,C47H43N5O8,805.311163336,"C1CCC(C(C1)C2C(=O)C3=C4C(=CC=C5C4=C(C=C3)C(=O)N(C5=O)C6CCCCC6N7C(=O)C8=C9C(=CC=C1C9=C(C=C8)C(=O)N(C1=O)C1CCCCC1N)C7=O)C2=O)N"
156324848,C47H43N5O8,805.311163336,"C1CCC(C(C1)C2C(=O)C3=C4C(=CC=C5C4=C(C=C3)C(=O)N(C5=O)C6CCCCC6N7C(=O)C8=C9C(=CC=C1C9=C(C=C8)C(=O)N(C1=O)C1CCCCC1N)C7=O)C2=O)N"
156326298,C33H18N2O4,506.12665705599994,"C1C2=CC=CC=C2C3=C1C=C(C=C3)N4C(=O)C5=C6C(=CC=C7C6=C(C=C5)C(=O)N(C7=O)C8=CC=CC=C8)C4=O"
156326301,C88H124N12O7,1460.9715943079998,"CCCCCCNC1=C(C2=C3C4=C1CN(C(=O)C4=C(C(=C3C(=O)N(C2=O)N5C(=O)C6=C(C(=C7C8=C6C(=C(C(=C8C(=O)N(C7=O)C9=CC=CC=C9)NCCCCCC)NCCCCCC)C5=O)NCCCCCC)NCCCCCC)NCCCCCC)NCCCCCC)C1=CC=CC=C1)NCCCCCC"
156326302,C64H58N12O8,1122.450056816,"C1CCC2C(C1)NC3=C4C5=C6C(=C3N2)C(=O)N(C(=O)C6=C7C(=C5C(=O)N(C4=O)C8=CC=CC=C8)NC9CCCCC9N7)N1C(=O)C2=C3C(=C4C5=C2C(=C2C(=C5C(=O)N(C4=O)C4=CC=CC=C4)NC4CCCCC4N2)C1=O)NC1CCCCC1N3"
156326303,C88H104N10O8,1428.803860288,"CCCCCCNC1=C2C3=C4C(=C1C5=C6C7=C8C(=C5NCCCCCC)C(=O)N(C(=O)C8=C(C(=C7C(=O)N(C6=O)C9=CC=CC=C9)NCCCCCC)NCCCCCC)C1=CC=CC=C1)C(=O)N(C(=O)C4=C(C(=C3C(=O)N(C2=O)C1=CC=CC=C1)NCCCCCC)NCCCCCC)C1=CC=CC=C1"
156326305,C30H20N2O4,472.14230711999994,"CC(C)N1C(=O)C2=C3C(=CC=C4C3=C(C=C2)C(=O)N(C4=O)C5=CC6=C(C=C5)C7=CC=CC=C7C6)C1=O"
156326306,C37H20N2O4,556.1423071199999,"C1C2=CC=CC=C2C3=C1C=C(C=C3)N4C(=O)C5=C6C(=CC=C7C6=C(C=C5)C(=O)N(C7=O)C8=CC=CC9=CC=CC=C98)C4=O"
156326307,C64H88N10O8,1124.678659776,"CCCCCCNC1=C2C3=C4C(=C1C5=C6C7=C8C(=C5NCCCCCC)C(=O)NC(=O)C8=C(C(=C7C(=O)NC6=O)NCCCCCC)NCCCCCC)C(=O)NC(=O)C4=C(C(=C3C(=O)NC2=O)NCCCCCC)NCCCCCC"
156326308,C40H22N2O4,594.157957184,"C1C2=CC=CC=C2C3=C1C=C(C=C3)N4C(=O)C5=C6C(=CC=C7C6=C(C=C5)C(=O)N(C7=O)C8=CC9=C(C=C8)C1=CC=CC=C1C9)C4=O"
156326313,C40H30N8O8,750.2186599199999,"C1CCC2C(C1)NC3=C4C5=C(C=C(C6=C5C(=C3N2)C(=O)NC6=O)C7=CC8=C9C1=C7C(=O)NC(=O)C1=C1C(=C9C(=O)NC8=O)NC2CCCCC2N1)C(=O)NC4=O"
156326318,C64H46N8O8,1054.343860432,"C1CCC2C(C1)NC3=C4C5=C(C=C(C6=C5C(=C3N2)C(=O)N(C6=O)C7=CC=CC=C7)C8=CC9=C1C2=C8C(=O)N(C(=O)C2=C2C(=C1C(=O)N(C9=O)C1=CC=CC=C1)NC1CCCCC1N2)C1=CC=CC=C1)C(=O)N(C4=O)C1=CC=CC=C1"
156326342,C30H16N2O4,468.11100699199994,"C1=CC=C(C=C1)N2C(=O)C3=C4C(=CC=C5C4=C(C=C3)C(=O)N(C5=O)C6=CC=CC7=CC=CC=C76)C2=O"
156326348,C52H50N12O8,970.38745656,"C1CCC2C(C1)NC3=C4C5=C6C(=C3N2)C(=O)N(C(=O)C6=C7C(=C5C(=O)NC4=O)NC8CCCCC8N7)N9C(=O)C1=C2C(=C3C4=C1C(=C1C(=C4C(=O)NC3=O)NC3CCCCC3N1)C9=O)NC1CCCCC1N2"
156326349,C76H116N12O7,1308.9089940519998,"CCCCCCNC1=C(C2=C3C4=C1CNC(=O)C4=C(C(=C3C(=O)N(C2=O)N5C(=O)C6=C(C(=C7C8=C6C(=C(C(=C8C(=O)NC7=O)NCCCCCC)NCCCCCC)C5=O)NCCCCCC)NCCCCCC)NCCCCCC)NCCCCCC)NCCCCCC"
156326351,C30H30N2O4,482.22055743999994,"C1CC2CCC1CC2N3C(=O)C4=C5C(=CC=C6C5=C(C=C4)C(=O)N(C6=O)C7CC8CCC7CC8)C3=O"
156326367,C46H22N2O4,666.157957184,"C1=CC=C2C(=C1)C3=CC=CC4=CC(=CC2=C43)N5C(=O)C6=C7C(=CC=C8C7=C(C=C6)C(=O)N(C8=O)C9=CC1=C2C(=C9)C=CC=C2C2=CC=CC=C21)C5=O"
156326373,C38H22N6O4,626.170253184,"C1=CC=C(C=C1)N2C(=O)C3=C4C(=C5C6=C3C(=C7C(=C6C(=O)N(C5=O)C8=CC=CC=C8)NC9=CC=CC=C9N7)C2=O)NC1=CC=CC=C1N4"
156326374,C27H18N2O4,434.12665705599994,"CC(C)N1C(=O)C2=C3C(=CC=C4C3=C(C=C2)C(=O)N(C4=O)C5=CC=CC6=CC=CC=C65)C1=O"
156349553,C28H14N2O8S4,633.9632994080001,"C1=CC2=C3C(=CC=C4C3=C1C(=O)N(C4=O)C5=CC(=C(C(=C5)S)C(=O)O)S)C(=O)N(C2=O)C6=CC(=C(C(=C6)S)C(=O)O)S"
156355855,C26H12N8O4,500.0981508640001,"C1=CC2=C(C=C1N3C(=O)C4=C5C(=CC=C6C5=C(C=C4)C(=O)N(C6=O)C7=CC8=C(C=C7)NN=N8)C3=O)N=NN2"
156411553,C28H20N4O4,476.14845511999994,"CC(C1=CC=NC=C1)N2C(=O)C3=C4C(=CC=C5C4=C(C=C3)C(=O)N(C5=O)C(C)C6=CC=NC=C6)C2=O"
156411617,C28H20N4O4,476.14845511999994,"CC(C1=CN=CC=C1)N2C(=O)C3=C4C(=CC=C5C4=C(C=C3)C(=O)N(C5=O)C(C)C6=CN=CC=C6)C2=O"
156411618,C28H20N4O4,476.14845511999994,"CC(C1=CN=CC=C1)N2C(=O)C3=C4C(=CC=C5C4=C(C=C3)C(=O)N(C5=O)C(C)C6=CN=CC=C6)C2=O"
156411619,C28H20N4O4,476.14845511999994,"CC(C1=CC=CC=N1)N2C(=O)C3=C4C(=CC=C5C4=C(C=C3)C(=O)N(C5=O)C(C)C6=CC=CC=N6)C2=O"
156411649,C38H26N2O4,574.189257312,"CC(C1=CC2=CC=CC=C2C=C1)N3C(=O)C4=C5C(=CC=C6C5=C(C=C4)C(=O)N(C6=O)C(C)C7=CC8=CC=CC=C8C=C7)C3=O"
156411665,C38H26N2O4,574.189257312,"CC(C1=CC2=CC=CC=C2C=C1)N3C(=O)C4=C5C(=CC=C6C5=C(C=C4)C(=O)N(C6=O)C(C)C7=CC8=CC=CC=C8C=C7)C3=O"
156666234,C96H124N2O4S4,1496.844394448,"CCCCCCCCCCCCC(CCCCCCCCCCCC)CN1C(=O)C2=CC(=C3C4=C(C=C(C(=C24)C1=O)C5=CC=C(S5)C)C(=O)N(C3=O)CC(CCCCCCCCCC)CCCCCCCCCCCC)C6=CC=C(S6)C7=CC8=C(S7)C=CC9=C8C=CC1=C9C=CC2=C1C=CC1=C2C=C(S1)C"
157294171,C84H109N7O22,1567.7625681279999,"CC1=CC(=CC(=C1)OCCCCC(=O)OCCOCCOCCOCCCC(=O)CCCCCN2C(=O)C3=C4C(=CC=C5C4=C(C=C3)C(=O)N(C5=O)CCN(C)C)C2=O)OCCCCC(=O)CCOCCOCCOCCOCCNC(=O)CCCCCN6C(=O)C7=C8C(=CC=C9C8=C(C=C7)C(=O)N(C9=O)CCN(C)C)C6=O"
157492690,C65H83N3O4,969.6383581360001,"CCCCCCCCCCCCCCCCN1C2=C(C=C(C=C2C3=CC(=CC(=C31)C#CC4=C5C6=C(C=C(C7=C6C(=C4)C(=O)N(C7=O)CCCCCCCC)C)C(=O)N(C5=O)C)C(C)(C)C)C(C)(C)C)C#CC"
158203605,C30H22N2O10S2,634.0715869040001,"CC1=C(C=C(C=C1)C2=CC(=C(C=C2)N3C(=O)C4=C5C(=CC=C6C5=C(C=C4)C(=O)N(C6=O)C)C3=O)CS(=O)(=O)O)S(=O)(=O)OC"
158406506,C51H45N3O4,763.3410069199999,"CC(C)C1=C(C(=CC=C1)C(C)C)N2C(=O)C3=C4C5=C(C6=C3CC7=CC=CC=C76)C(=O)N(C(=O)C5=C8C(=C4C2=O)C9=CC=CC=C9N8)C1=C(C=CC=C1C(C)C)C(C)C"
158852358,C86H147N21O29S4,2065.9556416839982,"CN(C)CCN1C(=O)C2=C3C(=CC=C4C3=C(C=C2)C(=O)N(C4=O)CCCC(=O)NCCCCCN(CCCCNC(=S)NCCSCC5C(C(C(O5)OC6C(C(CC(C6OC7C(C(C(C(O7)CN)O)O)N)N)N)O)O)OC8C(C(C(C(O8)CN)O)O)N)CCCNC(=S)NCCSCC9C(C(C(O9)OC2C(C(CC(C2OC2C(C(C(C(O2)CN)O)O)N)N)N)O)O)OC2C(C(C(C(O2)CN)O)O)N)C1=O"
158898008,C56H40N6O12,988.2704207200001,"C1CCC2C(C1)N3C(=O)C4=C5C(=CC=C6C5=C(C=C4)C(=O)N(C6=O)C7CCCCC7N8C(=O)C9=CC1=C(C=C9C8=O)C(=O)N(C1=O)C1CCCCC1N1C(=O)C4=C5C(=CC=C6C5=C(C=C4)C(=O)N2C6=O)C1=O)C3=O"
158898009,C56H40N6O12,988.2704207200001,"C1CCC2C(C1)N3C(=O)C4=C5C(=CC=C6C5=C(C=C4)C(=O)N(C6=O)C7CCCCC7N8C(=O)C9=CC1=C(C=C9C8=O)C(=O)N(C1=O)C1CCCCC1N1C(=O)C4=C5C(=CC=C6C5=C(C=C4)C(=O)N2C6=O)C1=O)C3=O"
158898010,C56H40N6O12,988.2704207200001,"C1CCC2C(C1)N3C(=O)C4=C5C(=CC=C6C5=C(C=C4)C(=O)N(C6=O)C7CCCCC7N8C(=O)C9=CC1=C(C=C9C8=O)C(=O)N(C1=O)C1CCCCC1N1C(=O)C4=C5C(=CC=C6C5=C(C=C4)C(=O)N2C6=O)C1=O)C3=O"
158898011,C56H40N6O12,988.2704207200001,"C1CCC2C(C1)N3C(=O)C4=C5C(=CC=C6C5=C(C=C4)C(=O)N(C6=O)C7CCCCC7N8C(=O)C9=CC1=C(C=C9C8=O)C(=O)N(C1=O)C1CCCCC1N1C(=O)C4=C5C(=CC=C6C5=C(C=C4)C(=O)N2C6=O)C1=O)C3=O"
159014833,C62H39N5O4,917.300204728,"C1=CC=C(C=C1)N2C(=O)C3=C4C(=CC(=C5C4=C(C=C3)C(=O)N(C5=O)C6=CC=CC=C6)N7C8=C(C=C(C=C8)N(C9=CC=CC=C9)C1=CC=CC=C1)C1=C7C=CC(=C1)N(C1=CC=CC=C1)C1=CC=CC=C1)C2=O"
160051672,C88H116N8O23,1652.8153319719995,"CCNC(=O)C1=CC(=CC(=C1)OCCCCC(=O)CCOCCOCCOCCOCCNC(=O)CCCCCN2C(=O)C3=C4C(=CC=C5C4=C(C=C3)C(=O)N(C5=O)CCN(C)C)C2=O)OCCCCC(=O)CCOCCOCCOCCOCCCC(=O)CCCCCN6C(=O)C7=C8C(=CC=C9C8=C(C=C7)C(=O)N(C9=O)CCN(C)C)C6=O"
160076093,C32H20N4O8,588.1281136,"CN1C(=O)C2=C3C(=CC=C4C3=C(C=C2)C(=O)N(C4=O)C)C1=O.CN1C(=O)C2=C3C(=CC=C4C3=C(C=C2)C(=O)N(C4=O)C)C1=O"
160086787,C17H12N2O5,324.074621484,"CN1C(=O)C2=C3C(=CC=C4C3=C(C=C2)C(=O)N(C4=O)CCO)C1=O"
160540469,C53H43N5O4,813.3315048559999,"CC(C)C1=C(C(=CC=C1)C(C)C)N2C(=O)C3=C4C5=C(C6=C3CC7=C6C=C(C=C7)[N+]#[C-])C(=O)N(C(=O)C5=C8C(=C4C2=O)C9=C(N8)C=CC(=C9)C#N)C1=C(C=CC=C1C(C)C)C(C)C"
160658138,C38H54N2O4,602.4083582080001,"CCCCCCCCCCCCC(CCCCCCCCCC)CN1C(=O)C2=C3C(=CC=C4C3=C(C=C2)C(=O)NC4=O)C1=O"
160765942,C36H28N4O8,644.190713856,"CCN1C(=O)C2=C3C(=CC=C4C3=C(C=C2)C(=O)N(C4=O)CC)C1=O.CCN1C(=O)C2=C3C(=CC=C4C3=C(C=C2)C(=O)N(C4=O)CC)C1=O"
161006689,C78H86N10O15,1402.6274120519997,"CCCCN1C(=O)C2=C3C(=CC=C4C3=C(C=C2)C(=O)N(C4=O)CCCCC(CC(=O)C(CCCCN)NC(=O)NC(=O)C(CCCCN5C(=O)C6=C7C(=CC=C8C7=C(C=C6)C(=O)N(C8=O)CCCC)C5=O)CC(=O)C(CCCCN)NC(=O)OCC9C2=CC=CC=C2C2=CC=CC=C92)C(=O)N)C1=O"
161558490,C64H70N6O20,1242.4644886399997,"CC(C)C(CC(=O)C(CC(=O)O)NC(=O)C(CC1=CC=CC=C1)CC(=O)C(C)NC(=O)CN2C(=O)C3=C4C(=CC=C5C4=C(C=C3)C(=O)N(C5=O)CC(=O)CC(C)C(=O)NC(CC6=CC=CC=C6)C(=O)CC(CC(=O)O)C(=O)NC(C(C)C)C(=O)O)C2=O)C(=O)O"
162020475,C20H16N2O6,380.1008362319999,"CC(C)N1C(=O)C2=C3C(=CC=C4C3=C(C=C2)C(=O)N(C4=O)C(C)OC=O)C1=O"
162020476,C20H16N2O6,380.1008362319999,"CC(C)N1C(=O)C2=C3C(=CC=C4C3=C(C=C2)C(=O)N(C4=O)C(C)OC=O)C1=O"
162136041,C56H64N8O6,944.4948817679999,"C1CN(CCN1CCCNC(=O)C2=C(C=CC2)C3=CC=CC3)CCCN4C(=O)C5=C6C(=CC=C7C6=C(C=C5)C(=O)N(C7=O)CCCN8CCN(CC8)CCCNC(=O)C9=C(C=CC9)C1=CCC=C1)C4=O"
162145792,C222H120N24O12,3312.9517552800016,"C1=CC=C(C=C1)N2C3=C(C=C(C=C3)C4=CC5=C6C7=C4C(=O)N(C(=O)C7=CC(=C6C(=O)N(C5=O)C8=C9C=CC=NC9=C1C(=C8)C=CC=N1)C1=CC3=C(C=C1)N(C1=CC=CC=C13)C1=CC=CC=C1)C1=C3C=CC=NC3=C3C(=C1)C=CC=N3)C1=CC=CC=C12.C1=CC=C(C=C1)N2C3=C(C=C(C=C3)C4=CC5=C6C7=C4C(=O)N(C(=O)C7=CC(=C6C(=O)N(C5=O)C8=C9C=CC=NC9=C1C(=C8)C=CC=N1)C1=CC3=C(C=C1)N(C1=CC=CC=C13)C1=CC=CC=C1)C1=C3C=CC=NC3=C3C(=C1)C=CC=N3)C1=CC=CC=C12.C1=CC=C(C=C1)N2C3=C(C=C(C=C3)C4=CC5=C6C7=C4C(=O)N(C(=O)C7=CC(=C6C(=O)N(C5=O)C8=C9C=CC=NC9=C1C(=C8)C=CC=N1)C1=CC3=C(C=C1)N(C1=CC=CC=C13)C1=CC=CC=C1)C1=C3C=CC=NC3=C3C(=C1)C=CC=N3)C1=CC=CC=C12"
162167967,C66H66N6O12,1134.473871552,"CC(C)(C)N1C(=O)C2=C3C(=CC=C4C3=C(C=C2)C(=O)N(C4=O)C(C)(C)C)C1=O.CC(C)(C)N1C(=O)C2=C3C(=CC=C4C3=C(C=C2)C(=O)N(C4=O)C(C)(C)C)C1=O.CC(C)(C)N1C(=O)C2=C3C(=CC=C4C3=C(C=C2)C(=O)N(C4=O)C(C)(C)C)C1=O"
162445920,C46H70N2O4,714.53355872,"CCCCCCC(CCCCCC)N1C(=O)C2=CC(=C3C4=C2C(=C(C=C4C(=O)N(C3=O)C(CCCCCC)CCCCCC)C(C)C)C1=O)C(C)C"
162477254,C36H28N4O10,676.1805430960001,"C1=CC=C(C=C1)CC(C(=O)O)NC(=O)CN2C(=O)C3=C4C(=CC=C5C4=C(C=C3)C(=O)N(C5=O)CC(=O)NC(CC6=CC=CC=C6)C(=O)O)C2=O"
162691208,C25H17N3O7,471.106649884,"C1=CC=C(C=C1)CC(C(=O)O)NC(=O)CN2C(=O)C3=C4C(=CC=C5C4=C(C=C3)C(=O)NC5=O)C2=O"
162702946,C57H58N2O4,834.4396583360001,"CCCCCCCCC1(C2=C(C=CC(=C2)C)C3=C1C=C(C=C3)C4=C5C6=C(C=C(C7=C6C(=C4)C(=O)N(C7=O)C8=CC=CC=C8)C)C(=O)N(C5=O)C9=CC=CC=C9)CCCCCCCC"
162702957,C73H80N2O4,1048.61180904,"CCCCCCCCC1(C2=C(C=CC(=C2)C)C3=C1C=C(C=C3)C4=CC5=C(C=C4)C6=C(C5(CCCCCC)CCCN7C(=O)C8=C9C(=CC=C1C9=C(C=C8)C(=O)N(C1=O)C1=CC=CC=C1)C7=O)C=C(C=C6)C)CCCCCCCC"
162772945,C26H22N2O4,426.15795718399994,"CC(C)C1=CC=C(C=C1)N2C(=O)C3=C4C(=CC=C5C4=C(C=C3)C(=O)N(C5=O)C(C)C)C2=O"
162772948,C22H20N2O5,392.13722174,"CC(C)CC(=O)N1C(=O)C2=C3C(=CC=C4C3=C(C=C2)C(=O)N(C4=O)C(C)C)C1=O"
162772952,C22H22N2O4,378.15795718399994,"CC(C)CCN1C(=O)C2=C3C(=CC=C4C3=C(C=C2)C(=O)N(C4=O)C(C)C)C1=O"
162775543,C50H30N4O8S4,942.09464792,"CC1=CC=C(S1)C2=CC=C(S2)C3=CC4=C5C6=C3C(=O)N(C(=O)C6=CC(=C5C(=O)N(C4=O)C)C7=CC=C(S7)C8=CC=C(S8)C9=C1C2=C(C=C(C3=C2C(=C9)C(=O)N(C3=O)C)C)C(=O)N(C1=O)C)C"
163495863,C51H41N3O10,855.2791945120001,"C1=CC=C(C=C1)CC(CC(=O)C(CC2=CC=CC=C2)N3C(=O)C4=C5C(=CC=C6C5=C(C=C4)C(=O)N(C6=O)C(CC7=CC=CC=C7)C(=O)NC(CC8=CC=CC=C8)C(=O)O)C3=O)C(=O)O"
163609243,C30H22N2O4,474.15795718399994,"CC1=CC(=CC(=C1)N2C(=O)C3=C4C(=CC=C5C4=C(C=C3)C(=O)N(C5=O)C6=CC(=CC(=C6)C)C)C2=O)C"
163620787,C39H50N2O4,610.37705808,"CC1CCCCCCC1C2=C3C4=C(C=C(C5=C4C(=C2)C(=O)N(C5=O)C6CCCCC(CCC6)CC7CCC7)C)C(=O)N(C3=O)C"
163631325,C48H44N2O4S3,808.246320888,"CC1=CC(=CC(=C1C)C)N2C(=O)C3=CC(=C4C5=C(C=C(C(=C35)C2=O)C6=CC7=C(S6)C8=C(S7)C=C(S8)C(C)(C)C)C(=O)N(C4=O)C9=CC(=C(C(=C9)C)C)C)C(C)(C)C"
163652832,C54H68N8O4,892.5363526559997,"CCCCCCC(CCCCCC)N1C(=O)C2=C3C(=C4C5=C2C(=C6C(=C5C(=O)N(C4=O)C(CCCCCC)CCCCCC)NC(=N6)C7=CC=CC=C7N)C1=O)N=C(N3)C8=CC=CC=C8N"
163672509,C34H30N2O7S,610.1773723000001,"CC1=C(C=CC(=C1)N2C(=O)C3=C4C(=CC=C5C4=C(C=C3)C(=O)N(C5=O)C(C)C)C2=O)C6=C(C=C(C=C6)C(C)(C)C)S(=O)(=O)O"
163674089,C24H30N4O4+2,438.22560828018,"CN(C)CCC[NH+]1C(=O)C2=C3C(=CC=C4C3=C(C=C2)C(=O)[NH+](C4=O)CCCN(C)C)C1=O"
163717458,C30H21N3O7,535.1379500119999,"CCC1=CC=C(C=C1)N2C(=O)C3=C4C(=CC=C5C4=C(C=C3)C(=O)N(C5=O)C6=CC(=C(C=C6C)[N+](=O)[O-])OC)C2=O"
163786366,C44H64N8O8,832.4847110079999,"CC(C)(C)OC(=O)NCCCN1CCN(CC1)CCCN2C(=O)C3=C4C(=CC=C5C4=C(C=C3)C(=O)N(C5=O)CCCN6CCN(CC6)CCCNC(=O)OC(C)(C)C)C2=O"
163853683,C39H20N4O6,640.13828436,"C1=CC=C(C=C1)N2C(=O)C3=C4C(=CC=C5C4=C(C=C3)C(=O)N(C5=O)CCOC(=O)C6=CC=CC7=C6C8=CC=CC=C8C7=C(C#N)C#N)C2=O"
163870117,C60H46N4O10,982.3213936720001,"CC1CCCC(C1)N2C(=O)C3=C4C(=CC=C5C4=C(C=C3)C(=O)N(C5=O)C6=CC=C(C=C6)OC7=CC(=CC=C7)OC8=CC=C(C=C8)N9C(=O)C1=C3C(=CC=C4C3=C(C=C1)C(=O)N(C4=O)C1CCCC(C1)C)C9=O)C2=O"
163884019,C46H30N2O4,674.22055744,"C1C=CC=C1C2C=CC=C2C3=CC=CC=C3N4C(=O)C5=C6C(=CC=C7C6=C(C=C5)C(=O)N(C7=O)C8=CC=CC=C8C9C=CC=C9C1=CC=CC1)C4=O"
163941947,C28H20N4O10S2,636.06208484,"CC(N)N1C(=O)C2=C3C(=CC=C4C3=C(C=C2)C(=O)N(C4=O)C5=CC(=C(C=C5)C6=C(C=C(C=C6)N)S(=O)(=O)O)S(=O)(=O)O)C1=O"
163946718,C74H45N7O17S2,1367.2313349799992,"CC1=CC(=C(C=C1)OC2=CC(=C(C=C2)OC3=C(C=C(C=C3)N4C(=O)C5=C6C(=CC=C7C6=C(C=C5)C(=O)N(C7=O)C(C)(C)C(C)C8=CC(=C(C=C8)OC9=C(C=C(C=C9)N1C(=O)C2=C3C(=CC=C5C3=C(C=C2)C(=O)N(C5=O)C)C1=O)S(=O)(=O)O)S(=O)(=O)O)C4=O)C#N)C1=CC=C(C=C1)C#N)C#N"
164006227,C30H36N8O10,668.2554393519999,"C1=CC2=C3C(=CC=C4C3=C1C(=O)N(C4=O)CCOCCOCCOCCN=[N+]=[N-])C(=O)N(C2=O)CCOCCOCCOCCN=[N+]=[N-]"
164064729,C56H50N2O6,846.36688732,"CCC(C)(C)OC1=C2C3=C4C(=C1)C(=O)N(C(=O)C4=C(C=C3C(=O)N(C2=O)C5=C(C=C(C=C5)C6=CCC=C6)C7=CC=CC7)OC(C)(C)CC)C8=C(C=C(C=C8)C9=CC=CC9)C1=CC=CC1"
164091630,C55H41N3O4,807.309706792,"CN1C(=O)C2=CC(=C3C4=C(C=C(C(=C24)C1=O)C5=CC=C(C=C5)CC(CC6=CC=CC=C6)C7=CC=CC=C7)C(=O)N(C3=O)C)C8=CC=C(C=C8)N(C9=CC=CC=C9)C1=CC=CC=C1"
164097283,C118H138N16O24,2163.0069892959987,"CCCCC(CC)CN1C(=O)C2=C3C(=CC=C4C3=C(C=C2)C(=O)N(C4=O)CCOCCOCCN5C(=O)C6=C7C(=CC=C8C7=C(C=C6)C(=O)N(C8=O)CCCCCN9C=C(N=N9)CCC(=O)NCCCOC(C)(C)CCOC(C)(C)CCCNC(=O)CCC(=CN(CCCCCN2C(=O)C3=C4C(=CC=C6C4=C(C=C3)C(=O)N(C6=O)CCOCCOCCN3C(=O)C4=C6C(=CC=C7C6=C(C=C4)C(=O)N(C7=O)CC(CC)CCCC)C3=O)C2=O)N)N)C5=O)C1=O"
164125244,C31H25N3O4,503.18450628,"CC(C)N1C(=O)C2=C3C(=CC=C4C3=C(C=C2)C(=O)N(C4=O)N(CC5=CC=CC=C5)CC6=CC=CC=C6)C1=O"
164126313,C60H41N5O8,959.2955132720001,"CCC1=CC=CC(=C1N2C(=O)C3=C4C(=CC=C5C4=C(C=C3)C(=O)N(C5=O)C6=CC7=C(C=C6)N(C8=C7C=C(C=C8)N9C(=O)C1=C3C(=CC=C4C3=C(C=C1)C(=O)N(C4=O)C1=C(C=CC=C1CC)C)C9=O)CC)C2=O)C"
164127452,C45H45N3O10,787.31049464,"CCC(C)C(C(=O)CC(CC1=CC=CC=C1)C(=O)O)N2C(=O)C3=C4C(=CC=C5C4=C(C=C3)C(=O)N(C5=O)C(C(C)CC)C(=O)NC(CC6=CC=CC=C6)C(=O)O)C2=O"
164143086,C32H42N6O6,606.316583064,"C1COCCN1CCCNCCN2C(=O)C3=C4C(=CC=C5C4=C(C=C3)C(=O)N(C5=O)CCNCCCN6CCOCC6)C2=O"
164144653,C33H27N3O7,577.1849002039999,"CCCC(C)C1=CC=C(C=C1)N2C(=O)C3=C4C(=CC=C5C4=C(C=C3)C(=O)N(C5=O)C6=CC(=C(C=C6C)[N+](=O)[O-])OC)C2=O"
164145299,C42H62N8O8,806.469060944,"CC(C)(C)OC(=O)NCCCNCCNCCCN1C(=O)C2=C3C(=CC=C4C3=C(C=C2)C(=O)N(C4=O)CCCN5CCN(CC5)CCCNC(=O)OC(C)(C)C)C1=O"
164776522,C108H66N12O24,1914.431290991999,"CC(C)N1C(=O)C2=C3C(=CC=C4C3=C(C=C2)C(=O)N(C4=O)C5=C(C(=C(C(=C5N6C(=O)C7=C8C(=CC=C9C8=C(C=C7)C(=O)N(C9=O)C(C)C)C6=O)N2C(=O)C3=C4C(=CC=C5C4=C(C=C3)C(=O)N(C5=O)C(C)C)C2=O)N2C(=O)C3=C4C(=CC=C5C4=C(C=C3)C(=O)N(C5=O)C(C)C)C2=O)N2C(=O)C3=C4C(=CC=C5C4=C(C=C3)C(=O)N(C5=O)C(C)C)C2=O)N2C(=O)C3=C4C(=CC=C5C4=C(C=C3)C(=O)N(C5=O)C(C)C)C2=O)C1=O"
164776523,C96H42N12O24,1746.243490223999,"CN1C(=O)C2=C3C(=CC=C4C3=C(C=C2)C(=O)N(C4=O)C5=C(C(=C(C(=C5N6C(=O)C7=C8C(=CC=C9C8=C(C=C7)C(=O)N(C9=O)C)C6=O)N2C(=O)C3=C4C(=CC=C5C4=C(C=C3)C(=O)N(C5=O)C)C2=O)N2C(=O)C3=C4C(=CC=C5C4=C(C=C3)C(=O)N(C5=O)C)C2=O)N2C(=O)C3=C4C(=CC=C5C4=C(C=C3)C(=O)N(C5=O)C)C2=O)N2C(=O)C3=C4C(=CC=C5C4=C(C=C3)C(=O)N(C5=O)C)C2=O)C1=O"
164959327,C46H58N6O6,790.4417835759999,"C1CCN(C1)CCCC2=CC3=C4C5=C2C(=O)N(C(=O)C5=CC(=C4C(=O)N(C3=O)CCCN6CCOCC6)C7=CC=C(C=C7)CN8CCCC8)CCCN9CCOCC9"
164996957,C47H60N6O6,804.45743364,"C1CCC(C1)NCC2=CC=C(C=C2)C3=C4C5=C(C=C(C6=C5C(=C3)C(=O)N(C6=O)CCCN7CCOCC7)CCCN8CCCC8)C(=O)N(C4=O)CCCN9CCOCC9"
165001376,C47H60N6O6,804.45743364,"C1CCN(CC1)CC2=CC=C(C=C2)C3=C4C5=C(C=C(C6=C5C(=C3)C(=O)N(C6=O)CCCN7CCOCC7)CCCN8CCCC8)C(=O)N(C4=O)CCCN9CCOCC9"
165041674,C47H61N7O6,819.468332672,"CN1CCN(CC1)CC2=CC=C(C=C2)C3=C4C5=C(C=C(C6=C5C(=C3)C(=O)N(C6=O)CCCN7CCOCC7)CCCN8CCCC8)C(=O)N(C4=O)CCCN9CCOCC9"
165044719,C46H58N6O7,806.436698196,"C1CCN(C1)CCCC2=CC3=C4C5=C2C(=O)N(C(=O)C5=CC(=C4C(=O)N(C3=O)CCCN6CCOCC6)C7=CC=C(C=C7)CN8CCOCC8)CCCN9CCOCC9"
165099636,C46H58N6O6,790.4417835759999,"C1CCN(C1)CCCC2=CC3=C4C5=C2C(=O)N(C(=O)C5=CC(=C4C(=O)N(C3=O)CCCN6CCOCC6)C7=CC=CC(=C7)CN8CCCC8)CCCN9CCOCC9"
165110620,C48H62N6O6,818.473083704,"C1CCCN(CC1)CC2=CC=C(C=C2)C3=C4C5=C(C=C(C6=C5C(=C3)C(=O)N(C6=O)CCCN7CCOCC7)CCCN8CCCC8)C(=O)N(C4=O)CCCN9CCOCC9"
165111390,C46H60N6O6,792.45743364,"CCN(CC)CC1=CC=C(C=C1)C2=C3C4=C(C=C(C5=C4C(=C2)C(=O)N(C5=O)CCCN6CCOCC6)CCCN7CCCC7)C(=O)N(C3=O)CCCN8CCOCC8"
166497995,C72H110N2O4S2,1130.790702,"CCCCCCCCCCCCC(CCCCCCCCCC)CN1C(=O)C2=CC(=C3C4=C(C=C(C(=C24)C1=O)C)C(=O)N(C3=O)CC(CCCCCCCCCC)CCCCCCCCCCCC)C5=CC=C(S5)C6=CC=C(S6)C"
166663186,C27H26N2O4,442.189257312,"CC#CC1=C2C3=C(C=C(C4=C3C(=C1)C(=O)N(C4=O)CC(C)C)C)C(=O)N(C2=O)CC(C)C=C"
166663191,C20H14N2O4,346.095356928,"CC#CC1=C2C3=C(C=C(C4=C3C(=C1)C(=O)N(C4=O)C)C)C(=O)N(C2=O)C"
166663256,C20H16N2O4,348.111006992,"CC=CC1=C2C3=C(C=C(C4=C3C(=C1)C(=O)N(C4=O)C)C)C(=O)N(C2=O)C"
166663475,C64H66N4O16S2,1210.3915240319998,"CCC(C)(CC)N1C(=O)C2=C3C(=CC=C4C3=C(C=C2)C(=O)N(C4=O)C5=C(C=C(C=C5)C6=CC(=C(C=C6)C(CC)(CC)C(CC)(CC)N7C(=O)C8=C9C(=CC=C2C9=C(C=C8)C(=O)N(C2=O)CC)C7=O)OCCCS(=O)(=O)O)OCCCS(=O)(=O)O)C1=O"
166761836,C22H12N4O4S2,460.029996864,"C1=CC2=C3C(=CC=C4C3=C1C(=O)N(C4=O)C5=C(SC=C5)N)C(=O)N(C2=O)C6=C(SC=C6)N"
166809634,C26H27N3O4,445.200156344,"C1CCC(CC1)N2C(=O)C3=C4C(=CC=C5C4=C(C=C3)C(=O)N(C5=O)C6CCCCC6N)C2=O"
166809642,C53H42N6O12,954.286070784,"CN1C(=O)C2=CC3=C(C=C2C1=O)C(=O)N(C3=O)C4CCCCC4N5C(=O)C6=CC7=C(C=C6C5=O)C(=O)N(C7=O)C8CCCCC8N9C(=O)C1=C2C(=CC=C3C2=C(C=C1)C(=O)N(C3=O)C1CCCCC1)C9=O"
166809877,C54H43N5O12,953.2908218160001,"CC1CCCCC1N2C(=O)C3=C(C2=O)C=C4C(=C3)C(=O)C(C4=O)C5CCCCC5N6C(=O)C7=C8C(=CC=C9C8=C(C=C7)C(=O)N(C9=O)C1CCCCC1N1C(=O)C2=C(C1=O)C=C1C(=C2)C(=O)NC1=O)C6=O"
166810035,C26H27N3O4,445.200156344,"C1CCC(CC1)N2C(=O)C3=C4C(=CC=C5C4=C(C=C3)C(=O)N(C5=O)C6CCCCC6N)C2=O"
166810053,C57H41N5O12,987.2751717520002,"C1CCC2C(C1)C3C(=O)C4=C5C(=CC=C6C5=C(C=C4)C(=O)N(C6=O)C7CCCCC7N8C(=O)C9=C1C(=CC=C4C1=C(C=C9)C(=O)N(C4=O)C1CCCCC1N1C(=O)C4=C(C1=O)C=C1C(=C4)C(=O)N2C1=O)C8=O)C3=O"
166828378,C44H44N4O10,788.3057436080001,"CCC(C)C(C(=O)NC(CC1=CC=CC=C1)C(=O)O)N2C(=O)C3=C4C(=CC=C5C4=C(C=C3)C(=O)N(C5=O)C(C(C)CC)C(=O)NC(CC6=CC=CC=C6)C(=O)O)C2=O"
167000405,C44H42N4O8,754.300264304,"CCCCCC(CC)N1C(=O)C2=C3C(=CC=C4C3=C(C=C2)C(=O)N(C4=O)N5C(=O)C6=C7C(=CC=C8C7=C(C=C6)C(=O)N(C8=O)C(CC)CCCCC)C5=O)C1=O"
167054257,C83H116N4O4S2,1296.843800192,"CCCCCCC(CC)CN1C(=O)C2=CC(=C3C4=C(C=C(C(=C24)C1=O)C5=CC=C(S5)C6=CC7=C(C=C6)C8=C(C7(CCCCCCN(CC)CC)CCCCCCN(CC)CC)C=C(C=C8)C(C)(C)C)C(=O)N(C3=O)CC(CC)CCCCCC)C9=CC=C(S9)C(C)(C)C"
167069203,C30H38N2O4,490.28315769599993,"CCC(CC)(CCN1C(=O)C2=C3C(=CC=C4C3=C(C=C2)C(=O)N(C4=O)C(C)(C)C(C)C)C1=O)C(C)C"
167069205,C22H20N2O5,392.13722174,"CC(C)C(=O)N1C(=O)C2=C3C(=CC=C4C3=C(C=C2)C(=O)N(C4=O)C(C)(C)C)C1=O"
167069207,C29H34N2O5,490.24677218799997,"CCC(C)(C(C)C)C(=O)N1C(=O)C2=C3C(=CC=C4C3=C(C=C2)C(=O)N(C4=O)C(C)(CC)C(C)C)C1=O"
167069208,C28H34N2O4,462.25185756799993,"CCC(C)(C(C)C)N1C(=O)C2=C3C(=CC=C4C3=C(C=C2)C(=O)N(C4=O)C(C)(CC)C(C)C)C1=O"
167133760,C28H34N2O4,462.25185756799993,"CCC(C)(CC)CCN1C(=O)C2=C3C(=CC=C4C3=C(C=C2)C(=O)N(C4=O)C(C)(CC)CC)C1=O"
167138892,C29H16N6O4,512.123302992,"CNC1=C(C=CC(=C1)N2C(=O)C3=C4C(=CC=C5C4=C(C=C3)C(=O)N(C5=O)C6=CC(=C(C=C6)C#N)N)C2=O)C#N"
167270748,C40H26N6O10S2,814.1151830320001,"CC1=C(C=CC(=C1)N=NC2=CC(=CC=C2)S(=O)(=O)O)N3C(=O)C4=C5C(=CC=C6C5=C(C=C4)C(=O)N(C6=O)C7=C(C=C(C=C7)N=NC8=CC(=CC=C8)S(=O)(=O)O)C)C3=O"
167271287,C38H22N6O10S2,786.0838829040001,"C1=CC(=CC(=C1)S(=O)(=O)O)N=NC2=CC=C(C=C2)N3C(=O)C4=C5C(=CC=C6C5=C(C=C4)C(=O)N(C6=O)C7=CC=C(C=C7)N=NC8=CC(=CC=C8)S(=O)(=O)O)C3=O"
167379648,C26H22N2O6,458.14778642399995,"CC(C)CC(CO)N1C(=O)C2=C3C(=CC=C4C3=C(C=C2)C(=O)N(C4=O)C5=CC=C(C=C5)O)C1=O"
167379653,C29H20N2O5,476.1372217399999,"CCC1=CC=CC(=C1N2C(=O)C3=C4C(=CC=C5C4=C(C=C3)C(=O)N(C5=O)C6=CC(=CC=C6)O)C2=O)C"
167379657,C26H21N3O7,487.137950012,"CCC1=C(C=CC(=C1)[N+](=O)[O-])N2C(=O)C3=C4C(=CC=C5C4=C(C=C3)C(=O)N(C5=O)C(CC)CO)C2=O"
168071070,C44H58N10O14S2,1014.3575385360001,"C1CS(=O)(=O)CCN1CC2=CN(N=N2)CCOCCOCCOCCN3C(=O)C4=C5C(=CC=C6C5=C(C=C4)C(=O)N(C6=O)CCOCCOCCOCCN7C=C(N=N7)CN8CCS(=O)(=O)CC8)C3=O"
168836085,C20H18N4O4,378.13280505599994,"C1CCN(C1)CCNN2C(=O)C3=C4C(=CC=C5C4=C(C=C3)C(=O)NC5=O)C2=O"
168865710,C42H20N4O8,708.1281136,"C1=CC2=C(C=C1N)C(=O)C3=C(C2=O)C=C(C=C3)N4C(=O)C5=C6C(=CC=C7C6=C(C=C5)C(=O)N(C7=O)C8=CC9=C(C=C8)C(=O)C1=C(C9=O)C=CC(=C1)N)C4=O"
169604461,C19H16N2O5,352.105921612,"CCC(CO)N1C(=O)C2=C3C(=CC=C4C3=C(C=C2)C(=O)N(C4=O)C)C1=O"
169604506,C20H18N2O5,366.121571676,"CC(C)CC(CO)N1C(=O)C2=C3C(=CC=C4C3=C(C=C2)C(=O)NC4=O)C1=O"
169604513,C25H22N2O4,414.15795718399994,"CCC(CC1=CC=CCC1)N2C(=O)C3=C4C(=CC=C5C4=C(C=C3)C(=O)N(C5=O)C)C2=O"
169604622,C24H18N2O5,414.121571676,"COCC(CC1=CC=CC=C1)N2C(=O)C3=C4C(=CC=C5C4=C(C=C3)C(=O)NC5=O)C2=O"
169604630,C18H14N2O5,338.090271548,"CCC(CO)N1C(=O)C2=C3C(=CC=C4C3=C(C=C2)C(=O)NC4=O)C1=O"
169604969,C23H16N2O5,400.105921612,"CN1C(=O)C2=C3C(=CC=C4C3=C(C=C2)C(=O)N(C4=O)C(CO)C5=CC=CC=C5)C1=O"
169604970,C20H16N2O7,396.0957508519999,"CN1C(=O)C2=C3C(=CC=C4C3=C(C=C2)C(=O)N(C4=O)C(CC(=O)OC)CO)C1=O"
169747656,C74H112N2O4S2,1156.8063520639998,"CCCCCCCCCCCCC(CCCCCCCCCC)CN1C(=O)C2=CC(=C3C4=C(C=C(C(=C24)C1=O)C)C(=O)N(C3=O)CC(CCCCCCCCCC)CCCCCCCCCCCC)C5=CC=C(S5)C=CC6=CC=C(S6)C"
169803161,C77H114N2O4S3,1226.794073128,"CCCCCCCCCCCCC(CCCCCCCCCC)CN1C(=O)C2=C3C(=C4C=C(SC4=C5C3=C(C6=C2CC(C6)C7=CC=C(S7)C)C(=O)N(C5=O)CC(CCCCCCCCCC)CCCCCCCCCCCC)C8=CC=C(S8)C)C1=O"
169803463,C86H110N6O4S4,1418.7471399999997,"CCCCCCCCCCCCC(CCCCCCCCCC)CN1C(=O)C2=CC(=C3C4=C(C=C(C(=C24)C1=O)C5=CC=C(S5)C=C6C=CC(=C(C#N)C#N)S6)C(=O)N(C3=O)CC(CCCCCCCCCC)CCCCCCCCCCCC)C7=CC=C(S7)C=C8C=CC(=C([N+]#[C-])[N+]#[C-])S8"
169803466,C90H110N6O4S6,1530.6912819999995,"CCCCCCCCCCCCC(CCCCCCCCCC)CN1C(=O)C2=C3C=C(SC3=C4C5=C2C(=C6C(=C5C(=O)N(C4=O)CC(CCCCCCCCCC)CCCCCCCCCCCC)C=C(S6)C7=CC=C(S7)C=C8C=CC(=C([N+]#[C-])[N+]#[C-])S8)C1=O)C9=CC=C(S9)C=C1C=CC(=C(C#N)C#N)S1"
169803540,C81H92N6O4S6,1404.5504314239997,"CCCCCCCCCCCCC(C)CN1C(=O)C2=C3C=C(SC3=C4C5=C2C(=C6C(=C5C(=O)N(C4=O)CC(CCCCCCCCCC)CCCCCCCCCCCC)C=C(S6)C7=CC=C(S7)C=C8C=CC(=C([N+]#[C-])[N+]#[C-])S8)C1=O)C9=CC=C(S9)C=C1C=CC(=C(C#N)C#N)S1"
169805458,C46H30N6O4S4,858.1211374400002,"CC(C)CN1C(=O)C2=CC(=C3C4=C(C=C(C(=C24)C1=O)C5=CC=C(S5)C=C6C=CC(=C(C#N)C#N)S6)C(=O)N(C3=O)CC(C)C)C7=CC=C(S7)C=C8C=CC(=C(C#N)C#N)S8"
169805918,C50H30N6O4S6,970.06527944,"CC(C)CN1C(=O)C2=C3C=C(SC3=C4C5=C2C(=C6C(=C5C(=O)N(C4=O)CC(C)C)C=C(S6)C7=CC=C(S7)C=C8C=CC(=C(C#N)C#N)S8)C1=O)C9=CC=C(S9)C=C1C=CC(=C(C#N)C#N)S1"
169868157,C30H13N5O4,507.09675389600005,"CC1=C(C=C(C=C1)N2C(=O)C3=C4C(=CC=C5C4=C(C=C3)C(=O)N(C5=O)C6=CC(=C(C=C6)C#N)C#N)C2=O)C#N"
169873010,C19H12N2O8,396.0593653439999,"C1=CC2=C3C(=CC=C4C3=C1C(=O)N(C4=O)CCC(=O)O)C(=O)N(C2=O)CC(=O)O"
169895107,C77H94N6O10S2,1326.6472852079996,"CC(C)CCCC(C)CCN1C(=O)C2=C3C(=CC(=C4C3=C(C=C2)C(=O)N(C4=O)CCC(C)CCCC(C)C)C5=NC6=C(S5)C7=C(C68OCCO8)N=C(S7)C9=C2C3=C(C=CC4=C3C(=C9)C(=O)N(C4=O)CCC(C)CCCC(C)C)C(=O)N(C2=O)CCC(C)CCCC(C)C)C1=O"
169904380,C32H28N4O5S2,612.1501119960001,"CCC(C)C1=C2C3=C(C=C(C4=C3C(=C1)C(=O)N(C4=O)C)C5=NC6=C(S5)C7=C(C6=O)N=C(S7)C(CC)CC)C(=O)N(C2=O)C"
169915411,C77H104N4O4S2,1212.7498998079998,"CCCCCCC(CC)CN1C(=O)C2=CC(=C3C4=C(C=C(C(=C24)C1=O)C5=CC=C(S5)C)C(=O)N(C3=O)CC(CC)CCCCCC)C6=CC=C(S6)C7=CC8=C(C=C7)C9=C(C8(CCCCCCN(CC)CC)CCCCCCN(CC)CC)C=C(C=C9)C"
169959897,C74H66N4O4,1074.508406592,"CCCCCCCCN1C(=O)C2=CC(=C3C4=C(C=C(C(=C24)C1=O)C5=CC=C(C=C5)N6C7=C(C8=CC=CC=C8C=C7)C9=CC=CC=C96)C(=O)N(C3=O)CCCCCCCC)C1=CC=C(C=C1)N1C2=C(C3=C(C=CCC3)C=C2)C2=CC=CC=C21"
169979132,C36H40N4O10,688.2744434800001,"CC(C)CC(C(=O)OCCNC(=O)C=C)N1C(=O)C2=C3C(=CC=C4C3=C(C=C2)C(=O)N(C4=O)C(CC(C)C)C(=O)OCCNC(=O)C=C)C1=O"
169979278,C40H40N4O10S2,800.2185854800001,"CC(C)CC(C(=O)OCCNC(=O)C=C)N1C(=O)C2=C3C=CSC3=C4C5=C2C(=C6C(=C5C(=O)N(C4=O)C(CC(C)C)C(=O)OCCNC(=O)C=C)C=CS6)C1=O"
169979914,C38H44N4O10,716.3057436080001,"CC(C)CC(C(=O)OCCNC(=O)C(=C)C)N1C(=O)C2=C3C(=CC=C4C3=C(C=C2)C(=O)N(C4=O)C(CC(C)C)C(=O)OCCNC(=O)C(=C)C)C1=O"
169979956,C34H40N4O10,664.27444348,"CC(C)CC(C(=O)OCCNC(=O)C)N1C(=O)C2=C3C(=CC=C4C3=C(C=C2)C(=O)N(C4=O)C(CC(C)C)C(=O)OCCNC(=O)C)C1=O"
169980906,C44H50N2O16,862.3160335200002,"CC(C)CC(COC(=O)CCC(=O)OCCOC(=O)C=C)N1C(=O)C2=C3C(=CC=C4C3=C(C=C2)C(=O)N(C4=O)C(CC(C)C)COC(=O)CCC(=O)OCCOC(=O)C=C)C1=O"
170200067,C22H14N2O6S,434.057257168,"CN1C(=O)C2=C3C(=CC=C4C3=C(C=C2)C(=O)N(C4=O)C5=CC=C(C=C5)S(=O)(=O)C)C1=O"
170200069,C42H22N4O10S,774.1056639040002,"CN1C(=O)C2=C3C(=CC=C4C3=C(C=C2)C(=O)N(C4=O)C5=CC=C(C=C5)S(=O)(=O)C6=CC=C(C=C6)N7C(=O)C8=C9C(=CC=C2C9=C(C=C8)C(=O)N(C2=O)C)C7=O)C1=O"
170200072,C21H12N2O6S,420.0416071039999,"CS(=O)(=O)C1=CC=C(C=C1)N2C(=O)C3=C4C(=CC=C5C4=C(C=C3)C(=O)NC5=O)C2=O"
170200076,C40H18N4O10S,746.074363776,"C1=CC(=CC=C1N2C(=O)C3=C4C(=CC=C5C4=C(C=C3)C(=O)NC5=O)C2=O)S(=O)(=O)C6=CC=C(C=C6)N7C(=O)C8=C9C(=CC=C1C9=C(C=C8)C(=O)NC1=O)C7=O"
170243097,C31H18N4O5,526.1277196760001,"CC1=CC(=CC=C1)OC2=C3C4=C(C=CC5=C4C(=C2)C(=O)N(C5=O)C6=CC=NC=C6)C(=O)N(C3=O)C7=CC=NC=C7"
170243125,C34H16N4O4,544.117154992,"C1=CC=C(C=C1)C2=C3C4=C(C=CC5=C4C(=C2)C(=O)N(C5=O)C6=CC=C(C=C6)C#N)C(=O)N(C3=O)C7=CC=C(C=C7)C#N"
170243128,C35H15N5O5,585.10731858,"C1=CC(=CC=C1C#N)N2C(=O)C3=C4C(=CC(=C5C4=C(C=C3)C(=O)N(C5=O)C6=CC=C(C=C6)C#N)OC7=CC=C(C=C7)C#N)C2=O"
170243130,C36H14N6O5,610.102567548,"C1=CC(=CC=C1C#N)N2C(=O)C3=C4C(=CC(=C5C4=C(C=C3)C(=O)N(C5=O)C6=CC=C(C=C6)C#N)OC7=CC(=C(C=C7)C#N)C#N)C2=O"
170243131,C35H15N5O5,585.1073185799999,"C1=CC(=CC(=C1)OC2=C3C4=C(C=CC5=C4C(=C2)C(=O)N(C5=O)C6=CC=C(C=C6)C#N)C(=O)N(C3=O)C7=CC=C(C=C7)C#N)C#N"
170243206,C35H18N4O5,574.127719676,"CC1=CC(=CC=C1)OC2=C3C4=C(C=CC5=C4C(=C2)C(=O)N(C5=O)C6=CC=C(C=C6)C#N)C(=O)N(C3=O)C7=CC=C(C=C7)C#N"
170245375,C27H35N5O4,493.2689046000001,"CC1=CC2=C3C4=C1C(=O)N(C(=O)C4=CC(=C3C(=O)N(C2=O)CCCN(C)C)N(C)C)CCCN(C)C"
170245376,C22H22N2O4,378.157957184,"CC1=CC2=C3C(=C(C=C4C3=C1C(=O)N(C4=O)C(C)C)C)C(=O)N(C2=O)C(C)C"
170287555,C37H44N2O10,676.2995956079999,"CCCCC(CC)CN1C(=O)C2=C3C(=CC=C4C3=C(C=C2)C(=O)N(C4=O)C(CC(C)C)COC(=O)CCC(=O)OCCOC(=O)C=C)C1=O"
170287562,C43H52N2O12,788.352025104,"CCCCC(CC)CN1C(=O)C2=C3C(=CC=C4C3=C(C=C2)C(=O)N(C4=O)C(CC(C)C)COC(=O)CCC(=O)OC(COC(=O)C(=C)C)COC(=O)C(=C)C)C1=O"
170546249,C62H92N4O4S2,1020.6559994239998,"CCCCCCCCCCC(CCCCCCCC)CN1C(=O)C2=CC(=C3C4=C(C=C(C(=C24)C1=O)C)C(=O)N(C3=O)CC(CCCCCCCC)CCCCCCCCCC)C5=NC=C(S5)C6=CN=C(S6)C"
170546253,C24H15N3O4S3,505.0224689599999,"CC1=CC=C(S1)C2=CC=C(N2)C3=C4C5=C(C=C(C6=C5C(=C3)C(=O)N(C6=O)S)C)C(=O)N(C4=O)S"
170936051,C46H42N6O8,806.3064123040001,"C1CCC(C(C1)N)N2C(=O)C3=C4C(=CC=C5C4=C(C=C3)C(=O)N(C5=O)C6CCCCC6N7C(=O)C8=C9C(=CC=C1C9=C(C=C8)C(=O)N(C1=O)C1CCCCC1N)C7=O)C2=O"
170936054,C47H43N5O8,805.311163336,"C1CCC(C(C1)C2C(=O)C3=C4C(=CC=C5C4=C(C=C3)C(=O)N(C5=O)C6CCCCC6N7C(=O)C8=C9C(=CC=C1C9=C(C=C8)C(=O)N(C1=O)C1CCCCC1N)C7=O)C2=O)N"
170936055,C47H43N5O8,805.311163336,"C1CCC(C(C1)C2C(=O)C3=C4C(=CC=C5C4=C(C=C3)C(=O)N(C5=O)C6CCCCC6N7C(=O)C8=C9C(=CC=C1C9=C(C=C8)C(=O)N(C1=O)C1CCCCC1N)C7=O)C2=O)N"
170936056,C46H42N6O8,806.3064123040001,"C1CCC(C(C1)N)N2C(=O)C3=C4C(=CC=C5C4=C(C=C3)C(=O)N(C5=O)C6CCCCC6N7C(=O)C8=C9C(=CC=C1C9=C(C=C8)C(=O)N(C1=O)C1CCCCC1N)C7=O)C2=O"
170936058,C56H58N6O12,1006.4112712960002,"CC(C)(C)OC(=O)NC1CCCCC1N2C(=O)C3=C4C(=CC=C5C4=C(C=C3)C(=O)N(C5=O)C6CCCCC6N7C(=O)C8=C9C(=CC=C1C9=C(C=C8)C(=O)N(C1=O)C1CCCCC1NC(=O)OC(C)(C)C)C7=O)C2=O"
171468550,C22H10N2O4S2,430.0081988,"C1=CC2=C3C(=CC=C4C3=C1C(=O)N(C4=O)C5=CSC=C5)C(=O)N(C2=O)C6=CSC=C6"
171468594,C22H10N2O4S2,430.00819879999995,"C1=CSC(=C1)N2C(=O)C3=C4C(=CC=C5C4=C(C=C3)C(=O)N(C5=O)C6=CC=CS6)C2=O"
171592074,C28H12N4O4,468.08585486399994,"[C-]#[N+]C1=CC(=CC=C1)N2C(=O)C3=C4C(=CC=C5C4=C(C=C3)C(=O)N(C5=O)C6=CC=CC(=C6)C#N)C2=O"
171592181,C22H10N2O6,398.05388603999995,"C1=CC2=C3C(=CC=C4C3=C1C(=O)N(C4=O)C5=COC=C5)C(=O)N(C2=O)C6=COC=C6"
171592228,C24H14N2O6,426.08518616799995,"CC1=CC=C(O1)N2C(=O)C3=C4C(=CC=C5C4=C(C=C3)C(=O)N(C5=O)C6=CC=C(O6)C)C2=O"
171592293,C24H14N2O4S2,458.03949892799994,"CC1=CC=C(S1)N2C(=O)C3=C4C(=CC=C5C4=C(C=C3)C(=O)N(C5=O)C6=CC=C(S6)C)C2=O"
171592304,C16H4N4O4,316.023254608,"[C-]#[N+]N1C(=O)C2=C3C(=CC=C4C3=C(C=C2)C(=O)N(C4=O)C#N)C1=O"
171592307,C28H12N4O4,468.08585486399994,"[C-]#[N+]C1=CC=CC=C1N2C(=O)C3=C4C(=CC=C5C4=C(C=C3)C(=O)N(C5=O)C6=CC=CC=C6[N+]#[C-])C2=O"
171762791,C35H56N6O4+4,624.43410995236,"C[N+](C)(C)CCC[N+](C)(C)CCCN1C(=O)C2=C3C(=CC=C4C3=C(C=C2)C(=O)N(C4=O)CCC[N+](C)(C)CC[N+](C)(C)C)C1=O"
171762793,C18H10N2O8,382.0437152799999,"C1=CC2=C3C(=CC=C4C3=C1C(=O)N(C4=O)CC(=O)O)C(=O)N(C2=O)COC=O"
171762795,C36H58N6O4+4,638.4497600163601,"C[N+](C)(C)CCC[N+](C)(C)CCCN1C(=O)C2=C3C(=CC=C4C3=C(C=C2)C(=O)N(C4=O)CCC[N+](C)(C)CCC[N+](C)(C)C)C1=O"
172190341,C30H10N6O4,518.0763528,"[C-]#[N+]C1=C(C=C(C=C1)N2C(=O)C3=C4C(=CC=C5C4=C(C=C3)C(=O)N(C5=O)C6=CC(=C(C=C6)C#N)C#N)C2=O)C#N"
172215588,C62H102N2O4,938.7839597440001,"CCCCCCCCCCCCC(CCCCCCCCCC)CN1C(=O)C2=C3C(=CC=C4C3=C(C=C2)C(=O)N(C4=O)CC(CCCCCCCCCC)CCCCCCCCCCCC)C1=O"
172226211,C22H20N2O6,408.1321363599999,"CCCCN1C(=O)C2=C3C(=CC=C4C3=C(C=C2)C(=O)N(C4=O)CCCC(=O)O)C1=O"
172474707,C50H28N4O4,748.2110553759999,"C1=CC=C2C(=C1)C3=CC=CC=C3N2C4=CC=C(C=C4)N5C(=O)C6=C7C(=CC=C8C7=C(C=C6)C(=O)N(C8=O)C9=CC=C(C=C9)N1C2=CC=CC=C2C2=CC=CC=C21)C5=O"
172482003,C42H22N2O4,618.157957184,"C1=CC=C2C=C3C=C(C=CC3=CC2=C1)N4C(=O)C5=C6C(=CC=C7C6=C(C=C5)C(=O)N(C7=O)C8=CC9=CC1=CC=CC=C1C=C9C=C8)C4=O"
172482004,C38H34N2O4,582.251857568,"C1CCC(CC1)C2=CC(=CC=C2)N3C(=O)C4=C5C(=CC=C6C5=C(C=C4)C(=O)N(C6=O)C7=CC=CC(=C7)C8CCCCC8)C3=O"
172482005,C32H26N2O4,502.18925731199994,"CC(C)C1=CC=C(C=C1)N2C(=O)C3=C4C(=CC=C5C4=C(C=C3)C(=O)N(C5=O)C6=CC=C(C=C6)C(C)C)C2=O"
172482008,C42H22N2O4,618.157957184,"C1=CC=C2C=C3C(=CC2=C1)C=CC=C3N4C(=O)C5=C6C(=CC=C7C6=C(C=C5)C(=O)N(C7=O)C8=CC=CC9=CC1=CC=CC=C1C=C98)C4=O"
172482009,C38H34N2O4,582.251857568,"C1CCC(CC1)C2=CC=C(C=C2)N3C(=O)C4=C5C(=CC=C6C5=C(C=C4)C(=O)N(C6=O)C7=CC=C(C=C7)C8CCCCC8)C3=O"
172482010,C50H30N2O4,722.22055744,"C1=CC=C(C=C1)C2=CC(=C(C=C2)N3C(=O)C4=C5C(=CC=C6C5=C(C=C4)C(=O)N(C6=O)C7=C(C=C(C=C7)C8=CC=CC=C8)C9=CC=CC=C9)C3=O)C1=CC=CC=C1"
172482011,C38H34N2O4,582.251857568,"C1CCC(CC1)C2=CC=CC=C2N3C(=O)C4=C5C(=CC=C6C5=C(C=C4)C(=O)N(C6=O)C7=CC=CC=C7C8CCCCC8)C3=O"
172482012,C50H30N2O4,722.22055744,"C1=CC=C(C=C1)C2=C(C(=CC=C2)C3=CC=CC=C3)N4C(=O)C5=C6C(=CC=C7C6=C(C=C5)C(=O)N(C7=O)C8=C(C=CC=C8C9=CC=CC=C9)C1=CC=CC=C1)C4=O"
172482014,C32H26N2O4,502.18925731199994,"CC(C)C1=CC=C(C=C1)N2C(=O)C3=C4C(=CC=C5C4=C(C=C3)C(=O)N(C5=O)C6=CC=C(C=C6)C(C)C)C2=O"
172482015,C38H18N2O6,598.1164862960001,"C1=CC=C2C(=C1)C3=C(O2)C=CC(=C3)N4C(=O)C5=C6C(=CC=C7C6=C(C=C5)C(=O)N(C7=O)C8=CC9=C(C=C8)OC1=CC=CC=C19)C4=O"
172482016,C38H22N2O4,570.157957184,"C1=CC=C(C=C1)C2=CC(=CC=C2)N3C(=O)C4=C5C(=CC=C6C5=C(C=C4)C(=O)N(C6=O)C7=CC=CC(=C7)C8=CC=CC=C8)C3=O"
172482017,C36H34N2O4,558.251857568,"CCC(CC)C1=CC=C(C=C1)N2C(=O)C3=C4C(=CC=C5C4=C(C=C3)C(=O)N(C5=O)C6=CC=C(C=C6)C(CC)CC)C2=O"
172482018,C26H30N2O4,434.22055743999994,"CCC(C)(CC)N1C(=O)C2=C3C(=CC=C4C3=C(C=C2)C(=O)N(C4=O)C(C)(CC)CC)C1=O"
172482019,C46H26N2O4,670.189257312,"C1=CC=C(C=C1)C2=C(C3=CC=CC=C3C=C2)N4C(=O)C5=C6C(=CC=C7C6=C(C=C5)C(=O)N(C7=O)C8=C(C=CC9=CC=CC=C98)C1=CC=CC=C1)C4=O"
172482025,C58H46N2O4,834.345757952,"CC(C)(C)C1=CC(=C(C(=C1)C2=CC=CC=C2)N3C(=O)C4=C5C(=CC=C6C5=C(C=C4)C(=O)N(C6=O)C7=C(C=C(C=C7C8=CC=CC=C8)C(C)(C)C)C9=CC=CC=C9)C3=O)C1=CC=CC=C1"
172482026,C38H18N2O4S2,630.070799056,"C1=CC=C2C(=C1)C3=C(S2)C=CC(=C3)N4C(=O)C5=C6C(=CC=C7C6=C(C=C5)C(=O)N(C7=O)C8=CC9=C(C=C8)SC1=CC=CC=C19)C4=O"
173788681,C47H73N11O16S2,1111.4678172560002,"CC(C(CC(C(COC1C(C(C(O1)CSCCNC(=C)NCSN2C(=O)C3=C4C(=CC=C5C4=C(C=C3)C(=O)N(C5=O)CCN(C)C)C2=O)OC6C(C(C(C(O6)CN)O)O)N)O)O)N)N)OC7C(C(C(C(O7)CN)O)O)N"
173843696,C37H42N2O10S2,738.2280875440002,"CCC(CC)CC=C(C(=CC)C(=CC)C(=CC(=C)N1C(=O)C2=C3C(=CC=C4C3=C(C=C2)C(=O)N(C4=O)C(CC)CC)C1=O)S(=O)(=O)O)S(=O)(=O)O"
174192580,C71H50N6O12,1178.34867104,"CN1C(=O)C2=C3C(=CC=C4C3=C(C=C2)C(=O)N(C4=O)C5CCCCC5N6C(=O)C7=C8C(=CC=C9C8=C(C=C7)C(=O)N(C9=O)C2CCCCC2N2C(=O)C3=C4C(=CC=C5C4=C(C=C3)C3=C4C5=CC=C5C4=C(C=C3)C(=O)N(C5=O)C3CCCCC3)C2=O)C6=O)C1=O"
174192588,C41H31N3O8,693.2111149520001,"C1CCC(CC1)C2C(=O)C3=C4C(=CC=C5C4=C(C=C3)C(=O)N(C5=O)C6CCCCC6N7C(=O)C8=C9C(=CC=C1C9=C(C=C8)C(=O)NC1=O)C7=O)C2=O"
174192589,C41H31N3O8,693.2111149520001,"C1CCC(CC1)N2C(=O)C3=C4C(=CC=C5C4=C(C=C3)C(=O)N(C5=O)C6CCCCC6N7C(=O)C8=C9C(=CC=C1C9=C(C=C8)C(=O)CC1=O)C7=O)C2=O"
174192600,C46H42N6O8,806.3064123040001,"C1CCC(C(C1)N)N2C(=O)C3=C4C(=CC=C5C4=C(C=C3)C(=O)N(C5=O)C6CCCCC6N7C(=O)C8=C9C(=CC=C1C9=C(C=C8)C(=O)N(C1=O)C1CCCCC1N)C7=O)C2=O"
174192611,C84H76N6O12,1360.5521218719996,"C1CCC(CC1)N2C(=O)C3=C4C(=CC=C5C4=C(C=C3)C6=C7C5=CC=C8C7=C(C=C6)C(=O)N(C8=O)C9CCC(CC9)C1CCC(CC1)N1C(=O)C3=C4C(=CC=C5C4=C(C=C3)C(=O)N(C5=O)C3CCC(CC3)C3CCC(CC3)N3C(=O)C4=C(C3=O)C=C3C(=C4)C(=O)N(C3=O)C3CCCCC3)C1=O)C2=O"
174344987,C30H10N6O4,518.0763528,"C1=CC(=C(C=C1C#N)C#N)N2C(=O)C3=C4C(=CC=C5C4=C(C=C3)C(=O)N(C5=O)C6=C(C=C(C=C6)C#N)C#N)C2=O"
174356171,C36H42N2O12,694.2737747840001,"CC(C)CC(COOCCOC(=O)C=C)N1C(=O)C2=C3C(=CC=C4C3=C(C=C2)C(=O)N(C4=O)C(CC(C)C)COOCCOC(=O)C=C)C1=O"
175162310,C19H17N3O4,351.121906024,"CN(C)CCCN1C(=O)C2=C3C(=CC=C4C3=C(C=C2)C(=O)NC4=O)C1=O"
175178426,C34H46N2O4,546.3457579519999,"CCCCCCCCCCC(CCCCCCCC)CN1C(=O)C2=C3C(=CC=C4C3=C(C=C2)C(=O)NC4=O)C1=O"
175202555,C21H19N3O5,393.13247070799997,"C1COCCN1CCCN2C(=O)C3=C4C(=CC=C5C4=C(C=C3)C(=O)NC5=O)C2=O"
175584654,C28H30N2O8,522.2002159199999,"C1COC1COCCCN2C(=O)C3=C4C(=CC=C5C4=C(C=C3)C(=O)N(C5=O)CCCOCC6CCO6)C2=O"
176048865,C31H30N4O7,570.2114493,"CCCCCCCCN1C(=O)C2=C3C(=CC=C4C3=C(C=C2)C(=O)N(C4=O)CCN=CC5=C(C=CC(=C5)[N+](=O)[O-])O)C1=O"
157456,C34H50N4O4+2,578.38210892018,"CC[N+](C)(CC)CCCC(C)N1C(=O)C2=C3C(=CC=C4C3=C(C=C2)C(=O)N(C4=O)C(C)CCC[N+](C)(CC)CC)C1=O"
157458,C46H58N6O6,790.441783576,"C1C2CC3CC1CC(C2)(C3)NC(=O)C(CCCCN)N4C(=O)C5=C6C(=CC=C7C6=C(C=C5)C(=O)N(C7=O)C(CCCCN)C(=O)NC89CC1CC(C8)CC(C1)C9)C4=O"
157460,C26H30N6O6,522.22268268,"C1=CC2=C3C(=CC=C4C3=C1C(=O)N(C4=O)C(CCCCN)C(=O)N)C(=O)N(C2=O)C(CCCCN)C(=O)N"
404826,C46H34N2O8S2,806.1756580480001,"CCOC(=O)C1=C(SC2=C1C3=CC=CC=C3CCC2)N4C(=O)C5=C6C(=CC=C7C6=C(C=C5)C(=O)N(C7=O)C8=C(C9=C(S8)CCCC1=CC=CC=C19)C(=O)OCC)C4=O"
404827,C42H24N4O4S2,712.1238972479999,"C1CC2=CC=CC=C2C3=C(C1)SC(=C3C#N)N4C(=O)C5=C6C(=CC=C7C6=C(C=C5)C(=O)N(C7=O)C8=C(C9=C(S8)CCCC1=CC=CC=C19)C#N)C4=O"
404828,C42H22N6O8S2,802.0940536640002,"C1CC2=C(C=C(C=C2)[N+](=O)[O-])C3=C(C1)SC(=C3C#N)N4C(=O)C5=C6C(=CC=C7C6=C(C=C5)C(=O)N(C7=O)C8=C(C9=C(S8)CCCC1=C9C=C(C=C1)[N+](=O)[O-])C#N)C4=O"
404829,C46H32N4O12S2,896.1458144640002,"CCOC(=O)C1=C(SC2=C1C3=C(CCC2)C=CC(=C3)[N+](=O)[O-])N4C(=O)C5=C6C(=CC=C7C6=C(C=C5)C(=O)N(C7=O)C8=C(C9=C(S8)CCCC1=C9C=C(C=C1)[N+](=O)[O-])C(=O)OCC)C4=O"
424524,C36H38N4O4+2,590.28820853618,"C[N+](C)(CCN1C(=O)C2=C3C(=CC=C4C3=C(C=C2)C(=O)N(C4=O)CC[N+](C)(C)CC5=CC=CC=C5)C1=O)CC6=CC=CC=C6"
1050440,C28H14N2O8,506.0750154079999,"C1=CC=C(C(=C1)C(=O)O)N2C(=O)C3=C4C(=CC=C5C4=C(C=C3)C(=O)N(C5=O)C6=CC=CC=C6C(=O)O)C2=O"
2179814,C28H12N2O10-2,536.0502917438198,"C1=CC(=C(C=C1O)N2C(=O)C3=C4C(=CC=C5C4=C(C=C3)C(=O)N(C5=O)C6=C(C=CC(=C6)O)C(=O)[O-])C2=O)C(=O)[O-]"
2179815,C28H14N2O10,538.064844648,"C1=CC(=C(C=C1O)N2C(=O)C3=C4C(=CC=C5C4=C(C=C3)C(=O)N(C5=O)C6=C(C=CC(=C6)O)C(=O)O)C2=O)C(=O)O"
2832087,C32H18N2O12,622.0859740160001,"CC(=O)OC1=CC(=C(C=C1)C(=O)O)N2C(=O)C3=C4C(=CC=C5C4=C(C=C3)C(=O)N(C5=O)C6=C(C=CC(=C6)OC(=O)C)C(=O)O)C2=O"
3095737,C40H22N2O6,626.1477864240001,"C1=CC=C(C=C1)C(=O)C2=CC(=CC=C2)N3C(=O)C4=C5C(=CC=C6C5=C(C=C4)C(=O)N(C6=O)C7=CC=CC(=C7)C(=O)C8=CC=CC=C8)C3=O"
3100590,C38H20N4O8S2,724.0722556,"C1=CC(=CC=C1N2C(=O)C3=C4C(=CC=C5C4=C(C=C3)C(=O)N(C5=O)C6=CC=C(C=C6)SC7=CC=C(C=C7)[N+](=O)[O-])C2=O)SC8=CC=C(C=C8)[N+](=O)[O-]"
3107599,C26H12N4O8,508.0655133439999,"C1=CC=C(C(=C1)N2C(=O)C3=C4C(=CC=C5C4=C(C=C3)C(=O)N(C5=O)C6=CC=CC=C6[N+](=O)[O-])C2=O)[N+](=O)[O-]"
3107600,C42H18N2O8,678.1063155360001,"C1=CC=C2C(=C1)C(=O)C3=C(C2=O)C(=CC=C3)N4C(=O)C5=C6C(=CC=C7C6=C(C=C5)C(=O)N(C7=O)C8=CC=CC9=C8C(=O)C1=CC=CC=C1C9=O)C4=O"
3108255,C30H22N2O4,474.15795718399994,"CC1=C(C=C(C=C1)N2C(=O)C3=C4C(=CC=C5C4=C(C=C3)C(=O)N(C5=O)C6=CC(=C(C=C6)C)C)C2=O)C"
3116538,C38H20N4O10,692.11794284,"C1=CC(=CC=C1N2C(=O)C3=C4C(=CC=C5C4=C(C=C3)C(=O)N(C5=O)C6=CC=C(C=C6)OC7=CC=C(C=C7)[N+](=O)[O-])C2=O)OC8=CC=C(C=C8)[N+](=O)[O-]"
3351478,C28H12N2O8-2,504.06046250381985,"C1=CC(=CC(=C1)N2C(=O)C3=C4C(=CC=C5C4=C(C=C3)C(=O)N(C5=O)C6=CC=CC(=C6)C(=O)[O-])C2=O)C(=O)[O-]"
3623248,C30H22N2O4,474.15795718399994,"CCC1=CC=CC=C1N2C(=O)C3=C4C(=CC=C5C4=C(C=C3)C(=O)N(C5=O)C6=CC=CC=C6CC)C2=O"
3623249,C30H22N2O4,474.15795718399994,"CCC1=CC=C(C=C1)N2C(=O)C3=C4C(=CC=C5C4=C(C=C3)C(=O)N(C5=O)C6=CC=C(C=C6)CC)C2=O"
3651673,C32H26N2O8,566.168915792,"COC1=CC=C(C=C1)OCCN2C(=O)C3=C4C(=CC=C5C4=C(C=C3)C(=O)N(C5=O)CCOC6=CC=C(C=C6)OC)C2=O"
3651674,C38H50N2O4,598.37705808,"C1CCCCCC(CCCCC1)N2C(=O)C3=C4C(=CC=C5C4=C(C=C3)C(=O)N(C5=O)C6CCCCCCCCCCC6)C2=O"
3651970,C30H30N2O4,482.22055743999994,"C1CC=CC(C1)CCN2C(=O)C3=C4C(=CC=C5C4=C(C=C3)C(=O)N(C5=O)CCC6CCCC=C6)C2=O"
3751525,C32H26N2O6,534.179086552,"C1=CC=C(C=C1)COCCN2C(=O)C3=C4C(=CC=C5C4=C(C=C3)C(=O)N(C5=O)CCOCC6=CC=CC=C6)C2=O"
4064457,C30H18N2O8,534.106315536,"CC(=O)OC1=CC=C(C=C1)N2C(=O)C3=C4C(=CC=C5C4=C(C=C3)C(=O)N(C5=O)C6=CC=C(C=C6)OC(=O)C)C2=O"
4093192,C30H34N2O4,486.25185756799993,"CC1CCCC(C1C)N2C(=O)C3=C4C(=CC=C5C4=C(C=C3)C(=O)N(C5=O)C6CCCC(C6C)C)C2=O"
4330008,C26H26N2O8,494.1689157919999,"C1=CC2=C3C(=CC=C4C3=C1C(=O)N(C4=O)CCCCCC(=O)O)C(=O)N(C2=O)CCCCCC(=O)O"
4561521,C40H26N2O4,598.189257312,"C1=CC=C(C=C1)C(C2=CC=CC=C2)N3C(=O)C4=C5C(=CC=C6C5=C(C=C4)C(=O)N(C6=O)C(C7=CC=CC=C7)C8=CC=CC=C8)C3=O"
5237452,C40H52N4O4,652.398856144,"CC1(C2CCC(C2)(C1NCCCN3C(=O)C4=C5C(=CC=C6C5=C(C=C4)C(=O)N(C6=O)CCCNC7C(C8CCC7(C8)C)(C)C)C3=O)C)C"
5567225,C33H21N3O4,523.1532061519999,"CC1=CC=C(C=C1)NC2=C3C4=C(C=CC5=C4C(=C2)C(=O)N(C5=O)C6=CC=CC=C6)C(=O)N(C3=O)C7=CC=CC=C7"
6090648,C42H32N4O4,656.242355504,"CC1=CC(=CC=C1)NC2=C3C4=C5C(=C2)C(=O)N(C(=O)C5=C(C=C4C(=O)N(C3=O)C6=CC=CC(=C6)C)NC7=CC=CC(=C7)C)C8=CC=CC(=C8)C"
7118545,C20H12N2O8-2,408.0604625038199,"C1=CC2=C3C(=CC=C4C3=C1C(=O)N(C4=O)CCC(=O)[O-])C(=O)N(C2=O)CCC(=O)[O-]"
7730266,C18H15N3O4,337.10625596,"CN1C(=O)C2=C3C(=CC(=C4C3=C(C=C2)C(=O)N(C4=O)C)N(C)C)C1=O"
9499784,C30H10N2O12-4,590.0255680796399,"C1=CC2=C3C(=CC=C4C3=C1C(=O)N(C4=O)C5=CC(=CC(=C5)C(=O)[O-])C(=O)[O-])C(=O)N(C2=O)C6=CC(=CC(=C6)C(=O)[O-])C(=O)[O-]"
9826015,C26H21N3O6,471.143035392,"CCCCCOC(=O)CN1C(=O)C2=C3C(=CC=C4C3=C(C=C2)C(=O)N(C4=O)C5=CC=CC=N5)C1=O"
9854161,C42H50N6O6,734.37918332,"CN(CCCNC(=O)CC1C=CC=C1)CCCN2C(=O)C3=C4C(=CC=C5C4=C(C=C3)C(=O)N(C5=O)CCCN(C)CCCNC(=O)CC6=CCC=C6)C2=O"
9877326,C66H72N8O70S14,2543.8410117040003,"C1=CC=C(C=C1)COC2C(C(C(C(O2)CN3C(=O)C4=C5C(=CC=C6C5=C(C=C4)C(=O)N(C6=O)CC7C(C(C(C(O7)OCC8=CC=CC=C8)NC(=O)C9=CC(=C(C=C9)NCC(C(C(C(COS(=O)(=O)O)OS(=O)(=O)O)OS(=O)(=O)O)OS(=O)(=O)O)OS(=O)(=O)O)[N+](=O)[O-])OS(=O)(=O)O)OS(=O)(=O)O)C3=O)OS(=O)(=O)O)OS(=O)(=O)O)NC(=O)C1=CC(=C(C=C1)NCC(C(C(C(COS(=O)(=O)O)OS(=O)(=O)O)OS(=O)(=O)O)OS(=O)(=O)O)OS(=O)(=O)O)[N+](=O)[O-]"
9982236,C25H20N4O6,472.13828435999994,"CN(C)CCN1C(=O)C2=C3C(=CC=C4C3=C(C=C2)C(=O)N(C4=O)C5=NC=C(C=C5)C(=O)OC)C1=O"
10001094,C22H15N3O5,401.10117058,"C1=CC=NC(=C1)N2C(=O)C3=C4C(=CC=C5C4=C(C=C3)C(=O)N(C5=O)CCCO)C2=O"
10049100,C23H16N4O6,444.106984232,"COC(=O)C1=CN=C(C=C1)N2C(=O)C3=C4C(=CC=C5C4=C(C=C3)C(=O)N(C5=O)CCN)C2=O"
10053058,C31H31N3O6,541.2212857119999,"CCCCCCCCCCN1C(=O)C2=C3C(=CC=C4C3=C(C=C2)C(=O)N(C4=O)C5=NC=C(C=C5)C(=O)OC)C1=O"
10093207,C23H18N4O4,414.132805056,"CN(C)CCN1C(=O)C2=C3C(=CC=C4C3=C(C=C2)C(=O)N(C4=O)C5=CC=CC=N5)C1=O"
10095567,C25H20N4O5,456.14336973999997,"C1COCCN1CCN2C(=O)C3=C4C(=CC=C5C4=C(C=C3)C(=O)N(C5=O)C6=CC=CC=N6)C2=O"
10139471,C26H28N4O4,460.21105537599993,"C1CCN(C1)CCN2C(=O)C3=C4C(=CC=C5C4=C(C=C3)C(=O)N(C5=O)CCN6CCCC6)C2=O"
10164943,C32H16N4O4,520.117154992,"C1=CC=C2C(=C1)C=CC(=N2)N3C(=O)C4=C5C(=CC=C6C5=C(C=C4)C(=O)N(C6=O)C7=NC8=CC=CC=C8C=C7)C3=O"
10211975,C32H18N6O4S4,678.0272370560001,"C1=CC=C(C=C1)CN2C(=S)SC(=N2)N3C(=O)C4=C5C(=CC=C6C5=C(C=C4)C(=O)N(C6=O)C7=NN(C(=S)S7)CC8=CC=CC=C8)C3=O"
10224860,C18H6N6O4S2,433.98919467200005,"C1=CC2=C3C(=CC=C4C3=C1C(=O)N(C4=O)C5=NSC=N5)C(=O)N(C2=O)C6=NSC=N6"
10272161,C20H10N6O4,398.0763528,"C1=CC2=C3C(=CC=C4C3=C1C(=O)N(C4=O)C5=NC=CN5)C(=O)N(C2=O)C6=NC=CN6"
10273761,C22H10N6O4,422.0763528,"C1=CC2=C3C(=CC=C4C3=C1C(=O)N(C4=O)C5=NC=CN=C5)C(=O)N(C2=O)C6=NC=CN=C6"
10274031,C22H14N6O4,426.107652928,"CC1=CC(=NN1)N2C(=O)C3=C4C(=CC=C5C4=C(C=C3)C(=O)N(C5=O)C6=NNC(=C6)C)C2=O"
10274152,C22H12N4O6,428.07568410399995,"CC1=CC(=NO1)N2C(=O)C3=C4C(=CC=C5C4=C(C=C3)C(=O)N(C5=O)C6=NOC(=C6)C)C2=O"
10294392,C18H8N8O4,400.06685073600005,"C1=CC2=C3C(=CC=C4C3=C1C(=O)N(C4=O)C5=NC=NN5)C(=O)N(C2=O)C6=NC=NN6"
10319662,C22H13N3O6,415.08043513599995,"CN1C(=O)C2=C3C(=CC=C4C3=C(C=C2)C(=O)N(C4=O)C5=NC=C(C=C5)C(=O)OC)C1=O"
10385448,C21H14N4O4,386.101504928,"C1=CC=NC(=C1)N2C(=O)C3=C4C(=CC=C5C4=C(C=C3)C(=O)N(C5=O)CCN)C2=O"
10388244,C24H13N5O4,435.096753896,"CC1=CN=C(C=N1)N2C(=O)C3=C4C(=CC=C5C4=C(C=C3)C(=O)N(C5=O)C6=CC=CC=N6)C2=O"
10409587,C23H17N3O5,415.11682064400003,"COCCCN1C(=O)C2=C3C(=CC=C4C3=C(C=C2)C(=O)N(C4=O)C5=CC=CC=N5)C1=O"
10411735,C25H20N4O5,456.14336973999997,"C1COC(CN1)CCN2C(=O)C3=C4C(=CC=C5C4=C(C=C3)C(=O)N(C5=O)C6=CC=CC=N6)C2=O"
10413330,C27H16N4O6,492.106984232,"COC(=O)C1=CN=C(C=C1)N2C(=O)C3=C4C(=CC=C5C4=C(C=C3)C(=O)N(C5=O)CC6=CN=CC=C6)C2=O"
10430285,C21H13N3O5,387.085520516,"C1=CC=NC(=C1)N2C(=O)C3=C4C(=CC=C5C4=C(C=C3)C(=O)N(C5=O)CCO)C2=O"
10431099,C22H16N4O4,400.117154992,"C1=CC=NC(=C1)N2C(=O)C3=C4C(=CC=C5C4=C(C=C3)C(=O)N(C5=O)CCCN)C2=O"
10432100,C21H11N3O7,417.059699692,"COC(=O)C1=CN=C(C=C1)N2C(=O)C3=C4C(=CC=C5C4=C(C=C3)C(=O)N(C5=O)O)C2=O"
10435789,C26H15N5O6,493.10223319999994,"CC1=CN=C(C=N1)N2C(=O)C3=C4C(=CC=C5C4=C(C=C3)C(=O)N(C5=O)C6=NC=C(C=C6)C(=O)OC)C2=O"
10455581,C25H14N4O4,434.101504928,"C1=CC=NC(=C1)N2C(=O)C3=C4C(=CC=C5C4=C(C=C3)C(=O)N(C5=O)CC6=CN=CC=C6)C2=O"
10456902,C24H17N3O7,459.106649884,"COCCN1C(=O)C2=C3C(=CC=C4C3=C(C=C2)C(=O)N(C4=O)C5=NC=C(C=C5)C(=O)OC)C1=O"
10510664,C92H116N6O6,1400.8956354320003,"CCCCCCC1=C(C2=C(C3=C(C(=C(N3)C=C4C(=C(C(=N4)C(=C5C(=C(C(=N5)C=C1N2)CCCCCC)C)C6=CC=C(C=C6)C7OCC(CO7)N8C(=O)C9=C1C(=CC=C2C1=C(C=C9)C(=O)N(C2=O)CCCCCC)C8=O)C)CCCCCC)CCCCCC)C)C1=CC(=CC(=C1)C(C)(C)C)C(C)(C)C)C"
10533443,C34H34N4O4+2,562.25690840818,"C[N+]1=CC=C(C=C1)CCCCN2C(=O)C3=C4C(=CC=C5C4=C(C=C3)C(=O)N(C5=O)CCCCC6=CC=[N+](C=C6)C)C2=O"
10555842,C35H29N3O8,619.1954648880001,"CC(C)(C)OC(=O)NCC1=CC=C(C=C1)CN2C(=O)C3=C4C(=CC=C5C4=C(C=C3)C(=O)N(C5=O)CC6=CC=C(C=C6)C(=O)O)C2=O"
10557861,C48H48N6O6+2,804.36243609618,"C1=CC=C2C=[N+](C=CC2=C1)CCCNC(=O)CCCCN3C(=O)C4=C5C(=CC=C6C5=C(C=C4)C(=O)N(C6=O)CCCCC(=O)NCCC[N+]7=CC8=CC=CC=C8C=C7)C3=O"
10580527,C32H30N4O4+2,534.22560828018,"CCC[N+]1=CC=C(C=C1)CN2C(=O)C3=C4C(=CC=C5C4=C(C=C3)C(=O)N(C5=O)CC6=CC=[N+](C=C6)CCC)C2=O"
10582160,C68H86N2O16,1186.5977346720001,"CC(CCC(=O)OC)C1CCC2C1(C(CC3C2C(CC4C3(CCC(C4)N5C(=O)C6=C7C(=CC=C8C7=C(C=C6)C(=O)N(C8=O)C9CCC1(C(C9)CC(C2C1CC(C1(C2CCC1C(C)CCC(=O)OC)C)OC=O)OC=O)C)C5=O)C)OC=O)OC=O)C"
10582231,C52H74N10O8S2,1030.513251328,"CC12CSC(C1(NC(=O)N2)C)CCCCC(=O)NCCCN(C)CCCN3C(=O)C4=C5C(=CC=C6C5=C(C=C4)C(=O)N(C6=O)CCCN(C)CCCNC(=O)CCCCC7C8(C(CS7)(NC(=O)N8)C)C)C3=O"
10602342,C32H28N4O4,532.2110553760001,"C1=CC2=C3C(=CC=C4C3=C1C(=O)N(C4=O)CCCCC5=CC=NC=C5)C(=O)N(C2=O)CCCCC6=CC=NC=C6"
10605284,C44H44N6O8,784.3220623679999,"CC1C(=O)NCC2=CC=C(CN3C(=O)C4=C5C(=CC=C6C5=C(C=C4)C(=O)N(C6=O)CC7=CC=C(C=C7)C(=O)NC(C(=O)NC(C(=O)N1)CC(C)C)C(C)C)C3=O)C=C2"
10605626,C40H44N6O6+2,704.33113596818,"C1=CC=[N+](C=C1)CCCNC(=O)CCCCN2C(=O)C3=C4C(=CC=C5C4=C(C=C3)C(=O)N(C5=O)CCCCC(=O)NCCC[N+]6=CC=CC=C6)C2=O"
10652469,C34H34N4O4+2,562.25690840818,"CCCC[N+]1=CC=C(C=C1)CN2C(=O)C3=C4C(=CC=C5C4=C(C=C3)C(=O)N(C5=O)CC6=CC=[N+](C=C6)CCCC)C2=O"
10652471,C34H34N4O4+2,562.25690840818,"CCCC[N+]1=CC=CC(=C1)CN2C(=O)C3=C4C(=CC=C5C4=C(C=C3)C(=O)N(C5=O)CC6=C[N+](=CC=C6)CCCC)C2=O"
10674506,C27H30N6O8,566.21251192,"C1=CC2=C3C(=CC=C4C3=C1C(=O)N(C4=O)CCC(=O)NC(CCCCN)C(=O)O)C(=O)N(C2=O)CCNC(=O)CN"
10677612,C40H50N8O8+2,770.37406340018,"CC1=CN(C(=O)NC1=O)CCCC[N+](C)(C)CCN2C(=O)C3=C4C(=CC=C5C4=C(C=C3)C(=O)N(C5=O)CC[N+](C)(C)CCCCN6C=C(C(=O)NC6=O)C)C2=O"
10695021,C28H26N2O4,454.18925731199994,"CC(C)(C)C1=CC(=C(C=C1)C(C)(C)C)N2C(=O)C3=C4C(=CC=C5C4=C(C=C3)C(=O)NC5=O)C2=O"
10700942,C49H54N6O11,902.3850565480001,"CC(C)CC(C(=O)NC(C)C(=O)NCC1=CC=C(C=C1)CN2C(=O)C3=C4C(=CC=C5C4=C(C=C3)C(=O)N(C5=O)CC6=CC=C(C=C6)C(=O)O)C2=O)NC(=O)C(C(C)C)NC(=O)OC(C)(C)C"
10724847,C64H86N2O12,1074.6180761920002,"CC(CCC(=O)OC)C1CCC2C1(C(CC3C2C(CC4C3(CCC(C4)N5C(=O)C6=C7C(=CC=C8C7=C(C=C6)C(=O)N(C8=O)C9CCC1(C(C9)CC(C2C1CC(C1(C2CCC1C(C)CCC(=O)OC)C)O)O)C)C5=O)C)O)O)C"
10772277,C48H56N6O6+2,812.42503635218,"C1CCC2=C(C1)C=C[N+](=C2)CCCNC(=O)CCCCN3C(=O)C4=C5C(=CC=C6C5=C(C=C4)C(=O)N(C6=O)CCCCC(=O)NCCC[N+]7=CC8=C(CCCC8)C=C7)C3=O"
10794494,C36H48N4O8,664.3472144960001,"CC(C)(C)OC(=O)NCCCCCCN1C(=O)C2=C3C(=CC=C4C3=C(C=C2)C(=O)N(C4=O)CCCCCCNC(=O)OC(C)(C)C)C1=O"
10795568,C48H44N8O6,828.3383811279999,"C1=CC=NC(=C1)C2=NC=C(C=C2)C(=O)NCCCCCCN3C(=O)C4=C5C(=CC=C6C5=C(C=C4)C(=O)N(C6=O)CCCCCCNC(=O)C7=CN=C(C=C7)C8=CC=CC=N8)C3=O"
10837854,C26H32N4O4,464.24235550400005,"C1=CC2=C3C(=CC=C4C3=C1C(=O)N(C4=O)CCCCCCN)C(=O)N(C2=O)CCCCCCN"
10837923,C24H22N2O8,466.1376156639999,"C1=CC2=C3C(=CC=C4C3=C1C(=O)N(C4=O)CCCCC(=O)O)C(=O)N(C2=O)CCCCC(=O)O"
10844138,C93H119N7O4,1397.932355288,"CCCCCCC1=C(C2=C(C3=C(C(=C(N3)C=C4C(=C(C(=N4)C(=C5C(=C(C(=N5)C=C1N2)CCCCCC)C)C6=CC=C(C=C6)N7CCC(CC7)N8C(=O)C9=C1C(=CC=C2C1=C(C=C9)C(=O)N(C2=O)CCCCCC)C8=O)C)CCCCCC)CCCCCC)C)C1=CC(=CC(=C1)C(C)(C)C)C(C)(C)C)C"
11227418,C35H22N4O8,626.1437636640001,"C1CCN2C(=O)C3=C4C(=CC=C5C4=C(C=C3)C(=O)N(C5=O)CCCN6C(=O)C7=C8C(=CC=C9C8=C(C=C7)C(=O)N(C1)C9=O)C6=O)C2=O"
11251903,C69H81N3O24,1335.5210004719997,"C1COCCOC2=CC=CC3=C2C=CC=C3OCCOCCOCCOCCOC4=CC(=CC(=C4)OCCOCCO1)C(=O)OCCOCCOCCOCCN5C(=O)C6=C7C(=CC=C8C7=C(C=C6)C(=O)N(C8=O)CCOCCOCCOCCOC(=O)C9=CN=CC=C9)C5=O"
11274096,C36H41N3O13,723.2639383720001,"C1=CC(=CN=C1)C(=O)OCCOCCOCCOCCN2C(=O)C3=C4C(=CC=C5C4=C(C=C3)C(=O)N(C5=O)CCOCCOCCOCCO)C2=O"
11513220,C38H34N2O8S2,710.1756580480001,"CCOC(=O)C1=C(SC2=C1CCCCC2)N3C(=O)C4=C5C(=CC=C6C5=C(C=C4)C(=O)N(C6=O)C7=C(C8=C(S7)CCCCC8)C(=O)OCC)C3=O"
11743135,C22H23N3O6,425.15868545599994,"CN(C)CCN1C(=O)C2=C3C(=CC=C4C3=C(C=C2)C(=O)N(C4=O)CCOCCO)C1=O"
11754461,C26H22N4O5,470.15901980399997,"C1COCCN1CCCN2C(=O)C3=C4C(=CC=C5C4=C(C=C3)C(=O)N(C5=O)C6=CC=CC=N6)C2=O"
11804044,C28H38N6O4,522.295453696,"CN(CCCN)CCCN1C(=O)C2=C3C(=CC=C4C3=C(C=C2)C(=O)N(C4=O)CCCN(C)CCCN)C1=O"
11819021,C72H116N12O34S4,1820.6599727919984,"C1C(C(C(C(C1N)OC2C(C(C(C(O2)CN)O)O)O)OC3C(C(C(O3)CSCOCCSCC(CN4C(=O)C5=C6C(=CC=C7C6=C(C=C5)C(=O)N(C7=O)CC(CSCCOCSCC8C(C(C(O8)OC9C(C(CC(C9OC1C(C(C(C(O1)CN)O)O)O)N)N)O)O)OC1C(C(C(C(O1)CN)O)O)N)O)C4=O)O)OC1C(C(C(C(O1)CN)O)O)N)O)O)N"
11981957,C40H16N4O8,680.0968134720001,"C1C#CC#CCN2C(=O)C3=C4C(=CC=C5C4=C(C=C3)C(=O)N(C5=O)CC#CC#CCN6C(=O)C7=C8C(=CC=C9C8=C(C=C7)C(=O)N1C9=O)C6=O)C2=O"
11982963,C24H18N6O4,454.13895305600005,"C1=CC2=C3C(=CC=C4C3=C1C(=O)N(C4=O)CCN5C=CN=C5)C(=O)N(C2=O)CCN6C=CN=C6"
12066800,C30H18N2O8,534.106315536,"CC1=C(C(=CC=C1)C(=O)O)N2C(=O)C3=C4C(=CC=C5C4=C(C=C3)C(=O)N(C5=O)C6=C(C=CC=C6C(=O)O)C)C2=O"
12071628,C42H46N2O6,674.3355871919999,"CCOC1=C2C3=C4C(=C1)C(=O)N(C(=O)C4=C(C=C3C(=O)N(C2=O)C5=C(C=CC=C5C(C)C)C(C)C)OCC)C6=C(C=CC=C6C(C)C)C(C)C"
12163532,C36H46N2O14,730.2949041520002,"C1COCCOCC(OCCOCCO1)CN2C(=O)C3=C4C(=CC=C5C4=C(C=C3)C(=O)N(C5=O)CC6COCCOCCOCCOCCO6)C2=O"
12397575,C42H22N2O8,682.1376156640001,"C1=CC=C(C=C1)C(=O)C(=O)C2=CC=C(C=C2)N3C(=O)C4=C5C(=CC=C6C5=C(C=C4)C(=O)N(C6=O)C7=CC=C(C=C7)C(=O)C(=O)C8=CC=CC=C8)C3=O"
12770234,C36H32N4O4,584.242355504,"C1CCN(CC1)C2=CC=C(C=C2)N3C(=O)C4=C5C(=CC=C6C5=C(C=C4)C(=O)N(C6=O)C7=CC=C(C=C7)N8CCCCC8)C3=O"
12983659,C42H50N6O6,734.37918332,"CN(CCCNC(=O)CC1C=CC=C1)CCCN2C(=O)C3=C4C(=CC=C5C4=C(C=C3)C(=O)N(C5=O)CCCN(C)CCCNC(=O)CC6C=CC=C6)C2=O"
13988241,C44H40N4O8,752.2846142400001,"C1CCCCN2C(=O)C3=C4C(=CC=C5C4=C(C=C3)C(=O)N(C5=O)CCCCCCCCN6C(=O)C7=C8C(=CC=C9C8=C(C=C7)C(=O)N(C9=O)CCC1)C6=O)C2=O"
14145390,C38H22N2O6,602.147786424,"C1=CC=C(C=C1)N2C(=O)C3=CC(=C4C5=C3C(=C(C=C5C(=O)N(C4=O)C6=CC=CC=C6)OC7=CC=CC=C7)C2=O)OC8=CC=CC=C8"
14416716,C34H46N2O4,546.345757952,"CCCCCCCCCCN1C(=O)C2=C3C(=CC=C4C3=C(C=C2)C(=O)N(C4=O)CCCCCCCCCC)C1=O"
15236047,C23H24N2O6,424.1634364879999,"CCCCCCN1C(=O)C2=C3C(=CC=C4C3=C(C=C2)C(=O)N(C4=O)C(CO)CO)C1=O"
15334309,C24H23N3O8,481.14851469599995,"CC(C)(C)OC(=O)NCCN1C(=O)C2=C3C(=CC=C4C3=C(C=C2)C(=O)N(C4=O)CCC(=O)O)C1=O"
15526940,C34H20N4O8,612.1281136000001,"C1CN2C(=O)C3=C4C(=CC=C5C4=C(C=C3)C(=O)N(C5=O)CCCN6C(=O)C7=C8C(=CC=C9C8=C(C=C7)C(=O)N(C1)C9=O)C6=O)C2=O"
15540861,C42H44N4O14,828.2854020880001,"C1=CC(=CN=C1)C(=O)OCCOCCOCCOCCN2C(=O)C3=C4C(=CC=C5C4=C(C=C3)C(=O)N(C5=O)CCOCCOCCOCCOC(=O)C6=CN=CC=C6)C2=O"
15803120,C62H60N4O6,956.4512856399999,"CC1(C2=CC(=CC(=C2OC3=C1C=C(C=C3N4C(=O)C5=C6C(=CC=C7C6=C(C=C5)C(=O)N(C7=O)C8=CC(=CC9=C8OC1=C(C=C(C=C1C9(C)C)C(C)(C)C)C#N)C(C)(C)C)C4=O)C(C)(C)C)C#N)C(C)(C)C)C"
15837345,C28H26N2O4,454.18925731199994,"CC(C)(C)C1=CC(=CC(=C1)N2C(=O)C3=C4C(=CC=C5C4=C(C=C3)C(=O)NC5=O)C2=O)C(C)(C)C"
16081870,C54H64N8O14S2,1112.3983407280002,"CC1=C(C(=C(C2=C1OC(CC2)(C)C)C)S(=O)(=O)NC(=NCCCC(C(=O)O)N3C(=O)C4=C5C(=CC=C6C5=C(C=C4)C(=O)N(C6=O)C(CCCN=C(N)NS(=O)(=O)C7=C(C8=C(C(=C7C)C)OC(CC8)(C)C)C)C(=O)O)C3=O)N)C"
16081871,C28H26N2O8,518.1689157919999,"C1CCC(CC1)(C(=O)O)N2C(=O)C3=C4C(=CC=C5C4=C(C=C3)C(=O)N(C5=O)C6(CCCCC6)C(=O)O)C2=O"
16083819,C32H27N3O8,581.179814824,"CCC(C)C(C(=O)O)N1C(=O)C2=C3C(=CC=C4C3=C(C=C2)C(=O)N(C4=O)C(CC5=CNC6=CC=CC=C65)C(=O)OC)C1=O"
16083821,C28H30N2O8,522.2002159199999,"CC(C)CC(C(=O)OC)N1C(=O)C2=C3C(=CC=C4C3=C(C=C2)C(=O)N(C4=O)C(CC(C)C)C(=O)OC)C1=O"
16083822,C32H22N2O10,594.1274449040001,"C1=CC(=CC=C1CC(C(=O)O)N2C(=O)C3=C4C(=CC=C5C4=C(C=C3)C(=O)N(C5=O)C(CC6=CC=C(C=C6)O)C(=O)O)C2=O)O"
16083823,C38H28N4O8,668.1907138560001,"COC(=O)C(CC1=CNC2=CC=CC=C21)N3C(=O)C4=C5C(=CC=C6C5=C(C=C4)C(=O)N(C6=O)C(CC7=CNC8=CC=CC=C87)C(=O)OC)C3=O"
16083824,C36H44N4O12,724.2955728480001,"CC(C)(C)OC(=O)NCCCCC(C(=O)O)N1C(=O)C2=C3C(=CC=C4C3=C(C=C2)C(=O)N(C4=O)C(CCCCNC(=O)OC(C)(C)C)C(=O)O)C1=O"
16083825,C28H21N3O9,543.127779252,"C1=CC=C(C=C1)CC(C(=O)O)N2C(=O)C3=C4C(=CC=C5C4=C(C=C3)C(=O)N(C5=O)C(CCC(=O)N)C(=O)O)C2=O"
16083826,C34H26N2O10,622.1587450320001,"C1=CC=C(C=C1)COCC(C(=O)O)N2C(=O)C3=C4C(=CC=C5C4=C(C=C3)C(=O)N(C5=O)C(COCC6=CC=CC=C6)C(=O)O)C2=O"
16083827,C34H26N2O8,590.168915792,"COC(=O)C(CC1=CC=CC=C1)N2C(=O)C3=C4C(=CC=C5C4=C(C=C3)C(=O)N(C5=O)C(CC6=CC=CC=C6)C(=O)OC)C2=O"
16083828,C32H34N2O12,638.211174528,"CC(C)(C)OC(=O)CCC(C(=O)O)N1C(=O)C2=C3C(=CC=C4C3=C(C=C2)C(=O)N(C4=O)C(CCC(=O)OC(C)(C)C)C(=O)O)C1=O"
16083829,C27H18N2O11,546.0910593959999,"C1=CC(=CC=C1CC(C(=O)O)N2C(=O)C3=C4C(=CC=C5C4=C(C=C3)C(=O)N(C5=O)C(CC(=O)O)C(=O)O)C2=O)O"
16140917,C78H90N12O20S4+2,1642.526620120179,"CC1(C2=CC(=CN(C2=NC1=CC=CC3=NC4=C(C3(C)C)C=C(C=[N+]4C)S(=O)(=O)O)CCCC(=O)NCCCOCCCN5C(=O)C6=C7C(=CC=C8C7=C(C=C6)C(=O)N(C8=O)CCCOCCCNC(=O)CCCN9C=C(C=C1C9=NC(=CC=CC2=NC3=C(C2(C)C)C=C(C=[N+]3C)S(=O)(=O)O)C1(C)C)S(=O)(=O)O)C5=O)S(=O)(=O)O)C"
16142800,C61H70N14O17,1270.50433678,"C1=CC2=C3C(=CC=C4C3=C1C(=O)N(C4=O)CCC(=O)NCCC(=O)NCCC(=O)NCCC(=O)NC(CCCCN)C(=O)NCCN5C(=O)C6=C7C(=CC=C8C7=C(C=C6)C(=O)N(C8=O)CCC(=O)NCC(=O)O)C5=O)C(=O)N(C2=O)CCNC(=O)C(CCCCN)N"
16144095,C58H64N14O17,1228.4573865879997,"C1=CC2=C3C(=CC=C4C3=C1C(=O)N(C4=O)CCC(=O)NC(CCCCN)C(=O)NCC(=O)NCC(=O)NCC(=O)NCCN5C(=O)C6=C7C(=CC=C8C7=C(C=C6)C(=O)N(C8=O)CCC(=O)NC(CCCCN)C(=O)O)C5=O)C(=O)N(C2=O)CCNC(=O)CN"
16144266,C89H98N22O26,1890.7022612559988,"C1=CC2=C3C(=CC=C4C3=C1C(=O)N(C4=O)CCC(=O)NC(CCCCN)C(=O)NCC(=O)NCC(=O)NCC(=O)NCCN5C(=O)C6=C7C(=CC=C8C7=C(C=C6)C(=O)N(C8=O)CCC(=O)NC(CCCCN)C(=O)NCC(=O)NCC(=O)NCC(=O)NCCN9C(=O)C1=C3C(=CC=C4C3=C(C=C1)C(=O)N(C4=O)CCC(=O)NC(CCCCN)C(=O)O)C9=O)C5=O)C(=O)N(C2=O)CCNC(=O)CN"
16147531,C120H132N30O35,2552.9471359240006,"C1=CC2=C3C(=CC=C4C3=C1C(=O)N(C4=O)CCC(=O)NC(CCCCN)C(=O)NCC(=O)NCC(=O)NCC(=O)NCCN5C(=O)C6=C7C(=CC=C8C7=C(C=C6)C(=O)N(C8=O)CCC(=O)NC(CCCCN)C(=O)NCC(=O)NCC(=O)NCC(=O)NCCN9C(=O)C1=C3C(=CC=C4C3=C(C=C1)C(=O)N(C4=O)CCC(=O)NC(CCCCN)C(=O)NCC(=O)NCC(=O)NCC(=O)NCCN1C(=O)C3=C4C(=CC=C6C4=C(C=C3)C(=O)N(C6=O)CCC(=O)NC(CCCCN)C(=O)O)C1=O)C9=O)C5=O)C(=O)N(C2=O)CCNC(=O)CN"
16149052,C86H98N18O20,1702.7204775359994,"CCCC1C(=O)NN2C(=O)C3=C4C(=CC=C5C4=C(C=C3)C(=O)N(C5=O)NC(=O)C(NC(=O)C(NC(=O)C6=NC(=CC=C6)C(=O)NC(C(=O)NC(C(=O)NN7C(=O)C8=C9C(=CC=C3C9=C(C=C8)C(=O)N(C3=O)NC(=O)C(NC(=O)C(NC(=O)C3=CC=CC(=N3)C(=O)NC(C(=O)N1)CC(C)C)CC(C)C)CCC)C7=O)CCC)CC(C)C)CC(C)C)CCC)C2=O"
16149188,C66H38N10O4,1034.307749696,"C1=CC(=CC=C1C2=C3C=CC(=N3)C=C4C=CC(=CC5=NC(=CC6=CC=C2N6)C=C5)N4)N7C(=O)C8=C9C(=CC=C1C9=C(C=C8)C(=O)N(C1=O)C1=CC=C(C=C1)C1=C2C=CC(=N2)C=C2C=CC(=CC3=NC(=CC4=CC=C1N4)C=C3)N2)C7=O"
16154373,C87H79N7O16,1477.5583294479998,"CC1=CC=C(C=C1)C2=C3C=CC(=C(C4=NC(=C(C5=CC=C(N5)C(=C6C=CC2=N6)C7=CC=C(C=C7)C)C8=CC(=CC=C8)OC(=O)CCC(=O)OCCOCCOCCOCCN9C(=O)C1=C2C(=CC=C5C2=C(C=C1)C(=O)N(C5=O)CCOCCOCCOCCOC(=O)C1=CN=CC=C1)C9=O)C=C4)C1=CC=C(C=C1)C)N3"
16155023,C72H70N14O12,1322.5297636799996,"COC1=CC=C(C=C1)C2=C(N=C(C3=NON=C23)C4=CC=C(C=C4)OC)C(=O)NCCCN5CCN(CC5)CCN6C(=O)C7=C8C(=CC=C9C8=C(C=C7)C(=O)N(C9=O)CCN1CCN(CC1)CCCNC(=O)C1=C(C2=NON=C2C(=N1)C1=CC=C(C=C1)OC)C1=CC=C(C=C1)OC)C6=O"
16157085,C132H122N10O4,1910.9650523839998,"CCCCCC1=CC=C(C=C1)C2=C3C=CC(=C(C4=NC(=C(C5=CC=C(N5)C(=C6C=CC2=N6)C7=CC=C(C=C7)CCCCC)C8=CC=C(C=C8)N9C(=O)C1=C2C(=CC=C5C2=C(C=C1)C(=O)N(C5=O)C1=CC=C(C=C1)C1=C2C=CC(=N2)C(=C2C=CC(=C(C5=NC(=C(C6=CC=C1N6)C1=CC=C(C=C1)CCCCC)C=C5)C1=CC=C(C=C1)CCCCC)N2)C1=CC=C(C=C1)CCCCC)C9=O)C=C4)C1=CC=C(C=C1)CCCCC)N3"
16186639,C61H44N4O8S,992.287985368,"C1=CC=C(C=C1)C(C2=CC=CC=C2)(C3=CC=CC=C3)N4C=NC=C4CC(C(=O)O)N5C(=O)C6=C7C(=CC=C8C7=C(C=C6)C(=O)N(C8=O)C(CSC(C9=CC=CC=C9)(C1=CC=CC=C1)C1=CC=CC=C1)C(=O)O)C5=O"
16186646,C58H42N2O8S2,958.2382583040002,"C1=CC=C(C=C1)C(C2=CC=CC=C2)(C3=CC=CC=C3)SCC(C(=O)O)N4C(=O)C5=C6C(=CC=C7C6=C(C=C5)C(=O)N(C7=O)C(CSC(C8=CC=CC=C8)(C9=CC=CC=C9)C1=CC=CC=C1)C(=O)O)C4=O"
16186647,C60H46N2O8S2,986.2695584320002,"COC(=O)C(CSC(C1=CC=CC=C1)(C2=CC=CC=C2)C3=CC=CC=C3)N4C(=O)C5=C6C(=CC=C7C6=C(C=C5)C(=O)N(C7=O)C(CSC(C8=CC=CC=C8)(C9=CC=CC=C9)C1=CC=CC=C1)C(=O)OC)C4=O"
16186648,C66H50N6O8,1054.36901256,"COC(=O)C(CC1=CN(C=N1)C(C2=CC=CC=C2)(C3=CC=CC=C3)C4=CC=CC=C4)N5C(=O)C6=C7C(=CC=C8C7=C(C=C6)C(=O)N(C8=O)C(CC9=CN(C=N9)C(C1=CC=CC=C1)(C1=CC=CC=C1)C1=CC=CC=C1)C(=O)OC)C5=O"
16186649,C58H42N2O8S2,958.2382583040002,"C1=CC=C(C=C1)C(C2=CC=CC=C2)(C3=CC=CC=C3)SCC(C(=O)O)N4C(=O)C5=C6C(=CC=C7C6=C(C=C5)C(=O)N(C7=O)C(CSC(C8=CC=CC=C8)(C9=CC=CC=C9)C1=CC=CC=C1)C(=O)O)C4=O"
16186650,C64H46N6O8,1026.337712432,"C1=CC=C(C=C1)C(C2=CC=CC=C2)(C3=CC=CC=C3)N4C=C(N=C4)CC(C(=O)O)N5C(=O)C6=C7C(=CC=C8C7=C(C=C6)C(=O)N(C8=O)C(CC9=CN(C=N9)C(C1=CC=CC=C1)(C1=CC=CC=C1)C1=CC=CC=C1)C(=O)O)C5=O"
16201278,C58H64N14O17,1228.457386588,"C1=CC2=C3C(=CC=C4C3=C1C(=O)N(C4=O)CCC(=O)NCC(=O)NCC(=O)NCC(=O)NC(CCCCN)C(=O)NCCN5C(=O)C6=C7C(=CC=C8C7=C(C=C6)C(=O)N(C8=O)CCC(=O)NCC(=O)O)C5=O)C(=O)N(C2=O)CCNC(=O)C(CCCCN)N"
16210589,C78H54N14O20,1506.3638801279992,"C1=CC2=NC(=C1)C(=O)NC(C(=O)NN3C(=O)C4=C5C(=CC=C6C5=C(C=C4)C(=O)N(C6=O)NC(=O)C(NC(=O)C7=CC=CC(=N7)C(=O)NC(C(=O)NN8C(=O)C9=C1C(=CC=C4C1=C(C=C9)C(=O)N(C4=O)NC(=O)C(NC2=O)CC1=CC=C(C=C1)O)C8=O)CC1=CC=C(C=C1)O)CC1=CC=C(C=C1)O)C3=O)CC1=CC=C(C=C1)O"
16221585,C30H34N6O10,638.2336412880001,"CC(C)(C)OC(=O)NNC(=O)CCN1C(=O)C2=C3C(=CC=C4C3=C(C=C2)C(=O)N(C4=O)CCC(=O)NNC(=O)OC(C)(C)C)C1=O"
16741819,C98H90N18O20,1838.6578772799994,"CC(C)C1C(=O)NC(C(=O)NN2C(=O)C3=C4C(=CC=C5C4=C(C=C3)C(=O)N(C5=O)NC(=O)C(NC(=O)C(NC(=O)C6=NC(=CC=C6)C(=O)NC(C(=O)NC(C(=O)NN7C(=O)C8=C9C(=CC=C3C9=C(C=C8)C(=O)N(C3=O)NC(=O)C(NC(=O)C(NC(=O)C3=CC=CC(=N3)C(=O)N1)C(C)C)CC1=CC=CC=C1)C7=O)CC1=CC=CC=C1)C(C)C)C(C)C)CC1=CC=CC=C1)C2=O)CC1=CC=CC=C1"
17297151,C26H16N4O4,448.11715499199994,"C1=CC=NC(=C1)CN2C(=O)C3=C4C(=CC=C5C4=C(C=C3)C(=O)N(C5=O)CC6=CC=CC=N6)C2=O"
21123562,C30H40N4O4,520.30495576,"CCN(CC)CCCCN1C(=O)C2=C3C(=CC=C4C3=C(C=C2)C(=O)N(C4=O)CCCCN(CC)CC)C1=O"
21204318,C30H24N4O4,504.17975524799994,"CN(C)C1=CC=CC(=C1)N2C(=O)C3=C4C(=CC=C5C4=C(C=C3)C(=O)N(C5=O)C6=CC(=CC=C6)N(C)C)C2=O"
21204320,C40H26N2O6,630.1790865520001,"C1=CC=C(C=C1)COC2=CC=C(C=C2)N3C(=O)C4=C5C(=CC=C6C5=C(C=C4)C(=O)N(C6=O)C7=CC=C(C=C7)OCC8=CC=CC=C8)C3=O"
21340278,C46H56N8O6,816.4322815119999,"C1CN(CCN1CCCNC(=O)C2C=CC=C2)CCCN3C(=O)C4=C5C(=CC=C6C5=C(C=C4)C(=O)N(C6=O)CCCN7CCN(CC7)CCCNC(=O)C8C=CC=C8)C3=O"
23250567,C28H31N3O8,537.2111149519999,"CCCCN1C(=O)C2=C3C(=CC=C4C3=C(C=C2)C(=O)N(C4=O)CCCC(C(=O)O)NC(=O)OC(C)(C)C)C1=O"
23628588,C148H118N20O33,2702.8170162360007,"CC1=C(C(=C(C(=C1N2C(=O)C3=C4C(=CC=C5C4=C(C=C3)C(=O)N(C5=O)CCNC(=O)CN)C2=O)C)C)N6C(=O)C7=C8C(=CC=C9C8=C(C=C7)C(=O)N(C9=O)C1=C(C(=C(C(=C1C)C)N1C(=O)C2=C3C(=CC=C4C3=C(C=C2)C(=O)N(C4=O)CCNC(=O)CNC(=O)COCCOCCOCC(=O)NCC(=O)NCCN2C(=O)C3=C4C(=CC=C5C4=C(C=C3)C(=O)N(C5=O)C3=C(C(=C(C(=C3C)C)N3C(=O)C4=C5C(=CC=C7C5=C(C=C4)C(=O)N(C7=O)C4=C(C(=C(C(=C4C)C)N4C(=O)C5=C7C(=CC=C8C7=C(C=C5)C(=O)N(C8=O)CCNC(=O)CN)C4=O)C)C)C3=O)C)C)C2=O)C1=O)C)C)C6=O)C"
23628589,C158H134N20O37,2902.921875228001,"CC1=C(C(=C(C(=C1N2C(=O)C3=C4C(=CC=C5C4=C(C=C3)C(=O)N(C5=O)CCNC(=O)CNC(=O)COCCOCCOCC(=O)NCC(=O)NCCN6C(=O)C7=C8C(=CC=C9C8=C(C=C7)C(=O)N(C9=O)C1=C(C(=C(C(=C1C)C)N1C(=O)C3=C4C(=CC=C5C4=C(C=C3)C(=O)N(C5=O)C3=C(C(=C(C(=C3C)C)N3C(=O)C4=C5C(=CC=C7C5=C(C=C4)C(=O)N(C7=O)CCNC(=O)CNC(=O)OC(C)(C)C)C3=O)C)C)C1=O)C)C)C6=O)C2=O)C)C)N1C(=O)C2=C3C(=CC=C4C3=C(C=C2)C(=O)N(C4=O)C2=C(C(=C(C(=C2C)C)N2C(=O)C3=C4C(=CC=C5C4=C(C=C3)C(=O)N(C5=O)CCNC(=O)CNC(=O)OC(C)(C)C)C2=O)C)C)C1=O)C"
23652066,C46H54N2O8,762.388016688,"CCOC1=C2C3=C4C(=C1OCC)C(=O)N(C(=O)C4=C(C(=C3C(=O)N(C2=O)C5=C(C=CC=C5C(C)C)C(C)C)OCC)OCC)C6=C(C=CC=C6C(C)C)C(C)C"
23652219,C46H54N2O4S4,826.296642208,"CCSC1=C2C3=C4C(=C1SCC)C(=O)N(C(=O)C4=C(C(=C3C(=O)N(C2=O)C5=C(C=CC=C5C(C)C)C(C)C)SCC)SCC)C6=C(C=CC=C6C(C)C)C(C)C"
23656655,C34H34N4O6+2,594.2467376481801,"C[N+](C)(C)CC1=C(C=CC(=C1)N2C(=O)C3=C4C(=CC=C5C4=C(C=C3)C(=O)N(C5=O)C6=CC(=C(C=C6)O)C[N+](C)(C)C)C2=O)O"
23656656,C28H18N2O8,510.10631553599984,"C1=CC(=C(C=C1N2C(=O)C3=C4C(=CC=C5C4=C(C=C3)C(=O)N(C5=O)C6=CC(=C(C=C6)O)CO)C2=O)CO)O"
23656815,C40H44N4O6,676.3260851279999,"CCCCN(CC)CC1=C(C=CC(=C1)N2C(=O)C3=C4C(=CC=C5C4=C(C=C3)C(=O)N(C5=O)C6=CC(=C(C=C6)O)CN(CC)CCCC)C2=O)O"
23656816,C36H32N4O8,648.222013984,"C1COCCN1CC2=C(C=CC(=C2)N3C(=O)C4=C5C(=CC=C6C5=C(C=C4)C(=O)N(C6=O)C7=CC(=C(C=C7)O)CN8CCOCC8)C3=O)O"
23656817,C38H36N4O6,644.263484872,"C1CCN(CC1)CC2=C(C=CC(=C2)N3C(=O)C4=C5C(=CC=C6C5=C(C=C4)C(=O)N(C6=O)C7=CC(=C(C=C7)O)CN8CCCCC8)C3=O)O"
23656818,C40H36N4O10,732.2431433520001,"COC(=O)C1CCCN1CC2=C(C=CC(=C2)N3C(=O)C4=C5C(=CC=C6C5=C(C=C4)C(=O)N(C6=O)C7=CC(=C(C=C7)O)CN8CCCC8C(=O)OC)C3=O)O"
23656981,C36H34N2O6S2,654.1858288080001,"CC(C)(C)SCC1=C(C=CC(=C1)N2C(=O)C3=C4C(=CC=C5C4=C(C=C3)C(=O)N(C5=O)C6=CC(=C(C=C6)O)CSC(C)(C)C)C2=O)O"
23656982,C36H30N2O8,618.20021592,"CCOC1CCC2=C(O1)C=CC(=C2)N3C(=O)C4=C5C(=CC=C6C5=C(C=C4)C(=O)N(C6=O)C7=CC8=C(C=C7)OC(CC8)OCC)C3=O"
23656984,C36H36N4O6,620.263484872,"CC(C)(C)NCC1=C(C=CC(=C1)N2C(=O)C3=C4C(=CC=C5C4=C(C=C3)C(=O)N(C5=O)C6=CC(=C(C=C6)O)CNC(C)(C)C)C2=O)O"
23656985,C36H36N4O6,620.263484872,"CCN(CC)CC1=C(C=CC(=C1)N2C(=O)C3=C4C(=CC=C5C4=C(C=C3)C(=O)N(C5=O)C6=CC(=C(C=C6)O)CN(CC)CC)C2=O)O"
23657150,C40H44N4O6,676.326085128,"CC(C)N(CC1=C(C=CC(=C1)N2C(=O)C3=C4C(=CC=C5C4=C(C=C3)C(=O)N(C5=O)C6=CC(=C(C=C6)O)CN(C(C)C)C(C)C)C2=O)O)C(C)C"
23657151,C36H32N4O6,616.232184744,"C1CCN(C1)CC2=C(C=CC(=C2)N3C(=O)C4=C5C(=CC=C6C5=C(C=C4)C(=O)N(C6=O)C7=CC(=C(C=C7)O)CN8CCCC8)C3=O)O"
23657152,C40H28N4O6,660.2008846159999,"C1=CC=C(C=C1)NCC2=C(C=CC(=C2)N3C(=O)C4=C5C(=CC=C6C5=C(C=C4)C(=O)N(C6=O)C7=CC(=C(C=C7)O)CNC8=CC=CC=C8)C3=O)O"
23657304,C32H28N4O6,564.2008846159999,"CN(C)CC1=C(C=CC(=C1)N2C(=O)C3=C4C(=CC=C5C4=C(C=C3)C(=O)N(C5=O)C6=CC(=C(C=C6)O)CN(C)C)C2=O)O"
23828540,C26H14N6O8,538.0873114079999,"C1=CC(=CC=C1NN2C(=O)C3=C4C(=CC=C5C4=C(C=C3)C(=O)N(C5=O)NC6=CC=C(C=C6)[N+](=O)[O-])C2=O)[N+](=O)[O-]"
23993872,C26H16N4O4,448.11715499199994,"C1=CC=C(C=C1)NN2C(=O)C3=C4C(=CC=C5C4=C(C=C3)C(=O)N(C5=O)NC6=CC=CC=C6)C2=O"
23995626,C28H16N4O6,504.10698423199995,"C1=CC=C(C(=C1)C(=O)N)N2C(=O)C3=C4C(=CC=C5C4=C(C=C3)C(=O)N(C5=O)C6=CC=CC=C6C(=O)N)C2=O"
24215607,C30H22N2O6,506.14778642399995,"CCOC1=CC=CC=C1N2C(=O)C3=C4C(=CC=C5C4=C(C=C3)C(=O)N(C5=O)C6=CC=CC=C6OCC)C2=O"
24320017,C18H14N2O5,338.090271548,"COCCCN1C(=O)C2=C3C(=CC=C4C3=C(C=C2)C(=O)NC4=O)C1=O"
24766497,C77H87N3O16,1309.6086337039999,"CC(C)(C)C1=CC=C(C=C1)C(C2=CC=C(C=C2)C(C)(C)C)(C3=CC=C(C=C3)C(C)(C)C)C4=CC=C(C=C4)OC(=O)CCC(=O)OCCOCCOCCOCCN5C(=O)C6=C7C(=CC=C8C7=C(C=C6)C(=O)N(C8=O)CCOCCOCCOCCOC(=O)C9=CN=CC=C9)C5=O"
24774686,C38H41N5O11,743.2802571320001,"CCOC1=C2C3=C4C(=C1)C(=O)N(C(=O)C4=C(C=C3C(=O)N(C2=O)C(CCCCNC(=O)OCC5=CC=CC=C5)C(=O)N)OCC)CCNC(=O)OCC=C"
25120737,C16H8N2O6,324.03823597599995,"C1=CC2=C3C(=CC=C4C3=C1C(=O)NC4=O)C(=O)N(C2=O)CC(=O)O"
27768502,C24H22N2O6,434.14778642399995,"C1CC(OC1)CN2C(=O)C3=C4C(=CC=C5C4=C(C=C3)C(=O)N(C5=O)CC6CCCO6)C2=O"
28985000,C30H30N2O4,482.22055743999994,"C1CC=CC(C1)CCN2C(=O)C3=C4C(=CC=C5C4=C(C=C3)C(=O)N(C5=O)CCC6CCCC=C6)C2=O"
28985001,C30H30N2O4,482.22055743999994,"C1CC=CC(C1)CCN2C(=O)C3=C4C(=CC=C5C4=C(C=C3)C(=O)N(C5=O)CCC6CCCC=C6)C2=O"
28985002,C30H30N2O4,482.22055743999994,"C1CC=CC(C1)CCN2C(=O)C3=C4C(=CC=C5C4=C(C=C3)C(=O)N(C5=O)CCC6CCCC=C6)C2=O"
29056403,C30H34N2O4,486.25185756799993,"CC1CCCC(C1C)N2C(=O)C3=C4C(=CC=C5C4=C(C=C3)C(=O)N(C5=O)C6CCCC(C6C)C)C2=O"
29056404,C30H34N2O4,486.25185756799993,"CC1CCCC(C1C)N2C(=O)C3=C4C(=CC=C5C4=C(C=C3)C(=O)N(C5=O)C6CCCC(C6C)C)C2=O"
29056405,C30H34N2O4,486.25185756799993,"CC1CCCC(C1C)N2C(=O)C3=C4C(=CC=C5C4=C(C=C3)C(=O)N(C5=O)C6CCCC(C6C)C)C2=O"
29056406,C30H34N2O4,486.25185756799993,"CC1CCCC(C1C)N2C(=O)C3=C4C(=CC=C5C4=C(C=C3)C(=O)N(C5=O)C6CCCC(C6C)C)C2=O"
40975452,C24H22N2O6,434.14778642399995,"C1CC(OC1)CN2C(=O)C3=C4C(=CC=C5C4=C(C=C3)C(=O)N(C5=O)CC6CCCO6)C2=O"
40975453,C24H22N2O6,434.14778642399995,"C1CC(OC1)CN2C(=O)C3=C4C(=CC=C5C4=C(C=C3)C(=O)N(C5=O)CC6CCCO6)C2=O"
42563624,C30H22N2O4,474.15795718399994,"CC(C1=CC=CC=C1)N2C(=O)C3=C4C(=CC=C5C4=C(C=C3)C(=O)N(C5=O)C(C)C6=CC=CC=C6)C2=O"
42563625,C30H22N2O4,474.15795718399994,"CC(C1=CC=CC=C1)N2C(=O)C3=C4C(=CC=C5C4=C(C=C3)C(=O)N(C5=O)C(C)C6=CC=CC=C6)C2=O"
42563626,C30H22N2O4,474.15795718399994,"CC(C1=CC=CC=C1)N2C(=O)C3=C4C(=CC=C5C4=C(C=C3)C(=O)N(C5=O)C(C)C6=CC=CC=C6)C2=O"
44332416,C70H115N13O27S4,1697.6908194199987,"C1C(C(C(C(C1OC2C(CC(C(C2OC3C(C(C(O3)CSCCOCCSCC(CN4C(=O)C5=C6C(=CC=C7C6=C(C=C5)C(=O)N(C7=O)CC(CSCCOCCSCC8C(C(C(C(O8)OC9C(CC(C(C9O)OC1C(CC(C(O1)CN)O)N)N)N)O)N)O)O)C4=O)O)OC1C(C(C(C(O1)CN)O)O)N)O)O)N)N)N)O)O)CN"
44332430,C64H104N12O23S4,1536.6220115879992,"C1C(C(C(C(C1N)OC2C(CC(C(O2)CN)O)N)O)OC3CC(C(C(O3)CSCCOCCSCC(CN4C(=O)C5=C6C(=CC=C7C6=C(C=C5)C(=O)N(C7=O)CC(CSCCOCCSCC8C(C(C(C(O8)OC9C(CC(C(C9O)OC1C(CC(C(O1)CN)O)N)N)N)O)N)O)O)C4=O)O)O)N)N"
44332431,C75H124N14O31S4,1844.7439771879986,"C1CC(OC1(CSCCOCCSCC(CN2C(=O)C3=C4C(=CC=C5C4=C(C=C3)C(=O)N(C5=O)CC(CSCCOCCSCC6C(C(C(O6)OC7C(C(CC(C7OC8CC(C(C(C8N)O)O)CN)N)N)O)O)OC9C(C(C(C(O9)CN)O)O)N)O)C2=O)O)OC1C(C(C(C(O1)CN)O)O)N)(O)OC1C(C(CC(C1OC1C(C(C(C(O1)CN)O)O)N)N)N)O"
44463173,C36H38N4O6+2,622.2780377761801,"C[N+](C)(C)CC1=C(C=CC(=C1)CN2C(=O)C3=C4C(=CC=C5C4=C(C=C3)C(=O)N(C5=O)CC6=CC(=C(C=C6)O)C[N+](C)(C)C)C2=O)O"
44463417,C38H42N4O6+2,650.3093379041801,"C[N+](C)(C)CC1=C(C=CC(=C1)CCN2C(=O)C3=C4C(=CC=C5C4=C(C=C3)C(=O)N(C5=O)CCC6=CC(=C(C=C6)O)C[N+](C)(C)C)C2=O)O"
44463419,C40H46N4O6+2,678.3406380321801,"C[N+](C)(C)CC1=C(C=CC(=C1)CCCN2C(=O)C3=C4C(=CC=C5C4=C(C=C3)C(=O)N(C5=O)CCCC6=CC(=C(C=C6)O)C[N+](C)(C)C)C2=O)O"
44549094,C28H30N4O6,518.21653468,"CCCCCN1C(=O)C2=C3C4=C(C=C2)C(=O)N(C(=O)C4=C5C(=C3C1=O)N=C(C(=N5)OC)OC)CCCCC"
44598141,C22H24N4O4,408.179755248,"C1=CC2=C3C(=CC=C4C3=C1C(=O)N(C4=O)CCCCN)C(=O)N(C2=O)CCCCN"
44598142,C24H28N4O4,436.211055376,"C1=CC2=C3C(=CC=C4C3=C1C(=O)N(C4=O)CCCCCN)C(=O)N(C2=O)CCCCCN"
44598194,C28H36N4O4,492.27365563200004,"C1=CC2=C3C(=CC=C4C3=C1C(=O)N(C4=O)CCCCCCCN)C(=O)N(C2=O)CCCCCCCN"
44598195,C30H40N4O4,520.3049557600001,"C1=CC2=C3C(=CC=C4C3=C1C(=O)N(C4=O)CCCCCCCCN)C(=O)N(C2=O)CCCCCCCCN"
44598196,C32H44N4O4,548.3362558880001,"C1=CC2=C3C(=CC=C4C3=C1C(=O)N(C4=O)CCCCCCCCCN)C(=O)N(C2=O)CCCCCCCCCN"
44598197,C34H48N4O4,576.367556016,"C1=CC2=C3C(=CC=C4C3=C1C(=O)N(C4=O)CCCCCCCCCCN)C(=O)N(C2=O)CCCCCCCCCCN"
45253893,C29H19N5O5,517.138618708,"C1=CC=C(C=C1)N2C(=O)C3=C4C(=CC=C5C4=C(C=C3)C(=O)N(C5=O)C6=CC=C(C=C6)C=NNC(=O)CN)C2=O"
45253904,C33H20N4O7S,616.1052699800001,"C1=CC=C(C=C1)N2C(=O)C3=C4C(=CC=C5C4=C(C=C3)C(=O)N(C5=O)C6=CC=C(C=C6)C=NNC7=CC=C(C=C7)S(=O)(=O)O)C2=O"
49794631,C22H14N2O8,434.0750154079999,"C1CC1(C(=O)O)N2C(=O)C3=C4C(=CC=C5C4=C(C=C3)C(=O)N(C5=O)C6(CC6)C(=O)O)C2=O"
49794632,C24H18N2O8,462.1063155359999,"C1CC(C1)(C(=O)O)N2C(=O)C3=C4C(=CC=C5C4=C(C=C3)C(=O)N(C5=O)C6(CCC6)C(=O)O)C2=O"
51002809,C31H34N4O4,526.258005568,"CCCCN1C(=O)C2=C3C4=C(C=C2)C(=O)N(C(=O)C4=C5C(=C3C1=O)C6=C7N5CCCN7CCCC6)CCCC"
51356024,C80H64N8O32S8,1904.139229887999,"C1C(NC(=O)COC2=CC3=C(C=C2)C(=CC=C3)OCC(=O)NC(CSSCC(N4C(=O)C5=C6C(=CC=C7C6=C(C=C5)C(=O)N(C7=O)C(CSS1)C(=O)O)C4=O)C(=O)O)C(=O)O)C(=O)O.C1C(NC(=O)COC2=CC3=C(C=C2)C(=CC=C3)OCC(=O)NC(CSSCC(N4C(=O)C5=C6C(=CC=C7C6=C(C=C5)C(=O)N(C7=O)C(CSS1)C(=O)O)C4=O)C(=O)O)C(=O)O)C(=O)O"
51356025,C40H32N4O16S4,952.0696149440004,"C1C(NC(=O)COC2=CC3=C(C=C2)C(=CC=C3)OCC(=O)NC(CSSCC(N4C(=O)C5=C6C(=CC=C7C6=C(C=C5)C(=O)N(C7=O)C(CSS1)C(=O)O)C4=O)C(=O)O)C(=O)O)C(=O)O"
51356309,C40H32N4O16S4,952.0696149440004,"C1C(NC(=O)COC2=CC3=C(C=C2)C=C(C=C3)OCC(=O)NC(CSSCC(N4C(=O)C5=C6C(=CC=C7C6=C(C=C5)C(=O)N(C7=O)C(CSS1)C(=O)O)C4=O)C(=O)O)C(=O)O)C(=O)O"
51356310,C44H40N4O16S4,1008.1322152000004,"C1CC(=O)NC(CSSCC(N2C(=O)C3=C4C(=CC=C5C4=C(C=C3)C(=O)N(C5=O)C(CSSCC(NC(=O)CCCOC6=CC=CC7=C6C=CC=C7OC1)C(=O)O)C(=O)O)C2=O)C(=O)O)C(=O)O"
51356314,C44H40N4O16S4,1008.1322152000004,"C1CC(=O)NC(CSSCC(N2C(=O)C3=C4C(=CC=C5C4=C(C=C3)C(=O)N(C5=O)C(CSSCC(NC(=O)CCCOC6=CC7=C(C=C6)C=C(C=C7)OC1)C(=O)O)C(=O)O)C2=O)C(=O)O)C(=O)O"
51356316,C88H80N8O32S8,2016.2644303999987,"C1CC(=O)NC(CSSCC(N2C(=O)C3=C4C(=CC=C5C4=C(C=C3)C(=O)N(C5=O)C(CSSCC(NC(=O)CCCOC6=CC=CC7=C6C=CC=C7OC1)C(=O)O)C(=O)O)C2=O)C(=O)O)C(=O)O.C1CC(=O)NC(CSSCC(N2C(=O)C3=C4C(=CC=C5C4=C(C=C3)C(=O)N(C5=O)C(CSSCC(NC(=O)CCCOC6=CC=CC7=C6C=CC=C7OC1)C(=O)O)C(=O)O)C2=O)C(=O)O)C(=O)O"
51708043,C30H34N2O4,486.25185756799993,"CC1CCCC(C1C)N2C(=O)C3=C4C(=CC=C5C4=C(C=C3)C(=O)N(C5=O)C6CCCC(C6C)C)C2=O"
51708044,C30H34N2O4,486.25185756799993,"CC1CCCC(C1C)N2C(=O)C3=C4C(=CC=C5C4=C(C=C3)C(=O)N(C5=O)C6CCCC(C6C)C)C2=O"
51708045,C30H34N2O4,486.25185756799993,"CC1CCCC(C1C)N2C(=O)C3=C4C(=CC=C5C4=C(C=C3)C(=O)N(C5=O)C6CCCC(C6C)C)C2=O"
51708046,C30H34N2O4,486.25185756799993,"CC1CCCC(C1C)N2C(=O)C3=C4C(=CC=C5C4=C(C=C3)C(=O)N(C5=O)C6CCCC(C6C)C)C2=O"
53253574,C31H27N3O6,537.1899855839999,"CCC(CC)CN1C(=O)C2=C3C(=CC=C4C3=C(C=C2)C(=O)N(C4=O)C(CC5=CNC6=CC=CC=C65)C(=O)O)C1=O"
53254045,C28H22N2O4,450.15795718399994,"CCC(CC)CN1C(=O)C2=C3C(=CC=C4C3=C(C=C2)C(=O)N(C4=O)C5=CC=C(C=C5)C#C)C1=O"
53254047,C42H35N3O7S,725.21957146,"CCC(C)C(C(=O)N)N1C(=O)C2=C3C(=CC=C4C3=C(C=C2)C(=O)N(C4=O)C(CSC(C5=CC=CC=C5)(C6=CC=CC=C6)C7=CC=CC=C7)C(=O)O)C1=O"
53254131,C59H44N2O8S2,972.2539083680001,"COC(=O)C(CSC(C1=CC=CC=C1)(C2=CC=CC=C2)C3=CC=CC=C3)N4C(=O)C5=C6C(=CC=C7C6=C(C=C5)C(=O)N(C7=O)C(CSC(C8=CC=CC=C8)(C9=CC=CC=C9)C1=CC=CC=C1)C(=O)O)C4=O"
53254132,C58H43N3O7S2,957.2542427160001,"C1=CC=C(C=C1)C(C2=CC=CC=C2)(C3=CC=CC=C3)SCC(C(=O)N)N4C(=O)C5=C6C(=CC=C7C6=C(C=C5)C(=O)N(C7=O)C(CSC(C8=CC=CC=C8)(C9=CC=CC=C9)C1=CC=CC=C1)C(=O)O)C4=O"
53254133,C47H43N3O10S,841.266915576,"CC(C)(C)OC(=O)NCCCCC(C(=O)O)N1C(=O)C2=C3C(=CC=C4C3=C(C=C2)C(=O)N(C4=O)C(CSC(C5=CC=CC=C5)(C6=CC=CC=C6)C7=CC=CC=C7)C(=O)O)C1=O"
53254222,C39H29N3O7S,683.1726212680001,"COC(=O)CN1C(=O)C2=C3C(=CC=C4C3=C(C=C2)C(=O)N(C4=O)C(CSC(C5=CC=CC=C5)(C6=CC=CC=C6)C7=CC=CC=C7)C(=O)N)C1=O"
53254223,C40H29N3O9,695.1903795080001,"COC(=O)CN1C(=O)C2=C3C(=CC=C4C3=C(C=C2)C(=O)N(C4=O)C(CC(=O)NC(C5=CC=CC=C5)(C6=CC=CC=C6)C7=CC=CC=C7)C(=O)O)C1=O"
53254224,C37H34N2O7,618.2366014280001,"CCC(CC)CN1C(=O)C2=C3C(=CC=C4C3=C(C=C2)C(=O)N(C4=O)C(CC5=CC=C(C=C5)OCC6=CC=CC=C6)C(=O)OC)C1=O"
53254225,C34H26N2O9,606.163830412,"COC(=O)CN1C(=O)C2=C3C(=CC=C4C3=C(C=C2)C(=O)N(C4=O)C(CC5=CC=C(C=C5)OCC6=CC=CC=C6)C(=O)OC)C1=O"
53254323,C44H38N2O9,738.2577307960001,"CC(C)(C)OC(=O)C(CC1=CC=CC=C1)N2C(=O)C3=C4C(=CC=C5C4=C(C=C3)C(=O)N(C5=O)C(CC6=CC=C(C=C6)OCC7=CC=CC=C7)C(=O)OC)C2=O"
53254582,C50H38N2O12,858.2424746560002,"C1=CC=C(C=C1)COC(=O)CC(C(=O)OCC2=CC=CC=C2)N3C(=O)C4=C5C(=CC=C6C5=C(C=C4)C(=O)N(C6=O)C(CC(=O)OCC7=CC=CC=C7)C(=O)OCC8=CC=CC=C8)C3=O"
53254583,C28H30N2O8S2,586.14435792,"CC(C)(C)SCC(C(=O)O)N1C(=O)C2=C3C(=CC=C4C3=C(C=C2)C(=O)N(C4=O)C(CSC(C)(C)C)C(=O)O)C1=O"
53254656,C32H34N2O12,638.211174528,"CC(C)(C)OC(=O)C(CCC(=O)O)N1C(=O)C2=C3C(=CC=C4C3=C(C=C2)C(=O)N(C4=O)C(CCC(=O)O)C(=O)OC(C)(C)C)C1=O"
53254657,C28H30N2O8,522.2002159199999,"CCC(C)C(C(=O)OC)N1C(=O)C2=C3C(=CC=C4C3=C(C=C2)C(=O)N(C4=O)C(C(C)CC)C(=O)OC)C1=O"
53254658,C34H42N2O8,606.294116304,"CCC(C)C(C(=O)OC(C)(C)C)N1C(=O)C2=C3C(=CC=C4C3=C(C=C2)C(=O)N(C4=O)C(C(C)CC)C(=O)OC(C)(C)C)C1=O"
53254659,C40H38N2O8,674.2628161760001,"CC(C)(C)OC(=O)C(CC1=CC=CC=C1)N2C(=O)C3=C4C(=CC=C5C4=C(C=C3)C(=O)N(C5=O)C(CC6=CC=CC=C6)C(=O)OC(C)(C)C)C2=O"
53254741,C40H38N2O10,706.2526454160001,"CC(C)(C)OC(=O)C(CC1=CC=C(C=C1)O)N2C(=O)C3=C4C(=CC=C5C4=C(C=C3)C(=O)N(C5=O)C(CC6=CC=C(C=C6)O)C(=O)OC(C)(C)C)C2=O"
53254742,C34H26N2O10,622.1587450320001,"COC1=CC=C(C=C1)CC(C(=O)O)N2C(=O)C3=C4C(=CC=C5C4=C(C=C3)C(=O)N(C5=O)C(CC6=CC=C(C=C6)OC)C(=O)O)C2=O"
53255208,C24H22N2O4,402.15795718399994,"CCCCCC(C)N1C(=O)C2=C3C(=CC=C4C3=C(C=C2)C(=O)N(C4=O)CC#C)C1=O"
53255209,C24H22N2O4,402.15795718399994,"CCCCCC(C)N1C(=O)C2=C3C(=CC=C4C3=C(C=C2)C(=O)N(C4=O)CC#C)C1=O"
53255210,C27H32N2O4,448.23620750399994,"CCCCCC(C)N1C(=O)C2=C3C(=CC=C4C3=C(C=C2)C(=O)N(C4=O)CC(CC)CC)C1=O"
53255211,C27H32N2O4,448.23620750399994,"CCCCCC(C)N1C(=O)C2=C3C(=CC=C4C3=C(C=C2)C(=O)N(C4=O)CC(CC)CC)C1=O"
53255295,C23H20N2O4,388.14230711999994,"CCC(CC)CN1C(=O)C2=C3C(=CC=C4C3=C(C=C2)C(=O)N(C4=O)CC#C)C1=O"
53255296,C42H36N2O6S,696.229407872,"CCC(CC)CN1C(=O)C2=C3C(=CC=C4C3=C(C=C2)C(=O)N(C4=O)C(CSC(C5=CC=CC=C5)(C6=CC=CC=C6)C7=CC=CC=C7)C(=O)O)C1=O"
53255297,C39H26N2O6S,650.1511575520001,"C#CCN1C(=O)C2=C3C(=CC=C4C3=C(C=C2)C(=O)N(C4=O)C(CSC(C5=CC=CC=C5)(C6=CC=CC=C6)C7=CC=CC=C7)C(=O)O)C1=O"
53255298,C26H28N2O6,464.19473661599994,"CCC(C)C(C(=O)O)N1C(=O)C2=C3C(=CC=C4C3=C(C=C2)C(=O)N(C4=O)CC(CC)CC)C1=O"
53343121,C88H76N4O4,1252.586656912,"CC(C)(C)C1=CC(=CC(=C1)CNC2=C3C4=C5C(=C2)C(=O)N(C(=O)C5=C(C=C4C(=O)N(C3=O)C6=CC=C(C=C6)C#CC7=C8C=CC=CC8=CC9=CC=CC=C97)NCC1=CC(=CC(=C1)C(C)(C)C)C(C)(C)C)C1=CC=C(C=C1)C#CC1=C2C=CC=CC2=CC2=CC=CC=C21)C(C)(C)C"
53343122,C208H244N4O16,3053.8402377280004,"CCCCCCOC1=CC(=C(C=C1C#CC2=CC=C(C=C2)N3C(=O)C4=CC(=C5C6=C4C(=C(C=C6C(=O)N(C5=O)C7=CC=C(C=C7)C#CC8=CC(=C(C=C8OCCCCCC)C#CC9=CC(=C(C=C9OCCCCCC)C#CC1=C(C=C(C(=C1)OCCCCCC)C#CC1=CC2=CC=CC=C2C2=CC=CC=C21)OCCCCCC)OCCCCCC)OCCCCCC)NCC1=CC(=CC(=C1)C(C)(C)C)C(C)(C)C)C3=O)NCC1=CC(=CC(=C1)C(C)(C)C)C(C)(C)C)OCCCCCC)C#CC1=CC(=C(C=C1OCCCCCC)C#CC1=C(C=C(C(=C1)OCCCCCC)C#CC1=CC2=CC=CC=C2C2=CC=CC=C21)OCCCCCC)OCCCCCC"
53343123,C208H242N2O16S2,3087.762581664,"CCCCCCOC1=CC(=C(C=C1C#CC2=CC=C(C=C2)N3C(=O)C4=CC(=C5C6=C4C(=C(C=C6C(=O)N(C5=O)C7=CC=C(C=C7)C#CC8=CC(=C(C=C8OCCCCCC)C#CC9=CC(=C(C=C9OCCCCCC)C#CC1=C(C=C(C(=C1)OCCCCCC)C#CC1=CC2=CC=CC=C2C2=CC=CC=C21)OCCCCCC)OCCCCCC)OCCCCCC)SCC1=CC(=CC(=C1)C(C)(C)C)C(C)(C)C)C3=O)SCC1=CC(=CC(=C1)C(C)(C)C)C(C)(C)C)OCCCCCC)C#CC1=CC(=C(C=C1OCCCCCC)C#CC1=C(C=C(C(=C1)OCCCCCC)C#CC1=CC2=CC=CC=C2C2=CC=CC=C21)OCCCCCC)OCCCCCC"
53343124,C208H243N3O16S,3070.8014096960005,"CCCCCCOC1=CC(=C(C=C1C#CC2=CC=C(C=C2)N3C(=O)C4=CC(=C5C6=C4C(=C(C=C6C(=O)N(C5=O)C7=CC=C(C=C7)C#CC8=CC(=C(C=C8OCCCCCC)C#CC9=CC(=C(C=C9OCCCCCC)C#CC1=C(C=C(C(=C1)OCCCCCC)C#CC1=CC2=CC=CC=C2C2=CC=CC=C21)OCCCCCC)OCCCCCC)OCCCCCC)SCC1=CC(=CC(=C1)C(C)(C)C)C(C)(C)C)C3=O)NCC1=CC(=CC(=C1)C(C)(C)C)C(C)(C)C)OCCCCCC)C#CC1=CC(=C(C=C1OCCCCCC)C#CC1=C(C=C(C(=C1)OCCCCCC)C#CC1=CC2=CC=CC=C2C2=CC=CC=C21)OCCCCCC)OCCCCCC"
53343320,C92H76N4O4,1300.586656912,"CC(C)(C)C1=CC(=CC(=C1)CNC2=C3C4=C5C(=C2)C(=O)N(C(=O)C5=C(C=C4C(=O)N(C3=O)C6=CC=C(C=C6)C#CC7=CC8=CC=CC9=C8C1=C(C=CC=C71)C=C9)NCC1=CC(=CC(=C1)C(C)(C)C)C(C)(C)C)C1=CC=C(C=C1)C#CC1=CC2=CC=CC3=C2C2=C(C=CC=C12)C=C3)C(C)(C)C"
53343895,C60H58N2O4S2,934.383800336,"CC(C)(C)C1=CC(=CC(=C1)CSC2=C3C4=C5C(=C2)C(=O)N(C(=O)C5=C(C=C4C(=O)N(C3=O)C6=CC=C(C=C6)C#C)SCC7=CC(=CC(=C7)C(C)(C)C)C(C)(C)C)C8=CC=C(C=C8)C#C)C(C)(C)C"
53344094,C58H56N4O4,872.430156272,"CC(C)(C)C1=CC(=CC(=C1)NC2=C3C4=C5C(=C2)C(=O)N(C(=O)C5=C(C=C4C(=O)N(C3=O)C6=CC=C(C=C6)C#C)NC7=CC(=CC(=C7)C(C)(C)C)C(C)(C)C)C8=CC=C(C=C8)C#C)C(C)(C)C"
53344272,C86H72N4O4,1224.555356784,"CC(C)(C)C1=CC(=CC(=C1)NC2=C3C4=C5C(=C2)C(=O)N(C(=O)C5=C(C=C4C(=O)N(C3=O)C6=CC=C(C=C6)C#CC7=C8C=CC=CC8=CC9=CC=CC=C97)NC1=CC(=CC(=C1)C(C)(C)C)C(C)(C)C)C1=CC=C(C=C1)C#CC1=C2C=CC=CC2=CC2=CC=CC=C21)C(C)(C)C"
53344273,C78H68N4O4,1124.524056656,"CC(C)(C)C1=CC(=CC(=C1)NC2=C3C4=C5C(=C2)C(=O)N(C(=O)C5=C(C=C4C(=O)N(C3=O)C6=CC=C(C=C6)C#CC7=CC8=CC=CC=C8C=C7)NC9=CC(=CC(=C9)C(C)(C)C)C(C)(C)C)C1=CC=C(C=C1)C#CC1=CC2=CC=CC=C2C=C1)C(C)(C)C"
53350269,C128H148N30O34,2649.077421816001,"C1=CC2=C3C(=CC=C4C3=C1C(=O)N(C4=O)CCC(=O)NCCC(=O)NCCC(=O)NCCC(=O)NC(CCCCN)C(=O)NCCN5C(=O)C6=C7C(=CC=C8C7=C(C=C6)C(=O)N(C8=O)CCC(=O)NCC(=O)N)C5=O)C(=O)N(C2=O)CCNC(=O)C(CCCCN)NC(=O)CCCCC(=O)NC(CCCCN)C(=O)NCCN9C(=O)C1=C2C(=CC=C3C2=C(C=C1)C(=O)N(C3=O)CCC(=O)NCCC(=O)NCCC(=O)NCCC(=O)NC(CCCCN)C(=O)NCCN1C(=O)C2=C3C(=CC=C4C3=C(C=C2)C(=O)N(C4=O)CCC(=O)NCC(=O)N)C1=O)C9=O"
53474934,C54H68N4O16,1028.4630320960002,"C1COCCOCCOC2=CC=CC=C2OCCOCCOCCN1CCN3C(=O)C4=C5C(=CC=C6C5=C(C=C4)C(=O)N(C6=O)CCN7CCOCCOCCOC8=CC=CC=C8OCCOCCOCC7)C3=O"
54752213,C20H16N8O4,432.12945099200005,"C1=CC2=C3C(=CC=C4C3=C1C(=O)N(C4=O)CCCN=[N+]=[N-])C(=O)N(C2=O)CCCN=[N+]=[N-]"
54752217,C54H47N9O8,949.3547594639999,"C1CN2C=C(COC3=CC=C(COC4=CC=C(CNCC5=CC=C(C=C5)OCC6=CC=C(C=C6)OCC7=CN(CCCN8C(=O)C9=C5C(=CC=C6C5=C(C=C9)C(=O)N(C1)C6=O)C8=O)N=N7)C=C4)C=C3)N=N2"
54752379,C56H53N9O8+2,979.4006124961801,"CN1C2=C[N+](=N1)CCCN3C(=O)C4=C5C(=CC=C6C5=C(C=C4)C(=O)N(C6=O)CCC[N+]7=NN(C(=C7)COC8=CC=C(COC9=CC=C(CNCC1=CC=C(C=C1)OCC1=CC=C(C=C1)OC2)C=C9)C=C8)C)C3=O"
54752543,C56H53N9O8+2,979.4006124961801,"CN1C2=C[N+](=N1)CCCN3C(=O)C4=C5C(=CC=C6C5=C(C=C4)C(=O)N(C6=O)CCC[N+]7=CC(=NN7C)COC8=CC=C(COC9=CC=C(CNCC1=CC=C(C=C1)OCC1=CC=C(C=C1)OC2)C=C9)C=C8)C3=O"
56638634,C17H12N2O7S,388.03652172399995,"CN1C(=O)C2=C3C(=CC=C4C3=C(C=C2)C(=O)N(C4=O)CCS(=O)(=O)O)C1=O"
56648480,C40H28N2O8S,696.1566368560001,"C1CC1(C(=O)O)N2C(=O)C3=C4C(=CC=C5C4=C(C=C3)C(=O)N(C5=O)C(CSC(C6=CC=CC=C6)(C7=CC=CC=C7)C8=CC=CC=C8)C(=O)O)C2=O"
56648481,C41H30N2O8S,710.1722869200001,"C1CC(C1)(C(=O)O)N2C(=O)C3=C4C(=CC=C5C4=C(C=C3)C(=O)N(C5=O)C(CSC(C6=CC=CC=C6)(C7=CC=CC=C7)C8=CC=CC=C8)C(=O)O)C2=O"
56648482,C38H26N2O8S,670.1409867920001,"C1=CC=C(C=C1)C(C2=CC=CC=C2)(C3=CC=CC=C3)SCC(C(=O)O)N4C(=O)C5=C6C(=CC=C7C6=C(C=C5)C(=O)N(C7=O)CC(=O)O)C4=O"
56654267,C54H62N2O14S14,1410.0290986639993,"C1CSC2=C(S1)SC(=C3SC=C(S3)SCCOCCOCCOCCOCCOCCN4C(=O)C5=C6C(=CC=C7C6=C(C=C5)C(=O)N(C7=O)CCOCCOCCOCCOCCOCCSC8=CSC(=C9SC1=C(S9)SCCS1)S8)C4=O)S2"
56654268,C40H46N2O9S7,922.1248280520001,"CCCCCCN1C(=O)C2=C3C(=CC=C4C3=C(C=C2)C(=O)N(C4=O)CCOCCOCCOCCOCCOCCSC5=CSC(=C6SC7=C(S6)SCCS7)S5)C1=O"
56654596,C30H26N2O4S7,701.9937543120002,"CCCCCCN1C(=O)C2=C3C(=CC=C4C3=C(C=C2)C(=O)N(C4=O)CCSC5=CSC(=C6SC7=C(S6)SCCS7)S5)C1=O"
56837955,C38H34N2O6,614.241686808,"CC1=CC(=C(C(=C1)C)N2C(=O)C3=CC(=C4C5=C3C(=C(C=C5C(=O)N(C4=O)C6=C(C=C(C=C6C)C)C)OCC=C)C2=O)OCC=C)C"
56964243,C42H26N6O4S4,806.089837312,"CC(C)(C)C1=CC=C(C=C1)N2C(=O)C3=C4C(=C5C6=C3C(=C7C(=C6C(=O)N(C5=O)C8=CC=C(C=C8)C(C)(C)C)SC(=C(C#N)C#N)S7)C2=O)SC(=C(C#N)C#N)S4"
57327695,C25H28N4O6,480.200884616,"CC(C)(C)OC(=O)NCCN1C(=O)C2=C3C(=CC=C4C3=C(C=C2)C(=O)N(C4=O)CCN(C)C)C1=O"
57530496,C25H24N5O5+,474.17719528809,"C1COCCN1CCN2C(=O)C3=C4C(=CC=C5C4=C(C=C3)C(=O)N(C5=O)CC[N+]6=CC=NC6)C2=O"
57857906,C84H70N6O4,1226.5458547199999,"CC1=CC(=C(C(=C1C)C2=C3C=CC(=C(C4=NC(=C(C5=CC=C(N5)C(=C6C=CC2=N6)C7=C(C(=CC(=C7C)C)C)C)C8=C(C(=CC(=C8C)C)C)C)C=C4)C9=CC(=C(C=C9C)C1=CC=C(C=C1)N1C(=O)C2=C4C(=CC=C5C4=C(C=C2)C(=O)N(C5=O)C2=CC=CC=C2)C1=O)C)N3)C)C"
57867198,C46H40N8O6,800.3070809999999,"C1=CC=NC(=C1)C2=NC=C(C=C2)C(=O)NCCCCCN3C(=O)C4=C5C(=CC=C6C5=C(C=C4)C(=O)N(C6=O)CCCCCNC(=O)C7=CN=C(C=C7)C8=CC=CC=N8)C3=O"
57909394,C21H18N2O4,362.12665705599994,"CC1CCC(CC1)N2C(=O)C3=C4C(=CC=C5C4=C(C=C3)C(=O)NC5=O)C2=O"
58709211,C30H14N4O8,558.0811634080001,"CN1C(=O)C2=C3C(=CC=C4C3=C(C=C2)C(=O)N(C4=O)CN5C(=O)C6=C7C(=CC=C8C7=C(C=C6)C(=O)NC8=O)C5=O)C1=O"
59052547,C102H148N10O15,1753.1125640359992,"CCCCN1C(=O)C2=C3C(=CC=C4C3=C(C=C2)C(=O)N(C4=O)CCCC(=O)NCCCC5C(=O)NC6CCC7(C(C6)CC(C8C7CC(C9(C8CCC9C(CCC(=O)NC2CCC3(C(C2)CC(C2C3CC(C3(C2CCC3C(CCC(=O)NCC2=CN(C3CCC4(C(C3)CC(C3C4CC(C4(C3CCC4C(CCC(=O)N5)C)C)O)O)C)N=N2)C)C)O)O)C)C)C)O)O)C)C1=O"
59052550,C99H145N7O15,1672.0798669399992,"CCCCN1C(=O)C2=C3C(=CC=C4C3=C(C=C2)C(=O)N(C4=O)CCCC(=O)NCCCC5C(=O)NC6CCC7(C(C6)CC(C8C7CC(C9(C8CCC9C(CCC(=O)NC2CCC3(C(C2)CC(C2C3CC(C3(C2CCC3C(CCC(=O)NC2CCC3(C(C2)CC(C2C3CC(C3(C2CCC3C(CCC(=O)N5)C)C)O)O)C)C)C)O)O)C)C)C)O)O)C)C1=O"
59095503,C79H78N10O22S4,1646.4174981359984,"CC1C(C2=C(N1)C(=C3C(=C2)C(=C4C=C5C(=NC(C5(C)C)C)C(=C4O3)S(=O)(=O)O)C6=CC=C(C=C6)C(=O)NCCCN(C)CCCN7C(=O)C8=C9C(=CC=C1C9=C(C=C8)C(=O)N(C1=O)CCCN(C)CCCNC(=O)C1=CC(=C(C=C1)C1=C2C=CC(=N)C(=C2OC2=C1C=CC(=C2S(=O)(=O)O)N)S(=O)(=O)O)C(=O)O)C7=O)S(=O)(=O)O)(C)C"
59095505,C90H112N10O18S4+2,1748.702793584179,"CC[N+]1=C(C(C2=C1C=CC(=C2)SOOO)(C)C)C=CC=C3C(C4=C(N3CCCCCC(=O)NCCCN(C)CCCN5C(=O)C6=C7C(=CC=C8C7=C(C=C6)C(=O)N(C8=O)CCCN(C)CCCNC(=O)CCCCCN9C1=C(C=C(C=C1)SOOO)C(C9=CC=CC1=[N+](C2=C(C1(C)C)C=C(C=C2)S(=O)(=O)O)CC)(C)C)C5=O)C=CC(=C4)S(=O)(=O)O)(C)C"
59095509,C94H116N10O18S4+2,1800.7340937121792,"CC[N+]1=C(C(C2=C1C=CC(=C2)SOOO)(C)C)C=CC=CC=C3C(C4=C(N3CCCCCC(=O)NCCCN(C)CCCN5C(=O)C6=C7C(=CC=C8C7=C(C=C6)C(=O)N(C8=O)CCCN(C)CCCNC(=O)CCCCCN9C1=C(C=C(C=C1)SOOO)C(C9=CC=CC=CC1=[N+](C2=C(C1(C)C)C=C(C=C2)S(=O)(=O)O)CC)(C)C)C5=O)C=CC(=C4)S(=O)(=O)O)(C)C"
60147720,C34H32N4O4,560.242355504,"C1=CC=C(C=C1)CNCCCN2C(=O)C3=C4C(=CC=C5C4=C(C=C3)C(=O)N(C5=O)CCCNCC6=CC=CC=C6)C2=O"
60147725,C34H32N4O6,592.232184744,"COC1=CC=CC(=C1)CNCCN2C(=O)C3=C4C(=CC=C5C4=C(C=C3)C(=O)N(C5=O)CCNCC6=CC(=CC=C6)OC)C2=O"
60147727,C34H32N4O6,592.232184744,"COC1=CC=C(C=C1)CNCCN2C(=O)C3=C4C(=CC=C5C4=C(C=C3)C(=O)N(C5=O)CCNCC6=CC=C(C=C6)OC)C2=O"
60147731,C38H40N4O10,712.2744434800002,"COC1=C(C(=C(C=C1)CNCCN2C(=O)C3=C4C(=CC=C5C4=C(C=C3)C(=O)N(C5=O)CCNCC6=C(C(=C(C=C6)OC)OC)OC)C2=O)OC)OC"
60147757,C32H28N4O4,532.211055376,"C1=CC=C(C=C1)CNCCN2C(=O)C3=C4C(=CC=C5C4=C(C=C3)C(=O)N(C5=O)CCNCC6=CC=CC=C6)C2=O"
60147826,C38H40N4O10,712.2744434800002,"COC1=CC(=CC(=C1OC)OC)CNCCN2C(=O)C3=C4C(=CC=C5C4=C(C=C3)C(=O)N(C5=O)CCNCC6=CC(=C(C(=C6)OC)OC)OC)C2=O"
60147828,C40H44N4O10,740.3057436080002,"COC1=CC(=CC(=C1OC)OC)CNCCCN2C(=O)C3=C4C(=CC=C5C4=C(C=C3)C(=O)N(C5=O)CCCNCC6=CC(=C(C(=C6)OC)OC)OC)C2=O"
60147830,C54H72N4O6,872.545186024,"COC1=CC=CC=C1CNCCCCCCCCCCCCN2C(=O)C3=C4C(=CC=C5C4=C(C=C3)C(=O)N(C5=O)CCCCCCCCCCCCNCC6=CC=CC=C6OC)C2=O"
60148334,C26H28N4O4,460.21105537599993,"C=CCNCCCN1C(=O)C2=C3C(=CC=C4C3=C(C=C2)C(=O)N(C4=O)CCCNCC=C)C1=O"
60148336,C26H24N4O4,456.17975524799994,"C#CCNCCCN1C(=O)C2=C3C(=CC=C4C3=C(C=C2)C(=O)N(C4=O)CCCNCC#C)C1=O"
60148338,C24H24N4O4,432.179755248,"C=CCNCCN1C(=O)C2=C3C(=CC=C4C3=C(C=C2)C(=O)N(C4=O)CCNCC=C)C1=O"
60171373,C26H30N2O6,466.2103866799999,"CCCCC(CC)CN1C(=O)C2=CC(=C3C4=C2C(=C(C=C4C(=O)NC3=O)OCC)C1=O)OCC"
60171495,C113H129N19O19,2055.971212907999,"CCCCC(CC)CN1C(=O)C2=CC(=C3C4=C2C(=C(C=C4C(=O)N(C3=O)C5=CC=C(C=C5)C=NNC(=O)CCC(C(=O)NN=CC6=CC=C(C=C6)N7C(=O)C8=CC(=C9C2=C8C(=C(C=C2C(=O)N(C9=O)CC(CC)CCCC)NC(C)C)C7=O)OCC)NC(=O)C(CCC(=O)NN=CC2=CC=C(C=C2)N2C(=O)C3=CC(=C4C5=C3C(=C(C=C5C(=O)N(C4=O)CC(CC)CCCC)NC(C)C)C2=O)OCC)NC(=N)N)OCC)C1=O)NC(C)C"
60203866,C40H26N10O8,774.193507792,"C1CN2C=C(CN3C(=O)C4=C5C(=CC=C6C5=C(C=C4)C(=O)N(C6=O)CC7=CN(CCCN8C(=O)C9=C4C(=CC=C5C4=C(C=C9)C(=O)N(C1)C5=O)C8=O)N=N7)C3=O)N=N2"
62706268,C38H50N2O6,630.3668873199999,"CCCCCCN1C(=O)C2=CC(=C3C4=C2C(=C(C=C4C(=O)N(C3=O)CCCCCC)C(=O)CCCCC)C1=O)C(=O)CCCCC"
71301161,C26H30N6O6,522.22268268,"C1=CC2=C3C(=CC=C4C3=C1C(=O)N(C4=O)CCCCC(C(=O)N)N)C(=O)N(C2=O)CCCCC(C(=O)N)N"
71530598,C51H50N6O13,954.3435856600001,"C1=CC=NC(=C1)C2=CC(=CC(=N2)C3=CC=CC=N3)OCCOCCOCCOCCN4C(=O)C5=C6C(=CC=C7C6=C(C=C5)C(=O)N(C7=O)CCOCCOCCOCCOC(=O)C8=CN=CC=C8)C4=O"
71535802,C36H36N4O6,620.263484872,"COC1=CC=CC(=C1)CNCCCN2C(=O)C3=C4C(=CC=C5C4=C(C=C3)C(=O)N(C5=O)CCCNCC6=CC(=CC=C6)OC)C2=O"
71535803,C36H36N4O6,620.263484872,"COC1=CC=C(C=C1)CNCCCN2C(=O)C3=C4C(=CC=C5C4=C(C=C3)C(=O)N(C5=O)CCCNCC6=CC=C(C=C6)OC)C2=O"
71536334,C32H26N6O8,622.181211792,"C1=CC=C(C(=C1)CNCCN2C(=O)C3=C4C(=CC=C5C4=C(C=C3)C(=O)N(C5=O)CCNCC6=CC=CC=C6[N+](=O)[O-])C2=O)[N+](=O)[O-]"
71536335,C34H30N6O8,650.2125119200001,"C1=CC=C(C(=C1)CNCCCN2C(=O)C3=C4C(=CC=C5C4=C(C=C3)C(=O)N(C5=O)CCCNCC6=CC=CC=C6[N+](=O)[O-])C2=O)[N+](=O)[O-]"
71536610,C34H32N4O4,560.242355504,"CC1=CC=CC=C1CNCCN2C(=O)C3=C4C(=CC=C5C4=C(C=C3)C(=O)N(C5=O)CCNCC6=CC=CC=C6C)C2=O"
71536611,C36H36N4O4,588.273655632,"CC1=CC=CC=C1CNCCCN2C(=O)C3=C4C(=CC=C5C4=C(C=C3)C(=O)N(C5=O)CCCNCC6=CC=CC=C6C)C2=O"
71550461,C44H65N3O4,699.4975075599999,"CCCCCCC(CCCCCC)N1C(=O)C2=C3C(=CC(=C4C3=C(C=C2)C(=O)N(C4=O)C(CCCCCC)CCCCCC)N5CCCC5)C1=O"
71561607,C22H18N2O5,390.1215716759999,"C#CCN1C(=O)C2=C3C(=CC=C4C3=C(C=C2)C(=O)N(C4=O)CCCCCO)C1=O"
71561608,C59H60N2O5,876.45022302,"CC(C)(C)C1=CC=C(C=C1)C(C2=CC=C(C=C2)C(C)(C)C)(C3=CC=C(C=C3)C(C)(C)C)C4=CC=C(C=C4)OCCCCCN5C(=O)C6=C7C(=CC=C8C7=C(C=C6)C(=O)N(C8=O)CC#C)C5=O"
71561612,C100H111N5O7,1493.8483508919999,"CC(C)(C)C1=CC=C(C=C1)C(C2=CC=C(C=C2)C(C)(C)C)(C3=CC=C(C=C3)C(C)(C)C)C4=CC=C(C=C4)OCCCCCN5C(=O)C6=C7C(=CC=C8C7=C(C=C6)C(=O)N(C8=O)CC9=CN(N=N9)CCOCCOC1=CC=C(C=C1)C(C1=CC=C(C=C1)C(C)(C)C)(C1=CC=C(C=C1)C(C)(C)C)C1=CC=C(C=C1)C(C)(C)C)C5=O"
71600526,C26H30N2O6,466.21038667999994,"CC(C)CC(CO)N1C(=O)C2=C3C(=CC=C4C3=C(C=C2)C(=O)N(C4=O)C(CC(C)C)CO)C1=O"
71600653,C26H26N2O6,462.17908655199994,"CC(C)CC(C=O)N1C(=O)C2=C3C(=CC=C4C3=C(C=C2)C(=O)N(C4=O)C(CC(C)C)C=O)C1=O"
71600654,C26H28N4O6,492.20088461599994,"CC(C)CC(C=NO)N1C(=O)C2=C3C(=CC=C4C3=C(C=C2)C(=O)N(C4=O)C(CC(C)C)C=NO)C1=O"
71600655,C26H28N4O6,492.20088461599994,"CC(C)CC(C(=O)N)N1C(=O)C2=C3C(=CC=C4C3=C(C=C2)C(=O)N(C4=O)C(CC(C)C)C(=O)N)C1=O"
71600656,C26H24N4O4,456.17975524799994,"CC(C)CC(C#N)N1C(=O)C2=C3C(=CC=C4C3=C(C=C2)C(=O)N(C4=O)C(CC(C)C)C#N)C1=O"
71620218,C30H34N2O4,486.25185756799993,"CCCCCCN1C(=O)C2=CC(=C3C4=C(C=C(C(=C24)C1=O)C=C)C(=O)N(C3=O)CCCCCC)C=C"
71620219,C28H30N2O6,490.2103866799999,"CCCCCCN1C(=O)C2=CC(=C3C4=C(C=C(C(=C24)C1=O)C=O)C(=O)N(C3=O)CCCCCC)C=O"
71620220,C34H30N6O4,586.23285344,"CCCCCCN1C(=O)C2=CC(=C3C4=C(C=C(C(=C24)C1=O)C=C(C#N)C#N)C(=O)N(C3=O)CCCCCC)C=C(C#N)C#N"
71722507,C48H50N4O4S2,810.32734808,"CCCCCCCCN1C(=O)C2=C(C(=C3C4=C2C(=C5C(=C4C(=O)N(C3=O)CCCCCCCC)SC6=CC=CC=C6S5)C1=O)NC7=CC=CC=C7)NC8=CC=CC=C8"
71722650,C52H74N4O4S2,882.5151488480001,"CCCCCCCCNC1=C2C3=C4C(=C1NCCCCCCCC)C(=O)N(C(=O)C4=C5C(=C3C(=O)N(C2=O)CCCCCCCC)SC6=CC=CC=C6S5)CCCCCCCC"
71722651,C42H42N2O4S4,766.2027418240001,"CCCCCCCCN1C(=O)C2=C3C(=C4C5=C2C(=C6C(=C5C(=O)N(C4=O)CCCCCCCC)SC7=CC=CC=C7S6)C1=O)SC8=CC=CC=C8S3"
71734616,C122H124N8O16,1956.9135298879994,"CCCCCCC(CCCCCC)N1C(=O)C2=C3C(=CC4=C5C(=C6C=C7C8=C(C=CC9=C(C3=C4C6=C98)C=C2)C(=O)N(C7=O)C(CCCCCC)CCCCCC)C(=O)N(C5=O)N2C(=O)C3=C4C(=CC=C5C4=C(C=C3)C(=O)N(C5=O)N3C(=O)C4=C5C=C6C7=C(C=CC8=C9C=CC%10=C%11C9=C(C5=C87)C(=C4C3=O)C=C%11C(=O)N(C%10=O)C(CCCCCC)CCCCCC)C(=O)N(C6=O)C(CCCCCC)CCCCCC)C2=O)C1=O"
71734617,C142H148N8O16,2221.1013306559994,"CCCCCCC(CCCCCC)N1C(=O)C2=C3C(=CC4=C5C(=C6C=C7C8=C(C=CC9=C(C3=C4C6=C98)C=C2)C(=O)N(C7=O)C(CCCCCC)CCCCCC)C(=O)N(C5=O)C2=C(C(=C(C(=C2C)C)N2C(=O)C3=C4C(=CC=C5C4=C(C=C3)C(=O)N(C5=O)C3=C(C(=C(C(=C3C)C)N3C(=O)C4=C5C=C6C7=C(C=CC8=C9C=CC%10=C%11C9=C(C5=C87)C(=C4C3=O)C=C%11C(=O)N(C%10=O)C(CCCCCC)CCCCCC)C(=O)N(C6=O)C(CCCCCC)CCCCCC)C)C)C2=O)C)C)C1=O"
72205280,C35H22N2O6,566.1477864240001,"CC(C(=O)OC)N1C(=O)C2=C3C(=CC=C4C3=C(C=C2)C(=O)N(C4=O)CC5=C6C=CC7=CC=CC8=C7C6=C(C=C8)C=C5)C1=O"
72205281,C37H26N2O6,594.1790865520001,"CC(C)C(C(=O)OC)N1C(=O)C2=C3C(=CC=C4C3=C(C=C2)C(=O)N(C4=O)CC5=C6C=CC7=CC=CC8=C7C6=C(C=C8)C=C5)C1=O"
72205282,C38H28N2O6,608.194736616,"CCC(C)C(C(=O)OC)N1C(=O)C2=C3C(=CC=C4C3=C(C=C2)C(=O)N(C4=O)CC5=C6C=CC7=CC=CC8=C7C6=C(C=C8)C=C5)C1=O"
72205474,C41H26N2O6,642.1790865520001,"COC(=O)C(CC1=CC=CC=C1)N2C(=O)C3=C4C(=CC=C5C4=C(C=C3)C(=O)N(C5=O)CC6=C7C=CC8=CC=CC9=C8C7=C(C=C9)C=C6)C2=O"
72205475,C41H26N2O6,642.1790865520001,"COC(=O)C(CC1=CC=CC=C1)N2C(=O)C3=C4C(=CC=C5C4=C(C=C3)C(=O)N(C5=O)CC6=C7C=CC8=CC=CC9=C8C7=C(C=C9)C=C6)C2=O"
72547447,C129H150N30O34,2663.093071880001,"C1=CC2=C3C(=CC=C4C3=C1C(=O)N(C4=O)CCC(=O)NCCC(=O)NCCC(=O)NCCC(=O)NC(CCCCN)C(=O)NCCN5C(=O)C6=C7C(=CC=C8C7=C(C=C6)C(=O)N(C8=O)CCC(=O)NCC(=O)N)C5=O)C(=O)N(C2=O)CCNC(=O)C(CCCCN)NC(=O)CCCCCC(=O)NC(CCCCN)C(=O)NCCN9C(=O)C1=C2C(=CC=C3C2=C(C=C1)C(=O)N(C3=O)CCC(=O)NCCC(=O)NCCC(=O)NCCC(=O)NC(CCCCN)C(=O)NCCN1C(=O)C2=C3C(=CC=C4C3=C(C=C2)C(=O)N(C4=O)CCC(=O)NCC(=O)N)C1=O)C9=O"
72547448,C130H152N30O34,2677.108721944001,"C1=CC2=C3C(=CC=C4C3=C1C(=O)N(C4=O)CCC(=O)NCCC(=O)NCCC(=O)NCCC(=O)NC(CCCCN)C(=O)NCCN5C(=O)C6=C7C(=CC=C8C7=C(C=C6)C(=O)N(C8=O)CCC(=O)NCC(=O)N)C5=O)C(=O)N(C2=O)CCNC(=O)C(CCCCN)NC(=O)CCCCCCC(=O)NC(CCCCN)C(=O)NCCN9C(=O)C1=C2C(=CC=C3C2=C(C=C1)C(=O)N(C3=O)CCC(=O)NCCC(=O)NCCC(=O)NCCC(=O)NC(CCCCN)C(=O)NCCN1C(=O)C2=C3C(=CC=C4C3=C(C=C2)C(=O)N(C4=O)CCC(=O)NCC(=O)N)C1=O)C9=O"
72547449,C131H154N30O34,2691.124372008001,"C1=CC2=C3C(=CC=C4C3=C1C(=O)N(C4=O)CCC(=O)NCCC(=O)NCCC(=O)NCCC(=O)NC(CCCCN)C(=O)NCCN5C(=O)C6=C7C(=CC=C8C7=C(C=C6)C(=O)N(C8=O)CCC(=O)NCC(=O)N)C5=O)C(=O)N(C2=O)CCNC(=O)C(CCCCN)NC(=O)CCCCCCCC(=O)NC(CCCCN)C(=O)NCCN9C(=O)C1=C2C(=CC=C3C2=C(C=C1)C(=O)N(C3=O)CCC(=O)NCCC(=O)NCCC(=O)NCCC(=O)NC(CCCCN)C(=O)NCCN1C(=O)C2=C3C(=CC=C4C3=C(C=C2)C(=O)N(C4=O)CCC(=O)NCC(=O)N)C1=O)C9=O"
72711561,C48H72N4O4,768.5553567839999,"CCCCCCC(CCCCCC)N1C(=O)C2=CC(=C3C4=C2C(=C(C=C4C(=O)N(C3=O)C(CCCCCC)CCCCCC)N5CCCC5)C1=O)N6CCCC6"
72712014,C30H28N4O5,524.205969996,"CN(C)CCN1C(=O)C2=C3C(=CC(=C4C3=C(C=C2)C(=O)N(C4=O)CCN(C)C)C#CC5=CC=C(C=C5)O)C1=O"
72712016,C31H30N4O6,554.21653468,"CN(C)CCN1C(=O)C2=C3C(=CC(=C4C3=C(C=C2)C(=O)N(C4=O)CCN(C)C)C#CC5=CC(=C(C=C5)O)CO)C1=O"
72712221,C32H34N4O5+2,554.2518230281801,"C[N+](C)(C)CCN1C(=O)C2=C3C(=CC(=C4C3=C(C=C2)C(=O)N(C4=O)CC[N+](C)(C)C)C#CC5=CC=C(C=C5)O)C1=O"
72712223,C33H36N4O6+2,584.26238771218,"C[N+](C)(C)CCN1C(=O)C2=C3C(=CC(=C4C3=C(C=C2)C(=O)N(C4=O)CC[N+](C)(C)C)C#CC5=CC(=C(C=C5)O)CO)C1=O"
72712225,C38H32N4O6,640.2321847439999,"CN(C)CCN1C(=O)C2=CC(=C3C4=C(C=C(C(=C24)C1=O)C#CC5=CC=C(C=C5)O)C(=O)N(C3=O)CCN(C)C)C#CC6=CC=C(C=C6)O"
72712227,C40H36N4O8,700.253314112,"CN(C)CCN1C(=O)C2=CC(=C3C4=C(C=C(C(=C24)C1=O)C#CC5=CC(=C(C=C5)O)CO)C(=O)N(C3=O)CCN(C)C)C#CC6=CC(=C(C=C6)O)CO"
72712442,C40H38N4O6+2,670.2780377761801,"C[N+](C)(C)CCN1C(=O)C2=CC(=C3C4=C(C=C(C(=C24)C1=O)C#CC5=CC=C(C=C5)O)C(=O)N(C3=O)CC[N+](C)(C)C)C#CC6=CC=C(C=C6)O"
72712444,C42H42N4O8+2,730.29916714418,"C[N+](C)(C)CCN1C(=O)C2=CC(=C3C4=C(C=C(C(=C24)C1=O)C#CC5=CC(=C(C=C5)O)CO)C(=O)N(C3=O)CC[N+](C)(C)C)C#CC6=CC(=C(C=C6)O)CO"
72712445,C42H36N4O8,724.253314112,"CC(=O)OC1=CC=C(C=C1)C#CC2=CC3=C4C5=C2C(=O)N(C(=O)C5=CC(=C4C(=O)N(C3=O)CCN(C)C)C#CC6=CC=C(C=C6)OC(=O)C)CCN(C)C"
72712663,C46H44N4O8,780.315914368,"CC1(OCC2=C(O1)C=CC(=C2)C#CC3=CC4=C5C6=C3C(=O)N(C(=O)C6=CC(=C5C(=O)N(C4=O)CCN(C)C)C#CC7=CC8=C(C=C7)OC(OC8)(C)C)CCN(C)C)C"
85772466,C26H14N2O5,434.090271548,"C1=CC=C(C=C1)OC2=CC=C(C=C2)N3C(=O)C4=C5C(=CC=C6C5=C(C=C4)C(=O)NC6=O)C3=O"
85824375,C26H14N2O11S2,594.003901268,"C1=CC=C(C(=C1)OC2=C(C=C(C=C2)N3C(=O)C4=C5C(=CC=C6C5=C(C=C4)C(=O)NC6=O)C3=O)S(=O)(=O)O)S(=O)(=O)O"
85858589,C24H26N2O4,406.18925731199994,"CCCCCCCCCCN1C(=O)C2=C3C(=CC=C4C3=C(C=C2)C(=O)NC4=O)C1=O"
85972459,C32H26N2O12S2,694.0927162720001,"C1=CC=C(C(=C1)C2=C(C=C(C=C2)N3C(=O)C4=C5C(=CC=C6C5=C(C=C4)C(=O)NC6=O)C3=O)OCCCS(=O)(=O)O)OCCCS(=O)(=O)O"
85972466,C32H26N2O12S2,694.0927162720002,"C1=CC(=CC(=C1)OCCCS(=O)(=O)O)C2=CC(=C(C=C2)N3C(=O)C4=C5C(=CC=C6C5=C(C=C4)C(=O)NC6=O)C3=O)OCCCS(=O)(=O)O"
86188907,C20H18N2O6,382.11648629599995,"CCOCCOCCN1C(=O)C2=C3C(=CC=C4C3=C(C=C2)C(=O)NC4=O)C1=O"
86310101,C22H26N4O4+2,410.19430815218,"C[NH+](C)CCN1C(=O)C2=C3C(=CC=C4C3=C(C=C2)C(=O)N(C4=O)CC[NH+](C)C)C1=O"
88989054,C24H6N6O4S4,569.933336672,"CN1C(=O)C2=C3C(=C4C5=C2C(=C6C(=C5C(=O)N(C4=O)C)SC(=C(S6)[N+]#[C-])[N+]#[C-])C1=O)SC(=C(S3)C#N)C#N"
99654794,C40H52N4O4,652.398856144,"CC1(C2CCC(C2)(C1NCCCN3C(=O)C4=C5C(=CC=C6C5=C(C=C4)C(=O)N(C6=O)CCCNC7C(C8CCC7(C8)C)(C)C)C3=O)C)C"
99654795,C40H52N4O4,652.398856144,"CC1(C2CCC(C2)(C1NCCCN3C(=O)C4=C5C(=CC=C6C5=C(C=C4)C(=O)N(C6=O)CCCNC7C(C8CCC7(C8)C)(C)C)C3=O)C)C"
99654796,C40H52N4O4,652.398856144,"CC1(C2CCC(C2)(C1NCCCN3C(=O)C4=C5C(=CC=C6C5=C(C=C4)C(=O)N(C6=O)CCCNC7C(C8CCC7(C8)C)(C)C)C3=O)C)C"
99654797,C40H52N4O4,652.398856144,"CC1(C2CCC(C2)(C1NCCCN3C(=O)C4=C5C(=CC=C6C5=C(C=C4)C(=O)N(C6=O)CCCNC7C(C8CCC7(C8)C)(C)C)C3=O)C)C"
100825141,C20H9N3O6,387.04913500799995,"C1=CC=C(C(=C1)N2C(=O)C3=C4C(=CC=C5C4=C(C=C3)C(=O)NC5=O)C2=O)[N+](=O)[O-]"
100825147,C19H14N2O5,350.090271548,"C1CC(OC1)CN2C(=O)C3=C4C(=CC=C5C4=C(C=C3)C(=O)NC5=O)C2=O"
100825149,C19H14N2O5,350.090271548,"C1CC(OC1)CN2C(=O)C3=C4C(=CC=C5C4=C(C=C3)C(=O)NC5=O)C2=O"
100923109,C46H56N8O6,816.4322815119999,"C1CN(CCN1CCCNC(=O)C2=CC=CC2)CCCN3C(=O)C4=C5C(=CC=C6C5=C(C=C4)C(=O)N(C6=O)CCCN7CCN(CC7)CCCNC(=O)C8=CC=CC8)C3=O"
100923825,C54H42N6O4,838.326753824,"CCCCCCN1C(=O)C2=C3C(=CC=C4C3=C(C=C2)C(=O)N(C4=O)CC5=CC=C(C=C5)C6=C7C=CC(=CC8=NC(=C(C9=NC(=CC2=CC=C6N2)C=C9)C2=CC=C(C=C2)C)C=C8)N7)C1=O"
100923828,C89H112N6O4,1328.8745060640001,"CCCCCCC1=C(C2=C(C3=C(C(=C(N3)C=C4C(=C(C(=N4)C(=C5C(=C(C(=N5)C=C1N2)CCCCCC)C)C6=CC=C(C=C6)CN7C(=O)C8=C9C(=CC=C1C9=C(C=C8)C(=O)N(C1=O)CCCCCC)C7=O)C)CCCCCC)CCCCCC)C)C1=CC(=CC(=C1)C(C)(C)C)C(C)(C)C)C"
100925101,C24H22N2O4,402.15795718399994,"C=CCCCN1C(=O)C2=C3C(=CC=C4C3=C(C=C2)C(=O)N(C4=O)CCCC=C)C1=O"
100925102,C26H26N2O4,430.18925731199994,"C=CCCCCN1C(=O)C2=C3C(=CC=C4C3=C(C=C2)C(=O)N(C4=O)CCCCC=C)C1=O"
100935688,C142H151N19O39,2746.0416560120025,"CC(C)CC(C(=NCCCOC1=CC=CC2=C1C=CC=C2OCCCC(=NC(CC(=O)O)C(=NCCN3C(=O)C4=C5C(=CC=C6C5=C(C=C4)C(=O)N(C6=O)CCC(=NC(CC(C)C)C(=NCCCOC7=CC=CC8=C7C=CC=C8OCCCC(=NC(CC(=O)O)C(=NCCN9C(=O)C1=C2C(=CC=C4C2=C(C=C1)C(=O)N(C4=O)CCC(=NC(CC(C)C)C(=NCCCOC1=CC=CC2=C1C=CC=C2OCCCC(=NC(CC(=O)O)C(=NCCN1C(=O)C2=C4C(=CC=C5C4=C(C=C2)C(=O)N(C5=O)CCC(=NCC(=O)O)O)C1=O)O)O)O)O)C9=O)O)O)O)O)C3=O)O)O)O)N=C(C)O"
100935689,C136H133N19O45,2751.870293156002,"CC(=NC(CC(=O)O)C(=NCCCOC1=CC=CC2=C1C=CC=C2OCCCC(=NC(CC(=O)O)C(=NCCN3C(=O)C4=C5C(=CC=C6C5=C(C=C4)C(=O)N(C6=O)CCC(=NC(CC(=O)O)C(=NCCCOC7=CC=CC8=C7C=CC=C8OCCCC(=NC(CC(=O)O)C(=NCCN9C(=O)C1=C2C(=CC=C4C2=C(C=C1)C(=O)N(C4=O)CCC(=NC(CC(=O)O)C(=NCCCOC1=CC=CC2=C1C=CC=C2OCCCC(=NC(CC(=O)O)C(=NCCN1C(=O)C2=C4C(=CC=C5C4=C(C=C2)C(=O)N(C5=O)CCC(=NCC(=O)O)O)C1=O)O)O)O)O)C9=O)O)O)O)O)C3=O)O)O)O)O"
100937200,C52H74N10O8S2,1030.513251328,"CC12CSC(C1(NC(=O)N2)C)CCCCC(=O)NCCCN(C)CCCN3C(=O)C4=C5C(=CC=C6C5=C(C=C4)C(=O)N(C6=O)CCCN(C)CCCNC(=O)CCCCC7C8(C(CS7)(NC(=O)N8)C)C)C3=O"
100939132,C39H36N4O6,656.263484872,"CCCCCCCCN1C(=O)C2=C3C(=CC=C4C3=C(C=C2)C(=O)N(C4=O)N5C(=O)C6=C7C(=C(C=C6)N8CCCCC8)C=CC=C7C5=O)C1=O"
100941613,C48H62N14O10,994.477334184,"CC(=O)NCC(=O)NC(CC1=CN=CN1)C(=O)NCCCN(C)CCCN2C(=O)C3=C4C(=CC=C5C4=C(C=C3)C(=O)N(C5=O)CCCN(C)CCCNC(=O)C(CC6=CN=CN6)NC(=O)CNC(=O)C)C2=O"
100941648,C38H50N10O7,758.3863939400001,"CC(=O)NCC(=O)NC(CC1=CN=CN1)C(=O)NCCCN(C)CCCN2C(=O)C3=C4C(=CC=C5C4=C(C=C3)C(=O)N(C5=O)CCCN(C)CCCN)C2=O"
100962167,C24H26N2O4,406.18925731199994,"CCCC(C)N1C(=O)C2=C3C(=CC=C4C3=C(C=C2)C(=O)N(C4=O)C(C)CCC)C1=O"
100965765,C64H86N2O12,1074.6180761920002,"CC(CCC(=O)OC)C1CCC2C1(C(CC3C2C(CC4C3(CCC(C4)N5C(=O)C6=C7C(=CC=C8C7=C(C=C6)C(=O)N(C8=O)C9CCC1(C(C9)CC(C2C1CC(C1(C2CCC1C(C)CCC(=O)OC)C)O)O)C)C5=O)C)O)O)C"
100991296,C70H48N6O14,1196.3228502159998,"COC1=C(C=CC(=C1)C2=CC(=C(C=C2)N3C(=O)C4=C5C(=CC=C6C5=C(C=C4)C(=O)N(C6=O)C7=C(C=C(C=C7)C8=CC(=C(C=C8)N9C(=O)C1=C2C(=CC=C4C2=C(C=C1)C(=O)N(C4=O)C1=C(C=C(C=C1)C1=CC(=C(C=C1)N)OC)OC)C9=O)OC)OC)C3=O)OC)N"
101000991,C33H30N6O5,590.22776806,"CN(C)CCCN1C(=O)C2=C3C(=CC=C4C3=C(C=C2)C(=O)N(C4=O)CCCNC(=O)C5=CN=C(C=C5)C6=CC=CC=N6)C1=O"
101005333,C42H54N8O8+2,798.40536352818,"CC1=CN(C(=O)NC1=O)CCCC[N+](C)(C)CCCN2C(=O)C3=C4C(=CC=C5C4=C(C=C3)C(=O)N(C5=O)CCC[N+](C)(C)CCCCN6C=C(C(=O)NC6=O)C)C2=O"
101005334,C54H68N8O8+4,956.5138168163602,"C[N+]1(CCCN2C(=O)C3=C4C(=CC=C5C4=C(C=C3)C(=O)N(C5=O)CCC[N+](CCC[N+](CCCN6C(=O)C7=C8C(=CC=C9C8=C(C=C7)C(=O)N(C9=O)CCC[N+](CCC1)(C)C)C6=O)(C)C)(C)C)C2=O)C"
101010313,C48H58N2O4,726.439658336,"CCCCCCCCC#CC#CCCCCCN1C(=O)C2=C3C(=CC=C4C3=C(C=C2)C(=O)N(C4=O)CCCCCC#CC#CCCCCCCCC)C1=O"
101015700,C30H26N10O10,686.183337032,"C1=CC2=C3C(=CC=C4C3=C1C(=O)N(C4=O)CCCNC(=O)CN5C=CN=C5[N+](=O)[O-])C(=O)N(C2=O)CCCNC(=O)CN6C=CN=C6[N+](=O)[O-]"
101017663,C40H32N4O8,696.2220139840001,"C1CCCN2C(=O)C3=C4C(=CC=C5C4=C(C=C3)C(=O)N(C5=O)CCCCCCN6C(=O)C7=C8C(=CC=C9C8=C(C=C7)C(=O)N(C9=O)CC1)C6=O)C2=O"
101022804,C28H22N4O4+2,478.16300802418,"C1=CC=[N+](C=C1)CCN2C(=O)C3=C4C(=CC=C5C4=C(C=C3)C(=O)N(C5=O)CC[N+]6=CC=CC=C6)C2=O"
101027484,C45H40N4O6,732.294785,"CCCCCCCCN1C(=O)C2=C3C(=CC=C4C3=C(C=C2)C(=O)N(C4=O)C5=CC=CC(=C5)N6C(=O)C7=C8C(=C(C=C7)N9CCCCC9)C=CC=C8C6=O)C1=O"
101027485,C55H42N6O10,946.296241544,"CCCCCCCCN1C(=O)C2=C3C(=CC=C4C3=C(C=C2)C(=O)N(C4=O)N5C(=O)C6=C(C5=O)C=C7C(=C6)C(=O)N(C7=O)C8=CC(=CC=C8)N9C(=O)C2=C3C(=C(C=C2)N2CCCCC2)C=CC=C3C9=O)C1=O"
101027486,C77H62N8O14,1322.4385486639997,"CCCCCCCCN1C(=O)C2=C3C(=CC=C4C3=C(C=C2)C(=O)N(C4=O)C5=CC(=CC(=C5)N6C(=O)C7=C8C(=C(C=C7)N9CCCCC9)C=CC=C8C6=O)N2C(=O)C3=CC4=C(C=C3C2=O)C(=O)N(C4=O)N2C(=O)C3=C4C(=CC=C5C4=C(C=C3)C(=O)N(C5=O)CCCCCCCC)C2=O)C1=O"
101048385,C84H79N3O8,1257.5867164879999,"CCCCCCCCN1C(=O)C2=C3C(=CC=C4C3=C(C=C2)C(=O)N(C4=O)C5=CC=C(C=C5)C6=C7C=CC=C8C7=C(C=C6)C9=C(C=C2C3=C9C8=C(C=C3C(=O)N(C2=O)C2=C(C=CC(=C2)C(C)(C)C)C(C)(C)C)OC2=CC=C(C=C2)C(C)(C)C)OC2=CC=C(C=C2)C(C)(C)C)C1=O"
101048386,C111H105N7O8,1663.8024633199996,"CCCCCCCCN1C(=O)C2=C3C(=CC=C4C3=C(C=C2)C(=O)N(C4=O)C5=CC=C(C=C5)C6=C7C=CC=C8C7=C(C=C6)C9=C(C=C2C3=C9C8=C(C=C3C(=O)N(C2=O)C2=CC=C(C=C2)C2=C3C=CC(=N3)C(=C3C=CC(=C(C4=NC(=C(C5=CC=C2N5)CCCCC)C=C4)CCCCC)N3)CCCCC)OC2=CC=C(C=C2)C(C)(C)C)OC2=CC=C(C=C2)C(C)(C)C)C1=O"
101048387,C78H75N3O8,1181.55541636,"CCCCCCCCN1C(=O)C2=C3C(=CC=C4C3=C(C=C2)C(=O)N(C4=O)C5=C6C=CC=C7C6=C(C=C5)C8=C(C=C9C2=C8C7=C(C=C2C(=O)N(C9=O)C2=C(C=CC(=C2)C(C)(C)C)C(C)(C)C)OC2=CC=C(C=C2)C(C)(C)C)OC2=CC=C(C=C2)C(C)(C)C)C1=O"
101071136,C24H14N2O4,394.09535692799994,"C1=CC(C=C1)N2C(=O)C3=C4C(=CC=C5C4=C(C=C3)C(=O)N(C5=O)C6C=CC=C6)C2=O"
101072727,C32H26N2O6,534.179086552,"CC(C)(C1=CC=C(C=C1)O)N2C(=O)C3=C4C(=CC=C5C4=C(C=C3)C(=O)N(C5=O)C(C)(C)C6=CC=C(C=C6)O)C2=O"
101073026,C50H78N2O4,770.596158976,"CCCCCCCCCCCCCCCCCCN1C(=O)C2=C3C(=CC=C4C3=C(C=C2)C(=O)N(C4=O)CCCCCCCCCCCCCCCCCC)C1=O"
101073027,C28H34N2O6,494.24168680799994,"CC(C)OCCCCN1C(=O)C2=C3C(=CC=C4C3=C(C=C2)C(=O)N(C4=O)CCCCOC(C)C)C1=O"
101073107,C47H44N4O8,792.315914368,"CCCCCCCCN1C(=O)C2=C3C(=CC=C4C3=C(C=C2)C(=O)N(C4=O)C5=C(C=C(C(=C5)OC)N6C(=O)C7=C8C(=C(C=C7)N9CCCCC9)C=CC=C8C6=O)OC)C1=O"
101073108,C53H49N5O9,899.353028148,"CCCCCCCCN1C(=O)C2=C3C(=CC=C4C3=C(C=C2)C(=O)N(C4=O)C5=C(C=C(C(=C5)OC)N6C(=O)C7=C8C(=C(C=C7)N9CCN(CC9)C2=CC=C(C=C2)OC)C=CC=C8C6=O)OC)C1=O"
101073110,C42H35N3O8,709.24241508,"CCCCCCCCN1C(=O)C2=C3C(=CC=C4C3=C(C=C2)C(=O)N(C4=O)C5=C(C=C(C(=C5)OC)N6C(=O)C7=CC=CC8=C7C(=CC=C8)C6=O)OC)C1=O"
101073112,C42H35N3O6,677.25258584,"CCCCCCCCN1C(=O)C2=C3C(=CC=C4C3=C(C=C2)C(=O)N(C4=O)C5=CC(=C(C=C5C)N6C(=O)C7=CC=CC8=C7C(=CC=C8)C6=O)C)C1=O"
101075837,C48H49N7O17,995.318493108,"CC(=O)NC(CC(=O)O)C(=O)NCCCOC1=CC=CC2=C1C=CC=C2OCCCC(=O)NC(CC(=O)O)C(=O)NCCN3C(=O)C4=C5C(=CC=C6C5=C(C=C4)C(=O)N(C6=O)CCC(=O)NCC(=O)O)C3=O"
101075838,C50H52N8O18,1052.339956824,"CC(=O)NC(CC(=O)O)C(=O)NCCCOC1=CC=CC2=C1C=CC=C2OCCCC(=O)NC(CC(=O)O)C(=O)NCC(=O)NCCN3C(=O)C4=C5C(=CC=C6C5=C(C=C4)C(=O)N(C6=O)CCC(=O)NCC(=O)O)C3=O"
101075839,C52H55N9O19,1109.36142054,"CC(=O)NC(CC(=O)O)C(=O)NCCCOC1=CC=CC2=C1C=CC=C2OCCCC(=O)NCC(=O)NC(CC(=O)O)C(=O)NCC(=O)NCCN3C(=O)C4=C5C(=CC=C6C5=C(C=C4)C(=O)N(C6=O)CCC(=O)NCC(=O)O)C3=O"
101075840,C54H58N10O20,1166.3828842559997,"CC(=O)NC(CC(=O)O)C(=O)NCCCOC1=CC=CC2=C1C=CC=C2OCCCC(=O)NCC(=O)NCC(=O)NC(CC(=O)O)C(=O)NCC(=O)NCCN3C(=O)C4=C5C(=CC=C6C5=C(C=C4)C(=O)N(C6=O)CCC(=O)NCC(=O)O)C3=O"
101075841,C52H55N7O17,1049.3654433000002,"C1CCC(C1)(C(=O)NCCN2C(=O)C3=C4C(=CC=C5C4=C(C=C3)C(=O)N(C5=O)CCC(=O)NCC(=O)O)C2=O)NC(=O)CCCOC6=CC=CC7=C6C=CC=C7OCCCNC(=O)C(CC(=O)O)NC(=O)CCC(=O)O"
101075842,C46H46N6O15,922.3021147720002,"C1=CC(=C2C=CC=C(C2=C1)OCCCC(=O)NCC(=O)O)CCCNC(=O)CCN3C(=O)C4=C5C(=CC=C6C5=C(C=C4)C(=O)N(C6=O)CCNC(=O)C(CC(=O)O)NC(=O)CCC(=O)O)C3=O"
101075843,C51H53N7O17,1035.349793236,"C1CC(N(C1)C(=O)CCCOC2=CC=CC3=C2C=CC=C3OCCCNC(=O)C(CC(=O)O)NC(=O)CCC(=O)O)C(=O)NCCN4C(=O)C5=C6C(=CC=C7C6=C(C=C5)C(=O)N(C7=O)CCC(=O)NCC(=O)O)C4=O"
101075845,C52H55N7O17,1049.3654433000002,"C1CN(CCC1C(=O)NCCN2C(=O)C3=C4C(=CC=C5C4=C(C=C3)C(=O)N(C5=O)CCC(=O)NCC(=O)O)C2=O)C(=O)CCCOC6=CC=CC7=C6C=CC=C7OCCCNC(=O)C(CC(=O)O)NC(=O)CCC(=O)O"
101075846,C44H42N6O14,878.2759000240002,"C1CC(=O)NC(C(=O)NCCN2C(=O)C3=C4C(=CC=C5C4=C(C=C3)C(=O)N(C5=O)CCC(=O)NC(C(=O)NCCCOC6=CC=CC7=C6C=CC=C7OC1)CC(=O)O)C2=O)CC(=O)O"
101075847,C44H44N6O15,896.2864647080002,"C1=CC2=C(C=CC=C2OCCCN)C(=C1)OCCCC(=O)NC(CC(=O)O)C(=O)NCCN3C(=O)C4=C5C(=CC=C6C5=C(C=C4)C(=O)N(C6=O)CCC(=O)NC(CC(=O)O)C(=O)O)C3=O"
101075848,C41H31N3O13,773.1856880520002,"C1=CC2=C(C=CC=C2OCC(=O)O)C(=C1)OCC3=CC=C(C=C3)CN4C(=O)C5=C6C(=CC=C7C6=C(C=C5)C(=O)N(C7=O)CCC(=O)NC(CC(=O)O)C(=O)O)C4=O"
101080213,C64H86N2O10,1042.6282469520002,"CCCCCCCCCCCCCCCCCCOC1=C(C=C(C=C1)C(=O)O)N2C(=O)C3=C4C(=CC=C5C4=C(C=C3)C(=O)N(C5=O)C6=C(C=CC(=C6)C(=O)O)OCCCCCCCCCCCCCCCCCC)C2=O"
101081515,C38H34N4O6,642.2478348080001,"CCCCCCCCN1C(=O)C2=C3C(=CC=C4C3=C(C=C2)C(=O)N(C4=O)N5C(=O)C6=C7C(=C(C=C6)N8CCCC8)C=CC=C7C5=O)C1=O"
101090057,C34H32N4O6,592.2321847439999,"C1=CC(C=C1)CC(=O)NCCCN2C(=O)C3=C4C(=CC=C5C4=C(C=C3)C(=O)N(C5=O)CCCNC(=O)CC6C=CC=C6)C2=O"
101097647,C29H20N2O4,460.14230711999994,"C1=CC=C(C=C1)C(CCN2C(=O)C3=C4C(=CC=C5C4=C(C=C3)C(=O)NC5=O)C2=O)C6=CC=CC=C6"
101106238,C81H67N7O12,1329.484770584,"CCCCCCCCN1C(=O)C2=C3C(=CC=C4C3=C(C=C2)C(=O)N(C4=O)C5=CC(=CC(=C5)N6C(=O)C7=C8C(=C(C=C7)N9CCCCC9)C=CC=C8C6=O)N2C(=O)C3=C4C(=C(C=C3)C3=CC(=CC=C3)N3C(=O)C5=C(C3=O)C=C3C(=C5)C(=O)N(C3=O)CCCCCCCC)C=CC=C4C2=O)C1=O"
101109210,C18H13N2O6-,353.07790971591,"C1=CC2=C3C(=CC=C4C3=C1C(=O)N(C4=O)CCO)C(=O)N(C2=O)CC[O-]"
101109211,C20H17N2O6-,381.10920984391,"C1=CC2=C3C(=CC=C4C3=C1C(=O)N(C4=O)CCCO)C(=O)N(C2=O)CCC[O-]"
101109212,C22H21N2O6-,409.14050997191,"C1=CC2=C3C(=CC=C4C3=C1C(=O)N(C4=O)CCCCO)C(=O)N(C2=O)CCCC[O-]"
101109213,C24H25N2O6-,437.17181009991,"C1=CC2=C3C(=CC=C4C3=C1C(=O)N(C4=O)CCCCCO)C(=O)N(C2=O)CCCCC[O-]"
101109214,C26H29N2O6-,465.20311022791,"C1=CC2=C3C(=CC=C4C3=C1C(=O)N(C4=O)CCCCCCO)C(=O)N(C2=O)CCCCCC[O-]"
101109215,C26H30N2O6,466.21038667999994,"C1=CC2=C3C(=CC=C4C3=C1C(=O)N(C4=O)CCCCCCO)C(=O)N(C2=O)CCCCCCO"
101109216,C18H12N2O6-2,352.07063326381996,"C1=CC2=C3C(=CC=C4C3=C1C(=O)N(C4=O)CC[O-])C(=O)N(C2=O)CC[O-]"
101109217,C20H16N2O6-2,380.10193339181995,"C1=CC2=C3C(=CC=C4C3=C1C(=O)N(C4=O)CCC[O-])C(=O)N(C2=O)CCC[O-]"
101109220,C22H20N2O6-2,408.13323351981995,"C1=CC2=C3C(=CC=C4C3=C1C(=O)N(C4=O)CCCC[O-])C(=O)N(C2=O)CCCC[O-]"
101109221,C24H24N2O6-2,436.16453364781995,"C1=CC2=C3C(=CC=C4C3=C1C(=O)N(C4=O)CCCCC[O-])C(=O)N(C2=O)CCCCC[O-]"
101109222,C26H28N2O6-2,464.19583377581995,"C1=CC2=C3C(=CC=C4C3=C1C(=O)N(C4=O)CCCCCC[O-])C(=O)N(C2=O)CCCCCC[O-]"
101111906,C76H78N4O6,1142.592136216,"CCCCCCCCN1C(=O)C2=C3C(=CC=C4C3=C(C=C2)C(=O)N(C4=O)N5C(=O)C6=CC(=C7C8=C9C(=C(C=C8)N2CCCC2)C=CC=C9C2=C7C6=C(C5=O)C=C2C2=C(C=CC(=C2)C(C)(C)C)C(C)(C)C)C2=C(C=CC(=C2)C(C)(C)C)C(C)(C)C)C1=O"
101124426,C30H38N2O14,650.232303896,"C1=CC2=C3C(=CC=C4C3=C1C(=O)N(C4=O)OCCOCCOCCOCCO)C(=O)N(C2=O)OCCOCCOCCOCCO"
101137785,C48H44N4O6,772.3260851279999,"CCC(C)(C)C1=CC(=C(C=C1)OCC2=CC=NC=C2)N3C(=O)C4=C5C(=CC=C6C5=C(C=C4)C(=O)N(C6=O)C7=C(C=CC(=C7)C(C)(C)CC)OCC8=CC=NC=C8)C3=O"
101142611,C74H122N14O32S4,1846.7232417439984,"C1C(C(C(C(C1N)OC2C(C(C(C(O2)CN)O)O)N)OC3C(C(C(O3)CSCCOCCSCC(CN4C(=O)C5=C6C(=CC=C7C6=C(C=C5)C(=O)N(C7=O)CC(CSCCOCCSCC8C(C(C(O8)OC9C(C(CC(C9OC1C(C(C(C(O1)CN)O)O)N)N)N)O)O)OC1C(C(C(C(O1)CN)O)O)N)O)C4=O)O)OC1C(C(C(C(O1)CN)O)O)N)O)O)N"
101142613,C69H113N13O29S4,1715.6649985959987,"C1C(C(C(C(C1N)OC2C(C(C(C(O2)CN)O)O)N)OC3C(C(C(O3)CSCCOCCSCC(CN4C(=O)C5=C6C(=CC=C7C6=C(C=C5)C(=O)N(C7=O)CC(CSCCOCCSC(C8C(C(C(C(O8)OC9C(CC(C(C9O)OC1C(CC(C(O1)CN)O)N)N)N)O)N)O)O)O)C4=O)O)OC1C(C(C(C(O1)CN)O)O)N)O)O)N"
101143787,C40H46N6O6,706.347883192,"CN(CCCNC(=O)C1C=CC=C1)CCCN2C(=O)C3=C4C(=CC=C5C4=C(C=C3)C(=O)N(C5=O)CCCN(C)CCCNC(=O)C6C=CC=C6)C2=O"
101159637,C138H140N12O20,2285.0306848799987,"CCCCCCCCCCCCCCCCCCOC1=C(C=C(C=C1N2C(=O)C3=C4C(=CC=C5C4=C(C=C3)C(=O)N(C5=O)C6=CC(=CC(=C6OCCCCCCCCCCCCCCCCCC)N7C(=O)C8=C9C(=CC=C1C9=C(C=C8)C(=O)N(C1=O)C1=CC(=CC(=C1)N1C(=O)C3=CC=CC=C3C1=O)C(=NC(C)(C)CC(C)(C)C)O)C7=O)C#N)C2=O)C#N)N1C(=O)C2=C3C(=CC=C4C3=C(C=C2)C(=O)N(C4=O)C2=CC(=CC(=C2)N2C(=O)C3=CC=CC=C3C2=O)C(=NC(C)(C)CC(C)(C)C)O)C1=O"
101159638,C64H84N4O6,1004.639086408,"CCCCCCCCCCCCCCCCCCOC1=C(C=C(C=C1)C#N)N2C(=O)C3=C4C(=CC=C5C4=C(C=C3)C(=O)N(C5=O)C6=C(C=CC(=C6)C#N)OCCCCCCCCCCCCCCCCCC)C2=O"
101163070,C69H64N4O8,1076.472415008,"CCCCCCCCN1C(=O)C2=C3C(=CC=C4C3=C(C=C2)C(=O)N(C4=O)N5C(=O)C6=CC(=C7C8=C9C(=C(C=C8)N2CCCCC2)C=CC=C9C2=C(C=C(C6=C72)C5=O)OC2=CC=C(C=C2)C(C)(C)C)OC2=CC=C(C=C2)C(C)(C)C)C1=O"
101163071,C78H64N6O12,1276.4582214879997,"CCCCCCCCN1C(=O)C2=C3C(=CC=C4C3=C(C=C2)C(=O)N(C4=O)N5C(=O)C6=CC7=C(C=C6C5=O)C(=O)N(C7=O)N8C(=O)C9=CC(=C2C3=C4C(=C(C=C3)N3CCCC3)C=CC=C4C3=C(C=C(C9=C23)C8=O)OC2=CC=C(C=C2)C(C)(C)C)OC2=CC=C(C=C2)C(C)(C)C)C1=O"
101163072,C79H66N6O12,1290.4738715519998,"CCCCCCCCN1C(=O)C2=C3C(=CC=C4C3=C(C=C2)C(=O)N(C4=O)N5C(=O)C6=CC7=C(C=C6C5=O)C(=O)N(C7=O)N8C(=O)C9=CC(=C2C3=C4C(=C(C=C3)N3CCCCC3)C=CC=C4C3=C(C=C(C9=C23)C8=O)OC2=CC=C(C=C2)C(C)(C)C)OC2=CC=C(C=C2)C(C)(C)C)C1=O"
101163075,C68H62N4O8,1062.456764944,"CCCCCCCCN1C(=O)C2=C3C(=CC=C4C3=C(C=C2)C(=O)N(C4=O)N5C(=O)C6=CC(=C7C8=C9C(=C(C=C8)N2CCCC2)C=CC=C9C2=C(C=C(C6=C72)C5=O)OC2=CC=C(C=C2)C(C)(C)C)OC2=CC=C(C=C2)C(C)(C)C)C1=O"
101168020,C61H39N7O5,949.3012673479999,"CN1C(=O)C2=C3C(=CC=C4C3=C(C=C2)C(=O)N(C4=O)CC(=O)NC5=CC=C(C=C5)C6=C7C=CC(=N7)C(=C8C=CC(=C(C9=NC(=C(C2=CC=C6N2)C2=CC=CC=C2)C=C9)C2=CC=CC=C2)N8)C2=CC=CC=C2)C1=O"
101168023,C78H56N8O8,1232.4221107519998,"CCCCCCN1C(=O)C2=C3C(=CC=C4C3=C(C=C2)C(=O)N(C4=O)N5C(=O)C6=C(C5=O)C=C7C(=C6)C(=O)N(C7=O)CC8=CC=C(C=C8)C9=C2C=CC(=N2)C(=C2C=CC(=C(C3=NC(=C(C4=CC=C9N4)C4=CC=C(C=C4)C)C=C3)C3=CC=C(C=C3)C)N2)C2=CC=C(C=C2)C)C1=O"
101168024,C69H55N7O5,1061.42646786,"CCCCCCN1C(=O)C2=C3C(=CC=C4C3=C(C=C2)C(=O)N(C4=O)CC(=O)NC5=CC=C(C=C5)C6=C7C=CC(=N7)C(=C8C=CC(=C(C9=NC(=C(C2=CC=C6N2)C2=CC=C(C=C2)C)C=C9)C2=CC=C(C=C2)C)N8)C2=CC=C(C=C2)C)C1=O"
101168025,C70H40N8O8,1120.2969102399998,"CN1C(=O)C2=C3C(=CC=C4C3=C(C=C2)C(=O)N(C4=O)N5C(=O)C6=C(C5=O)C=C7C(=C6)C(=O)N(C7=O)CC8=CC=C(C=C8)C9=C2C=CC(=N2)C(=C2C=CC(=C(C3=NC(=C(C4=CC=C9N4)C4=CC=CC=C4)C=C3)C3=CC=CC=C3)N2)C2=CC=CC=C2)C1=O"
101189287,C46H54N2O4,698.408358208,"CCCCCCCCC#CC#CCCCCN1C(=O)C2=C3C(=CC=C4C3=C(C=C2)C(=O)N(C4=O)CCCCC#CC#CCCCCCCCC)C1=O"
101189288,C52H66N2O4,782.502258592,"CCCCCCCCC#CC#CCCCCCCCN1C(=O)C2=C3C(=CC=C4C3=C(C=C2)C(=O)N(C4=O)CCCCCCCC#CC#CCCCCCCCC)C1=O"
101189289,C56H74N2O4,838.564858848,"CCCCCCCCC#CC#CCCCCCCCCCN1C(=O)C2=C3C(=CC=C4C3=C(C=C2)C(=O)N(C4=O)CCCCCCCCCC#CC#CCCCCCCCC)C1=O"
101190739,C96H101N7O5,1431.7864193319997,"CCCCCCN1C(=O)C2=C3C(=CC=C4C3=C(C=C2)C(=O)N(C4=O)CC5=CC=C(C=C5)C(=NC6=CC=C(C=C6)C7=C8C=CC(=C(C9=NC(=C(C2=CC=C(N2)C(=C2C=CC7=N2)C2=CC(=CC(=C2)C(C)(C)C)C(C)(C)C)C2=CC(=CC(=C2)C(C)(C)C)C(C)(C)C)C=C9)C2=CC(=CC(=C2)C(C)(C)C)C(C)(C)C)N8)O)C1=O"
101195586,C20H17N3O7,411.106649884,"CN1C(=O)C2=C3C(=CC=C4C3=C(C=C2)C(=O)N(C4=O)CC(=O)NC(CO)CO)C1=O"
101195589,C41H35N3O9,713.2373297,"CN1C(=O)C2=C3C(=CC=C4C3=C(C=C2)C(=O)N(C4=O)CC(=O)NC(CO)COC(C5=CC=CC=C5)(C6=CC=C(C=C6)OC)C7=CC=C(C=C7)OC)C1=O"
101196799,C28H42N6O4+4,526.32455950436,"C[NH+](CCC[NH3+])CCCN1C(=O)C2=C3C(=CC=C4C3=C(C=C2)C(=O)N(C4=O)CCC[NH+](C)CCC[NH3+])C1=O"
101196800,C30H46N6O4+4,554.35585963236,"C[N+](C)(CCC[NH3+])CCCN1C(=O)C2=C3C(=CC=C4C3=C(C=C2)C(=O)N(C4=O)CCC[N+](C)(C)CCC[NH3+])C1=O"
101196801,C30H44N6O4+2,552.34130672818,"C[N+](C)(CCCN)CCCN1C(=O)C2=C3C(=CC=C4C3=C(C=C2)C(=O)N(C4=O)CCC[N+](C)(C)CCCN)C1=O"
101209231,C54H74N6O6,902.566984088,"CN(CCCCNC(=O)CC12CC3CC(C1)CC(C3)C2)CCCN4C(=O)C5=C6C(=CC=C7C6=C(C=C5)C(=O)N(C7=O)CCCN(C)CCCCNC(=O)CC89CC1CC(C8)CC(C1)C9)C4=O"
101213065,C48H49N7O17,995.318493108,"CC(=O)NC(CC(=O)O)C(=O)NCCCOC1=CC=CC2=C1C=CC=C2OCCCC(=O)NC(CC(=O)O)C(=O)NCCN3C(=O)C4=C5C(=CC=C6C5=C(C=C4)C(=O)N(C6=O)CCC(=O)NCC(=O)O)C3=O"
101213066,C52H55N7O17,1049.3654433000002,"C1CN(CCC1C(=O)NCCN2C(=O)C3=C4C(=CC=C5C4=C(C=C3)C(=O)N(C5=O)CCC(=O)NCC(=O)O)C2=O)C(=O)CCCOC6=CC=CC7=C6C=CC=C7OCCCNC(=O)C(CC(=O)O)NC(=O)CCC(=O)O"
101213067,C46H46N6O16,938.2970293920004,"C1=CC2=C(C=CC=C2OCCCNC(=O)CCN3C(=O)C4=C5C(=CC=C6C5=C(C=C4)C(=O)N(C6=O)CCNC(=O)C(CC(=O)O)NC(=O)CCC(=O)O)C3=O)C(=C1)OCCCC(=O)NCC(=O)O"
101213068,C67H71N7O19,1277.4804730519998,"C1CN(CCC1C(=O)NCCN2C(=O)C3=C4C(=CC=C5C4=C(C=C3)C(=O)N(C5=O)CCC(=O)NCCCOC6=CC=CC7=C6C=CC=C7OCCCC(=O)NC(CC(=O)O)C(=O)O)C2=O)C(=O)CCCOC8=CC=CC9=C8C=CC=C9OCCCNC(=O)CCC(=O)O"
101213069,C88H85N11O29,1759.5514656999985,"C1=CC2=C(C=CC=C2OCCCN=C(CCC(=O)O)O)C(=C1)OCCCC(=NC(CC(=O)O)C(=NCCN3C(=O)C4=C5C(=CC=C6C5=C(C=C4)C(=O)N(C6=O)CCC(=NCCCOC7=CC=CC8=C7C=CC=C8OCCCC(=NC(CC(=O)O)C(=NCCN9C(=O)C1=C2C(=CC=C4C2=C(C=C1)C(=O)N(C4=O)CCC(=NC(CC(=O)O)C(=O)O)O)C9=O)O)O)O)C3=O)O)O"
101213070,C65H67N7O21,1281.4390021639992,"C1=CC2=C(C=CC=C2OCCCN=C(CCC(=O)O)O)C(=C1)OCCCC(=NC(CC(=O)O)C(=NCCN3C(=O)C4=C5C(=CC=C6C5=C(C=C4)C(=O)N(C6=O)CCC(=NCCCOC7=CC=CC8=C7C=CC=C8OCCCC(=NC(CC(=O)O)C(=O)O)O)O)C3=O)O)O"
101213071,C69H64N10O24,1416.4094929279995,"C1=CC2=C(C=CC=C2OCCCN=C(CCN3C(=O)C4=C5C(=CC=C6C5=C(C=C4)C(=O)N(C6=O)CCN=C(C(CC(=O)O)N=C(CCC(=O)O)O)O)C3=O)O)C(=C1)OCCCC(=NC(CC(=O)O)C(=NCCN7C(=O)C8=C9C(=CC=C1C9=C(C=C8)C(=O)N(C1=O)CCC(=NCC(=O)O)O)C7=O)O)O"
101217627,C30H22N6O4,530.170253184,"C1=CC=NC(=C1)C=NCCN2C(=O)C3=C4C(=CC=C5C4=C(C=C3)C(=O)N(C5=O)CCN=CC6=CC=CC=N6)C2=O"
101217628,C32H26N6O4,558.2015533120001,"C1=CC=NC(=C1)C=NCCCN2C(=O)C3=C4C(=CC=C5C4=C(C=C3)C(=O)N(C5=O)CCCN=CC6=CC=CC=N6)C2=O"
101217936,C56H60N8O12,1036.43306936,"C1=CC=NC(=C1)C2=NC=C(C=C2)C(=O)NCCCOCCOCCOCCCN3C(=O)C4=C5C(=CC=C6C5=C(C=C4)C(=O)N(C6=O)CCCOCCOCCOCCCNC(=O)C7=CN=C(C=C7)C8=CC=CC=N8)C3=O"
101218013,C40H49N7O13,835.338834628,"C1=CC2=C3C(=CC=C4C3=C1C(=O)N(C4=O)CCCOCCOCCOCCCN)C(=O)N(C2=O)CCCOCCOCCOCCCNC5=CC=C(C6=NON=C56)[N+](=O)[O-]"
101219599,C50H43N9O19,1073.2675201560003,"CC(=O)NC(CC(=O)O)C(=O)NCCN1C(=O)C2=C3C(=CC=C4C3=C(C=C2)C(=O)N(C4=O)CCC(=O)NC(CC(=O)O)C(=O)NCCN5C(=O)C6=C7C(=CC=C8C7=C(C=C6)C(=O)N(C8=O)CCC(=O)NCC(=O)O)C5=O)C1=O"
101219600,C73H61N13O27,1551.3799836919989,"CC(=NC(CC(=O)O)C(=NCCN1C(=O)C2=C3C(=CC=C4C3=C(C=C2)C(=O)N(C4=O)CCC(=NC(CC(=O)O)C(=NCCN5C(=O)C6=C7C(=CC=C8C7=C(C=C6)C(=O)N(C8=O)CCC(=NC(CC(=O)O)C(=NCCN9C(=O)C2=C3C(=CC=C4C3=C(C=C2)C(=O)N(C4=O)CCC(=NCC(=O)O)O)C9=O)O)O)C5=O)O)O)C1=O)O)O"
101219601,C96H79N17O35,2029.492447227998,"CC(=NC(CC(=O)O)C(=NCCN1C(=O)C2=C3C(=CC=C4C3=C(C=C2)C(=O)N(C4=O)CCC(=NC(CC(=O)O)C(=NCCN5C(=O)C6=C7C(=CC=C8C7=C(C=C6)C(=O)N(C8=O)CCC(=NC(CC(=O)O)C(=NCCN9C(=O)C2=C3C(=CC=C4C3=C(C=C2)C(=O)N(C4=O)CCC(=NC(CC(=O)O)C(=NCCN2C(=O)C3=C4C(=CC=C6C4=C(C=C3)C(=O)N(C6=O)CCC(=NCC(=O)O)O)C2=O)O)O)C9=O)O)O)C5=O)O)O)C1=O)O)O"
101219602,C27H25N5O11,595.1550566200001,"CC(=O)NC(CC(=O)O)C(=O)NCCN1C(=O)C2=C3C(=CC=C4C3=C(C=C2)C(=O)N(C4=O)CCC(=O)NCC(=O)O)C1=O"
101228608,C69H55N7O5,1061.42646786,"CCCCCCN1C(=O)C2=C3C(=CC=C4C3=C(C=C2)C(=O)N(C4=O)C(=O)CNC5=CC=C(C=C5)C6=C7C=CC(=N7)C(=C8C=CC(=C(C9=NC(=C(C2=CC=C6N2)C2=CC=C(C=C2)C)C=C9)C2=CC=C(C=C2)C)N8)C2=CC=C(C=C2)C)C1=O"
101230240,C22H23N3O4,393.168856216,"CCCCCCCCN1C(=O)C2=C3C(=CC=C4C3=C(C=C2)C(=O)N(C4=O)N)C1=O"
101237518,C16H10N2O10S2,453.9776865199999,"C1=CC2=C3C(=CC=C4C3=C1C(=O)N(C4=O)CS(=O)(=O)O)C(=O)N(C2=O)CS(=O)(=O)O"
101240274,C54H66N2O4S14,1254.1112525919998,"CSC1=C(SC(=C2SC=C(S2)SCCCCCCCCCCCCN3C(=O)C4=C5C(=CC=C6C5=C(C=C4)C(=O)N(C6=O)CCCCCCCCCCCCSC7=CSC(=C8SC(=C(S8)SC)SC)S7)C3=O)S1)SC"
101240275,C46H46N2O4S14,1137.9547519520002,"CSC1=C(SC(=C2SC=C(S2)SCC3CCC(CC3)CN4C(=O)C5=C6C(=CC=C7C6=C(C=C5)C(=O)N(C7=O)CC8CCC(CC8)CSC9=CSC(=C2SC(=C(S2)SC)SC)S9)C4=O)S1)SC"
101244136,C44H38N4O6,718.2791349360001,"CCCCCCCCN1C(=O)C2=C3C(=CC=C4C3=C(C=C2)C(=O)N(C4=O)C5=CC=CC(=C5)N6C(=O)C7=C8C(=C(C=C7)N9CCCC9)C=CC=C8C6=O)C1=O"
101244137,C50H43N5O6,809.321334096,"CCCCCCCCN1C(=O)C2=C3C(=CC=C4C3=C(C=C2)C(=O)N(C4=O)C5=CC=CC(=C5)N6C(=O)C7=C8C(=C(C=C7)N9CCN(CC9)C2=CC=CC=C2)C=CC=C8C6=O)C1=O"
101244139,C52H48N6O6,852.363533256,"CCCCCCCCN1C(=O)C2=C3C(=CC=C4C3=C(C=C2)C(=O)N(C4=O)C5=CC=CC(=C5)N6C(=O)C7=C8C(=C(C=C7)N9CCN(CC9)C2=CC=C(C=C2)N(C)C)C=CC=C8C6=O)C1=O"
101244141,C51H45N5O7,839.3318987800001,"CCCCCCCCN1C(=O)C2=C3C(=CC=C4C3=C(C=C2)C(=O)N(C4=O)C5=CC=CC(=C5)N6C(=O)C7=C8C(=C(C=C7)N9CCN(CC9)C2=CC=C(C=C2)OC)C=CC=C8C6=O)C1=O"
101244784,C45H41N5O7,763.3005986520001,"CCCCCCCCN1C(=O)C2=C3C(=CC=C4C3=C(C=C2)C(=O)N(C4=O)N5C(=O)C6=C7C(=C(C=C6)N8CCN(CC8)C9=CC=C(C=C9)OC)C=CC=C7C5=O)C1=O"
101246452,C43H35N5O4,685.2689045999999,"CCCCC(CC)CN1C(=O)C2=C3C(=CC=C4C3=C(C=C2)C(=O)N(C4=O)C5=CC=C(C=C5)C6=CC(=NC(=C6)C7=CC=CC=N7)C8=CC=CC=N8)C1=O"
101246453,C33H30N4O4,546.22670544,"CCCCC(CC)CN1C(=O)C2=C3C(=CC=C4C3=C(C=C2)C(=O)N(C4=O)CC5=CC(=NC=C5)C6=CC=CC=N6)C1=O"
101246454,C44H37N5O4,699.284554664,"CCCCC(CC)CN1C(=O)C2=C3C(=CC=C4C3=C(C=C2)C(=O)N(C4=O)CC5=CC=C(C=C5)C6=CC(=NC(=C6)C7=CC=CC=N7)C8=CC=CC=N8)C1=O"
101246455,C39H34N4O4,622.258005568,"CCCCC(CC)CN1C(=O)C2=C3C(=CC=C4C3=C(C=C2)C(=O)N(C4=O)CC5=CC=C(C=C5)C6=CC(=NC=C6)C7=CC=CC=N7)C1=O"
101246461,C38H32N4O4,608.242355504,"CCCCC(CC)CN1C(=O)C2=C3C(=CC=C4C3=C(C=C2)C(=O)N(C4=O)C5=CC=C(C=C5)C6=CC(=NC=C6)C7=CC=CC=N7)C1=O"
101249815,C28H34N2O12,590.2111745279999,"C1=CC2=C3C(=CC=C4C3=C1C(=O)N(C4=O)CCOCCOCCOCO)C(=O)N(C2=O)CCOCCOCCOCO"
101251620,C46H40N4O8,776.2846142400001,"C1CCC(CC1)N2C(=O)C3=C4C(=CC=C5C4=C(C=C3)C(=O)N(C5=O)C6CCCCC6N7C(=O)C8=C9C(=CC=C1C9=C(C=C8)C(=O)N(C1=O)C1CCCCC1)C7=O)C2=O"
101252644,C55H59N5O15S,1061.3728371880002,"C1=CC(=C(C=C1NC(=S)NCCCOCCOCCOCCCN2C(=O)C3=C4C(=CC=C5C4=C(C=C3)C(=O)N(C5=O)CCCOCCOCCOCCCN)C2=O)C(=O)O)C6=C7C=CC(=O)C=C7OC8=C6C=CC(=C8)O"
101253249,C61H56N4O19,1148.3538755719999,"COCCOCCOCCN1C(=O)C2=C3C(=CC=C4C3=C(C=C2)C(=O)N(C4=O)CCOC(=O)C5=CC(=CC(=C5)OCC6=CC=CC=C6)C(=O)OCCN7C(=O)C8=C9C(=CC=C2C9=C(C=C8)C(=O)N(C2=O)CCOCCOCCOC)C7=O)C1=O"
101253250,C60H55N5O19,1149.3491245399998,"COCCOCCOCCN1C(=O)C2=C3C(=CC=C4C3=C(C=C2)C(=O)N(C4=O)CCOC(=O)C5=CC(=CC(=C5)OCC6=CC=NC=C6)C(=O)OCCN7C(=O)C8=C9C(=CC=C2C9=C(C=C8)C(=O)N(C2=O)CCOCCOCCOC)C7=O)C1=O"
101253251,C52H54N4O18,1022.3433108880001,"COCCOCCOCCN1C(=O)C2=C3C(=CC=C4C3=C(C=C2)C(=O)N(C4=O)CCOC(=O)CCCCC(=O)OCCN5C(=O)C6=C7C(=CC=C8C7=C(C=C6)C(=O)N(C8=O)CCOCCOCCOC)C5=O)C1=O"
101253713,C52H50N6O4,822.38935408,"CCC1CN2CCC1CC2C(C3=CC=NC4=CC=CC=C34)N5C(=O)C6=C7C(=CC=C8C7=C(C=C6)C(=O)N(C8=O)C(C9CC1CCN9CC1CC)C1=CC=NC2=CC=CC=C12)C5=O"
101262095,C86H98N18O20,1702.720477535999,"CCCC1C(=NN2C(=O)C3=C4C(=CC=C5C4=C(C=C3)C(=O)N(C5=O)N=C(C(N=C(C(NC(=O)C6=NC(=CC=C6)C(=NC(C(=NC(C(=NN7C(=O)C8=C9C(=CC=C3C9=C(C=C8)C(=O)N(C3=O)N=C(C(N=C(C(N=C(C3=CC=CC(=N3)C(=O)NC(C(=N1)O)CC(C)C)O)CC(C)C)O)CCC)O)C7=O)O)CCC)O)CC(C)C)O)CC(C)C)O)CCC)O)C2=O)O"
101264057,C36H42N2O16,758.2534332640003,"CCOC(=O)CC(=O)OCCOCCOCCN1C(=O)C2=C3C(=CC=C4C3=C(C=C2)C(=O)N(C4=O)CCOCCOCCOC(=O)CC(=O)OCC)C1=O"
101264058,C40H50N2O18,846.3058627600003,"CCOC(=O)CC(=O)OCCOCCOCCOCCN1C(=O)C2=C3C(=CC=C4C3=C(C=C2)C(=O)N(C4=O)CCOCCOCCOCCOC(=O)CC(=O)OCC)C1=O"
101264836,C19H15N3O6,381.0960852,"C1=CC2=C3C(=CC=C4C3=C1C(=O)N(C4=O)CCC(=O)O)C(=O)N(C2=O)CCN"
101265129,C66H86N2O4S14,1418.2677532319997,"CCC(CC)CSC1=C(SC(=C2SC=C(S2)SCC3CCC(CC3)CN4C(=O)C5=C6C(=CC=C7C6=C(C=C5)C(=O)N(C7=O)CC8CCC(CC8)CSC9=CSC(=C2SC(=C(S2)SCC(CC)CC)SCC(CC)CC)S9)C4=O)S1)SCC(CC)CC"
101265130,C140H122N2O16S10,2406.600145824,"C1CC(CCC1CN2C(=O)C3=C4C(=CC=C5C4=C(C=C3)C(=O)N(C5=O)CC6CCC(CC6)CSC7=CSC(=C8SC=C(S8)CC9=CC(=CC(=C9)OCC1=CC(=CC(=C1)OCC1=CC=CC=C1)OCC1=CC=CC=C1)OCC1=CC(=CC(=C1)OCC1=CC=CC=C1)OCC1=CC=CC=C1)S7)C2=O)CSC1=CSC(=C2SC=C(S2)CC2=CC(=CC(=C2)OCC2=CC(=CC(=C2)OCC2=CC=CC=C2)OCC2=CC=CC=C2)OCC2=CC(=CC(=C2)OCC2=CC=CC=C2)OCC2=CC=CC=C2)S1"
101269031,C20H14N2O8,410.0750154079999,"CCOC(=O)CN1C(=O)C2=C3C(=CC=C4C3=C(C=C2)C(=O)N(C4=O)CC(=O)O)C1=O"
101334232,C22H24N4O4,408.179755248,"CNCCCN1C(=O)C2=C3C(=CC=C4C3=C(C=C2)C(=O)N(C4=O)CCCNC)C1=O"
101336880,C28H31N3O8,537.2111149519999,"CCCCN1C(=O)C2=C3C(=CC=C4C3=C(C=C2)C(=O)N(C4=O)CCCC(C(=O)O)NC(=O)OC(C)(C)C)C1=O"
101340029,C18H13N3O6,367.08043513599995,"C1=CC2=C3C(=CC=C4C3=C1C(=O)N(C4=O)CCN)C(=O)N(C2=O)CC(=O)O"
101345089,C34H30N2O12S2,722.1240164000003,"C1=CC(=CC(=C1)OCCCCS(=O)(=O)O)C2=CC(=C(C=C2)N3C(=O)C4=C5C(=CC=C6C5=C(C=C4)C(=O)NC6=O)C3=O)OCCCCS(=O)(=O)O"
101345090,C34H30N2O12S2,722.1240164000002,"C1=CC=C(C(=C1)C2=C(C=C(C=C2)N3C(=O)C4=C5C(=CC=C6C5=C(C=C4)C(=O)NC6=O)C3=O)OCCCCS(=O)(=O)O)OCCCCS(=O)(=O)O"
101355060,C32H22N2O8,562.137615664,"C1=CC=C(C=C1)CC(C(=O)O)N2C(=O)C3=C4C(=CC=C5C4=C(C=C3)C(=O)N(C5=O)C(CC6=CC=CC=C6)C(=O)O)C2=O"
101355601,C32H34N2O14,670.2010037680001,"CCOC(=O)CC(=O)OCCOCCN1C(=O)C2=C3C(=CC=C4C3=C(C=C2)C(=O)N(C4=O)CCOCCOC(=O)CC(=O)OCC)C1=O"
101363794,C24H26N2O4,406.18925731199994,"CC(C)CCN1C(=O)C2=C3C(=CC=C4C3=C(C=C2)C(=O)N(C4=O)CCC(C)C)C1=O"
101363795,C26H28N4O6,492.20088461599994,"C1COCCN1CCN2C(=O)C3=C4C(=CC=C5C4=C(C=C3)C(=O)N(C5=O)CCN6CCOCC6)C2=O"
101363796,C54H62N2O4,802.470958464,"CC(C)C1=CC2=C(CCC3C2(CCCC3(C)CN4C(=O)C5=C6C(=CC=C7C6=C(C=C5)C(=O)N(C7=O)CC8(CCCC9(C8CCC2=C9C=C(C=C2)C(C)C)C)C)C4=O)C)C=C1"
101363856,C128H152N30O34+4,2653.1065276243626,"C1=CC2=C3C(=CC=C4C3=C1C(=O)N(C4=O)CCC(=NCCC(=NCCC(=NCCC(=NC(CCCC[NH3+])C(=NCCN5C(=O)C6=C7C(=CC=C8C7=C(C=C6)C(=O)N(C8=O)CCC(=NCC(=N)O)O)C5=O)O)O)O)O)O)C(=O)N(C2=O)CCN=C(C(CCCC[NH3+])N=C(CCCCC(=NC(CCCC[NH3+])C(=NCCN9C(=O)C1=C2C(=CC=C3C2=C(C=C1)C(=O)N(C3=O)CCC(=NCCC(=NCCC(=NCCC(=NC(CCCC[NH3+])C(=NCCN1C(=O)C2=C3C(=CC=C4C3=C(C=C2)C(=O)N(C4=O)CCC(=NCC(=N)O)O)C1=O)O)O)O)O)O)C9=O)O)O)O)O"
101363857,C128H148N30O34,2649.0774218160022,"C1=CC2=C3C(=CC=C4C3=C1C(=O)N(C4=O)CCC(=NCCC(=NCCC(=NCCC(=NC(CCCCN)C(=NCCN5C(=O)C6=C7C(=CC=C8C7=C(C=C6)C(=O)N(C8=O)CCC(=NCC(=N)O)O)C5=O)O)O)O)O)O)C(=O)N(C2=O)CCN=C(C(CCCCN)N=C(CCCCC(=NC(CCCCN)C(=NCCN9C(=O)C1=C2C(=CC=C3C2=C(C=C1)C(=O)N(C3=O)CCC(=NCCC(=NCCC(=NCCC(=NC(CCCCN)C(=NCCN1C(=O)C2=C3C(=CC=C4C3=C(C=C2)C(=O)N(C4=O)CCC(=NCC(=N)O)O)C1=O)O)O)O)O)O)C9=O)O)O)O)O"
101375553,C54H62N2O4,802.470958464,"CC(C)C1=CC2=C(C=C1)C3(CCCC(C3CC2)(C)CN4C(=O)C5=C6C(=CC=C7C6=C(C=C5)C(=O)N(C7=O)CC8(CCCC9(C8CCC1=C9C=CC(=C1)C(C)C)C)C)C4=O)C"
101375643,C113H100N8O16,1824.7257291199994,"CCCCC(CC)CN1C(=O)C2=C3C(=CC=C4C3=C(C=C2)C(=O)N(C4=O)C5=CC=C(C=C5)C(C6=CC=C(C=C6)N7C(=O)C8=C9C(=CC=C2C9=C(C=C8)C(=O)N(C2=O)CC(CC)CCCC)C7=O)(C2=CC=C(C=C2)N2C(=O)C3=C4C(=CC=C5C4=C(C=C3)C(=O)N(C5=O)CC(CC)CCCC)C2=O)C2=CC=C(C=C2)N2C(=O)C3=C4C(=CC=C5C4=C(C=C3)C(=O)N(C5=O)CC(CC)CCCC)C2=O)C1=O"
101378067,C21H19N5O7,453.12844794800003,"C1=CC2=C3C(=CC=C4C3=C1C(=O)N(C4=O)CCNC(=O)CO)C(=O)N(C2=O)C(CN)C(=O)N"
101386563,C38H32N4O4,608.242355504,"CCCCCCCCN1C(=O)C2=C3C(=CC=C4C3=C(C=C2)C(=O)N(C4=O)C5=CC=C(C=C5)C6=CC(=NC=C6)C7=CC=CC=N7)C1=O"
101389109,C44H31N5O7,741.2223483320001,"CN1C(=O)C2=C3C(=CC=C4C3=C(C=C2)C(=O)N(C4=O)C5=CC=C(C=C5)N6C(=O)C7=C8C(=C(C=C7)N9CCN(CC9)C2=CC=C(C=C2)OC)C=CC=C8C6=O)C1=O"
101389110,C38H27N5O7,665.191048204,"CN1C(=O)C2=C3C(=CC=C4C3=C(C=C2)C(=O)N(C4=O)N5C(=O)C6=C7C(=C(C=C6)N8CCN(CC8)C9=CC=C(C=C9)OC)C=CC=C7C5=O)C1=O"
101396872,C62H38N2O10,970.2526454160002,"C1=CC=C(C=C1)OC2=CC(=CC=C2)OC3=CC=CC(=C3)OC4=CC=C(C=C4)N5C(=O)C6=C7C(=CC=C8C7=C(C=C6)C(=O)N(C8=O)C9=CC=C(C=C9)OC1=CC(=CC=C1)OC1=CC=CC(=C1)OC1=CC=CC=C1)C5=O"
101399958,C32H26N2O12S2,694.0927162720001,"C1=CC=C(C(=C1)C2=CC(=C(C=C2)N3C(=O)C4=C5C(=CC=C6C5=C(C=C4)C(=O)NC6=O)C3=O)OCCCS(=O)(=O)O)OCCCS(=O)(=O)O"
101401880,C42H32N4O8,720.222013984,"C1CCC(C(C1)N2C(=O)C3=C4C(=CC=C5C4=C(C=C3)C(=O)N(C5=O)C6CCCCC6N7C(=O)C8=CC=CC=C8C7=O)C2=O)N9C(=O)C1=CC=CC=C1C9=O"
101401881,C38H16N4O8,656.0968134720001,"C1=CC2=C3C(=C1)C(=O)N(C(=O)C3=CC=C2)N4C(=O)C5=C6C(=CC=C7C6=C(C=C5)C(=O)N(C7=O)N8C(=O)C9=CC=CC1=C9C(=CC=C1)C8=O)C4=O"
101401887,C34H29N3O6,575.205635648,"C1CCC(CC1)N2C(=O)C3=C4C(=CC=C5C4=C(C=C3)C(=O)N(C5=O)C6CCCCC6N7C(=O)C8=CC=CC=C8C7=O)C2=O"
101401888,C32H21N3O6,543.143035392,"C1CCC(CC1)N2C(=O)C3=C4C(=CC=C5C4=C(C=C3)C(=O)N(C5=O)N6C(=O)C7=CC=CC8=C7C(=CC=C8)C6=O)C2=O"
101402144,C42H46N2O4,642.345757952,"CC(C)(C)C1=CC(=CC(=C1)N2C(=O)C3=C4C(=CC=C5C4=C(C=C3)C(=O)N(C5=O)C6=CC(=CC(=C6)C(C)(C)C)C(C)(C)C)C2=O)C(C)(C)C"
101403968,C48H44N4O8,804.3159143680001,"C1CCN2C(=O)C3=C4C(=CC=C5C4=C(C=C3)C(=O)N(C5=O)CCCCC=CCCCCN6C(=O)C7=C8C(=CC=C9C8=C(C=C7)C(=O)N(C9=O)CCCCC=CC1)C6=O)C2=O"
101415047,C30H42N4O4+2,522.31950866418,"CC[N+](CC)(CC)CCN1C(=O)C2=C3C(=CC=C4C3=C(C=C2)C(=O)N(C4=O)CC[N+](CC)(CC)CC)C1=O"
101416041,C29H23N3O9,557.1434293159999,"COC(=O)C(CC1=CC=CC=C1)N2C(=O)C3=C4C(=CC=C5C4=C(C=C3)C(=O)N(C5=O)C(CCC(=O)N)C(=O)O)C2=O"
101416042,C61H44N4O8S,992.287985368,"C1=CC=C(C=C1)C(C2=CC=CC=C2)(C3=CC=CC=C3)N4C=C(N=C4)CC(C(=O)O)N5C(=O)C6=C7C(=CC=C8C7=C(C=C6)C(=O)N(C8=O)C(CSC(C9=CC=CC=C9)(C1=CC=CC=C1)C1=CC=CC=C1)C(=O)O)C5=O"
101416043,C28H20N2O11,560.1067094599999,"COC(=O)C(CC(=O)O)N1C(=O)C2=C3C(=CC=C4C3=C(C=C2)C(=O)N(C4=O)C(CC5=CC=C(C=C5)O)C(=O)O)C1=O"
101416044,C33H29N3O8,595.1954648880001,"CCC(C)C(C(=O)OC)N1C(=O)C2=C3C(=CC=C4C3=C(C=C2)C(=O)N(C4=O)C(CC5=CNC6=CC=CC=C65)C(=O)OC)C1=O"
101418337,C31H22N2O6,518.147786424,"CC(C)(C)C1=CC=C(C=C1)N2C(=O)C3=C4C(=CC=C5C4=C(C=C3)C(=O)N(C5=O)C6=CC=C(C=C6)C(=O)O)C2=O"
101420640,C58H58N2O8S2,974.3634588160002,"CC(=O)SC1=CC=C(C=C1)N2C(=O)C3=CC(=C4C5=C3C(=C(C=C5C(=O)N(C4=O)C6=CC=C(C=C6)SC(=O)C)OC7=CC(=CC(=C7)C(C)(C)C)C(C)(C)C)C2=O)OC8=CC(=CC(=C8)C(C)(C)C)C(C)(C)C"
101420641,C50H42N2O6S4,894.1925710640002,"CC(=O)SC1=CC=C(C=C1)N2C(=O)C3=CC(=C4C5=C3C(=C(C=C5C(=O)N(C4=O)C6=CC=C(C=C6)SC(=O)C)SC7=CC=C(C=C7)C(C)(C)C)C2=O)SC8=CC=C(C=C8)C(C)(C)C"
101420642,C52H48N4O6S2,888.301527256,"CC(=O)SC1=CC=C(C=C1)N2C(=O)C3=CC(=C4C5=C3C(=C(C=C5C(=O)N(C4=O)C6=CC=C(C=C6)SC(=O)C)NCC7=CC=C(C=C7)C(C)(C)C)C2=O)NCC8=CC=C(C=C8)C(C)(C)C"
101420643,C52H46N2O6S4,922.2238711920002,"CC(=O)SC1=CC=C(C=C1)N2C(=O)C3=CC(=C4C5=C3C(=C(C=C5C(=O)N(C4=O)C6=CC=C(C=C6)SC(=O)C)SCC7=CC=C(C=C7)C(C)(C)C)C2=O)SCC8=CC=C(C=C8)C(C)(C)C"
101420644,C58H60N4O6S2,972.39542764,"CC(=O)SC1=CC=C(C=C1)N2C(=O)C3=CC(=C4C5=C3C(=C(C=C5C(=O)N(C4=O)C6=CC=C(C=C6)SC(=O)C)NC7=CC(=CC(=C7)C(C)(C)C)C(C)(C)C)C2=O)NC8=CC(=CC(=C8)C(C)(C)C)C(C)(C)C"
101420646,C52H47N3O6S3,905.262699224,"CC(=O)SC1=CC=C(C=C1)N2C(=O)C3=CC(=C4C5=C3C(=C(C=C5C(=O)N(C4=O)C6=CC=C(C=C6)SC(=O)C)SCC7=CC=C(C=C7)C(C)(C)C)C2=O)NCC8=CC=C(C=C8)C(C)(C)C"
101420723,C30H28N2O6,512.1947366159999,"CC(C)(C)C1=CC(=C(C=C1)C(C)(C)C)N2C(=O)C3=C4C(=CC=C5C4=C(C=C3)C(=O)N(C5=O)CC(=O)O)C2=O"
101438378,C148H118N20O33,2702.817016236001,"CC1=C(C(=C(C(=C1N2C(=O)C3=C4C(=CC=C5C4=C(C=C3)C(=O)N(C5=O)CCN=C(CN)O)C2=O)C)C)N6C(=O)C7=C8C(=CC=C9C8=C(C=C7)C(=O)N(C9=O)C1=C(C(=C(C(=C1C)C)N1C(=O)C2=C3C(=CC=C4C3=C(C=C2)C(=O)N(C4=O)CCN=C(CN=C(COCCOCCOCC(=NCC(=NCCN2C(=O)C3=C4C(=CC=C5C4=C(C=C3)C(=O)N(C5=O)C3=C(C(=C(C(=C3C)C)N3C(=O)C4=C5C(=CC=C7C5=C(C=C4)C(=O)N(C7=O)C4=C(C(=C(C(=C4C)C)N4C(=O)C5=C7C(=CC=C8C7=C(C=C5)C(=O)N(C8=O)CCN=C(CN)O)C4=O)C)C)C3=O)C)C)C2=O)O)O)O)O)C1=O)C)C)C6=O)C"
101456347,C54H46N2O4,786.345757952,"CC(C)C1=C(C(=CC=C1)C(C)C)N2C(=O)C3=CC(=C4C5=C(C=C(C(=C35)C2=O)C#CC6=CC=CC=C6)C(=O)N(C4=O)C7=C(C=CC=C7C(C)C)C(C)C)C#CC8=CC=CC=C8"
101456348,C78H96N4O4,1152.743157552,"CCCCCCN(CCCCCC)C1=CC=C(C=C1)C#CC2=CC3=C4C5=C2C(=O)N(C(=O)C5=CC(=C4C(=O)N(C3=O)C6=C(C=CC=C6C(C)C)C(C)C)C#CC7=CC=C(C=C7)N(CCCCCC)CCCCCC)C8=C(C=CC=C8C(C)C)C(C)C"
101456349,C52H44N4O4,788.336255888,"CC(C)C1=C(C(=CC=C1)C(C)C)N2C(=O)C3=CC(=C4C5=C(C=C(C(=C35)C2=O)C6=CC=C(C=C6)C#N)C(=O)N(C4=O)C7=C(C=CC=C7C(C)C)C(C)C)C8=CC=C(C=C8)C#N"
101457713,C150H163N25O38S2,2986.1032277760023,"CC(C)NC1=C2C3=C4C(=C1)C(=O)N(C(=O)C4=C(C=C3C(=O)N(C2=O)C(CCC(=O)O)C(=N)O)NC(C)C)CCN=C(COC5=CC=CC=C5C6=C(C=C(C=C6)C7=CC(=C(C=C7)C8=C(C=C(C=C8)OCCN=C(CCCCC9CCSS9)O)OCC(=NCCN1C(=O)C2=CC(=C3C4=C2C(=C(C=C4C(=O)N(C3=O)C(CCC(=O)O)C(=N)O)NC(C)C)C1=O)NC(C)C)O)OCC(=NCCN1C(=O)C2=CC(=C3C4=C2C(=C(C=C4C(=O)N(C3=O)C(CCC(=O)O)C(=N)O)NC(C)C)C1=O)NC(C)C)O)OCC(=NCCN1C(=O)C2=CC(=C3C4=C2C(=C(C=C4C(=O)N(C3=O)C(CCC(=O)O)C(=N)O)NC(C)C)C1=O)NC(C)C)O)O"
101457714,C140H146N24O36,2739.0331569920004,"CC(C)NC1=C2C3=C4C(=C1)C(=O)N(C(=O)C4=C(C=C3C(=O)N(C2=O)C(CCC(=O)O)C(=N)O)NC(C)C)CCN=C(COC5=CC=CC(=C5)C6=CC(=C(C=C6)C7=C(C=C(C=C7)C8=CC(=CC=C8)OCC(=NCCN9C(=O)C1=CC(=C2C3=C1C(=C(C=C3C(=O)N(C2=O)C(CCC(=O)O)C(=N)O)NC(C)C)C9=O)NC(C)C)O)OCC(=NCCN1C(=O)C2=CC(=C3C4=C2C(=C(C=C4C(=O)N(C3=O)C(CCC(=O)O)C(=N)O)NC(C)C)C1=O)NC(C)C)O)OCC(=NCCN1C(=O)C2=CC(=C3C4=C2C(=C(C=C4C(=O)N(C3=O)C(CCC(=O)O)C(=N)O)NC(C)C)C1=O)NC(C)C)O)O"
101457715,C144H166N28O28,2735.242636672001,"CC(C)NC1=C2C3=C4C(=C1)C(=O)N(C(=O)C4=C(C=C3C(=O)N(C2=O)C(CCCCN)C(=N)O)NC(C)C)CCN=C(COC5=CC=CC(=C5)C6=CC(=C(C=C6)C7=C(C=C(C=C7)C8=CC(=CC=C8)OCC(=NCCN9C(=O)C1=CC(=C2C3=C1C(=C(C=C3C(=O)N(C2=O)C(CCCCN)C(=N)O)NC(C)C)C9=O)NC(C)C)O)OCC(=NCCN1C(=O)C2=CC(=C3C4=C2C(=C(C=C4C(=O)N(C3=O)C(CCCCN)C(=N)O)NC(C)C)C1=O)NC(C)C)O)OCC(=NCCN1C(=O)C2=CC(=C3C4=C2C(=C(C=C4C(=O)N(C3=O)C(CCCCN)C(=N)O)NC(C)C)C1=O)NC(C)C)O)O"
101460130,C28H18N2O6,478.11648629599995,"C1=CC(=CC(=C1)O)CN2C(=O)C3=C4C(=CC=C5C4=C(C=C3)C(=O)N(C5=O)CC6=CC(=CC=C6)O)C2=O"
101461372,C62H55N3O4,905.4192572399999,"CCCCCCCCN1C(=O)C2=C3C(=CC=C4C3=C(C=C2)C(=O)N(C4=O)C5=CC=C(C=C5)C6=CC=C(C=C6)C7=C8C=CC=CC8=C(C9=CC=CC=C97)C2=C(C3=C4C(=C2C)CCCN4CCC3)C)C1=O"
101461373,C56H51N3O4,829.3879571119999,"CCCCCCCCN1C(=O)C2=C3C(=CC=C4C3=C(C=C2)C(=O)N(C4=O)C5=CC=C(C=C5)C6=C7C=CC=CC7=C(C8=CC=CC=C86)C9=C(C2=C3C(=C9C)CCCN3CCC2)C)C1=O"
101461374,C68H59N3O4,981.4505573679999,"CCCCCCCCN1C(=O)C2=C3C(=CC=C4C3=C(C=C2)C(=O)N(C4=O)C5=CC=C(C=C5)C6=CC=C(C=C6)C7=CC=C(C=C7)C8=C9C=CC=CC9=C(C2=CC=CC=C28)C2=C(C3=C4C(=C2C)CCCN4CCC3)C)C1=O"
101461375,C80H67N3O4,1133.513157624,"CC1=C2CCCN3C2=C(CCC3)C(=C1C4=C5C=CC=CC5=C(C6=CC=CC=C64)C7=CC=C(C=C7)C8=CC=C(C=C8)C9=CC=C(C=C9)C1=CC=C(C=C1)N1C(=O)C2=C3C(=CC=C4C3=C(C=C2)C(=O)N(C4=O)C2=C(C=CC(=C2)C(C)(C)C)C(C)(C)C)C1=O)C"
101463251,C32H30N2O4,506.22055743999994,"CCCCCCCCN1C(=O)C2=C3C(=CC=C4C3=C(C=C2)C(=O)N(C4=O)C5=C(C=C(C=C5C)C#C)C)C1=O"
101464825,C68H72N4O12,1136.5146737440002,"CCCCCCOC1=CC2=C(C=C1CN3C(=O)C4=C5C(=CC=C6C5=C(C=C4)C(=O)N(C6=O)CC7=CC(=C(CN8C(=O)C9=C1C(=CC=C4C1=C(C=C9)C(=O)N(C2)C4=O)C8=O)C=C7OCCCCCC)OCCCCCC)C3=O)OCCCCCC"
101464826,C102H108N6O18,1704.7720106159995,"CCCCCCOC1=CC2=C(C=C1CN3C(=O)C4=C5C(=CC=C6C5=C(C=C4)C(=O)N(C6=O)CC7=CC(=C(CN8C(=O)C9=C1C(=CC=C4C1=C(C=C9)C(=O)N(C4=O)CC1=C(C=C(CN4C(=O)C5=C6C(=CC=C9C6=C(C=C5)C(=O)N(C2)C9=O)C4=O)C(=C1)OCCCCCC)OCCCCCC)C8=O)C=C7OCCCCCC)OCCCCCC)C3=O)OCCCCCC"
101465406,C40H32N4O4,632.242355504,"CCCCCCCCN1C(=O)C2=C3C(=CC=C4C3=C(C=C2)C(=O)N(C4=O)C5=CC=C(C=C5)C#CC6=CN=C(C=C6)C7=CC=CC=N7)C1=O"
101466052,C34H34N2O4S2,598.195999568,"CCCCCCN1C(=O)C2=CC(=C3C4=C(C=C(C(=C24)C1=O)C5=CC=CS5)C(=O)N(C3=O)CCCCCC)C6=CC=CS6"
101466053,C36H22N2O4S2,610.102099184,"CC1=CC=C(C=C1)N2C(=O)C3=CC(=C4C5=C(C=C(C(=C35)C2=O)C6=CC=CS6)C(=O)N(C4=O)C7=CC=C(C=C7)C)C8=CC=CS8"
101467832,C90H104N20O16,1720.7939172479992,"CN(C)CCCN1C(=O)C2=C3C(=CC=C4C3=C(C=C2)C(=O)N(C4=O)CCOCCN5C=C(N=N5)CCC(=NCCCN6CCN(CC6)CCCN7C(=O)C8=C9C(=CC=C2C9=C(C=C8)C(=O)N(C2=O)CCCN2CCN(CC2)CCCN=C(CCC2=CN(N=N2)CCOCCN2C(=O)C3=C4C(=CC=C5C4=C(C=C3)C(=O)N(C5=O)CCCN(C)C)C2=O)O)C7=O)O)C1=O"
101470216,C36H38N4O10S2+2,750.2018382561803,"CC[N+](C)(CC)OS(=O)(=O)C1=CC=CC=C1C2=C(C=C(C=C2)N3C(=O)C4=C5C(=CC=C6C5=C(C=C4)C(=O)NC6=O)C3=O)S(=O)(=O)O[N+](C)(CC)CC"
101470217,C38H22N2O8S,666.109686664,"C1=CC=C(C=C1)OC2=CC=C(C=C2)S(=O)(=O)C3=CC=C(C=C3)OC4=CC=CC(=C4)N5C(=O)C6=C7C(=CC=C8C7=C(C=C6)C(=O)NC8=O)C5=O"
101470218,C42H50N4O12S2+2,866.2855678801802,"CC[N+](C)(CC)OS(=O)(=O)CCCOC1=CC=CC(=C1)C2=CC(=C(C=C2)N3C(=O)C4=C5C(=CC=C6C5=C(C=C4)C(=O)NC6=O)C3=O)OCCCS(=O)(=O)O[N+](C)(CC)CC"
101471319,C58H62N2O8,914.4506169440001,"CCCCCCCCN1C(=O)C2=C(C(=C3C4=C2C(=C(C(=C4C(=O)N(C3=O)CCCCCCCC)C5=CC=C(C=C5)OC)C6=CC=C(C=C6)OC)C1=O)C7=CC=C(C=C7)OC)C8=CC=C(C=C8)OC"
101471320,C54H54N2O4,794.408358208,"CCCCCCCCN1C(=O)C2=C(C(=C3C4=C2C(=C(C(=C4C(=O)N(C3=O)CCCCCCCC)C5=CC=CC=C5)C6=CC=CC=C6)C1=O)C7=CC=CC=C7)C8=CC=CC=C8"
101471321,C58H50N6O4,894.38935408,"CCCCCCCCN1C(=O)C2=C(C(=C3C4=C2C(=C(C(=C4C(=O)N(C3=O)CCCCCCCC)C5=CC=C(C=C5)C#N)C6=CC=C(C=C6)C#N)C1=O)C7=CC=C(C=C7)C#N)C8=CC=C(C=C8)C#N"
101471323,C62H54N2O4,890.4083582080001,"CCCCCCCCN1C(=O)C2=C3C(=C(C(=C4C3=C(C(=C2C#CC5=CC=CC=C5)C#CC6=CC=CC=C6)C(=O)N(C4=O)CCCCCCCC)C#CC7=CC=CC=C7)C#CC8=CC=CC=C8)C1=O"
101474222,C38H37N3O5,615.273321284,"CCCCCCCCN1CCCC1C2=CC=C(C=C2)N3C(=O)C4=C5C(=CC=C6C5=C(C=C4)C(=O)N(C6=O)C7=CC=C(C=C7)O)C3=O"
101474946,C56H78N14O16,1202.5720224159993,"C1CN(CCN1CCCNC(=O)CCC2=CN(N=N2)CC3C(C(C(C(O3)O)O)O)O)CCCN4C(=O)C5=C6C(=CC=C7C6=C(C=C5)C(=O)N(C7=O)CCCN8CCN(CC8)CCCNC(=O)CCC9=CN(N=N9)CC1C(C(C(C(O1)O)O)O)O)C4=O"
101478907,C29H28N2O7S,548.1617222359998,"CC(C)(C)C1=CC(=C(C=C1)C(C)(C)C)N2C(=O)C3=C4C(=CC=C5C4=C(C=C3)C(=O)N(C5=O)CS(=O)(=O)O)C2=O"
101479009,C58H82N14O16,1230.6033225439992,"C1CN(CCN1CCCNC(=O)CCC2=CN(N=N2)CC3C(C(C(C(O3)CO)O)O)O)CCCN4C(=O)C5=C6C(=CC=C7C6=C(C=C5)C(=O)N(C7=O)CCCN8CCN(CC8)CCCNC(=O)CCC9=CN(N=N9)CC1C(C(C(C(O1)CO)O)O)O)C4=O"
101479032,C42H52N8O6,764.4009813839999,"C#CCC(=O)NCCCN1CCN(CC1)CCCN2C(=O)C3=C4C(=CC=C5C4=C(C=C3)C(=O)N(C5=O)CCCN6CCN(CC6)CCCNC(=O)CC#C)C2=O"
101479033,C23H24N6O5,464.180817868,"CN(C)CCCN1C(=O)C2=C3C(=CC=C4C3=C(C=C2)C(=O)N(C4=O)CCOCCN=[N+]=[N-])C1=O"
101479890,C72H47N3O4,1017.356656984,"CC1=C2CCCN3C2=C(CCC3)C(=C1C4=C5C=CC=CC5=C(C6=CC=CC=C64)C7=CC=C(C=C7)C#CC8=CC=C(C=C8)C#CC9=CC=C(C=C9)C#CC1=CC=C(C=C1)N1C(=O)C2=C3C(=CC=C4C3=C(C=C2)C(=O)NC4=O)C1=O)C"
101480168,C64H61N11O9,1127.465372532,"CCCCCCN1C(=O)C2=C3C(=CC=C4C3=C(C=C2)C(=O)N(C4=O)C5=CN=C(C=C5)C=NN(C)C6=CC(=CC(=N6)N(C)N=CC7=NC=C(C=C7)N8C(=O)C9=C2C(=CC=C3C2=C(C=C9)C(=O)N(C3=O)CCCCCC)C8=O)COCCCC)C1=O"
101480169,C68H69N11O9,1183.5279727879997,"CCCCC(CC)CN1C(=O)C2=C3C(=CC=C4C3=C(C=C2)C(=O)N(C4=O)C5=CN=C(C=C5)C=NN(C)C6=CC(=CC(=N6)N(C)N=CC7=NC=C(C=C7)N8C(=O)C9=C2C(=CC=C3C2=C(C=C9)C(=O)N(C3=O)CC(CC)CCCC)C8=O)COCCCC)C1=O"
101487196,C126H107N17O38S2,2529.640433984,"C1CSSC1CCCCC(=NCCOC2=CC(=C(C=C2)C3=C(C=C(C=C3)C4=CC(=C(C=C4)C5=CC=CC=C5OCC(=NCCN6C(=O)C7=C8C(=CC=C9C8=C(C=C7)C(=O)N(C9=O)C(CCC(=O)O)C(=N)O)C6=O)O)OCC(=NCCN1C(=O)C2=C3C(=CC=C4C3=C(C=C2)C(=O)N(C4=O)C(CCC(=O)O)C(=N)O)C1=O)O)OCC(=NCCN1C(=O)C2=C3C(=CC=C4C3=C(C=C2)C(=O)N(C4=O)C(CCC(=O)O)C(=N)O)C1=O)O)OCC(=NCCN1C(=O)C2=C3C(=CC=C4C3=C(C=C2)C(=O)N(C4=O)C(CCC(=O)O)C(=N)O)C1=O)O)O"
101487330,C38H40N4O4,616.30495576,"CC(C)(C)C1=CC(=CC(=C1)CN2C(=O)C3=C4C(=CC=C5C4=C(C=C3)C(=O)N(C5=O)CC6=CC(=CC(=C6)CN)C(C)(C)C)C2=O)CN"
101491654,C60H82N2O8,958.6071175840001,"CCCCC(CC)COC1=CC(=CC(=C1)CN2C(=O)C3=C4C(=CC=C5C4=C(C=C3)C(=O)N(C5=O)CC6=CC(=CC(=C6)OCC(CC)CCCC)OCC(CC)CCCC)C2=O)OCC(CC)CCCC"
101492053,C18H18N4O4+2,354.13170789618,"C1=CC2=C3C(=CC=C4C3=C1C(=O)N(C4=O)CC[NH3+])C(=O)N(C2=O)CC[NH3+]"
101492054,C18H16N4O4,352.117154992,"C1=CC2=C3C(=CC=C4C3=C1C(=O)N(C4=O)CCN)C(=O)N(C2=O)CCN"
101494446,C50H50N2O4S2,806.32120008,"CCCCCCCCC1=C(SC=C1)C2=CC=C(C=C2)N3C(=O)C4=C5C(=CC=C6C5=C(C=C4)C(=O)N(C6=O)C7=CC=C(C=C7)C8=C(C=CS8)CCCCCCCC)C3=O"
101494447,C66H82N2O4S2,1030.571601104,"CCCCCCCCC1=C(SC(=C1)C2=CC=C(C=C2)N3C(=O)C4=C5C(=CC=C6C5=C(C=C4)C(=O)N(C6=O)C7=CC=C(C=C7)C8=CC(=C(S8)CCCCCCCC)CCCCCCCC)C3=O)CCCCCCCC"
101494448,C46H42N2O4S2,750.258599824,"CCCCCCC1=CC=C(S1)C2=CC=C(C=C2)N3C(=O)C4=C5C(=CC=C6C5=C(C=C4)C(=O)N(C6=O)C7=CC=C(C=C7)C8=CC=C(S8)CCCCCC)C3=O"
101494449,C44H42N2O4S4,790.2027418240001,"CCCCCCC1=CC=C(S1)C2=CC=C(S2)CN3C(=O)C4=C5C(=CC=C6C5=C(C=C4)C(=O)N(C6=O)CC7=CC=C(S7)C8=CC=C(S8)CCCCCC)C3=O"
101494450,C58H66N2O4S2,918.4464005920001,"CCCCCCCCCCCCC1=CC=C(S1)C2=CC=C(C=C2)N3C(=O)C4=C5C(=CC=C6C5=C(C=C4)C(=O)N(C6=O)C7=CC=C(C=C7)C8=CC=C(S8)CCCCCCCCCCCC)C3=O"
101499927,C60H82N6O4S4,1078.5280391039998,"CCCCCCCCCCC(CCCCCCCC)CN1C(=O)C2=C3C(=C4C5=C2C(=C6C(=C5C(=O)N(C4=O)CC(CCCCCCCC)CCCCCCCCCC)SC(S6)(C#N)C#N)C1=O)SC(S3)(C#N)C#N"
101499928,C88H138N6O4S4,1470.9662408959994,"CCCCCCCCCCCCCCCCCCCCCCC(CCCCCCCCCC)CN1C(=O)C2=C3C(=C4C5=C2C(=C6C(=C5C(=O)N(C4=O)CC(CCCCCCCCCC)CCCCCCCCCCCCCCCCCCCCCC)SC(S6)(C#N)C#N)C1=O)SC(S3)(C#N)C#N"
101501082,C104H68N8O4,1492.536352656,"C1=CC=C(C=C1)C(=NC2=CC=C(C=C2)C(=NC3=CC=C(C=C3)N4C(=O)C5=C6C(=CC=C7C6=C(C=C5)C(=O)N(C7=O)C8=CC=C(C=C8)N=C(C9=CC=C(C=C9)N=C(C1=CC=CC=C1)C1=CC=CC=C1)C1=CC=C(C=C1)N=C(C1=CC=CC=C1)C1=CC=CC=C1)C4=O)C1=CC=C(C=C1)N=C(C1=CC=CC=C1)C1=CC=CC=C1)C1=CC=CC=C1"
101501083,C52H32N4O4,776.242355504,"C1=CC=C(C=C1)C(=NC2=CC=C(C=C2)N3C(=O)C4=C5C(=CC=C6C5=C(C=C4)C(=O)N(C6=O)C7=CC=C(C=C7)N=C(C8=CC=CC=C8)C9=CC=CC=C9)C3=O)C1=CC=CC=C1"
101501351,C77H106N10O38,1778.6669489519986,"CN(CCCN1C(=O)C2=C3C(=CC=C4C3=C(C=C2)C(=O)N(C4=O)CCCN(C)CC5=CN(N=N5)CC6C=CC=C6)C1=O)CC7=CN(N=N7)CCC8C9C(C(C(O8)OC1C(OC(C(C1O)O)OC1C(OC(C(C1O)O)OC1C(OC(C(C1O)O)OC1C(OC(C(C1O)O)OC1C(OC(C(C1O)O)OC1C(OC(O9)C(C1O)O)CO)CO)CO)CO)CO)CO)O)O"
101501825,C42H46N2O6,674.335587192,"CCCCCCOCC1=CC=C(C=C1)CN2C(=O)C3=C4C(=CC=C5C4=C(C=C3)C(=O)N(C5=O)CC6=CC=C(C=C6)COCCCCCC)C2=O"
101503022,C64H55N3O4,929.4192572399999,"CCCCCCCCN1C(=O)C2=C3C(=CC=C4C3=C(C=C2)C(=O)N(C4=O)C5=CC=C(C=C5)C#CC6=CC=C(C=C6)C7=C8C=CC=CC8=C(C9=CC=CC=C97)C2=C(C3=C4C(=C2C)CCCN4CCC3)C)C1=O"
101503023,C69H57N3O5,1007.4298219240001,"CC1=C2CCCN3C2=C(CCC3)C(=C1C4=C5C=CC=CC5=C(C6=CC=CC=C64)C7=CC8=C(C=C7)C9=C(C8=O)C=C(C=C9)N1C(=O)C2=C3C(=CC=C4C3=C(C=C2)C(=O)N(C4=O)C2=C(C=CC(=C2)C(C)(C)C)C(C)(C)C)C1=O)C"
101514651,C62H38N6O8,994.2751121760002,"COC1=CC=C(C=C1)C2=C3C=CC(=C(C4=NC(=C(C5=CC=C(N5)C(=C6C=CC2=N6)N7C(=O)C8=C9C(=CC=C1C9=C(C=C8)C(=O)N(C1=O)C1=CC=C(C=C1)O)C7=O)C1=CC=C(C=C1)OC)C=C4)C#CC1=CC=C(C=C1)O)N3"
101514768,C21H22N4O4,394.164105184,"CN(C)CCN1C(=O)C2=C3C(=CC=C4C3=C(C=C2)C(=O)N(C4=O)CCCN)C1=O"
101516041,C104H89N13O28,1967.5939992079996,"CC1=C(C(=C(C(=C1N2C(=O)C3=C4C(=CC=C5C4=C(C=C3)C(=O)N(C5=O)CCN=C(CN=C(CCC(=NC(CCC(=O)O)C(=NC(CCC(=O)O)C(=NC(CCC(=O)O)C(=O)O)O)O)O)O)O)C2=O)C)C)N6C(=O)C7=C8C(=CC=C9C8=C(C=C7)C(=O)N(C9=O)C1=C(C(=C(C(=C1C)C)N1C(=O)C2=C3C(=CC=C4C3=C(C=C2)C(=O)N(C4=O)CCN=C(CN=C(O)OCC2C3=CC=CC=C3C3=CC=CC=C23)O)C1=O)C)C)C6=O)C"
101516042,C28H14N2O6,474.08518616799995,"C1=CC(=CC=C1C=O)N2C(=O)C3=C4C(=CC=C5C4=C(C=C3)C(=O)N(C5=O)C6=CC=C(C=C6)C=O)C2=O"
101516043,C33H19N4O7S-,615.09799352791,"C1=CC=C(C=C1)N2C(=O)C3=C4C(=CC=C5C4=C(C=C3)C(=O)N(C5=O)C6=CC=C(C=C6)C=NNC7=CC=C(C=C7)S(=O)(=O)[O-])C2=O"
101516044,C33H20N4O7S,616.1052699800001,"C1=CC=C(C=C1)N2C(=O)C3=C4C(=CC=C5C4=C(C=C3)C(=O)N(C5=O)C6=CC=C(C=C6)C=NNC7=CC=C(C=C7)S(=O)(=O)O)C2=O"
101516046,C107H90N20O21,1990.658939899999,"CC1=C(C(=C(C(=C1N2C(=O)C3=C4C(=CC=C5C4=C(C=C3)C(=O)N(C5=O)CCN=C(CN=C(CCC(=NC(CC6=CN=CN6)C(=NC(CC7=CN=CN7)C(=NC(CC8=CN=CN8)C(=N)O)O)O)O)O)O)C2=O)C)C)N9C(=O)C1=C2C(=CC=C3C2=C(C=C1)C(=O)N(C3=O)C1=C(C(=C(C(=C1C)C)N1C(=O)C2=C3C(=CC=C4C3=C(C=C2)C(=O)N(C4=O)CCN=C(CN=C(O)OCC2C3=CC=CC=C3C3=CC=CC=C23)O)C1=O)C)C)C9=O)C"
101523641,C47H52N8O4,792.411152144,"CCCCN1C(=O)C2=CC(=C3C4=C2C(=C(C=C4C(=O)N(C3=O)CCCC)N(CCN(CC5=CC=CC=N5)CC6=CC=CC=N6)CC7=CC=CC=N7)C1=O)N8CCCCC8"
101524940,C31H29N3O6,539.2056356479999,"CC(C)CCN1C(=O)C2=C3C(=CC=C4C3=C(C=C2)C(=O)N(C4=O)CCCN5C(=O)C6C7CC(C6C5=O)C=C7)C1=O"
101534918,C34H26N2O8,590.168915792,"COC(=O)C(CC1=CC=CC=C1)N2C(=O)C3=C4C(=CC=C5C4=C(C=C3)C(=O)N(C5=O)C(CC6=CC=CC=C6)C(=O)OC)C2=O"
101537159,C58H55N3O6,889.4090864799999,"CCCCCCCCN1C(=O)C2=C3C(=CC=C4C3=C(C=C2)C(=O)N(C4=O)C5=CC=C(C=C5)C6=CC(=C(C(=C6)C)C7=C(C=C(C=C7C)N(C8=CC=C(C=C8)OC)C9=CC=C(C=C9)OC)C)C)C1=O"
101537160,C54H47N3O6,833.3464862239999,"CCCCCCCCN1C(=O)C2=C3C(=CC=C4C3=C(C=C2)C(=O)N(C4=O)C5=CC=C(C=C5)C6=CC=C(C=C6)C7=CC=C(C=C7)N(C8=CC=C(C=C8)OC)C9=CC=C(C=C9)OC)C1=O"
101537296,C30H34N10O4,598.2764495680001,"CN1C=C(N=N1)CN(C)CCCN2C(=O)C3=C4C(=CC=C5C4=C(C=C3)C(=O)N(C5=O)CCCN(C)CC6=CN(N=N6)C)C2=O"
101537303,C28H34N6O6,550.253982808,"CC(=O)NCCCNCCN1C(=O)C2=C3C(=CC=C4C3=C(C=C2)C(=O)N(C4=O)CCNCCCNC(=O)C)C1=O"
101537449,C24H14N2O4S6,585.927782928,"C1CSC2=CSC(=C3SC=C(S3)SCCN4C(=O)C5=C6C(=CC=C7C6=C(C=C5)C(=O)N1C7=O)C4=O)S2"
101538066,C40H46N6O6,706.347883192,"CN(CCCNC(=O)CC1C=CC=C1)CCN2C(=O)C3=C4C(=CC=C5C4=C(C=C3)C(=O)N(C5=O)CCN(C)CCCNC(=O)CC6C=CC=C6)C2=O"
101538893,C94H142N2O4S4,1490.985245024,"CCCCCCCCCCCCC1=CC=C(S1)C2=C3C4=C5C(=C2C6=CC=C(S6)CCCCCCCCCCCC)C(=O)N(C(=O)C5=C(C(=C4C(=O)N(C3=O)CCCCCCCC)C7=CC=C(S7)CCCCCCCCCCCC)C8=CC=C(S8)CCCCCCCCCCCC)CCCCCCCC"
101538894,C94H138N2O4S4,1486.9539448960002,"CCCCCCCCCCCCC1=CC2=C3C=C(SC3=C4C5=C6C7=C(C4=C2S1)C(=O)N(C(=O)C7=C8C(=C6C(=O)N(C5=O)CCCCCCCC)C9=C(C=C(S9)CCCCCCCCCCCC)C1=C8SC(=C1)CCCCCCCCCCCC)CCCCCCCC)CCCCCCCCCCCC"
101539979,C84H58N2O8S12,1606.0841688159996,"C1=CSC(=C1)C2=CC(=C(S2)C3=CC=CS3)CCOC4=CC(=CC(=C4)CN5C(=O)C6=C7C(=CC=C8C7=C(C=C6)C(=O)N(C8=O)CC9=CC(=CC(=C9)OCCC1=C(SC(=C1)C1=CC=CS1)C1=CC=CS1)OCCC1=C(SC(=C1)C1=CC=CS1)C1=CC=CS1)C5=O)OCCC1=C(SC(=C1)C1=CC=CS1)C1=CC=CS1"
101540234,C70H94N2O4S4,1154.6096434879998,"CCCCCCCCCCC(CCCCCCCC)CN1C(=O)C2=CC(=C3C4=C(C=C(C(=C24)C1=O)C5=CC=C(S5)C6=CC=CS6)C(=O)N(C3=O)CC(CCCCCCCC)CCCCCCCCCC)C7=CC=C(S7)C8=CC=CS8"
101540630,C39H31N7O4,661.243752472,"CCCCCC(C)N1C(=O)C2=C3C(=CC=C4C3=C(C=C2)C(=O)N(C4=O)C5=CC=C(C=C5)C6=CN(N=N6)C7=CC(=NC=C7)C8=CC=CC=N8)C1=O"
101541885,C72H58N6O4,1070.451954336,"CC1=C(C(=C(C(=C1N=CC2=CC=C(C=C2)N(C3=CC=CC=C3)C4=CC=CC=C4)C)C)N5C(=O)C6=C7C(=CC=C8C7=C(C=C6)C(=O)N(C8=O)C9=C(C(=C(C(=C9C)C)N=CC1=CC=C(C=C1)N(C1=CC=CC=C1)C1=CC=CC=C1)C)C)C5=O)C"
101544536,C38H48N8O10S4,904.237623736,"CCOC1=C2C3=C4C(=C1)C(=O)N(C(=O)C4=C(C=C3C(=O)N(C2=O)C(CCCCNC(=O)C5CSSC5)C(=O)NN)OCC)C(CCCCNC(=O)C6CSSC6)C(=O)NN"
101544546,C34H40N8O8S4,816.18519424,"C1C(CSS1)C(=O)NCCCCC(C(=O)NN)N2C(=O)C3=C4C(=CC=C5C4=C(C=C3)C(=O)N(C5=O)C(CCCCNC(=O)C6CSSC6)C(=O)NN)C2=O"
101544547,C52H56N8O10S4,1080.3002239920002,"CCOC1=C2C3=C4C(=C1)C(=O)N(C(=O)C4=C(C=C3C(=O)N(C2=O)C(CCCCNC(=O)C5CSSC5)C(=O)NN=CC6=CC=CC=C6)OCC)C(CCCCNC(=O)C7CSSC7)C(=O)NN=CC8=CC=CC=C8"
101544548,C48H48N8O8S4,992.2477944960001,"C1C(CSS1)C(=O)NCCCCC(C(=O)NN=CC2=CC=CC=C2)N3C(=O)C4=C5C(=CC=C6C5=C(C=C4)C(=O)N(C6=O)C(CCCCNC(=O)C7CSSC7)C(=O)NN=CC8=CC=CC=C8)C3=O"
101544684,C26H30N6O6,522.22268268,"C1=CC2=C3C(=CC=C4C3=C1C(=O)N(C4=O)CCCCC(C(=O)N)N)C(=O)N(C2=O)CCCCC(C(=O)N)N"
101545463,C80H120N4O12,1328.8902752799997,"CCCCCCCCOC1=CC(=CC(=C1OCCCCCCCC)OCCCCCCCC)C(=O)NCCC(=O)NCCN2C(=O)C3=C4C(=CC=C5C4=C(C=C3)C(=O)N(C5=O)C6=CC(=C(C(=C6)OCCCCCCCC)OCCCCCCCC)OCCCCCCCC)C2=O"
101546059,C57H65N5O5S4,1027.3868541800002,"CCCCCCC1=C(SC(=C1)C2=C(C=C(S2)C3=CC=CS3)CCC4=CN(N=N4)CCOCCN5C(=O)C6=C7C(=CC=C8C7=C(C=C6)C(=O)N(C8=O)C(CCCCCC)CCCCCC)C5=O)C9=CC=CS9"
101546060,C48H47N5O7S4,933.2358328440001,"CCCCCCC1=C(SC(=C1)C2=C(C=C(S2)C3=CC=CS3)CCC4=CN(N=N4)CCOCCN5C(=O)C6=C7C(=CC=C8C7=C(C=C6)C(=O)N(C8=O)CCOCCO)C5=O)C9=CC=CS9"
101546061,C50H51N5O5S4,929.2773037320001,"CCCCCCC1=C(SC(=C1)C2=C(C=C(S2)C3=CC=CS3)CCC4=CN(N=N4)CCOCCN5C(=O)C6=C7C(=CC=C8C7=C(C=C6)C(=O)N(C8=O)CCCCCC)C5=O)C9=CC=CS9"
101546063,C22H21N5O7,467.14409801200003,"C1=CC2=C3C(=CC=C4C3=C1C(=O)N(C4=O)CCOCCN=[N+]=[N-])C(=O)N(C2=O)CCOCCO"
101546064,C31H39N5O5,561.295119348,"CCCCCCC(CCCCCC)N1C(=O)C2=C3C(=CC=C4C3=C(C=C2)C(=O)N(C4=O)CCOCCN=[N+]=[N-])C1=O"
101546394,C84H60N10O12,1400.4392173599997,"C1=CC=C(C=C1)C2=C3C=CC(=C(C4=NC(=C(C5=CC=C(N5)C(=C6C=CC2=N6)C7=CC=C(C=C7)N8C(=O)C9=C1C(=CC=C2C1=C(C=C9)C(=O)N(C2=O)CCCCC(C(=O)O)N)C8=O)C1=CC=CC=C1)C=C4)C1=CC=C(C=C1)N1C(=O)C2=C4C(=CC=C5C4=C(C=C2)C(=O)N(C5=O)CCCCC(C(=O)O)N)C1=O)N3"
101546656,C84H128N4O12,1384.952875536,"CCCCCCCCOC1=CC(=CC(=C1OCCC(C)CCCC(C)C)OCCCCCCCC)C(=O)NCCN2C(=O)C3=C4C(=CC=C5C4=C(C=C3)C(=O)N(C5=O)CCNC(=O)C6=CC(=C(C(=C6)OCCCCCCCC)OCCC(C)CCCC(C)C)OCCCCCCCC)C2=O"
101548278,C32H34N2O6,542.2416868079999,"C=CCOC1=C2C3=C4C(=C1)C(=O)N(C(=O)C4=C(C=C3C(=O)N(C2=O)C5CCCCC5)OCC=C)C6CCCCC6"
101548396,C60H82N2O4S10,1214.348169104,"CCCCCCCCCCC(CCCCCCCC)CN1C(=O)C2=C3C(=C4C5=C2C(=C6C(=C5C(=O)N(C4=O)CC(CCCCCCCC)CCCCCCCCCC)SC7=C(S6)SC(=S)S7)C1=O)SC8=C(S3)SC(=S)S8"
101548397,C60H82N2O6S8,1182.393856344,"CCCCCCCCCCC(CCCCCCCC)CN1C(=O)C2=C3C(=C4C5=C2C(=C6C(=C5C(=O)N(C4=O)CC(CCCCCCCC)CCCCCCCCCC)SC7=C(S6)SC(=O)S7)C1=O)SC8=C(S3)SC(=O)S8"
101549361,C52H28N2O8,808.184565856,"C1=CC2=CC(=C1)OC3=CC=C(C=C3)C(=O)C4=CC=C(C=C4)C5=CC=C(C=C5)C(=O)C6=CC=C(C=C6)OC7=CC=CC(=C7)N8C(=O)C9=C1C(=CC=C3C1=C(C=C9)C(=O)N2C3=O)C8=O"
101552097,C33H30N2O4,518.22055744,"CCCCCCCCN1C(=O)C2=C3C(=CC=C4C3=C(C=C2)C(=O)N(C4=O)C5=CC=C(C=C5)C6C=CC=C6)C1=O"
101552098,C22H20N2O6,408.1321363599999,"CCCCCCN1C(=O)C2=C3C(=CC=C4C3=C(C=C2)C(=O)N(C4=O)CC(=O)O)C1=O"
101552608,C70H106N2O4,1038.815259872,"CCCCCCCCN1C(=O)C2=C3C(=C(C(=C(C3=C4C5=C(C6=C(C(=C(C(=C6C(=C52)C1=O)CCCC)CCCC)CCCC)CCCC)C(=O)N(C4=O)CCCCCCCC)CCCC)CCCC)CCCC)CCCC"
101552610,C54H70N2O4,810.53355872,"CCCCCCCCN1C(=O)C2=C3C4=C(C5=C(C6=C(CCCC6)C(=C52)CC)CC)C(=O)N(C(=O)C4=C7C(=C8CCCCC8=C(C7=C3C1=O)CC)CC)CCCCCCCC"
101552611,C54H74N2O4,814.564858848,"CCCCCCCCN1C(=O)C2=C3C(=C(C(=C(C3=C4C5=C(C6=C(C(=C(C(=C6C(=C52)C1=O)CC)CC)CC)CC)C(=O)N(C4=O)CCCCCCCC)CC)CC)CC)CC"
101552613,C54H50N2O4,790.37705808,"CCCCCCCCN1C(=O)C2=C3C4=C(C5=C2C6=CC=CC=C6C7=CC=CC=C75)C(=O)N(C(=O)C4=C8C9=CC=CC=C9C2=CC=CC=C2C8=C3C1=O)CCCCCCCC"
101552614,C70H86N2O4,1018.6587592320001,"CCCCCCCCN1C(=O)C2=C3C4=C(C5=C(C6=C(CC7=CC=CC=C7C6)C(=C52)CCCC)CCCC)C(=O)N(C(=O)C4=C8C(=C9CC2=CC=CC=C2CC9=C(C8=C3C1=O)CCCC)CCCC)CCCCCCCC"
101552615,C86H74N2O4,1198.564858848,"CCCCCCCCN1C(=O)C2=C3C4=C(C5=C2C(=C(C(=C5C6=CC=CC=C6)C7=CC=CC=C7)C8=CC=CC=C8)C9=CC=CC=C9)C(=O)N(C(=O)C4=C2C(=C(C(=C(C2=C3C1=O)C1=CC=CC=C1)C1=CC=CC=C1)C1=CC=CC=C1)C1=CC=CC=C1)CCCCCCCC"
101560304,C50H47N3O4,753.3566569839999,"CCCCCCCCN1C(=O)C2=C3C(=CC=C4C3=C(C=C2)C(=O)N(C4=O)C5=C6C=CC=CC6=C(C7=CC=CC=C75)C8=C(C9=C2C(=C8C)CCCN2CCC9)C)C1=O"
101560776,C78H86N6O12,1298.6303721919999,"CCCCCCN1C(=O)C2=C3C(=CC(=C4C3=C(C=C2)C(=O)N(C4=O)CCCCCC)C5=CC6=C7C8=C5C(=O)N(C(=O)C8=CC(=C7C(=O)N(C6=O)CCCCCC)C9=C2C3=C(C=CC4=C3C(=C9)C(=O)N(C4=O)CCCCCC)C(=O)N(C2=O)CCCCCC)CCCCCC)C1=O"
101570482,C100H78N6O12,1554.5677719359996,"CC(C)C1=C(C(=CC=C1)C(C)C)N2C(=O)C3=C4C5=C(C=C3)C(=O)N(C(=O)C5=C6C7=CC8=C9C(=CC1=C3C9=C7C5=C7C3=C(C=C3C7=C(C=C5C6=C4C2=O)C(=NC3=O)O)C2=C3C4=C(C=CC5=C4C(=C12)C(=O)N(C5=O)C1=C(C=CC=C1C(C)C)C(C)C)C(=O)N(C3=O)C1=C(C=CC=C1C(C)C)C(C)C)C(=O)N=C8O)C1=C(C=CC=C1C(C)C)C(C)C"
101570485,C68H54N4O4,990.414506208,"CCCCCCCCN1C(=O)C2=C3C(=CC=C4C3=C(C=C2)C(=O)N(C4=O)C5=CC=C(C=C5)C6=CC=C(C=C6)N7C8=CC=C(C=CC9=CC=C(C=C9)N(C2=CC=C(C=CC3=CC=C7C=C3)C=C2)C2=CC=CC=C2)C=C8)C1=O"
101576143,C95H69N3O7,1363.5135515479997,"CC1=C2CCCN3C2=C(CCC3)C(=C1C4=C5C=CC=CC5=C(C6=CC=CC=C64)C7=CC8=C(C=C7)C9=C(C8=O)C=C(C=C9)C1=CC2=C(C=C1)C1=C(C2=O)C=C(C=C1)C1=CC2=C(C=C1)C1=C(C2=O)C=C(C=C1)N1C(=O)C2=C3C(=CC=C4C3=C(C=C2)C(=O)N(C4=O)C2=C(C=CC(=C2)C(C)(C)C)C(C)(C)C)C1=O)C"
101576653,C38H26N4O12S2,794.0988642720002,"C1=CC2=C3C(=CC=C4C3=C1C(=O)N(C4=O)CCCCN5C(=O)C6=C7C(=CC=C8C7=C(C=C6)C(=O)N(C8=O)C(CS)C(=O)O)C5=O)C(=O)N(C2=O)C(CS)C(=O)O"
101576675,C26H14N2O10S2,578.008986648,"C1=CC=C(C(=C1)C2=C(C=C(C=C2)N3C(=O)C4=C5C(=CC=C6C5=C(C=C4)C(=O)NC6=O)C3=O)S(=O)(=O)O)S(=O)(=O)O"
101577801,C52H50N4O8,858.3628645600002,"CCCCCCN1C(=O)C2=C3C(=CC=C4C3=C(C=C2)C(=O)N(C4=O)CC5=CC(=CC(=C5)C(C)(C)C)CN6C(=O)C7=C8C(=CC=C9C8=C(C=C7)C(=O)N(C9=O)CCCCCC)C6=O)C1=O"
101578361,C58H82N2O4S2,934.571601104,"CCCCCCCCC(CCCCCCCC)CN1C(=O)C2=C3C(=CC(=C4C3=C(C=C2)C(=O)N(C4=O)CC(CCCCCCCC)CCCCCCCC)C5=CC=C(S5)C6=CC=CS6)C1=O"
101578543,C42H28N4O4,652.211055376,"CCN1C2=C(C=C(C=C2)N3C(=O)C4=C5C(=CC=C6C5=C(C=C4)C(=O)N(C6=O)C7=CC8=C(C=C7)N(C9=CC=CC=C98)CC)C3=O)C2=CC=CC=C21"
101579534,C27H25N3O4,455.18450628,"CCCCC(CC)CN1C(=O)C2=C3C(=CC=C4C3=C(C=C2)C(=O)N(C4=O)C5=CC=NC=C5)C1=O"
101579535,C29H29N3O4,483.215806408,"CCCCC(CC)CN1C(=O)C2=C3C(=CC=C4C3=C(C=C2)C(=O)N(C4=O)CCC5=CC=NC=C5)C1=O"
101580817,C33H39N5O7,617.284948588,"CCCCCCC(CCCCCC)N1C(=O)C2=C3C(=CC=C4C3=C(C=C2)C(=O)N(C4=O)CCCN5C(=O)NC(=O)NC5=O)C1=O"
101581343,C125H185N11O18,2128.389908079999,"CCCCN1C(=O)C2=C3C(=CC=C4C3=C(C=C2)C(=O)N(C4=O)CCCC(=O)NCCCC5C(=O)NC6CCC7(C(C6)CC(C8C7CC(C9(C8CCC9C(CCC(=O)NC2CCC3(C(C2)CC(C2C3CC(C3(C2CCC3C(CCC(=O)NC2CCC3(C(C2)CC(C2C3CC(C3(C2CCC3C(CCC(=O)NC2=CN(C3CCC4(C(C3)CC(C3C4CC(C4(C3CCC4C(CCC(=O)N5)C)C)O)O)C)N=N2)C)C)O)O)C)C)C)O)O)C)C)C)O)O)C)C1=O"
101581347,C123H184N8O18,2061.372861047999,"CCCCN1C(=O)C2=C3C(=CC=C4C3=C(C=C2)C(=O)N(C4=O)CCCC(=O)NCCCC5C(=O)NC6CCC7(C(C6)CC(C8C7CC(C9(C8CCC9C(CCC(=O)NC2CCC3(C(C2)CC(C2C3CC(C3(C2CCC3C(CCC(=O)NC2CCC3(C(C2)CC(C2C3CC(C3(C2CCC3C(CCC(=O)NC2CCC3(C(C2)CC(C2C3CC(C3(C2CCC3C(CCC(=O)N5)C)C)O)O)C)C)C)O)O)C)C)C)O)O)C)C)C)O)O)C)C1=O"
101582960,C52H44N4O10,884.3057436080001,"COC(=O)C(CC1=CC=CC=C1)NC(=O)C(CC2=CC=CC=C2)N3C(=O)C4=C5C(=CC=C6C5=C(C=C4)C(=O)N(C6=O)C(CC7=CC=CC=C7)C(=O)NC(CC8=CC=CC=C8)C(=O)OC)C3=O"
101582961,C52H44N4O10,884.3057436080001,"COC(=O)C(CC1=CC=CC=C1)NC(=O)C(CC2=CC=CC=C2)N3C(=O)C4=C5C(=CC=C6C5=C(C=C4)C(=O)N(C6=O)C(CC7=CC=CC=C7)C(=O)NC(CC8=CC=CC=C8)C(=O)OC)C3=O"
101582962,C52H44N4O10,884.3057436080001,"COC(=O)C(CC1=CC=CC=C1)NC(=O)C(CC2=CC=CC=C2)N3C(=O)C4=C5C(=CC=C6C5=C(C=C4)C(=O)N(C6=O)C(CC7=CC=CC=C7)C(=O)NC(CC8=CC=CC=C8)C(=O)OC)C3=O"
101582963,C24H20N4O10,524.11794284,"COC(=O)CNC(=O)CN1C(=O)C2=C3C(=CC=C4C3=C(C=C2)C(=O)N(C4=O)CC(=O)NCC(=O)OC)C1=O"
101582964,C52H44N4O10,884.3057436080001,"COC(=O)C(CC1=CC=CC=C1)NC(=O)C(CC2=CC=CC=C2)N3C(=O)C4=C5C(=CC=C6C5=C(C=C4)C(=O)N(C6=O)C(CC7=CC=CC=C7)C(=O)NC(CC8=CC=CC=C8)C(=O)OC)C3=O"
101583585,C70H98N4O38,1602.585904695999,"CN(CCCN1C(=O)C2=C3C(=CC=C4C3=C(C=C2)C(=O)N(C4=O)CCCN(C)CC5C6C(C(C(O5)OC7C(OC(C(C7O)O)OC8C(OC(C(C8O)O)OC9C(OC(C(C9O)O)OC2C(OC(C(C2O)O)OC2C(OC(C(C2O)O)OC2C(OC(O6)C(C2O)O)CO)CO)CO)CO)CO)CO)O)O)C1=O)CC1C=CC=C1"
101584423,C62H96N12O8S4,1264.6356920319997,"C1CSSC1CCCCC(=O)NC(CCCCN)C(=O)NCCCN2CCN(CC2)CCCN3C(=O)C4=C5C(=CC=C6C5=C(C=C4)C(=O)N(C6=O)CCCN7CCN(CC7)CCCNC(=O)C(CCCCN)NC(=O)CCCCC8CCSS8)C3=O"
101584424,C50H72N8O6S4,1008.445766024,"C1CSSC1CCCCC(=O)NCCCN2CCN(CC2)CCCN3C(=O)C4=C5C(=CC=C6C5=C(C=C4)C(=O)N(C6=O)CCCN7CCN(CC7)CCCNC(=O)CCCCC8CCSS8)C3=O"
101584425,C52H82N14O8S2,1094.588147584,"C1CN(CCN1CCCNC(=O)C(CCCCN)NC(=O)C(CS)N)CCCN2C(=O)C3=C4C(=CC=C5C4=C(C=C3)C(=O)N(C5=O)CCCN6CCN(CC6)CCCNC(=O)C(CCCCN)NC(=O)C(CS)N)C2=O"
101584457,C40H50N10O14,894.3507962800004,"CN(CCCN1C(=O)C2=C3C(=CC=C4C3=C(C=C2)C(=O)N(C4=O)CCCN(C)CC5=CN(N=N5)CC6C(C(C(C(O6)O)O)O)O)C1=O)CC7=CN(N=N7)CC8C(C(C(C(O8)O)O)O)O"
101692621,C66H40N8O6,1040.3070810000002,"C1=CC=C(C=C1)C2=NC3=C(C=C(C=C3)OC4=CC=C(C=C4)N)N=C2C5=CC=C(C=C5)N6C(=O)C7=C8C(=CC=C9C8=C(C=C7)C(=O)N(C9=O)C1=CC=C(C=C1)C1=NC2=C(C=CC(=C2)OC2=CC=C(C=C2)N)N=C1C1=CC=CC=C1)C6=O"
101717362,C44H44N6O8,784.3220623679999,"CC1C(=O)NCC2=CC=C(CN3C(=O)C4=C5C(=CC=C6C5=C(C=C4)C(=O)N(C6=O)CC7=CC=C(C=C7)C(=O)NC(C(=O)NC(C(=O)N1)CC(C)C)C(C)C)C3=O)C=C2"
101723917,C48H58N6O6,814.441783576,"C1CN(CCC1CCCNC(=O)C2C=CC=C2)CCCN3C(=O)C4=C5C(=CC=C6C5=C(C=C4)C(=O)N(C6=O)CCCN7CCC(CC7)CCCNC(=O)C8C=CC=C8)C3=O"
101724501,C25H27N3O8,497.17981482399995,"CC(C)(C)OC(=O)NCCN1C(=O)C2=C3C(=CC=C4C3=C(C=C2)C(=O)N(C4=O)CCOCCO)C1=O"
101727919,C116H99N7O8,1717.7555131279996,"CCCCCCCCN1C(=O)C2=C3C(=CC=C4C3=C(C=C2)C(=O)N(C4=O)N5C(=O)C6=CC(=C7C8=C9C(=C(C=C8)C2=CC=C(C=C2)C2=C3C=CC(=N3)C(=C3C=CC(=C(C4=NC(=C(C8=CC=C2N8)C2=CC=CC=C2)C=C4)C2=CC=CC=C2)N3)C2=CC=CC=C2)C=CC=C9C2=C(C=C(C6=C72)C5=O)OC2=CC(=CC(=C2)C(C)(C)C)C(C)(C)C)OC2=CC(=CC(=C2)C(C)(C)C)C(C)(C)C)C1=O"
101730898,C22H16N2O8-2,436.0917626318199,"CC(C)(C(=O)[O-])N1C(=O)C2=C3C(=CC=C4C3=C(C=C2)C(=O)N(C4=O)C(C)(C)C(=O)[O-])C1=O"
101730899,C22H18N2O8,438.1063155359999,"CC(C)(C(=O)O)N1C(=O)C2=C3C(=CC=C4C3=C(C=C2)C(=O)N(C4=O)C(C)(C)C(=O)O)C1=O"
101733313,C35H32N4O4,572.2423555040001,"CC(C)(C)C1=CC(=C(C=C1)C(C)(C)C)N2C(=O)C3=C4C(=CC=C5C4=C(C=C3)C(=O)N(C5=O)C6=CC=C(C=C6)C(=N)N)C2=O"
101733314,C30H30N4O4,510.22670544,"CC(C)(C)C1=CC(=C(C=C1)C(C)(C)C)N2C(=O)C3=C4C(=CC=C5C4=C(C=C3)C(=O)N(C5=O)CC(=N)N)C2=O"
101743438,C20H16N4O8,440.09681347199995,"C1=CC2=C3C(=CC=C4C3=C1C(=O)N(C4=O)NCCC(=O)O)C(=O)N(C2=O)NCCC(=O)O"
101743439,C18H12N4O8,412.06551334399995,"C1=CC2=C3C(=CC=C4C3=C1C(=O)N(C4=O)NCC(=O)O)C(=O)N(C2=O)NCC(=O)O"
101749952,C62H46N6O4,938.358053952,"CCCCCCCCN1C(=O)C2=C3C(=CC=C4C3=C(C=C2)C(=O)N(C4=O)C5=CC=C(C=C5)C#CC6=C7C=CC(=N7)C(=C8C=CC(=CC9=CC=C(N9)C(=C2C=CC6=N2)C2=CC=CC=C2)N8)C2=CC=CC=C2)C1=O"
101749954,C94H74N8O8,1442.5629613279996,"CCCCCCCCN1C(=O)C2=C3C(=CC=C4C3=C(C=C2)C(=O)N(C4=O)C5=C(C=C(C=C5)C#CC6=C7C=CC(=C(C8=NC(=C(C9=CC=C(N9)C(=C2C=CC6=N2)C2=CC=CC=C2)C#CC2=CC(=C(C=C2)N2C(=O)C3=C4C(=CC=C5C4=C(C=C3)C(=O)N(C5=O)CCCCCCCC)C2=O)C)C=C8)C2=CC=CC=C2)N7)C)C1=O"
101749956,C92H70N8O8,1414.5316611999995,"CCCCCCCCN1C(=O)C2=C3C(=CC=C4C3=C(C=C2)C(=O)N(C4=O)C5=CC=C(C=C5)C#CC6=C7C=CC(=C(C8=NC(=C(C9=CC=C(N9)C(=C2C=CC6=N2)C2=CC=CC=C2)C#CC2=CC=C(C=C2)N2C(=O)C3=C4C(=CC=C5C4=C(C=C3)C(=O)N(C5=O)CCCCCCCC)C2=O)C=C8)C2=CC=CC=C2)N7)C1=O"
101754308,C43H29N6O4+,693.22447982809,"C1=CC=[N+](C=C1)CCCN2C(=O)C3=C4C(=CC=C5C4=C(C=C3)C(=O)N(C5=O)C6=CC=C(C=C6)C7=CC(=NC(=C7)C8=CC=CC=N8)C9=CC=CC=N9)C2=O"
101754309,C43H35N5O4,685.2689045999999,"CCCCCCCCN1C(=O)C2=C3C(=CC=C4C3=C(C=C2)C(=O)N(C4=O)C5=CC=C(C=C5)C6=CC(=NC(=C6)C7=CC=CC=N7)C8=CC=CC=N8)C1=O"
101756343,C25H28N4O6,480.20088461599994,"CN(C)CCCN1C(=O)C2=C3C(=CC=C4C3=C(C=C2)C(=O)N(C4=O)CCCCC(C(=O)O)N)C1=O"
101756344,C40H38N4O8,702.268964176,"CN(C)CCCN1C(=O)C2=C3C(=CC=C4C3=C(C=C2)C(=O)N(C4=O)CCCCC(C(=O)O)NC(=O)OCC5C6=CC=CC=C6C7=CC=CC=C57)C1=O"
101756345,C64H81N13O13,1239.607679652,"CC(=O)NC(CCCCN1C(=O)C2=C3C(=CC=C4C3=C(C=C2)C(=O)N(C4=O)CCCN(C)C)C1=O)C(=O)NC(CCCCN)C(=O)NC(CCCCN)C(=O)NC(CCCCN5C(=O)C6=C7C(=CC=C8C7=C(C=C6)C(=O)N(C8=O)CCCN(C)C)C5=O)C(=O)N"
101756352,C52H70N6O6,874.53568396,"CN(CCCNC(=O)CC12CC3CC(C1)CC(C3)C2)CCCN4C(=O)C5=C6C(=CC=C7C6=C(C=C5)C(=O)N(C7=O)CCCN(C)CCCNC(=O)CC89CC1CC(C8)CC(C1)C9)C4=O"
101757572,C30H38N2O12,618.2424746559999,"C1=CC2=C3C(=CC=C4C3=C1C(=O)N(C4=O)CCOCCOCCOCCO)C(=O)N(C2=O)CCOCCOCCOCCO"
101760924,C70H38N2O6,1002.2729869360002,"C1=CC2=C3C(=C1)C4=CC=CC5=C4C(=C(C=C5)C(=O)CC6=CC=C(C=C6)N7C(=O)C8=C9C(=CC=C1C9=C(C=C8)C(=O)N(C1=O)C1=CC=C(C=C1)CC(=O)C1=C4C5=CC=CC6=C5C(=CC=C6)C5=CC=CC(=C54)C=C1)C7=O)C3=CC=C2"
101760925,C128H74N2O14,1862.5140050479997,"C1=CC2=C3C(=C1)C4=CC=CC5=C4C(=C(C=C5)C(=O)COC6=CC(=CC(=C6)COC7=CC=C(C=C7)N8C(=O)C9=C1C(=CC=C4C1=C(C=C9)C(=O)N(C4=O)C1=CC=C(C=C1)OCC1=CC(=CC(=C1)OCC(=O)C1=C4C5=CC=CC6=C5C(=CC=C6)C5=CC=CC(=C54)C=C1)OCC(=O)C1=C4C5=CC=CC6=C5C(=CC=C6)C5=CC=CC(=C54)C=C1)C8=O)OCC(=O)C1=C4C5=CC=CC6=C5C(=CC=C6)C5=CC=CC(=C54)C=C1)C3=CC=C2"
101761499,C68H73N7O4,1051.572403816,"CCCCCCCCN1C(=O)C2=C3C(=CC=C4C3=C(C=C2)C(=O)N(C4=O)CC5=CC=C(C=C5)C6=C7C=CC(=C(C8=NC(=C(C9=NC(=C(C2=CC=C6N2)CCCCCCC)C=C9)C2=CC=CN2C)C=C8)CCCCCCC)N7)C1=O"
101761502,C54H45N7O4,855.3533029199999,"CCCCCCCCN1C(=O)C2=C3C(=CC=C4C3=C(C=C2)C(=O)N(C4=O)CC5=CC=C(C=C5)C6=C7C=CC(=CC8=NC(=C(C9=NC(=CC2=CC=C6N2)C=C9)C2=CC=CN2C)C=C8)N7)C1=O"
101766224,C81H76N6O15,1372.536865732,"CC1=CC=C(C=C1)C2=C3C=CC(=C(C4=NC(=C(C5=CC=C(N5)C(=C6C=CC2=N6)C7=CC=C(C=C7)C)C8=CC(=CC=C8)OC(=O)CCC(=O)OCCOCCOCCOCCN9C(=O)C1=C2C(=CC=C5C2=C(C=C1)C(=O)N(C5=O)CCOCCOCCOCCO)C9=O)C=C4)C1=CC=C(C=C1)C)N3"
101780483,C42H36N4O14,820.222801832,"C1COCCOCCOCN2C(=O)C3=C4C(=CC=C5C4=C(C=C3)C(=O)N(C5=O)COCCOCCOCCN6C(=O)C7=C8C(=CC=C9C8=C(C=C7)C(=O)N1C9=O)C6=O)C2=O"
101781697,C36H26N4O10,674.1648930320001,"CN1C(=O)C2=C3C(=CC=C4C3=C(C=C2)C(=O)N(C4=O)CCOCCOCCN5C(=O)C6=C7C(=CC=C8C7=C(C=C6)C(=O)N(C8=O)C)C5=O)C1=O"
101781704,C82H124N4O12,1356.9215754079999,"CCCCCCCCOC1=CC(=CC(=C1OCCCCCCCC)OCCCCCCCC)C(=O)NCCCN2C(=O)C3=C4C(=CC=C5C4=C(C=C3)C(=O)N(C5=O)CCCNC(=O)C6=CC(=C(C(=C6)OCCCCCCCC)OCCCCCCCC)OCCCCCCCC)C2=O"
101781705,C84H128N4O12,1384.952875536,"CCCCCCCCOC1=CC(=CC(=C1OCCCCCCCC)OCCCCCCCC)C(=O)NCCCCN2C(=O)C3=C4C(=CC=C5C4=C(C=C3)C(=O)N(C5=O)CCCCNC(=O)C6=CC(=C(C(=C6)OCCCCCCCC)OCCCCCCCC)OCCCCCCCC)C2=O"
101785364,C28H22N2O4S2,514.102099184,"CC(C)N1C(=O)C2=CC(=C3C4=C(C=C(C(=C24)C1=O)C5=CC=CS5)C(=O)N(C3=O)C(C)C)C6=CC=CS6"
101785365,C36H26N2O4S4,678.0775413120002,"CC(C)N1C(=O)C2=CC(=C3C4=C(C=C(C(=C24)C1=O)C5=CC=C(S5)C6=CC=CS6)C(=O)N(C3=O)C(C)C)C7=CC=C(S7)C8=CC=CS8"
101785366,C44H30N2O4S6,842.0529834400003,"CC(C)N1C(=O)C2=CC(=C3C4=C(C=C(C(=C24)C1=O)C5=CC=C(S5)C6=CC=C(S6)C7=CC=CS7)C(=O)N(C3=O)C(C)C)C8=CC=C(S8)C9=CC=C(S9)C1=S=CC=C1"
101785367,C52H34N2O4S8,1006.0284255680003,"CC(C)N1C(=O)C2=CC(=C3C4=C(C=C(C(=C24)C1=O)C5=CC=C(S5)C6=CC=C(S6)C7=CC=C(S7)C8=CC=CS8)C(=O)N(C3=O)C(C)C)C9=CC=C(S9)C1=CC=C(S1)C1=CC=C(S1)C1=S=CC=C1"
101785368,C76H46N2O4S14,1497.9547519519997,"CC(C)N1C(=O)C2=CC(=C3C4=C(C=C(C(=C24)C1=O)C5=CC=C(S5)C6=CC=C(S6)C7=CC=C(S7)C8=CC=C(S8)C9=CC=C(S9)C1=CC=C(S1)C1=S=CC=C1)C(=O)N(C3=O)C(C)C)C1=CC=C(S1)C1=CC=C(S1)C1=CC=C(S1)C1=CC=C(S1)C1=CC=C(S1)C1=CC=C(S1)C1=S=CC=C1"
101785369,C60H38N2O4S10,1170.003867696,"CC(C)N1C(=O)C2=CC(=C3C4=C(C=C(C(=C24)C1=O)C5=CC=C(S5)C6=CC=C(S6)C7=CC=C(S7)C8=CC=C(S8)C9=S=CC=C9)C(=O)N(C3=O)C(C)C)C1=CC=C(S1)C1=CC=C(S1)C1=CC=C(S1)C1=CC=C(S1)C1=S=CC=C1"
101785370,C68H42N2O4S12,1333.979309824,"CC(C)N1C(=O)C2=CC(=C3C4=C(C=C(C(=C24)C1=O)C5=CC=C(S5)C6=CC=C(S6)C7=CC=C(S7)C8=CC=C(S8)C9=CC=C(S9)C1=S=CC=C1)C(=O)N(C3=O)C(C)C)C1=CC=C(S1)C1=CC=C(S1)C1=CC=C(S1)C1=CC=C(S1)C1=CC=C(S1)C1=S=CC=C1"
101785645,C33H33N5O6S,627.2151547760001,"CCCCCCCCN1C(=O)C2=C3C(=CC=C4C3=C(C=C2)C(=O)N(C4=O)CCC5=CN(N=N5)CC6COC7=CSC=C7O6)C1=O"
101785649,C26H26N2O4,430.18925731199994,"CCCCCCCCN1C(=O)C2=C3C(=CC=C4C3=C(C=C2)C(=O)N(C4=O)CCC#C)C1=O"
101786372,C40H58N10O6S2,838.398221576,"C1CN(CCN1CCCNC(=O)C(CS)N)CCCN2C(=O)C3=C4C(=CC=C5C4=C(C=C3)C(=O)N(C5=O)CCCN6CCN(CC6)CCCNC(=O)C(CS)N)C2=O"
101791895,C33H30N2O4,518.22055744,"CCCCCCCCN1C(=O)C2=C3C(=CC=C4C3=C(C=C2)C(=O)N(C4=O)C5=CC=C(C=C5)C6=CC=CC6)C1=O"
101791946,C70H63N3O6,1041.471686736,"CCCCCCCCN1C(=O)C2=C3C(=CC=C4C3=C(C=C2)C(=O)N(C4=O)C5=C(C=C(C=C5C)C#CC6=CC=CC(=C6)C#CC7=CC(=C(C(=C7)C)C8=C(C=C(C=C8C)N(C9=CC=C(C=C9)OC)C2=CC=C(C=C2)OC)C)C)C)C1=O"
101791947,C70H63N3O6,1041.471686736,"CCCCCCCCN1C(=O)C2=C3C(=CC=C4C3=C(C=C2)C(=O)N(C4=O)C5=C(C=C(C=C5C)C#CC6=CC=C(C=C6)C#CC7=CC(=C(C(=C7)C)C8=C(C=C(C=C8C)N(C9=CC=C(C=C9)OC)C2=CC=C(C=C2)OC)C)C)C)C1=O"
101792778,C94H84N10O14,1576.6168473679995,"CCCCC(CC)CN1C(=O)C2=C3C(=CC=C4C3=C(C=C2)C5=NC6=C(N5C4=O)C(=C7C(=C6N8C(=O)C9=C2C(=CC=C3C2=C(C=C9)C(=O)N(C3=O)CC(CC)CCCC)C8=O)N2C(=N7)C3=C4C(=CC=C5C4=C(C=C3)C(=O)N(C5=O)CC(CC)CCCC)C2=O)N2C(=O)C3=C4C(=CC=C5C4=C(C=C3)C(=O)N(C5=O)CC(CC)CCCC)C2=O)C1=O"
101792780,C72H64N8O10,1200.474540248,"CCCCC(CC)CN1C(=O)C2=C3C(=CC=C4C3=C(C=C2)C5=NC6=CC7=C(C(=C6N5C4=O)N8C(=O)C9=C2C(=CC=C3C2=C(C=C9)C(=O)N(C3=O)CC(CC)CCCC)C8=O)N=C2N7C(=O)C3=CC=C4C5=C(C=CC2=C35)C(=O)N(C4=O)CC(CC)CCCC)C1=O"
101792781,C72H64N8O10,1200.474540248,"CCCCCCCCN1C(=O)C2=C3C(=CC=C4C3=C(C=C2)C5=NC6=CC7=C(C(=C6N5C4=O)N8C(=O)C9=C2C(=CC=C3C2=C(C=C9)C(=O)N(C3=O)CCCCCCCC)C8=O)N=C2N7C(=O)C3=CC=C4C5=C(C=CC2=C35)C(=O)N(C4=O)CCCCCCCC)C1=O"
101794015,C58H74N6O4S4,1046.4654388479998,"CCCCCCCCC(CCCCCC)CCCN1C(=O)C2=C3C(=C4C5=C2C(=C6C(=C5C(=O)N(C4=O)CCCC(CCCCCC)CCCCCCCC)SC(=C(C#N)C#N)S6)C1=O)SC(=C(C#N)C#N)S3"
101795734,C100H124N4O12,1572.9215754079999,"CCCCCCCCCCCCOC1=CC2=CC(=C3CN4C(=O)C5=C6C(=CC=C7C6=C(C=C5)C(=O)N(C7=O)CC8=C(C=C9C=C(C(=CC9=C8)CN5C(=O)C6=C7C(=CC=C8C7=C(C=C6)C(=O)N(C8=O)CC1=CC2=C3)C5=O)OCCCCCCCCCCCC)OCCCCCCCCCCCC)C4=O)OCCCCCCCCCCCC"
101798062,C44H54N4O6+2,734.4032382881801,"C1=CC=[N+](C=C1)CCCCCCCCCCON2C(=O)C3=C4C(=CC=C5C4=C(C=C3)C(=O)N(C5=O)OCCCCCCCCCC[N+]6=CC=CC=C6)C2=O"
101799799,C58H98N4O4+2,914.75771045618,"CCCCCCCCCCCCCCCCCC[N+](C)(C)CCN1C(=O)C2=C3C(=CC=C4C3=C(C=C2)C(=O)N(C4=O)CC[N+](C)(C)CCCCCCCCCCCCCCCCCC)C1=O"
101801391,C72H59N3O4,1029.4505573679999,"CCCCCCCCN1C(=O)C2=C3C(=CC=C4C3=C(C=C2)C(=O)N(C4=O)C5=CC=C(C=C5)C#CC6=CC=C(C=C6)C#CC7=CC=C(C=C7)C8=C9C=CC=CC9=C(C2=CC=CC=C28)C2=C(C3=C4C(=C2C)CCCN4CCC3)C)C1=O"
101801392,C63H53N3O5,931.398521796,"CCCCCCCCN1C(=O)C2=C3C(=CC=C4C3=C(C=C2)C(=O)N(C4=O)C5=CC6=C(C=C5)C7=C(C6=O)C=C(C=C7)C8=C9C=CC=CC9=C(C2=CC=CC=C28)C2=C(C3=C4C(=C2C)CCCN4CCC3)C)C1=O"
101801393,C76H59N3O6,1109.440386608,"CCCCCCCCN1C(=O)C2=C3C(=CC=C4C3=C(C=C2)C(=O)N(C4=O)C5=CC6=C(C=C5)C7=C(C6=O)C=C(C=C7)C8=CC9=C(C=C8)C2=C(C9=O)C=C(C=C2)C2=C3C=CC=CC3=C(C3=CC=CC=C32)C2=C(C3=C4C(=C2C)CCCN4CCC3)C)C1=O"
101801412,C34H34N6O16S2,846.1472710080002,"C1=CC2=C3C(=CC=C4C3=C1C(=O)N(C4=O)C(CCC(=O)NC(CS)C(=O)NCC(=O)O)C(=O)O)C(=O)N(C2=O)C(CCC(=O)NC(CS)C(=O)NCC(=O)O)C(=O)O"
101801413,C24H20N4O10S2,588.06208484,"C1=CC2=C3C(=CC=C4C3=C1C(=O)N(C4=O)CC(=O)NC(CS)C(=O)O)C(=O)N(C2=O)CC(=O)NC(CS)C(=O)O"
101801414,C28H28N4O10S2,644.124685096,"CC(C)(C(=O)NC(CS)C(=O)O)N1C(=O)C2=C3C(=CC=C4C3=C(C=C2)C(=O)N(C4=O)C(C)(C)C(=O)NC(CS)C(=O)O)C1=O"
101801415,C27H24N4O12S2,660.0832142080001,"C1=CC2=C3C(=CC=C4C3=C1C(=O)N(C4=O)C(CCC(=O)NC(CS)C(=O)NCC(=O)O)C(=O)O)C(=O)N(C2=O)C(CS)C(=O)O"
101806853,C35H44N6O5,628.3373185080001,"CCCCN1C(=O)C2=CC(=C3C4=C2C(=C(C=C4C(=O)N(C3=O)CCCC)N5CCN(CC5)C)C1=O)N6CCN(CC6)C(=O)C(=C)C"
101808670,C26H26N2O8,494.1689157919999,"CC(C)CC(C(=O)O)N1C(=O)C2=C3C(=CC=C4C3=C(C=C2)C(=O)N(C4=O)C(CC(C)C)C(=O)O)C1=O"
101808760,C38H26N2O4S4,702.0775413120001,"CC(=C)CN1C(=O)C2=C(C(=C3C4=C2C(=C(C(=C4C(=O)N(C3=O)CC(=C)C)C5=CC=CS5)C6=CC=CS6)C1=O)C7=CC=CS7)C8=CC=CS8"
101808761,C54H34N2O4S8,1030.028425568,"CC(=C)CN1C(=O)C2=C(C(=C3C4=C2C(=C(C(=C4C(=O)N(C3=O)CC(=C)C)C5=CC=C(S5)C6=CC=CS6)C7=CC=C(S7)C8=S=CC=C8)C1=O)C9=CC=C(S9)C1=S=CC=C1)C1=CC=C(S1)C1=S=CC=C1"
101839152,C78H65N3O11,1219.4619099000001,"CCCCCCCCN1C(=O)C2=C3C(=CC=C4C3=C(C=C2)C(=O)N(C4=O)N5C(=O)C6=CC(=C7C8=C9C(=C(C=C8)OC2=CC=C(C=C2)C(=O)OCC2=CC=CC=C2)C=CC=C9C2=C(C=C(C6=C72)C5=O)OC2=CC=C(C=C2)C(C)(C)C)OC2=CC=C(C=C2)C(C)(C)C)C1=O"
101841294,C40H31N3O8,681.211114952,"CCCCCCCCN1C(=O)C2=C3C(=CC=C4C3=C(C=C2)C(=O)N(C4=O)C5=CC6=C7C(=C5)C=CC=C7C(=O)N(C6=O)C8=CC(=C(C=C8)O)O)C1=O"
101849988,C58H60N4O6,908.45128564,"C1=CC=C(C=C1)C(CNC(=O)CCC(=O)NCCCCCCCCCCCCN2C(=O)C3=C4C(=CC=C5C4=C(C=C3)C(=O)N(C5=O)CC(C6=CC=CC=C6)C7=CC=CC=C7)C2=O)C8=CC=CC=C8"
101852550,C40H56N8O6,744.4322815119999,"CCC(=O)NCCCN1CCN(CC1)CCCN2C(=O)C3=C4C(=CC=C5C4=C(C=C3)C(=O)N(C5=O)CCCN6CCN(CC6)CCCNC(=O)CC)C2=O"
101852551,C36H48N8O6,688.369681256,"C1CN(CCN1CCCNC=O)CCCN2C(=O)C3=C4C(=CC=C5C4=C(C=C3)C(=O)N(C5=O)CCCN6CCN(CC6)CCCNC=O)C2=O"
101852552,C30H38N6O6,578.285282936,"CN(CCCNC=O)CCCN1C(=O)C2=C3C(=CC=C4C3=C(C=C2)C(=O)N(C4=O)CCCN(C)CCCNC=O)C1=O"
101852553,C34H46N6O6,634.347883192,"CCC(=O)NCCCN(C)CCCN1C(=O)C2=C3C(=CC=C4C3=C(C=C2)C(=O)N(C4=O)CCCN(C)CCCNC(=O)CC)C1=O"
101852554,C32H42N6O6,606.316583064,"CC(=O)NCCCN(C)CCCN1C(=O)C2=C3C(=CC=C4C3=C(C=C2)C(=O)N(C4=O)CCCN(C)CCCNC(=O)C)C1=O"
101853797,C62H50N12O8,1090.38745656,"CNCCN1C(=O)C2=C3C(=CC=C4C3=C(C=C2)C(=O)N(C4=O)CCN=CC5=NC(=CC=C5)C6=CC=CC(=N6)CCC7=NC(=CC=C7)C8=CC=CC(=N8)C=NCCN9C(=O)C2=C3C(=CC=C4C3=C(C=C2)C(=O)N(C4=O)CCNC)C9=O)C1=O"
101857475,C102H112N8O8,1576.8603125439997,"CC(C)(C)C1=CC=C(C=C1)C(C2=CC=C(C=C2)C(C)(C)C)(C3=CC=C(C=C3)C(C)(C)C)C4=CC=C(C=C4)OCCOCCN5C=C(N=N5)CN6C(=O)C7=C8C(=CC=C9C8=C(C=C7)C(=O)N(C9=O)CC1=CN(N=N1)CCOCCOC1=CC=C(C=C1)C(C1=CC=C(C=C1)C(C)(C)C)(C1=CC=C(C=C1)C(C)(C)C)C1=CC=C(C=C1)C(C)(C)C)C6=O"
101857476,C30H36N8O10,668.2554393519999,"C1=CC2=C3C(=CC=C4C3=C1C(=O)N(C4=O)CCOCCOCOCCCN=[N+]=[N-])C(=O)N(C2=O)CCOCCOCOCCCN=[N+]=[N-]"
101857479,C30H38N2O12,618.2424746559999,"C1=CC2=C3C(=CC=C4C3=C1C(=O)N(C4=O)CCOCCOCOCCCO)C(=O)N(C2=O)CCOCCOCOCCCO"
101862120,C38H42N4O4+2,618.31950866418,"CC(C)(C)C1=CC(=CC(=C1)CN2C(=O)C3=C4C(=CC=C5C4=C(C=C3)C(=O)N(C5=O)CC6=CC(=CC(=C6)C[NH3+])C(C)(C)C)C2=O)C[NH3+]"
101862864,C113H147N7O13,1810.1056877639996,"CCCCCCCCCCCCOC1=CC(=CC(=C1)C(=O)OCCCCCCOC2=C3C4=C5C(=C2)C(=O)N(C(=O)C5=C(C=C4C(=O)N(C3=O)C6=C(C=CC=C6C(C)C)C(C)C)NCCCCCCOC(=O)CCC7C(C8=NC7=C9CC(=O)C1=C9NC(=C1C)C=C1C(=C(C(=N1)C=C1C(=C(C(=C8)N1)C)CO)C)CC)C)C1=C(C=CC=C1C(C)C)C(C)C)OCCCCCCCCCCCC"
101862865,C159H200N12O18,2565.510357559999,"CCCCCCCCCCCCOC1=CC(=CC(=C1)C(=O)OCCCCCCOC2=C3C4=C5C(=C2)C(=O)N(C(=O)C5=C(C=C4C(=O)N(C3=O)C6=C(C=CC=C6C(C)C)C(C)C)NCCN=C(CCCCCNC7=C8C9=C1C(=C7)C(=O)N(C(=O)C1=C(C=C9C(=O)N(C8=O)C1=C(C=CC=C1C(C)C)C(C)C)NCCCCCCOC(=O)CCC1C(C2=NC1=C1CC(=O)C3=C1NC(=C3C)C=C1C(=C(C(=N1)C=C1C(=C(C(=C2)N1)C)CO)C)CC)C)C1=C(C=CC=C1C(C)C)C(C)C)O)C1=C(C=CC=C1C(C)C)C(C)C)OCCCCCCCCCCCC"
101866746,C150H163N25O38S2,2986.1032277760023,"CC(C)NC1=C2C3=C4C(=C1)C(=O)N(C(=O)C4=C(C=C3C(=O)N(C2=O)C(CCC(=O)O)C(=N)O)NC(C)C)CCN=C(COC5=CC=CC=C5C6=C(C=C(C=C6)C7=CC(=C(C=C7)C8=C(C=C(C=C8)OCCN=C(CCCCC9CCSS9)O)OCC(=NCCN1C(=O)C2=CC(=C3C4=C2C(=C(C=C4C(=O)N(C3=O)C(CCC(=O)O)C(=N)O)NC(C)C)C1=O)NC(C)C)O)OCC(=NCCN1C(=O)C2=CC(=C3C4=C2C(=C(C=C4C(=O)N(C3=O)C(CCC(=O)O)C(=N)O)NC(C)C)C1=O)NC(C)C)O)OCC(=NCCN1C(=O)C2=CC(=C3C4=C2C(=C(C=C4C(=O)N(C3=O)C(CCC(=O)O)C(=N)O)NC(C)C)C1=O)NC(C)C)O)O"
101866747,C140H146N24O36,2739.0331569920004,"CC(C)NC1=C2C3=C4C(=C1)C(=O)N(C(=O)C4=C(C=C3C(=O)N(C2=O)C(CCC(=O)O)C(=N)O)NC(C)C)CCN=C(COC5=CC=CC=C5C6=C(C=C(C=C6)C7=CC(=C(C=C7)C8=CC=CC=C8OCC(=NCCN9C(=O)C1=CC(=C2C3=C1C(=C(C=C3C(=O)N(C2=O)C(CCC(=O)O)C(=N)O)NC(C)C)C9=O)NC(C)C)O)OCC(=NCCN1C(=O)C2=CC(=C3C4=C2C(=C(C=C4C(=O)N(C3=O)C(CCC(=O)O)C(=N)O)NC(C)C)C1=O)NC(C)C)O)OCC(=NCCN1C(=O)C2=CC(=C3C4=C2C(=C(C=C4C(=O)N(C3=O)C(CCC(=O)O)C(=N)O)NC(C)C)C1=O)NC(C)C)O)O"
101866748,C144H166N28O28,2735.242636672001,"CC(C)NC1=C2C3=C4C(=C1)C(=O)N(C(=O)C4=C(C=C3C(=O)N(C2=O)C(CCCCN)C(=N)O)NC(C)C)CCN=C(COC5=CC=CC=C5C6=C(C=C(C=C6)C7=CC(=C(C=C7)C8=CC=CC=C8OCC(=NCCN9C(=O)C1=CC(=C2C3=C1C(=C(C=C3C(=O)N(C2=O)C(CCCCN)C(=N)O)NC(C)C)C9=O)NC(C)C)O)OCC(=NCCN1C(=O)C2=CC(=C3C4=C2C(=C(C=C4C(=O)N(C3=O)C(CCCCN)C(=N)O)NC(C)C)C1=O)NC(C)C)O)OCC(=NCCN1C(=O)C2=CC(=C3C4=C2C(=C(C=C4C(=O)N(C3=O)C(CCCCN)C(=N)O)NC(C)C)C1=O)NC(C)C)O)O"
101874535,C40H28N4O8,692.1907138560001,"C1CCC2C(C1)N3C(=O)C4=C5C(=CC=C6C5=C(C=C4)C(=O)N(C6=O)C7CCCCC7N8C(=O)C9=C1C(=CC=C4C1=C(C=C9)C(=O)N2C4=O)C8=O)C3=O"
101875400,C38H38N2O8S2,714.206958176,"CCCCCCN1C(=O)C2=CC(=C3C4=C(C=C(C(=C24)C1=O)C5=C6C(=CS5)OCCO6)C(=O)N(C3=O)CCCCCC)C7=C8C(=CS7)OCCO8"
101878166,C20H14N2O8,410.0750154079999,"CC(C(=O)O)N1C(=O)C2=C3C(=CC=C4C3=C(C=C2)C(=O)N(C4=O)C(C)C(=O)O)C1=O"
101879705,C81H90N2O15,1330.6341201799999,"CCCCC(CC)CN1C(=O)C2=C3C(=CC=C4C3=C(C=C2)C(=O)N(C4=O)CCCCCC(=O)OCCOCCOCCOCCOCCOCCOC5=CC(=C(C=C5C=CC6=CC=C(C=C6)C=CC7=CC=C(C=C7)OC)OC)C=CC8=CC=C(C=C8)C=CC9=CC=C(C=C9)OC)C1=O"
101879812,C90H114N6O8S4,1534.7580986079997,"CCCCC(CC)CN1C(=C2C(=C(N(C2=O)CC(CC)CCCC)C3=CC=C(S3)C4=C5C6=C(C=C(C7=C6C(=C4)C(=O)N(C7=O)CC(CC)CCCC)C8=CC=C(S8)C9=C2C(=C(N(C2=O)CC(CC)CCCC)C2=CC=CS2)C(=O)N9CC(CC)CCCC)C(=O)N(C5=O)CC(CC)CCCC)C1=O)C1=S=CC=C1"
101880039,C70H94N2O4,1026.721359488,"CCCCCCCCCCCCCCCCCCCCN1C(=O)C2=CC(=C3C4=C(C=C(C(=C24)C1=O)C#CC5=CC=CC=C5)C(=O)N(C3=O)CCCCCCCCCCCCCCCCCCCC)C#CC6=CC=CC=C6"
101880040,C42H38N2O4,634.283157696,"CCCCCCN1C(=O)C2=CC(=C3C4=C(C=C(C(=C24)C1=O)C#CC5=CC=CC=C5)C(=O)N(C3=O)CCCCCC)C#CC6=CC=CC=C6"
101880041,C40H36N4O4,636.273655632,"CCCCCCN1C(=O)C2=CC(=C3C4=C(C=C(C(=C24)C1=O)C#CC5=CC=NC=C5)C(=O)N(C3=O)CCCCCC)C#CC6=CC=NC=C6"
101880042,C66H90N2O4S2,1038.63420136,"CCCCCCCCCCCCCCCCCCCCN1C(=O)C2=CC(=C3C4=C(C=C(C(=C24)C1=O)C#CC5=CC=CS5)C(=O)N(C3=O)CCCCCCCCCCCCCCCCCCCC)C#CC6=CC=CS6"
101880043,C74H94N2O4S2,1138.6655014879998,"CCCCCCCCCCCCCCCCCCCCN1C(=O)C2=CC(=C3C4=C(C=C(C(=C24)C1=O)C#CC5=CC6=CC=CC=C6S5)C(=O)N(C3=O)CCCCCCCCCCCCCCCCCCCC)C#CC7=CC8=CC=CC=C8S7"
101880044,C38H34N2O4S2,646.195999568,"CCCCCCN1C(=O)C2=CC(=C3C4=C(C=C(C(=C24)C1=O)C#CC5=CC=CS5)C(=O)N(C3=O)CCCCCC)C#CC6=CC=CS6"
101883744,C70H88N4O12S,1208.611945256,"CCC(CC)CCCN1C(=O)C2=CC(=C3C4=C(C=C(C(=C24)C1=O)C5=CC=C(S5)C6=CC7=C8C9=C6C(=O)N(C(=O)C9=CC(=C8C(=O)N(C7=O)CCCC(CC)CC)OCCOC)CCCC(CC)CC)C(=O)N(C3=O)CCCC(CC)CC)OCCOC"
101883745,C100H126N4O12S4,1702.8255094719993,"CCC(CC)CCCC1=CC=C(S1)C2=C3C=C(SC3=C(C4=C2SC(=C4)C5=CC6=C7C8=C5C(=O)N(C(=O)C8=CC(=C7C(=O)N(C6=O)CCCC(CC)CC)OCCOC)CCCC(CC)CC)C9=CC=C(S9)CCCC(CC)CC)C1=CC2=C3C4=C1C(=O)N(C(=O)C4=CC(=C3C(=O)N(C2=O)CCCC(CC)CC)OCCOC)CCCC(CC)CC"
101885436,C66H44N4O6,988.326085128,"C1=CC=C(C=C1)CC(C(=O)NCC2=C3C=CC4=CC=CC5=C4C3=C(C=C5)C=C2)N6C(=O)C7=C8C(=CC=C9C8=C(C=C7)C(=O)N(C9=O)C(CC1=CC=CC=C1)C(=O)NCC1=C2C=CC3=CC=CC4=C3C2=C(C=C4)C=C1)C6=O"
101885437,C54H36N4O6,836.263484872,"CC(C(=O)NCC1=C2C=CC3=CC=CC4=C3C2=C(C=C4)C=C1)N5C(=O)C6=C7C(=CC=C8C7=C(C=C6)C(=O)N(C8=O)C(C)C(=O)NCC9=C1C=CC2=CC=CC3=C2C1=C(C=C3)C=C9)C5=O"
101885438,C60H48N4O6,920.357385256,"CCC(C)C(C(=O)NCC1=C2C=CC3=CC=CC4=C3C2=C(C=C4)C=C1)N5C(=O)C6=C7C(=CC=C8C7=C(C=C6)C(=O)N(C8=O)C(C(C)CC)C(=O)NCC9=C1C=CC2=CC=CC3=C2C1=C(C=C3)C=C9)C5=O"
101893190,C93H129N3O10,1447.9677973279997,"CCCCCCCCCCCCCCCCOC1=CC(=CC(=C1OCCCCCCCCCCCCCCCC)OCCCCCCCCCCCCCCCC)C(=O)NCCN2C(=O)C3=C4C(=CC=C5C4=C(C=C3)C(=O)N(C5=O)CCOC(=O)CCCC6=C7C=CC8=CC=CC9=C8C7=C(C=C9)C=C6)C2=O"
101900060,C54H62N2O4,802.470958464,"CC(C)C1=CC2=C(CCC3C2(CCCC3(C)CN4C(=O)C5=C6C(=CC=C7C6=C(C=C5)C(=O)N(C7=O)CC8(CCCC9(C8CCC2=C9C=C(C=C2)C(C)C)C)C)C4=O)C)C=C1"
101900061,C112H114N10O12,1790.8617690879994,"CC(C)C1=CC2=C(CCC3C2(CCCC3(C)CN4C(=O)C5=C6C(=CC=C7C6=C(C=C5)C(=O)N(C7=O)CCCN8CCN(CC8)CCCN9C(=O)C2=C3C(=CC=C5C3=C(C=C2)C2=C3C5=CC=C5C3=C(C=C2)C(=O)N(C5=O)CCCN2CCN(CC2)CCCN2C(=O)C3=C5C(=CC=C6C5=C(C=C3)C(=O)N(C6=O)CC3(CCCC5(C3CCC3=C5C=C(C=C3)C(C)C)C)C)C2=O)C9=O)C4=O)C)C=C1"
101904802,C72H46N6O4,1058.358053952,"C1=CC=C(C=C1)N(C2=CC=CC=C2)C3=CC=C(C=C3)C=NC4=CC=CC5=C4C=CC=C5N6C(=O)C7=C8C(=CC=C9C8=C(C=C7)C(=O)N(C9=O)C1=CC=CC2=C1C=CC=C2N=CC1=CC=C(C=C1)N(C1=CC=CC=C1)C1=CC=CC=C1)C6=O"
101906605,C26H26N2O8S2,558.113057792,"CC(=O)SCCOCCN1C(=O)C2=C3C(=CC=C4C3=C(C=C2)C(=O)N(C4=O)CCOCCSC(=O)C)C1=O"
101908799,C56H72N4O6,896.545186024,"CCCCCCCCCCCCNC(=O)C(CC1=CC=CC=C1)N2C(=O)C3=C4C(=CC=C5C4=C(C=C3)C(=O)N(C5=O)C(CC6=CC=CC=C6)C(=O)NCCCCCCCCCCCC)C2=O"
101951224,C40H58N2O4,630.439658336,"CCCCCCCCCCCCCN1C(=O)C2=C3C(=CC=C4C3=C(C=C2)C(=O)N(C4=O)CCCCCCCCCCCCC)C1=O"
101951753,C66H64N4O4,976.492756528,"CCCCC1=CC=C(C=C1)N(C2=CC=C(C=C2)CCCC)C3=CC=C(C=C3)N4C(=O)C5=C6C(=CC=C7C6=C(C=C5)C(=O)N(C7=O)C8=CC=C(C=C8)N(C9=CC=C(C=C9)CCCC)C1=CC=C(C=C1)CCCC)C4=O"
101962244,C36H54N10O4,690.432950208,"C1CNCCN(CCNCCN1)CCCN2C(=O)C3=C4C(=CC=C5C4=C(C=C3)C(=O)N(C5=O)CCCN6CCNCCNCCNCC6)C2=O"
101963743,C38H46N6O10S4,874.2158256720002,"CCOC1=C2C3=C4C(=C1)C(=O)N(C(=O)C4=C(C=C3C(=O)N(C2=O)C(CCCCNC(=O)C5CSSC5)C(=O)N)OCC)C(CCCCNC(=O)C6CSSC6)C(=O)N"
101963746,C38H48N6O10S2,812.287333736,"CCOC1=C2C3=C4C(=C1)C(=O)N(C(=O)C4=C(C=C3C(=O)N(C2=O)C(CCCCNC(=O)C5CSSC5)C(=O)NC)OCC)C(CCCCNC(=O)C)C(=O)NC"
101963748,C44H56N8O8S4,952.310394752,"CNC(=O)C(CCCCNC(=O)C1CSSC1)N2C(=O)C3=CC(=C4C5=C3C(=C(C=C5C(=O)N(C4=O)C(CCCCNC(=O)C6CSSC6)C(=O)NC)N7CCCC7)C2=O)N8CCCC8"
101964045,C66H74N2O4S6,1150.397284848,"CCCCCCC1=S=C(C=C1)C2=CC=C(S2)C3=CC=C(S3)C4=C5C6=C(C=C(C7=C6C(=C4)C(=O)N(C7=O)CC(CC)CCCC)C8=CC=C(S8)C9=CC=C(S9)C1=CC=C(S1)CCCCCC)C(=O)N(C5=O)CC(CC)CCCC"
101964046,C58H70N2O4S4,986.42184272,"CCCCCCC1=CC=C(S1)C2=CC=C(S2)C3=CC4=C5C6=C3C(=O)N(C(=O)C6=CC(=C5C(=O)N(C4=O)CC(CC)CCCC)C7=CC=C(S7)C8=CC=C(S8)CCCCCC)CC(CC)CCCC"
101964150,C58H60N4O8S2,1004.38525688,"CCCCCCN1C(=O)C2=C3C(=CC(=C4C3=C(C=C2)C(=O)N(C4=O)CCCCCC)C5=CC6=C(S5)C=C(S6)C7=C8C9=C(C=CC2=C9C(=C7)C(=O)N(C2=O)CCCCCC)C(=O)N(C8=O)CCCCCC)C1=O"
101965679,C26H30N2O6,466.21038667999994,"CCCCCCON1C(=O)C2=C3C(=CC=C4C3=C(C=C2)C(=O)N(C4=O)OCCCCCC)C1=O"
101965680,C18H14N2O6,354.08518616799995,"CCON1C(=O)C2=C3C(=CC=C4C3=C(C=C2)C(=O)N(C4=O)OCC)C1=O"
101965681,C24H22N2O8,466.1376156639999,"CC(C)(C)C(=O)ON1C(=O)C2=C3C(=CC=C4C3=C(C=C2)C(=O)N(C4=O)OC(=O)C(C)(C)C)C1=O"
101965683,C20H16N4O8,440.09681347199995,"CN(C)C(=O)ON1C(=O)C2=C3C(=CC=C4C3=C(C=C2)C(=O)N(C4=O)OC(=O)N(C)C)C1=O"
101988032,C62H62N2O10,994.4404461840002,"CC1(C2=CC(=CC(=C2OC3=C1C=C(C=C3N4C(=O)C5=C6C(=CC=C7C6=C(C=C5)C(=O)N(C7=O)C8=CC(=CC9=C8OC1=C(C=C(C=C1C9(C)C)C(C)(C)C)C(=O)O)C(C)(C)C)C4=O)C(C)(C)C)C(=O)O)C(C)(C)C)C"
101989369,C38H24N4O4,600.179755248,"C1=CC=C(C=C1)NC2=CC=C(C=C2)N3C(=O)C4=C5C(=CC=C6C5=C(C=C4)C(=O)N(C6=O)C7=CC=C(C=C7)NC8=CC=CC=C8)C3=O"
101998419,C39H33N3O4,607.2471065359999,"CC1=CC=C(C=C1)N(C2=CC=C(C=C2)C)C3=CC=C(C=C3)N4C(=O)C5=C6C(=CC=C7C6=C(C=C5)C(=O)N(C7=O)C(C)C(C)C)C4=O"
101998756,C47H44N4O6,760.326085128,"CCCCCCCCN1C(=O)C2=C3C(=CC=C4C3=C(C=C2)C(=O)N(C4=O)C5=CC(=C(C=C5C)N6C(=O)C7=C8C(=C(C=C7)N9CCCCC9)C=CC=C8C6=O)C)C1=O"
101998757,C52H47N5O6,837.352634224,"CCCCCCCCN1C(=O)C2=C3C(=CC=C4C3=C(C=C2)C(=O)N(C4=O)C5=CC(=C(C=C5C)N6C(=O)C7=C8C(=C(C=C7)N9CCN(CC9)C2=CC=CC=C2)C=CC=C8C6=O)C)C1=O"
101998758,C53H49N5O7,867.3631989080001,"CCCCCCCCN1C(=O)C2=C3C(=CC=C4C3=C(C=C2)C(=O)N(C4=O)C5=CC(=C(C=C5C)N6C(=O)C7=C8C(=C(C=C7)N9CCN(CC9)C2=CC=C(C=C2)OC)C=CC=C8C6=O)C)C1=O"
102020230,C34H18N2O10,614.0961447760001,"CC#COC(=O)C1=CC(=C(C=C1)O)N2C(=O)C3=C4C(=CC=C5C4=C(C=C3)C(=O)N(C5=O)C6=C(C=CC(=C6)C(=O)OC#CC)O)C2=O"
102020231,C68H32N4O20,1224.1609894239996,"C1C#CC#CCOC(=O)C2=CC(=C(C=C2)O)N3C(=O)C4=C5C(=CC=C6C5=C(C=C4)C(=O)N(C6=O)C7=C(C=CC(=C7)C(=O)OCC#CC#CCOC(=O)C8=CC(=C(C=C8)O)N9C(=O)C2=C4C(=CC=C5C4=C(C=C2)C(=O)N(C5=O)C2=C(C=CC(=C2)C(=O)O1)O)C9=O)O)C3=O"
102022309,C34H36N4O4,564.273655632,"CN(CCCN1C(=O)C2=C3C(=CC=C4C3=C(C=C2)C(=O)N(C4=O)CCCN(C)CC5=CC=CC5)C1=O)CC6=CC=CC6"
102028755,C24H25N5O5,463.1855689,"CCCCCCN1C(=O)C2=C3C(=CC=C4C3=C(C=C2)C(=O)N(C4=O)CCOCCN=[N+]=[N-])C1=O"
102031349,C34H28N4O4,556.211055376,"CCCCCCCCN1C(=O)C2=C3C(=CC=C4C3=C(C=C2)C(=O)N(C4=O)C5=C6C=CC=NC6=C7C(=C5)C=CC=N7)C1=O"
102032801,C44H44N4O4,692.336255888,"C1C=CC=C1CN(CCCN2C(=O)C3=C4C(=CC=C5C4=C(C=C3)C(=O)N(C5=O)CCCN(CC6=CC=CC6)CC7=CC=CC7)C2=O)CC8=CC=CC8"
102038263,C20H14N2O8S2,474.0191574079999,"C1=CC2=C3C(=CC=C4C3=C1C(=O)N(C4=O)C(CS)C(=O)O)C(=O)N(C2=O)C(CS)C(=O)O"
102039008,C78H82N2O16,1302.566434544,"C1CCC2(CC1)CC(=C(C(=O)C2)C(C3=CC=C(C=C3)C(=O)OCCN4C(=O)C5=C6C(=CC=C7C6=C(C=C5)C(=O)N(C7=O)CCOC(=O)C8=CC=C(C=C8)C(C9=C(CC1(CCCCC1)CC9=O)O)C1=C(CC2(CCCCC2)CC1=O)O)C4=O)C1=C(CC2(CCCCC2)CC1=O)O)O"
102043293,C75H102N10O38,1750.6356488239985,"CN(CCCN1C(=O)C2=C3C(=CC=C4C3=C(C=C2)C(=O)N(C4=O)CCCN(C)C5=CN(N=N5)CC6C=CC=C6)C1=O)CC7=CN(N=N7)CC8C9C(C(C(O8)OC1C(OC(C(C1O)O)OC1C(OC(C(C1O)O)OC1C(OC(C(C1O)O)OC1C(OC(C(C1O)O)OC1C(OC(C(C1O)O)OC1C(OC(O9)C(C1O)O)CO)CO)CO)CO)CO)CO)O)O"
102043297,C40H58N10O6S2,838.398221576,"C1CN(CCN1CCCNC(=O)C(CS)N)CCCN2C(=O)C3=C4C(=CC=C5C4=C(C=C3)C(=O)N(C5=O)CCCN6CCN(CC6)CCCNC(=O)C(CS)N)C2=O"
102046446,C72H63N3O6,1065.471686736,"CCCCCCCCN1C(=O)C2=C3C(=CC=C4C3=C(C=C2)C(=O)N(C4=O)C5=C(C=C(C=C5C)C#CC6=CC(=CC(=C6)C#CC7=CC(=C(C(=C7)C)C8=C(C=C(C=C8C)N(C9=CC=C(C=C9)OC)C2=CC=C(C=C2)OC)C)C)C#C)C)C1=O"
102053349,C34H32N4O4,560.242355504,"CC1=C(C(=C(C(=C1N)C)C)N2C(=O)C3=C4C(=CC=C5C4=C(C=C3)C(=O)N(C5=O)C6=C(C(=C(C(=C6C)C)N)C)C)C2=O)C"
102053351,C84H112N4O6,1272.858187304,"CCCCCCCCCCCCCCCCCCOC1=CC=C(C=C1)C=NC2=C(C(=C(C(=C2C)C)N3C(=O)C4=C5C(=CC=C6C5=C(C=C4)C(=O)N(C6=O)C7=C(C(=C(C(=C7C)C)N=CC8=CC=C(C=C8)OCCCCCCCCCCCCCCCCCC)C)C)C3=O)C)C"
102053609,C36H34N2O4S2,622.195999568,"CCSC1=C2C3=C4C(=C1)C(=O)N(C(=O)C4=C(C=C3C(=O)N(C2=O)C5=C(C=C(C=C5C)C)C)SCC)C6=C(C=C(C=C6C)C)C"
102053610,C42H46N2O6S2,738.279729192,"CCS(=O)C1=C2C3=C4C(=C1)C(=O)N(C(=O)C4=C(C=C3C(=O)N(C2=O)C5=C(C=CC=C5C(C)C)C(C)C)S(=O)CC)C6=C(C=CC=C6C(C)C)C(C)C"
102053611,C36H34N2O6S2,654.185828808,"CCS(=O)C1=C2C3=C4C(=C1)C(=O)N(C(=O)C4=C(C=C3C(=O)N(C2=O)C5=C(C=C(C=C5C)C)C)S(=O)CC)C6=C(C=C(C=C6C)C)C"
102053612,C42H46N2O4S2,706.289899952,"CCSC1=C2C3=C4C(=C1)C(=O)N(C(=O)C4=C(C=C3C(=O)N(C2=O)C5=C(C=CC=C5C(C)C)C(C)C)SCC)C6=C(C=CC=C6C(C)C)C(C)C"
102053613,C36H34N2O8S2,686.175658048,"CCS(=O)(=O)C1=C2C3=C4C(=C1)C(=O)N(C(=O)C4=C(C=C3C(=O)N(C2=O)C5=C(C=C(C=C5C)C)C)S(=O)(=O)CC)C6=C(C=C(C=C6C)C)C"
102053614,C40H42N2O12S4,870.1620587840002,"CCS(=O)(=O)C1=C2C3=C4C(=C1S(=O)(=O)CC)C(=O)N(C(=O)C4=C(C(=C3C(=O)N(C2=O)C5=C(C=C(C=C5C)C)C)S(=O)(=O)CC)S(=O)(=O)CC)C6=C(C=C(C=C6C)C)C"
102053615,C40H42N2O4S4,742.202741824,"CCSC1=C2C3=C4C(=C1SCC)C(=O)N(C(=O)C4=C(C(=C3C(=O)N(C2=O)C5=C(C=C(C=C5C)C)C)SCC)SCC)C6=C(C=C(C=C6C)C)C"
102053616,C40H42N2O8S4,806.1824003040001,"CCS(=O)C1=C2C3=C4C(=C1S(=O)CC)C(=O)N(C(=O)C4=C(C(=C3C(=O)N(C2=O)C5=C(C=C(C=C5C)C)C)S(=O)CC)S(=O)CC)C6=C(C=C(C=C6C)C)C"
102055165,C62H60N4O4S2,988.4055983999999,"CCCCC(CC)CN1C(=O)C2=CC(=C3C4=C(C=C(C(=C24)C1=O)C5=CC=C(S5)N(C6=CC=CC=C6)C7=CC=CC=C7)C(=O)N(C3=O)CC(CC)CCCC)C8=CC=C(S8)N(C9=CC=CC=C9)C1=CC=CC=C1"
102055166,C74H68N4O4S2,1140.468198656,"CCCCC(CC)CN1C(=O)C2=CC(=C3C4=C(C=C(C(=C24)C1=O)C5=CC=C(S5)C6=CC=C(C=C6)N(C7=CC=CC=C7)C8=CC=CC=C8)C(=O)N(C3=O)CC(CC)CCCC)C9=CC=C(S9)C1=CC=C(C=C1)N(C1=CC=CC=C1)C1=CC=CC=C1"
102055167,C66H64N4O4,976.492756528,"CCCCC(CC)CN1C(=O)C2=CC(=C3C4=C(C=C(C(=C24)C1=O)C5=CC=C(C=C5)N(C6=CC=CC=C6)C7=CC=CC=C7)C(=O)N(C3=O)CC(CC)CCCC)C8=CC=C(C=C8)N(C9=CC=CC=C9)C1=CC=CC=C1"
102055168,C112H124N4O4S2,1652.906400448,"CCCCCCC1(C2=C(C=CC(=C2)C3=CC=C(S3)C4=CC5=C6C7=C4C(=O)N(C(=O)C7=CC(=C6C(=O)N(C5=O)CC(CC)CCCC)C8=CC=C(S8)C9=CC2=C(C=C9)C3=C(C2(CCCCCC)CCCCCC)C=C(C=C3)N(C2=CC=CC=C2)C2=CC=CC=C2)CC(CC)CCCC)C2=C1C=C(C=C2)N(C1=CC=CC=C1)C1=CC=CC=C1)CCCCCC"
102055169,C90H82N6O4S2,1374.583897104,"CCCCC(CC)CN1C(=O)C2=CC(=C3C4=C(C=C(C(=C24)C1=O)C5=CC=C(S5)C6=CC7=C(C=C6)N(C8=C7C=C(C=C8)N(C9=CC=CC=C9)C1=CC=CC=C1)CC)C(=O)N(C3=O)CC(CC)CCCC)C1=CC=C(S1)C1=CC2=C(C=C1)N(C1=C2C=C(C=C1)N(C1=CC=CC=C1)C1=CC=CC=C1)CC"
102055170,C98H98N6O4S2,1486.709097616,"CCCCCCN1C2=C(C=CC(=C2)C3=CC=C(S3)C4=CC5=C6C7=C4C(=O)N(C(=O)C7=CC(=C6C(=O)N(C5=O)CC(CC)CCCC)C8=CC=C(S8)C9=CC2=C(C=C9)C3=C(N2CCCCCC)C=C(C=C3)N(C2=CC=CC=C2)C2=CC=CC=C2)CC(CC)CCCC)C2=C1C=C(C=C2)N(C1=CC=CC=C1)C1=CC=CC=C1"
102064220,C57H46N6O10,974.3275416720002,"CCCCCCCCN1C(=O)C2=CC3=C(C=C2C1=O)C(=O)N(C3=O)N4C(=O)C5=C6C(=CC=C7C6=C(C=C5)C(=O)N(C7=O)C8=CC(=C(C=C8C)N9C(=O)C1=C2C(=C(C=C1)N1CCCCC1)C=CC=C2C9=O)C)C4=O"
102072829,C84H75N7O12,1373.5473708399998,"CCCCCCCCN1C(=O)C2=CC3=C(C=C2C1=O)C(=O)N(C3=O)C4=CC(=CC5=C4OC6=C(C5(C)C)C=C(C=C6N7C(=O)C8=C9C(=CC=C1C9=C(C=C8)C(=O)N(C1=O)C1=CC=C(C=C1)N1C(=O)C2=C3C(=C(C=C2)N2CCN(CC2)C2=CC=C(C=C2)OC)C=CC=C3C1=O)C7=O)C(C)(C)C)C(C)(C)C"
102072830,C78H71N7O12,1297.5160707119999,"CCCCCCCCN1C(=O)C2=CC3=C(C=C2C1=O)C(=O)N(C3=O)C4=CC(=CC5=C4OC6=C(C5(C)C)C=C(C=C6N7C(=O)C8=C9C(=CC=C1C9=C(C=C8)C(=O)N(C1=O)N1C(=O)C2=C3C(=C(C=C2)N2CCN(CC2)C2=CC=C(C=C2)OC)C=CC=C3C1=O)C7=O)C(C)(C)C)C(C)(C)C"
102072831,C51H45N5O7,839.3318987800001,"CCCCCCCCN1C(=O)C2=C3C(=CC=C4C3=C(C=C2)C(=O)N(C4=O)C5=CC=C(C=C5)N6C(=O)C7=C8C(=C(C=C7)N9CCN(CC9)C2=CC=C(C=C2)OC)C=CC=C8C6=O)C1=O"
102072832,C84H75N7O12,1373.5473708399998,"CCCCCCCCN1C(=O)C2=C3C(=CC=C4C3=C(C=C2)C(=O)N(C4=O)C5=CC(=CC6=C5OC7=C(C6(C)C)C=C(C=C7N8C(=O)C9=C(C8=O)C=C2C(=C9)C(=O)N(C2=O)C2=CC=C(C=C2)N2C(=O)C3=C4C(=C(C=C3)N3CCN(CC3)C3=CC=C(C=C3)OC)C=CC=C4C2=O)C(C)(C)C)C(C)(C)C)C1=O"
102072833,C72H66N6O11,1190.4789569319998,"CCCCCCCCN1C(=O)C2=C3C(=CC=C4C3=C(C=C2)C(=O)N(C4=O)C5=CC(=CC6=C5OC7=C(C6(C)C)C=C(C=C7N8C(=O)C9=CC2=C(C=C9C8=O)C(=O)N(C2=O)N2C(=O)C3=C4C(=C(C=C3)N3CCCCC3)C=CC=C4C2=O)C(C)(C)C)C(C)(C)C)C1=O"
102072834,C78H71N7O12,1297.5160707119999,"CCCCCCCCN1C(=O)C2=C3C(=CC=C4C3=C(C=C2)C(=O)N(C4=O)C5=CC(=CC6=C5OC7=C(C6(C)C)C=C(C=C7N8C(=O)C9=CC2=C(C=C9C8=O)C(=O)N(C2=O)N2C(=O)C3=C4C(=C(C=C3)N3CCN(CC3)C3=CC=C(C=C3)OC)C=CC=C4C2=O)C(C)(C)C)C(C)(C)C)C1=O"
102072836,C72H66N6O11,1190.478956932,"CCCCCCCCN1C(=O)C2=CC3=C(C=C2C1=O)C(=O)N(C3=O)C4=CC(=CC5=C4OC6=C(C5(C)C)C=C(C=C6N7C(=O)C8=C9C(=CC=C1C9=C(C=C8)C(=O)N(C1=O)N1C(=O)C2=C3C(=C(C=C2)N2CCCCC2)C=CC=C3C1=O)C7=O)C(C)(C)C)C(C)(C)C"
102075416,C26H30N2O5,450.2154720599999,"CCCCCCCCCCN1C(=O)C2=C3C(=CC=C4C3=C(C=C2)C(=O)N(C4=O)CCO)C1=O"
102077354,C38H46N6O6,682.347883192,"CN(CCCNC(=O)CCC#C)CCCN1C(=O)C2=C3C(=CC=C4C3=C(C=C2)C(=O)N(C4=O)CCCN(C)CCCNC(=O)CCC#C)C1=O"
102077355,C44H56N8O6,792.4322815119999,"C#CCCC(=O)NCCCN1CCN(CC1)CCCN2C(=O)C3=C4C(=CC=C5C4=C(C=C3)C(=O)N(C5=O)CCCN6CCN(CC6)CCCNC(=O)CCC#C)C2=O"
102077628,C25H20N2O4,412.14230711999994,"CCCCCN1C(=O)C2=C3C(=CC=C4C3=C(C=C2)C(=O)N(C4=O)C5=CC=CC=C5)C1=O"
102081580,C50H72N8O6S4,1008.445766024,"C1CSSC1CCCCC(=O)NCCCN2CCN(CC2)CCCN3C(=O)C4=C5C(=CC=C6C5=C(C=C4)C(=O)N(C6=O)CCCN7CCN(CC7)CCCNC(=O)CCCCC8CCSS8)C3=O"
102082368,C66H89N4O8+,1065.6674922280902,"CCCC[N+]1=CC=C(C=C1)CN2C(=O)C3=C4C(=CC=C5C4=C(C=C3)C(=O)N(C5=O)CCNC(=O)C6=CC(=C(C(=C6)OCCCCCCCCCC=C)OCCCCCCCCCC=C)OCCCCCCCCCC=C)C2=O"
102084298,C80H70N10O18,1458.4869553999993,"CC1=C(C(=C(C(=C1N2C(=O)C3=C4C(=CC=C5C4=C(C=C3)C(=O)N(C5=O)CCN=C(CN=C(O)OC(C)(C)C)O)C2=O)C)C)N6C(=O)C7=C8C(=CC=C9C8=C(C=C7)C(=O)N(C9=O)C1=C(C(=C(C(=C1C)C)N1C(=O)C2=C3C(=CC=C4C3=C(C=C2)C(=O)N(C4=O)CCN=C(CN=C(O)OC(C)(C)C)O)C1=O)C)C)C6=O)C"
102084299,C75H62N10O16,1358.4345259039994,"CC1=C(C(=C(C(=C1N2C(=O)C3=C4C(=CC=C5C4=C(C=C3)C(=O)N(C5=O)CCN=C(CN)O)C2=O)C)C)N6C(=O)C7=C8C(=CC=C9C8=C(C=C7)C(=O)N(C9=O)C1=C(C(=C(C(=C1C)C)N1C(=O)C2=C3C(=CC=C4C3=C(C=C2)C(=O)N(C4=O)CCN=C(CN=C(O)OC(C)(C)C)O)C1=O)C)C)C6=O)C"
102084300,C70H54N10O14,1258.3820964079996,"CC1=C(C(=C(C(=C1N2C(=O)C3=C4C(=CC=C5C4=C(C=C3)C(=O)N(C5=O)CCN=C(CN)O)C2=O)C)C)N6C(=O)C7=C8C(=CC=C9C8=C(C=C7)C(=O)N(C9=O)C1=C(C(=C(C(=C1C)C)N1C(=O)C2=C3C(=CC=C4C3=C(C=C2)C(=O)N(C4=O)CCN=C(CN)O)C1=O)C)C)C6=O)C"
102086279,C33H42N2O4,530.314457824,"CCCCC(CC)CN1C(=O)C2=C3C(=CC=C4C3=C(C=C2)C(=O)N(C4=O)CCCCCCCCCC=C)C1=O"
102093090,C22H22N2O8,442.1376156639999,"COC(CN1C(=O)C2=C3C(=CC=C4C3=C(C=C2)C(=O)N(C4=O)CC(OC)OC)C1=O)OC"
102093091,C24H26N2O4,406.18925731199994,"CC(C)(C)CN1C(=O)C2=C3C(=CC=C4C3=C(C=C2)C(=O)N(C4=O)CC(C)(C)C)C1=O"
102099656,C68H92N4O4S2,1092.655999424,"CCCCCCCCCCC(CCCCCCCC)CN1C(=O)C2=C3C(=C4C5=C2C(=C6C(=C5C(=O)N(C4=O)CC(CCCCCCCC)CCCCCCCCCC)N=C(S6)C7=CC=CC=C7)C1=O)SC(=N3)C8=CC=CC=C8"
102099657,C64H88N4O4S4,1104.568841296,"CCCCCCCCCCC(CCCCCCCC)CN1C(=O)C2=C3C(=C4C5=C2C(=C6C(=C5C(=O)N(C4=O)CC(CCCCCCCC)CCCCCCCCCC)N=C(S6)C7=CC=CS7)C1=O)SC(=N3)C8=CC=CS8"
102099971,C27H11N3O8-2,505.0557114718199,"C1=CC2=C3C(=CC=C4C3=C1C(=O)N(C4=O)C5=CC=NC=C5)C(=O)N(C2=O)C6=CC(=CC(=C6)C(=O)[O-])C(=O)[O-]"
102099972,C27H13N3O8,507.0702643759999,"C1=CC2=C3C(=CC=C4C3=C1C(=O)N(C4=O)C5=CC=NC=C5)C(=O)N(C2=O)C6=CC(=CC(=C6)C(=O)O)C(=O)O"
102100021,C61H42N4O6,926.310435064,"CC(C)(C)C1=CC(=C(C=C1)C(C)(C)C)N2C(=O)C3=C4C(=CC=C5C4=C(C=C3)C(=O)N(C5=O)C6=CC=C7C8=CC=C9C1=C(C=CC(=C81)C1=C7C6=CC=C1)C(=O)N(C9=O)C1=CC(=NC=C1)C1=CC=CC=C1)C2=O"
102102937,C42H42N2O8,702.2941163040001,"CCC(C)(C)C1=CC(=C(C=C1)OCC2CO2)N3C(=O)C4=C5C(=CC=C6C5=C(C=C4)C(=O)N(C6=O)C7=C(C=CC(=C7)C(C)(C)CC)OCC8CO8)C3=O"
102102938,C38H36N2O6,616.257336872,"CCCCC1=CC=C(C=C1)N2C(=O)C3=C4C(=CC=C5C4=C(C=C3)C(=O)N(C5=O)C6=C(C=CC(=C6)C(C)(C)CC)OCC7CO7)C2=O"
102102939,C38H36N2O7,632.252251492,"CCCCOC1=CC=CC(=C1)N2C(=O)C3=C4C(=CC=C5C4=C(C=C3)C(=O)N(C5=O)C6=C(C=CC(=C6)C(C)(C)CC)OCC7CO7)C2=O"
102103714,C53H50N4O6,838.37303532,"C1=CC=C(C=C1)C(CN2C(=O)C3=C4C(=CC=C5C4=C(C=C3)C(=O)N(C5=O)CCCCCCCCNC(=O)CCC(=O)NC(C6=CC=CC=C6)C7=CC=CC=C7)C2=O)C8=CC=CC=C8"
102103716,C42H30N2O4,626.22055744,"C1=CC=C(C=C1)C(CN2C(=O)C3=C4C(=CC=C5C4=C(C=C3)C(=O)N(C5=O)CC(C6=CC=CC=C6)C7=CC=CC=C7)C2=O)C8=CC=CC=C8"
102103717,C64H70N6O8,1050.5255132,"C1=CC=C(C=C1)C(C2=CC=CC=C2)NC(=O)CCC(=O)NCCCCCCCCN3C(=O)C4=C5C(=CC=C6C5=C(C=C4)C(=O)N(C6=O)CCCCCCCCNC(=O)CCC(=O)NC(C7=CC=CC=C7)C8=CC=CC=C8)C3=O"
102104480,C87H72N12O4,1348.5799487839997,"CCCCCCCCN1C(=O)C2=C3C(=CC=C4C3=C(C=C2)C(=O)N(C4=O)C5=CC=C(C=C5)C6=CN(N=N6)C7=CC=C(C=C7)C8=C9C=CC(=N9)C(=C2C=CC(=C(C3=NC(=C(C4=CC=C8N4)C4=C(C=C(C=C4C)C)C)C=C3)C3=CC=C(C=C3)C3=CN(N=N3)C3=CC=CC3)N2)C2=C(C=C(C=C2C)C)C)C1=O"
102104539,C31H38N4O8S,626.2410351760001,"CCCCC(CC)CN1C(=O)C2=CC(=C3C4=C2C(=C(C=C4C(=O)N(C3=O)CCNC(=O)C(CS)NC(=O)C)OC)C1=O)OC"
102104902,C42H46N2O8S2,770.2695584319999,"CCCCC(CC)CN1C(=O)C2=CC(=C3C4=C(C=C(C(=C24)C1=O)C5=C6C(=CS5)OCCO6)C(=O)N(C3=O)CC(CC)CCCC)C7=C8C(=CS7)OCCO8"
102106047,C44H66N2O4,686.502258592,"CCCCCCCCCCCCCCCN1C(=O)C2=C3C(=CC=C4C3=C(C=C2)C(=O)N(C4=O)CCCCCCCCCCCCCCC)C1=O"
102107777,C48H60N8O6,844.4635816399999,"C1CN(CCN1CCCNC(=O)CC2=CC=CC2)CCCN3C(=O)C4=C5C(=CC=C6C5=C(C=C4)C(=O)N(C6=O)CCCN7CCN(CC7)CCCNC(=O)CC8=CC=CC8)C3=O"
102108510,C70H110N4O4S2,1134.79685,"CCCCCCCCCCCCCCCCCNC1=C2C3=C4C(=C1NCCCCCCCCCCCCCCCCC)C(=O)N(C(=O)C4=C5C(=C3C(=O)N(C2=O)CCCCCCCC)SC6=CC=CC=C6S5)CCCCCCCC"
102109878,C45H47N7O12,877.328269944,"CC1CC(C(=O)C(N1)CCCOC2=CC=CC3=C2C=CC=C3OCCCC(=O)NC(CC(=O)O)C(=O)NCCN4C(=O)C5=C6C(=CC=C7C6=C(C=C5)C(=O)N(C7=O)CC(=O)N)C4=O)N"
102109879,C20H14N2O4,346.09535692799994,"C1CC1N2C(=O)C3=C4C(=CC=C5C4=C(C=C3)C(=O)N(C5=O)C6CC6)C2=O"
102110403,C44H60N8O6,796.4635816399999,"C1CCC2(CC1)CC(=O)NCCCN3CCN(CCCN4C(=O)C5=C6C(=CC=C7C6=C(C=C5)C(=O)N(C7=O)CCCN8CCN(CCCNC(=O)C2)CC8)C4=O)CC3"
102112181,C74H106N2O4S2,1150.7594018720001,"CCCCCCCCCCCCC(CCCCCCCCCC)CN1C(=O)C2=CC(=C3C4=C(C=C(C(=C24)C1=O)C#CC5=CC=CS5)C(=O)N(C3=O)CC(CCCCCCCCCC)CCCCCCCCCCCC)C#CC6=CC=CS6"
102112182,C82H110N2O4S4,1314.7348439999998,"CCCCCCCCCCCCC(CCCCCCCCCC)CN1C(=O)C2=CC(=C3C4=C(C=C(C(=C24)C1=O)C#CC5=CC=C(S5)C6=CC=CS6)C(=O)N(C3=O)CC(CCCCCCCCCC)CCCCCCCCCCCC)C#CC7=CC=C(S7)C8=CC=CS8"
102114151,C66H94N2O4,978.721359488,"CCCCCCCCCCCC(CCCCCCCC)N1C(=O)C2=C3C(=CC(=C4C3=C(C=C2)C(=O)N(C4=O)C(CCCCCCCC)CCCCCCCCCCC)C5=CC=CC(=C5)C6=CC=CC=C6)C1=O"
102126854,C66H92N4O4S2,1068.655999424,"CCCCCCCCCCC(CCCCCCCC)CN1C(=O)C2=C3C(=C4C5=C2C(=C6C(=C5C(=O)N(C4=O)CC(CCCCCCCC)CCCCCCCCCC)NC7=CC=CC=C7S6)C1=O)SC8=CC=CC=C8N3"
102126855,C66H92N4O4S2,1068.655999424,"CCCCCCCCCCC(CCCCCCCC)CN1C(=O)C2=C3C(=C4C5=C2C(=C6C(=C5C(=O)N(C4=O)CC(CCCCCCCC)CCCCCCCCCC)SC7=CC=CC=C7N6)C1=O)SC8=CC=CC=C8N3"
102130512,C71H111N3O9,1149.832032132,"CCCCCCCCCCCCCCCCOC1=CC(=CC(=C1OCCCCCCCCCCCCCCCC)OCCCCCCCCCCCCCCCC)C(=O)NN2C(=O)C3=C4C(=CC=C5C4=C(C=C3)C(=O)N(C5=O)CCO)C2=O"
102130823,C70H52N4O8,1076.378514624,"CCCCCCN1C(=O)C2=CC(=C3C4=C(C=C(C(=C24)C1=O)C#CC5=CC6=C(C=C5)C(=O)N(C6=O)C7=CC=C(C=C7)C8=CC=CC=C8)C(=O)N(C3=O)CCCCCC)C#CC9=CC1=C(C=C9)C(=O)N(C1=O)C1=CC=C(C=C1)C1=CC=CC=C1"
102130825,C58H44N4O8,924.315914368,"CCCCCCN1C(=O)C2=CC(=C3C4=C(C=C(C(=C24)C1=O)C#CC5=CC6=C(C=C5)C(=O)N(C6=O)C7=CC=CC=C7)C(=O)N(C3=O)CCCCCC)C#CC8=CC9=C(C=C8)C(=O)N(C9=O)C1=CC=CC=C1"
102132597,C48H46N10O10,922.339837672,"CCN1C=C(C(=O)C2=C1N=C(C=C2)C)C(=O)NC(C(C)C)C(=O)NN3C(=O)C4=C5C(=CC=C6C5=C(C=C4)C(=O)N(C6=O)NC(=O)C(C(C)C)NC(=O)C7=CN(C8=C(C7=O)C=CC(=N8)C)CC)C3=O"
102137677,C140H218N2O32,2439.5492728159993,"CCCCCCCCCCOCCOCCOCCOC1=CC(=CC(=C1OCCOCCOCCOCCCCCCCCCC)OCCOCCOCCOCCCCCCCCCC)C(=CC(=O)C2=CC=C(C=C2)N3C(=O)C4=C5C(=CC=C6C5=C(C=C4)C(=O)N(C6=O)C7=CC=C(C=C7)C(=O)C=C(C8=CC(=C(C(=C8)OCCOCCOCCOCCCCCCCCCC)OCCOCCOCCOCCCCCCCCCC)OCCOCCOCCOCCCCCCCCCC)O)C3=O)O"
102137742,C27H28N2O6,476.1947366159999,"CCCCC(CC)CN1C(=O)C2=C3C(=CC=C4C3=C(C=C2)C(=O)N(C4=O)CCOC(=O)C=C)C1=O"
102139601,C44H62N2O10,778.440446184,"CCCCCCCCCCCCOC(=O)OCCN1C(=O)C2=C3C(=CC=C4C3=C(C=C2)C(=O)N(C4=O)CCOC(=O)OCCCCCCCCCCCC)C1=O"
102139602,C74H102N2O10,1178.7534474639997,"CC(C)CCCC(C)C1CCC2C1(CCC3C2CC=C4C3(CCC(C4)OC(=O)OCCN5C(=O)C6=C7C(=CC=C8C7=C(C=C6)C(=O)N(C8=O)CCOC(=O)OC9CCC1(C2CCC3(C(C2CC=C1C9)CCC3C(C)CCCC(C)C)C)C)C5=O)C)C"
102139603,C32H42N2O12,646.273774784,"COCCOCCOCCOCCN1C(=O)C2=C3C(=CC=C4C3=C(C=C2)C(=O)N(C4=O)CCOCCOCCOCCOC)C1=O"
102141023,C83H73N3O6,1207.5499370559999,"CCCCCN1C(=O)C2=C3C(=CC=C4C3=C(C=C2)C(=O)N(C4=O)C5=C(C=C(C=C5C)C#CC6=CC=CC(=C6)C#CC7=CC(=C(C(=C7)C)C8=C(C=C(C=C8C)C9=CC(=C(C(=C9)C)C2=C(C=C(C(=C2)C)N(C2=CC=C(C=C2)OC)C2=CC=C(C=C2)OC)C)C)C)C)C)C1=O"
102141220,C43H56N2O5,680.418922892,"CCCCCCCCCCCCCCCC1=C(C=CC(=C1)O)N2C(=O)C3=C4C(=CC=C5C4=C(C=C3)C(=O)N(C5=O)CC(CC)CCCC)C2=O"
102142059,C39H37N5O8,703.264213144,"CCCCN1C(=O)C2=C3C(=CC=C4C3=C(C=C2)C(=O)N(C4=O)CCC(=O)NC(CC5=CC=C(C=C5)O)C(=O)NC(CC6=CC=CC=C6)C(=O)N)C1=O"
102142242,C62H74N2O14,1070.5140050480002,"C#CCCCCCCCCCCCN1C(=O)C2=C3C(=CC=C4C3=C(C=C2)C(=O)N(C4=O)CC5=CC6=CC(=C5)OCCOCCOCCOCCCOC7=CC=CC8=C7C=CC=C8OCCCOCCOCCOCCO6)C1=O"
102142243,C99H117N5O15,1615.8546180439994,"CC(C)(C)C1=CC=C(C=C1)C(C2=CC=C(C=C2)C(C)(C)C)(C3=CC=C(C=C3)C(C)(C)C)C4=CC=C(C=C4)OCCN5C=C(N=N5)CCCCCCCCCN6C(=O)C7=C8C(=CC=C9C8=C(C=C7)C(=O)N(C9=O)CC1=CC2=CC(=C1)OCCOCCOCCOCCCOC1=CC=CC3=C1C=CC=C3OCCCOCCOCCOCCO2)C6=O"
102143414,C38H38N6O4,642.2954536960001,"CN(C)C1=CC=C(C=C1)C=NCCCN2C(=O)C3=C4C(=CC=C5C4=C(C=C3)C(=O)N(C5=O)CCCN=CC6=CC=C(C=C6)N(C)C)C2=O"
102148257,C61H42N8O10,1046.302389544,"CC1=CC2=C(C=C1)OC(=N2)C3=CC(=CC(=N3)C4=NC5=C(O4)C=CC(=C5)C)OCCCN6C(=O)C7=C8C(=CC=C9C8=C(C=C7)C(=O)N(C9=O)CCOC1=CC(=NC(=C1)C1=NC2=C(O1)C=CC(=C2)C)C1=NC2=C(O1)C=CC(=C2)C)C6=O"
102149310,C34H26N2O10,622.1587450320001,"C1=CC=C(C=C1)COCC(C(=O)O)N2C(=O)C3=C4C(=CC=C5C4=C(C=C3)C(=O)N(C5=O)C(COCC6=CC=CC=C6)C(=O)O)C2=O"
102149311,C30H31N3O11,609.195858812,"CCNC(=O)CCC(C(=O)O)N1C(=O)C2=C3C(=CC=C4C3=C(C=C2)C(=O)N(C4=O)C(CCC(=O)OC(C)(C)C)C(=O)O)C1=O"
102149312,C46H34N2O9S,790.1985016680001,"C1=CC=C(C=C1)COCC(C(=O)O)N2C(=O)C3=C4C(=CC=C5C4=C(C=C3)C(=O)N(C5=O)C(CSC(C6=CC=CC=C6)(C7=CC=CC=C7)C8=CC=CC=C8)C(=O)O)C2=O"
102149325,C30H31N3O11,609.195858812,"CCNC(=O)CCC(C(=O)O)N1C(=O)C2=C3C(=CC=C4C3=C(C=C2)C(=O)N(C4=O)C(CCC(=O)OC(C)(C)C)C(=O)O)C1=O"
102149326,C46H34N2O9S,790.1985016680001,"C1=CC=C(C=C1)COCC(C(=O)O)N2C(=O)C3=C4C(=CC=C5C4=C(C=C3)C(=O)N(C5=O)C(CSC(C6=CC=CC=C6)(C7=CC=CC=C7)C8=CC=CC=C8)C(=O)O)C2=O"
102151040,C78H54N14O20,1506.3638801279992,"C1=CC2=NC(=C1)C(=NC(C(=NN3C(=O)C4=C5C(=CC=C6C5=C(C=C4)C(=O)N(C6=O)N=C(C(N=C(C7=CC=CC(=N7)C(=O)NC(C(=NN8C(=O)C9=C1C(=CC=C4C1=C(C=C9)C(=O)N(C4=O)N=C(C(NC2=O)CC1=CC=C(C=C1)O)O)C8=O)O)CC1=CC=C(C=C1)O)O)CC1=CC=C(C=C1)O)O)C3=O)O)CC1=CC=C(C=C1)O)O"
102158433,C52H30N6O4,802.2328534400001,"CN1C(=O)C2=CC(=C3C4=C(C=C(C(=C24)C1=O)C5=CC=C(C=C5)C#CC6=CC(=NC=C6)C7=CC=CC=N7)C(=O)N(C3=O)C)C8=CC=C(C=C8)C#CC9=CC(=NC=C9)C1=CC=CC=N1"
102160563,C48H44N4O6,772.3260851279999,"CCC(C)(C)C1=CC(=C(C=C1)OCC2=CN=CC=C2)N3C(=O)C4=C5C(=CC=C6C5=C(C=C4)C(=O)N(C6=O)C7=C(C=CC(=C7)C(C)(C)CC)OCC8=CN=CC=C8)C3=O"
102160564,C52H60N4O6,836.45128564,"CCCCCCCCCCCCOC1=C(C=C(C=C1)C#N)N2C(=O)C3=C4C(=CC=C5C4=C(C=C3)C(=O)N(C5=O)C6=C(C=CC(=C6)C#N)OCCCCCCCCCCCC)C2=O"
102161038,C32H40N6O7,620.2958476200001,"CCCCN1C(=O)C2=C3C(=CC=C4C3=C(C=C2)C(=O)N(C4=O)CCCCC(C(=O)N)NC(=O)C(CCCCN)NC(=O)C)C1=O"
102161039,C32H40N6O7,620.2958476200001,"CCCCN1C(=O)C2=C3C(=CC=C4C3=C(C=C2)C(=O)N(C4=O)CCCCC(C(=O)NC(CCCCN)C(=O)N)NC(=O)C)C1=O"
102161040,C30H38N6O6,578.2852829360002,"CCCCN1C(=O)C2=C3C(=CC=C4C3=C(C=C2)C(=O)N(C4=O)CCCCC(C(=O)N)NC(=O)C(CCCCN)N)C1=O"
102161936,C86H71N3O4,1209.544457752,"CC1=C2CCCN3C2=C(CCC3)C(=C1C4=C5C=CC=CC5=C(C6=CC=CC=C64)C7=CC=C(C=C7)C8=CC=C(C=C8)C9=CC=C(C=C9)C1=CC=C(C=C1)C1=CC=C(C=C1)N1C(=O)C2=C3C(=CC=C4C3=C(C=C2)C(=O)N(C4=O)C2=C(C=CC(=C2)C(C)(C)C)C(C)(C)C)C1=O)C"
102162143,C30H26N2O4S2,542.133399312,"CCCCC(CC)N1C(=O)C2=C3C(=CC=C4C3=C(C=C2)C(=O)N(C4=O)CC5=CC=C(S5)C6=CC=CS6)C1=O"
102165529,C28H18N2O5,462.1215716759999,"CC(C1=CC=CC=C1)N2C(=O)C3=C4C(=CC=C5C4=C(C=C3)C(=O)N(C5=O)C6=CC=C(C=C6)O)C2=O"
102169017,C44H50N2O6,702.36688732,"CCCCCCCCN1C(=O)C2=CC(=C3C4=C(C=C(C(=C24)C1=O)C5=CC=C(C=C5)OC)C(=O)N(C3=O)CCCCCCCC)C6=CC=C(C=C6)OC"
102169018,C44H46N2O6,698.335587192,"CCCCCCCCN1C(=O)C2=CC(=C3C4=C(C=C(C(=C24)C1=O)C5=CC=C(C=C5)C=O)C(=O)N(C3=O)CCCCCCCC)C6=CC=C(C=C6)C=O"
102169019,C44H50N2O4,670.37705808,"CCCCCCCCN1C(=O)C2=CC(=C3C4=C(C=C(C(=C24)C1=O)C5=CC=C(C=C5)C)C(=O)N(C3=O)CCCCCCCC)C6=CC=C(C=C6)C"
102169020,C46H54N2O4,698.408358208,"CCCCCCCCN1C(=O)C2=CC(=C3C4=C(C=C(C(=C24)C1=O)C5=CC(=CC(=C5)C)C)C(=O)N(C3=O)CCCCCCCC)C6=CC(=CC(=C6)C)C"
102169021,C38H42N2O4S2,654.258599824,"CCCCCCCCN1C(=O)C2=CC(=C3C4=C(C=C(C(=C24)C1=O)C5=CSC=C5)C(=O)N(C3=O)CCCCCCCC)C6=CSC=C6"
102169023,C44H46N2O6,698.335587192,"CCCCCCCCN1C(=O)C2=CC(=C3C4=C(C=C(C(=C24)C1=O)C5=CC=CC=C5C=O)C(=O)N(C3=O)CCCCCCCC)C6=CC=CC=C6C=O"
102169024,C40H44N4O4,644.336255888,"CCCCCCCCN1C(=O)C2=CC(=C3C4=C(C=C(C(=C24)C1=O)C5=CC=NC=C5)C(=O)N(C3=O)CCCCCCCC)C6=CC=NC=C6"
102178913,C98H144N4O12,1569.0780760479997,"C=CCCCCCCCCCOC1=CC(=CC(=C1OCCCCCCCCCC=C)OCCCCCCCCCC=C)C(=O)NCCN2C(=O)C3=C4C(=CC=C5C4=C(C=C3)C(=O)N(C5=O)CCNC(=O)C6=CC(=C(C(=C6)OCCCCCCCCCC=C)OCCCCCCCCCC=C)OCCCCCCCCCC=C)C2=O"
102181140,C58H56N7O9-,994.41449995191,"CCCCCCCCN1C(=O)C2=C3C(=CC=C4C3=C(C=C2)C(=O)N(C4=O)C5=CC(=CC(=C5)N6C(=O)C7=C8C(=C(C=C7)N9CCN(CC9)C2=CC=C(C=C2)OC)C=CC=C8C6=O)C2=[N+](C(C(N2[O-])(C)C)(C)C)[O-])C1=O"
102184440,C31H29N7O4,563.2281024080002,"CC(C)(C)C1=CC(=C(C=C1)C(C)(C)C)N2C(=O)C3=C4C(=CC=C5C4=C(C=C3)C(=O)N(C5=O)C6=NC(=NC(=N6)N)N)C2=O"
102187035,C48H42N14O12,1006.310662784,"C1CC2(C(=O)CC13CN=C(N3)NNC(=O)CCN4C(=O)C5=C6C(=CC=C7C6=C(C=C5)C(=O)N(C7=O)CCN)C4=O)C(=O)NC(=N2)NNC(=O)CCN8C(=O)C9=C1C(=CC=C2C1=C(C=C9)C(=O)N(C2=O)CCN)C8=O"
102188608,C48H54N2O10,818.377845928,"CCC(C)(C)C1=CC(=C(C=C1)OCC(=O)OC(C)(C)C)N2C(=O)C3=C4C(=CC=C5C4=C(C=C3)C(=O)N(C5=O)C6=C(C=CC(=C6)C(C)(C)CC)OCC(=O)OC(C)(C)C)C2=O"
102189222,C118H94N10O4,1714.7459514879997,"CCCCCCCCN1C(=O)C2=CC(=C3C4=C(C=C(C(=C24)C1=O)C5=CC=C(C=C5)C6=C7C=CC(=N7)C(=C8C=CC(=C(C9=NC(=C(C1=CC=C6N1)C1=CC=CC=C1)C=C9)C1=CC=CC=C1)N8)C1=CC=CC=C1)C(=O)N(C3=O)CCCCCCCC)C1=CC=C(C=C1)C1=C2C=CC(=N2)C(=C2C=CC(=C(C3=NC(=C(C4=CC=C1N4)C1=CC=CC=C1)C=C3)C1=CC=CC=C1)N2)C1=CC=CC=C1"
102189815,C38H38N6O4,642.295453696,"CCCCCCCCN1C(=O)C2=C(C(=C3C4=C(C5=NC6=CC=CC=C6N=C5C(=C24)C1=O)C(=O)N(C3=O)CCCCCCCC)C#N)C#N"
102192048,C52H54N6O4S4,954.308938208,"CCCCCCCCCCC(CCCCCCCC)CN1C(=O)C2=C3C(=C4C5=C2C(=C6C(=C5C(=O)N(C4=O)C7=CC=C(C=C7)C(C)(C)C)SC(=C(C#N)C#N)S6)C1=O)SC(=C(C#N)C#N)S3"
102193399,C40H38N4O6+2,670.2780377761801,"C#CCOC1=CC=C(C=C1)C[NH2+]CCCN2C(=O)C3=C4C(=CC=C5C4=C(C=C3)C(=O)N(C5=O)CCC[NH2+]CC6=CC=C(C=C6)OCC#C)C2=O"
102193400,C40H36N4O6,668.263484872,"C#CCOC1=CC=C(C=C1)CNCCCN2C(=O)C3=C4C(=CC=C5C4=C(C=C3)C(=O)N(C5=O)CCCNCC6=CC=C(C=C6)OCC#C)C2=O"
102193401,C70H84N10O6+2,1160.65643324818,"CC(C)(C)C1=CC(=CC(=C1)CN2C=C(N=N2)COC3=CC=C(C=C3)C[NH2+]CCCN4C(=O)C5=C6C(=CC=C7C6=C(C=C5)C(=O)N(C7=O)CCC[NH2+]CC8=CC=C(C=C8)OCC9=CN(N=N9)CC1=CC(=CC(=C1)C(C)(C)C)C(C)(C)C)C4=O)C(C)(C)C"
102193402,C70H82N10O6,1158.641880344,"CC(C)(C)C1=CC(=CC(=C1)CN2C=C(N=N2)COC3=CC=C(C=C3)CNCCCN4C(=O)C5=C6C(=CC=C7C6=C(C=C5)C(=O)N(C7=O)CCCNCC8=CC=C(C=C8)OCC9=CN(N=N9)CC1=CC(=CC(=C1)C(C)(C)C)C(C)(C)C)C4=O)C(C)(C)C"
102196129,C59H34N4O6,894.2478348080001,"C#CCN1C(=O)C2=C3C(=CC=C4C3=C(C=C2)C(=O)N(C4=O)C5=CC(=CC(=C5)C(=O)NCC6=C7C=CC8=CC=CC9=C8C7=C(C=C9)C=C6)C(=O)NCC2=C3C=CC4=CC=CC5=C4C3=C(C=C5)C=C2)C1=O"
102196130,C59H38N4O7,914.2740495560001,"C1=CC2=C3C(=C1)C=CC4=C(C=CC(=C43)C=C2)CNC(=O)C5=CC(=CC(=C5)N6C(=O)C7=C8C(=CC=C9C8=C(C=C7)C(=O)N(C9=O)CCCO)C6=O)C(=O)NCC1=C2C=CC3=CC=CC4=C3C2=C(C=C4)C=C1"
102197384,C34H34N6O4S4,718.1524375680001,"CCCCCCCCN1C(=O)C2=C3C(=C4C5=C2C(=C6C(=C5C(=O)N(C4=O)CCCCCCCC)SC(=NC#N)S6)C1=O)SC(=NC#N)S3"
102197536,C29H26N2O6,498.1790865519999,"CCCCC(CC)CN1C(=O)C2=C3C(=CC=C4C3=C(C=C2)C(=O)N(C4=O)C5=CC=C(C=C5)C(=O)O)C1=O"
102199006,C42H38N2O4S4,762.171441696,"CCCCCCN1C(=O)C2=CC(=C3C4=C(C=C(C(=C24)C1=O)C5=CC=C(S5)C6=CC=CS6)C(=O)N(C3=O)CCCCCC)C7=CC=C(S7)C8=CC=CS8"
102200471,C86H79N3O6,1249.5968872479996,"CCCCCCCCN1C(=O)C2=C3C(=CC=C4C3=C(C=C2)C(=O)N(C4=O)C5=C(C=C(C=C5C)C#CC6=CC=CC(=C6)C#CC7=CC(=C(C(=C7)C)C8=C(C=C(C=C8C)C9=CC(=C(C(=C9)C)C2=C(C=C(C=C2C)N(C2=CC=C(C=C2)OC)C2=CC=C(C=C2)OC)C)C)C)C)C)C1=O"
102202822,C74H106N2O4S4,1214.703543872,"CCCCCCCCCCCCC(CCCCCCCCCC)CN1C(=O)C2=C3C(=C4C5=C2C(=C6C(=C5C(=O)N(C4=O)CC(CCCCCCCCCC)CCCCCCCCCCCC)SC7=CC=CC=C7S6)C1=O)SC8=CC=CC=C8S3"
102202823,C74H108N4O4S2,1180.7811999360001,"CCCCCCCCCCCCC(CCCCCCCCCC)CN1C(=O)C2=C3C(=C4C5=C2C(=C6C(=C5C(=O)N(C4=O)CC(CCCCCCCCCC)CCCCCCCCCCCC)NC7=CC=CC=C7S6)C1=O)SC8=CC=CC=C8N3"
102202824,C74H108N4O4S2,1180.7811999360001,"CCCCCCCCCCCCC(CCCCCCCCCC)CN1C(=O)C2=C3C(=C4C5=C2C(=C6C(=C5C(=O)N(C4=O)CC(CCCCCCCCCC)CCCCCCCCCCCC)SC7=CC=CC=C7S6)C1=O)NC8=CC=CC=C8N3"
102202825,C74H107N5O4S,1161.8043779040001,"CCCCCCCCCCCCC(CCCCCCCCCC)CN1C(=O)C2=C3C4=C(C5=NC6=CC=CC=C6N=C25)C(=O)N(C(=O)C4=C7C(=C3C1=O)NC8=CC=CC=C8S7)CC(CCCCCCCCCC)CCCCCCCCCCCC"
102202826,C74H109N5O4S,1163.8200279680002,"CCCCCCCCCCCCC(CCCCCCCCCC)CN1C(=O)C2=C3C(=C4C5=C2C(=C6C(=C5C(=O)N(C4=O)CC(CCCCCCCCCC)CCCCCCCCCCCC)SC7=CC=CC=C7N6)C1=O)NC8=CC=CC=C8N3"
102202827,C74H106N4O4S2,1178.7655498720003,"CCCCCCCCCCCCC(CCCCCCCCCC)CN1C(=O)C2=C3C4=C(C5=NC6=CC=CC=C6N=C25)C(=O)N(C(=O)C4=C7C(=C3C1=O)SC8=CC=CC=C8S7)CC(CCCCCCCCCC)CCCCCCCCCCCC"
102204695,C66H49N8O7+,1065.3718723280901,"C1=CC=C(C=C1)C2=C3C=CC(=C(C4=NC(=C(C5=CC=C(N5)C(=C6C=CC2=N6)C7=CC=CC=C7)C8=CC=C(C=C8)NC(=O)CN9C(=O)C1=C2C(=CC=C5C2=C(C=C1)C(=O)N(C5=O)CCCCC(C(=O)O)[NH3+])C9=O)C=C4)C1=CC=CC=C1)N3"
102204696,C66H48N8O7,1064.364595876,"C1=CC=C(C=C1)C2=C3C=CC(=C(C4=NC(=C(C5=CC=C(N5)C(=C6C=CC2=N6)C7=CC=CC=C7)C8=CC=C(C=C8)NC(=O)CN9C(=O)C1=C2C(=CC=C5C2=C(C=C1)C(=O)N(C5=O)CCCCC(C(=O)O)N)C9=O)C=C4)C1=CC=CC=C1)N3"
102211844,C112H128N24O24,2192.953330975999,"C1=CC2=C3C(=CC=C4C3=C1C(=O)N(C4=O)CCCCC5C(=NC(C(=NC(C(=NC(C(=NC(C(=NC(C(=NC(C(=NC(C(=N5)O)CCCCN)O)CCCCN6C(=O)C7=C8C(=CC=C9C8=C(C=C7)C(=O)N(C9=O)CCN)C6=O)O)CCCCN)O)CCCCN1C(=O)C3=C4C(=CC=C5C4=C(C=C3)C(=O)N(C5=O)CCN)C1=O)O)CCCCN)O)CCCCN1C(=O)C3=C4C(=CC=C5C4=C(C=C3)C(=O)N(C5=O)CCN)C1=O)O)CCCCN)O)C(=O)N(C2=O)CCN"
102211845,C78H100N12O16,1460.7380251199997,"CC1C(=O)NC(C(=O)NC(C(=O)NC(C(=O)N(C(C(=O)NC(C(=O)NC(C(=O)NC(C(=O)N1C)CC(C)C)CCCN2C(=O)C3=C4C(=CC=C5C4=C(C=C3)C(=O)N(C5=O)CC(C)C)C2=O)CC(C)C)C)C)CC(C)C)CCCN6C(=O)C7=C8C(=CC=C9C8=C(C=C7)C(=O)N(C9=O)CC(C)C)C6=O)CC(C)C"
102211846,C59H86N10O12,1126.642668192,"CC1C(=O)NC(C(=O)N(C(C(=O)NC(C(=O)NC(C(=O)NC(C(=O)N(C(C(=O)NC(C(=O)N1)CC(C)C)C)C)CC(C)C)CCCCN2C(=O)C3=C4C(=CC=C5C4=C(C=C3)C(=O)N(C5=O)CC(C)C)C2=O)CC(C)C)C)C)CC(C)C"
102211847,C58H84N10O12,1112.6270181280001,"CC1C(=O)NC(C(=O)N(C(C(=O)NC(C(=O)NC(C(=O)NC(C(=O)N(C(C(=O)NC(C(=O)N1)CC(C)C)C)C)CC(C)C)CCCN2C(=O)C3=C4C(=CC=C5C4=C(C=C3)C(=O)N(C5=O)CC(C)C)C2=O)CC(C)C)C)C)CC(C)C"
102211848,C56H80N10O12,1084.595718,"CC1C(=O)NC(C(=O)N(C(C(=O)NC(C(=O)NC(C(=O)NC(C(=O)N(C(C(=O)NC(C(=O)N1)CC(C)C)C)C)CC(C)C)CCCCN2C(=O)C3=C4C(=CC=C5C4=C(C=C3)C(=O)N(C5=O)C)C2=O)CC(C)C)C)C)CC(C)C"
102211849,C80H104N12O16,1488.7693252479996,"CC1C(=O)NC(C(=O)NC(C(=O)NC(C(=O)N(C(C(=O)NC(C(=O)NC(C(=O)NC(C(=O)N1C)CC(C)C)CCCCN2C(=O)C3=C4C(=CC=C5C4=C(C=C3)C(=O)N(C5=O)CC(C)C)C2=O)CC(C)C)C)C)CC(C)C)CCCCN6C(=O)C7=C8C(=CC=C9C8=C(C=C7)C(=O)N(C9=O)CC(C)C)C6=O)CC(C)C"
102215314,C60H66N2O6,910.4920878320002,"CC(C)C1=CC=C(C=C1)C(C2=CC=C(C=C2)C(C)(C)C)(C3=CC=C(C=C3)C(C)(C)C)C4=CC=C(C=C4)OCCCCCN5C(=O)C6=C7C(=CC=C8C7=C(C=C6)C(=O)N(C8=O)CCCCCO)C5=O"
102215315,C115H120N4O10,1716.9004460399997,"CC(C)C1=CC=C(C=C1)C(C2=CC=C(C=C2)C(C)(C)C)(C3=CC=C(C=C3)C(C)(C)C)C4=CC=C(C=C4)OCCCCCN5C(=O)C6=C7C(=CC=C8C7=C(C=C6)C(=O)N(C8=O)CCCCCN9C(=O)C1=C2C(=CC=C3C2=C(C=C1)C(=O)N(C3=O)CCCCCOC1=CC=C(C=C1)C(C1=CC=C(C=C1)C(C)C)(C1=CC=C(C=C1)C(C)(C)C)C1=CC=C(C=C1)C(C)(C)C)C9=O)C5=O"
102224833,C128H206N2O4S4,1963.4860470719998,"CCCCCCCCCCCCCCCCC1(C2=C(C3=C1C=C(S3)C4=CC5=C6C7=C4C(=O)N(C(=O)C7=CC(=C6C(=O)N(C5=O)CCCCCCCCCCCCCCCC)C8=CC9=C(S8)C1=C(C9(CCCCCCCCCCCCCCCC)CCCCCCCCCCCCCCCC)C=CS1)CCCCCCCCCCCCCCCC)SC=C2)CCCCCCCCCCCCCCCC"
102224834,C112H174N2O4S4,1739.2356460479998,"CCCCCCCCCCCCCCCCC1(C2=C(C3=C1C=C(S3)C4=CC5=C6C7=C4C(=O)N(C(=O)C7=CC(=C6C(=O)N(C5=O)CC(CC)CCCC)C8=CC9=C(S8)C1=C(C9(CCCCCCCCCCCCCCCC)CCCCCCCCCCCCCCCC)C=CS1)CC(CC)CCCC)SC=C2)CCCCCCCCCCCCCCCC"
102224835,C96H142N2O4S4,1514.9852450239996,"CCCCCCCCCCCCCCCCN1C(=O)C2=CC(=C3C4=C(C=C(C(=C24)C1=O)C5=CC6=C(S5)C7=C(C6(CC(CC)CCCC)CC(CC)CCCC)C=CS7)C(=O)N(C3=O)CCCCCCCCCCCCCCCC)C8=CC9=C(S8)C1=C(C9(CC(CC)CCCC)CC(CC)CCCC)C=CS1"
102224836,C80H110N2O4S4,1290.7348439999998,"CCCCC(CC)CC1(C2=C(C3=C1C=C(S3)C4=CC5=C6C7=C4C(=O)N(C(=O)C7=CC(=C6C(=O)N(C5=O)CC(CC)CCCC)C8=CC9=C(S8)C1=C(C9(CC(CC)CCCC)CC(CC)CCCC)C=CS1)CC(CC)CCCC)SC=C2)CC(CC)CCCC"
102224883,C30H36N2O6,520.2573368719999,"CCCCCCCCCCCCN1C(=O)C2=C3C(=CC=C4C3=C(C=C2)C(=O)N(C4=O)CCCC(=O)O)C1=O"
102226906,C107H109N5O12,1655.8072739279999,"CCCCCCCCN1C2=C(C=C(C=C2)C3=C4C=CC=C5C4=C(C=C3)C6=C(C=C7C8=C6C5=C(C=C8C(=O)N(C7=O)N9C(=O)C2=C3C(=CC=C4C3=C(C=C2)C(=O)N(C4=O)CCCCCCCC)C9=O)OC2=CC=C(C=C2)C(C)(C)C)OC2=CC=C(C=C2)C(C)(C)C)C(C1=CC1=C(C(=CC2=[N+](C3=C(C2(C)C)C=C(C=C3)C(=O)[O-])CCCCCCCC)C1=O)O)(C)C"
102226907,C107H110N5O12+,1656.8145503800897,"CCCCCCCCN1C2=C(C=C(C=C2)C3=C4C=CC=C5C4=C(C=C3)C6=C(C=C7C8=C6C5=C(C=C8C(=O)N(C7=O)N9C(=O)C2=C3C(=CC=C4C3=C(C=C2)C(=O)N(C4=O)CCCCCCCC)C9=O)OC2=CC=C(C=C2)C(C)(C)C)OC2=CC=C(C=C2)C(C)(C)C)C(C1=CC1=C(C(=CC2=[N+](C3=C(C2(C)C)C=C(C=C3)C(=O)O)CCCCCCCC)C1=O)O)(C)C"
102226910,C71H59N3O11,1129.4149597080002,"CCCCCCCCN1C(=O)C2=C3C(=CC=C4C3=C(C=C2)C(=O)N(C4=O)N5C(=O)C6=CC(=C7C8=C9C(=C(C=C8)OC2=CC=C(C=C2)C(=O)O)C=CC=C9C2=C(C=C(C6=C72)C5=O)OC2=CC=C(C=C2)C(C)(C)C)OC2=CC=C(C=C2)C(C)(C)C)C1=O"
102227493,C43H36N4O4,672.2736556319999,"CC(C)(C)C1=CC(=C(C=C1)C(C)(C)C)N2C(=O)C3=C4C(=CC=C5C4=C(C=C3)C(=O)N(C5=O)C6=CC=C(C=C6)C(=C7C=CC=N7)C8=CC=CN8)C2=O"
102228324,C46H22N2O4,666.157957184,"C1=CC2=C3C(=C1)C=CC4=C(C=CC(=C43)C=C2)N5C(=O)C6=C7C(=CC=C8C7=C(C=C6)C(=O)N(C8=O)C9=C1C=CC2=CC=CC3=C2C1=C(C=C3)C=C9)C5=O"
102228325,C38H22N6O4,626.1702531840001,"C1=CC=C(C=C1)N=NC2=CC=C(C=C2)N3C(=O)C4=C5C(=CC=C6C5=C(C=C4)C(=O)N(C6=O)C7=CC=C(C=C7)N=NC8=CC=CC=C8)C3=O"
102228326,C40H22N2O6,626.1477864240001,"C1=CC=C(C=C1)C(=O)C2=CC=C(C=C2)N3C(=O)C4=C5C(=CC=C6C5=C(C=C4)C(=O)N(C6=O)C7=CC=C(C=C7)C(=O)C8=CC=CC=C8)C3=O"
102229027,C28H26N6O4S2,574.1456953120002,"CCSC1=C2C3=C4C(=C1)C(=O)N(C(=O)C4=C(C=C3C(=O)N(C2=O)C5=C(NN=C5C)C)SCC)C6=C(NN=C6C)C"
102229553,C94H131N7O8S2,1549.9500561519997,"CCCCCCCCCCCCN1C2=C(C3=C1N=C(S3)C4=C5C6=C(C=CC7=C6C(=C4)C(=O)N(C7=O)CCCCCCCCCCCC)C(=O)N(C5=O)CCCCCCCCCCCC)SC(=N2)C8=C9C1=C(C=CC2=C1C(=C8)C(=O)N(C2=O)CCCCCCCCCCCC)C(=O)N(C9=O)CCCCCCCCCCCC"
102229554,C70H83N7O8S2,1213.574454616,"CCCCCCCCCCCCN1C2=C(C3=C1N=C(S3)C4=C5C6=C(C=CC7=C6C(=C4)C(=O)N(C7=O)CCCCCC)C(=O)N(C5=O)CCCCCC)SC(=N2)C8=C9C1=C(C=CC2=C1C(=C8)C(=O)N(C2=O)CCCCCC)C(=O)N(C9=O)CCCCCC"
102229555,C64H71N7O8S2,1129.480554232,"CCCCCCN1C2=C(C3=C1N=C(S3)C4=C5C6=C(C=CC7=C6C(=C4)C(=O)N(C7=O)CCCCCC)C(=O)N(C5=O)CCCCCC)SC(=N2)C8=C9C1=C(C=CC2=C1C(=C8)C(=O)N(C2=O)CCCCCC)C(=O)N(C9=O)CCCCCC"
102229556,C68H75N7O10S2,1213.5016836,"CCCCCCN1C2=C(C3=C1N=C(S3)C4=CC5=C6C7=C4C(=O)N(C(=O)C7=CC(=C6C(=O)N(C5=O)CCCCCC)C(=O)C)CCCCCC)SC(=N2)C8=CC9=C1C2=C8C(=O)N(C(=O)C2=CC(=C1C(=O)N(C9=O)CCCCCC)C(=O)C)CCCCCC"
102229557,C63H62N6O11S2,1142.391798804,"CCCCCCN1C(=O)C2=CC(=C3C4=C(C=C(C(=C24)C1=O)C5=NC6=C(S5)C7=C(C6=O)N=C(S7)C8=CC9=C1C2=C8C(=O)N(C(=O)C2=CC(=C1C(=O)N(C9=O)CCCCCC)C(=O)C)CCCCCC)C(=O)N(C3=O)CCCCCC)C(=O)C"
102229558,C98H135N7O10S2,1633.9711855199996,"CCCCCCCCCCCCN1C2=C(C3=C1N=C(S3)C4=CC5=C6C7=C4C(=O)N(C(=O)C7=CC(=C6C(=O)N(C5=O)CCCCCCCCCCCC)C(=O)C)CCCCCCCCCCCC)SC(=N2)C8=CC9=C1C2=C8C(=O)N(C(=O)C2=CC(=C1C(=O)N(C9=O)CCCCCCCCCCCC)C(=O)C)CCCCCCCCCCCC"
102231379,C206H154N22O4,2999.2523414080006,"CCCCCCCCN1C(=O)C2=C(C(=C3C4=C2C(=C(C(=C4C(=O)N(C3=O)CCCCCCCC)NC5=CC=C(C=C5)C6=C7C=CC(=N7)C(=C8C=CC(=C(C9=NC(=C(C2=CC=C6N2)C2=CC=CC=C2)C=C9)C2=CC=CC=C2)N8)C2=CC=CC=C2)NC2=CC=C(C=C2)C2=C3C=CC(=N3)C(=C3C=CC(=C(C4=NC(=C(C5=CC=C2N5)C2=CC=CC=C2)C=C4)C2=CC=CC=C2)N3)C2=CC=CC=C2)C1=O)NC1=CC=C(C=C1)C1=C2C=CC(=N2)C(=C2C=CC(=C(C3=NC(=C(C4=CC=C1N4)C1=CC=CC=C1)C=C3)C1=CC=CC=C1)N2)C1=CC=CC=C1)NC1=CC=C(C=C1)C1=C2C=CC(=N2)C(=C2C=CC(=C(C3=NC(=C(C4=CC=C1N4)C1=CC=CC=C1)C=C3)C1=CC=CC=C1)N2)C1=CC=CC=C1"
102231380,C54H58N6O4,854.451954336,"CCCCCCCCN1C(=O)C2=C(C(=C3C4=C2C(=C(C(=C4C(=O)N(C3=O)CCCCCCCC)NC5=CC=CC=C5)NC6=CC=CC=C6)C1=O)NC7=CC=CC=C7)NC8=CC=CC=C8"
102231519,C80H102N6O4,1210.7962557439998,"CCCCCCCCCCC(CCCCCCCC)CN1C2=C(C=C(C=C2)C=NN3C(=O)C4=C5C(=CC=C6C5=C(C=C4)C(=O)N(C6=O)N=CC7=CC8=C(C=C7)N(C9=CC=CC=C98)CC(CCCCCCCC)CCCCCCCCCC)C3=O)C2=CC=CC=C21"
102231613,C68H98N2O28,1390.6306104959997,"COCCOCCOCCOC1=CC(=CC(=C1OCCOCCOCCOC)OCCOCCOCCOC)N2C(=O)C3=C4C(=CC=C5C4=C(C=C3)C(=O)N(C5=O)C6=CC(=C(C(=C6)OCCOCCOCCOC)OCCOCCOCCOC)OCCOCCOCCOC)C2=O"
102231899,C29H34N2O6,506.2416868079999,"CCCCCCCCCCCCN1C(=O)C2=C3C(=CC=C4C3=C(C=C2)C(=O)N(C4=O)CC(=O)OC)C1=O"
102231900,C28H32N2O6,492.2260367439999,"CCCCCCCCCCCCN1C(=O)C2=C3C(=CC=C4C3=C(C=C2)C(=O)N(C4=O)CC(=O)O)C1=O"
102231901,C29H34N2O6,506.2416868079999,"CCCCCCCCCCCCN1C(=O)C2=C3C(=CC=C4C3=C(C=C2)C(=O)N(C4=O)CCC(=O)O)C1=O"
102231902,C31H38N2O6,534.2729869359999,"CCCCCCCCCCCCN1C(=O)C2=C3C(=CC=C4C3=C(C=C2)C(=O)N(C4=O)CCCCC(=O)O)C1=O"
102234558,C62H90N2O4S2,990.63420136,"CCCCCCCCCCC(CCCCCCCC)CN1C(=O)C2=CC(=C3C4=C(C=C(C(=C24)C1=O)C5=CC=CS5)C(=O)N(C3=O)CC(CCCCCCCC)CCCCCCCCCC)C6=CC=CS6"
102235855,C68H94N2O6,1034.711188728,"CCCCCCCCCCC(CCCCCCCC)CN1C(=O)C2=CC(=C3C4=C(C=C(C(=C24)C1=O)C5=CC=C(C=C5)C=O)C(=O)N(C3=O)CC(CCCCCCCC)CCCCCCCCCC)C6=CC=C(C=C6)C=O"
102243075,C19H14N2O5,350.090271548,"CCN1C(=O)C2=C3C(=CC=C4C3=C(C=C2)C(=O)N(C4=O)CC5CO5)C1=O"
102243076,C19H14N2O5,350.090271548,"CCN1C(=O)C2=C3C(=CC=C4C3=C(C=C2)C(=O)N(C4=O)CC5CO5)C1=O"
102245013,C39H22N2O4,582.1579571840001,"C1=CC=C(C=C1)C2(C3=CC=CC=C3C4=CC=CC=C42)C5=CC=C(C=C5)N6C(=O)C7=C8C(=CC=C9C8=C(C=C7)C(=O)NC9=O)C6=O"
102246675,C84H88N2O6,1220.664238536,"CCCCCCCCCCOC1=CC(=C(C=C1C=CC2=CC=C(C=C2)C3=CC=C4C5=CC=CC6=C5C(=CC=C6)C7=C4C3=CC=C7)OCCCCCCCCCC)C=CC8=CC=C(C=C8)N9C(=O)C1=C2C(=CC=C3C2=C(C=C1)C(=O)N(C3=O)CCCCCCCC)C9=O"
102247402,C36H42N8O8+2,714.31146314418,"CC1=CN(C(=O)NC1=O)CCCC[N+](C)(C)N2C(=O)C3=C4C(=CC=C5C4=C(C=C3)C(=O)N(C5=O)[N+](C)(C)CCCCN6C=C(C(=O)NC6=O)C)C2=O"
102254289,C26H30N4O4+2,462.22560828018,"C1CCC(C(C1)[NH3+])N2C(=O)C3=C4C(=CC=C5C4=C(C=C3)C(=O)N(C5=O)C6CCCCC6[NH3+])C2=O"
102254294,C30H36N4O4,516.273655632,"CN(C)C1CCCCC1N2C(=O)C3=C4C(=CC=C5C4=C(C=C3)C(=O)N(C5=O)C6CCCCC6N(C)C)C2=O"
102258856,C70H61N3O4,1007.466207432,"CC1=C2CCCN3C2=C(CCC3)C(=C1C4=C5C=CC=CC5=C(C6=CC=CC=C64)C7=CC=C(C=C7)C=CC8=CC=C(C=C8)N9C(=O)C1=C2C(=CC=C3C2=C(C=C1)C(=O)N(C3=O)C1=C(C=CC(=C1)C(C)(C)C)C(C)(C)C)C9=O)C"
102258857,C70H61N3O4,1007.466207432,"CC1=C2CCCN3C2=C(CCC3)C(=C1C4=C5C=CC=CC5=C(C6=CC=CC=C64)C7=CC=C(C=C7)C(=C)C8=CC=C(C=C8)N9C(=O)C1=C2C(=CC=C3C2=C(C=C1)C(=O)N(C3=O)C1=C(C=CC(=C1)C(C)(C)C)C(C)(C)C)C9=O)C"
102258858,C69H61N3O4,995.466207432,"CC1=C2CCCN3C2=C(CCC3)C(=C1C4=C5C=CC=CC5=C(C6=CC=CC=C64)C7=CC=C(C=C7)CC8=CC=C(C=C8)N9C(=O)C1=C2C(=CC=C3C2=C(C=C1)C(=O)N(C3=O)C1=C(C=CC(=C1)C(C)(C)C)C(C)(C)C)C9=O)C"
102258859,C69H57N3O6,1023.424736544,"CC1=C2CCCN3C2=C(CCC3)C(=C1C4=C5C=CC=CC5=C(C6=CC=CC=C64)C7=CC8=C(C=C7)C(=O)C9=C(O8)C=C(C=C9)N1C(=O)C2=C3C(=CC=C4C3=C(C=C2)C(=O)N(C4=O)C2=C(C=CC(=C2)C(C)(C)C)C(C)(C)C)C1=O)C"
102259273,C26H28N4O8,524.190713856,"C1=CC2=C3C(=CC=C4C3=C1C(=O)N(C4=O)CCCCC(C(=O)O)N)C(=O)N(C2=O)CCCCC(C(=O)O)N"
102259274,C28H32N4O8,552.2220139839999,"COC(=O)C(CCCCN1C(=O)C2=C3C(=CC=C4C3=C(C=C2)C(=O)N(C4=O)CCCCC(C(=O)OC)N)C1=O)N"
102263197,C74H63N3O4,1057.481857496,"CC1=C2CCCN3C2=C(CCC3)C(=C1C4=C5C=CC=CC5=C(C6=CC=CC=C64)C7=CC=C(C=C7)C8=CC=C(C=C8)C9=CC=C(C=C9)N1C(=O)C2=C3C(=CC=C4C3=C(C=C2)C(=O)N(C4=O)C2=C(C=CC(=C2)C(C)(C)C)C(C)(C)C)C1=O)C"
102263198,C62H55N3O4,905.41925724,"CC1=C2CCCN3C2=C(CCC3)C(=C1C4=C5C=CC=CC5=C(C6=CC=CC=C64)C7=CC=C(C=C7)N8C(=O)C9=C1C(=CC=C2C1=C(C=C9)C(=O)N(C2=O)C1=C(C=CC(=C1)C(C)(C)C)C(C)(C)C)C8=O)C"
102263199,C68H59N3O4,981.4505573680001,"CC1=C2CCCN3C2=C(CCC3)C(=C1C4=C5C=CC=CC5=C(C6=CC=CC=C64)C7=CC=C(C=C7)C8=CC=C(C=C8)N9C(=O)C1=C2C(=CC=C3C2=C(C=C1)C(=O)N(C3=O)C1=C(C=CC(=C1)C(C)(C)C)C(C)(C)C)C9=O)C"
102264492,C24H23N5O4,445.17500421600005,"CCCCC(CC)CN1C(=O)C2=C3C(=CC=C4C3=C(C=C2)C(=O)N(C4=O)N5C=NN=C5)C1=O"
102264749,C56H58N2O4S2,886.383800336,"CC(C)(C)C1=CC=C(C=C1)CSC2=C3C4=C5C(=C2)C(=O)N(C(=O)C5=C(C=C4C(=O)N(C3=O)C6=CC=C(C=C6)C(C)(C)C)SCC7=CC=C(C=C7)C(C)(C)C)C8=CC=C(C=C8)C(C)(C)C"
102264750,C54H54N2O4S2,858.352500208,"CC(C)(C)C1=CC=C(C=C1)N2C(=O)C3=CC(=C4C5=C3C(=C(C=C5C(=O)N(C4=O)C6=CC=C(C=C6)C(C)(C)C)SC7=CC=C(C=C7)C(C)(C)C)C2=O)SC8=CC=C(C=C8)C(C)(C)C"
102264751,C49H52N2O4S2,796.336850144,"CC(C)CCSC1=C2C3=C4C(=C1)C(=O)N(C(=O)C4=C(C=C3C(=O)N(C2=O)C5=CC=C(C=C5)C(C)(C)C)SC6=CC=C(C=C6)C(C)(C)C)C7=CC=C(C=C7)C(C)(C)C"
102264752,C44H50N2O4S2,734.32120008,"CC(C)CCSC1=C2C3=C4C(=C1)C(=O)N(C(=O)C4=C(C=C3C(=O)N(C2=O)C5=CC=C(C=C5)C(C)(C)C)SCCC(C)C)C6=CC=C(C=C6)C(C)(C)C"
102271399,C60H88N12O10S2,1200.6187790159997,"CN(CCCNC(=O)CCCCCNC(=O)CCCCC1C2C(CS1)NC(=O)N2)CCCN3C(=O)C4=C5C(=CC=C6C5=C(C=C4)C(=O)N(C6=O)CCCN(C)CCCNC(=O)CCCCCNC(=O)CCCCC7C8C(CS7)NC(=O)N8)C3=O"
102274002,C36H44N4O12,724.2955728480001,"CC(C)(C)OC(=O)NCCCCC(C(=O)O)N1C(=O)C2=C3C(=CC=C4C3=C(C=C2)C(=O)N(C4=O)C(CCCCNC(=O)OC(C)(C)C)C(=O)O)C1=O"
102281684,C54H54N2O8S3,954.3042296880002,"CCC(C)(C)C1=CC(=C(C=C1)OCC(C)O)N2C(=O)C3=C4C(=CC=C5C4=C(C=C3)C(=O)N(C5=O)C6=C(C=CC(=C6)C(C)(C)CC)OCC(CSC7=CC=C(C=C7)SC8=CC=C(C=C8)S)O)C2=O"
102281685,C64H46N2O10,1002.3152456720002,"CCC(C)(C)C1=CC(=C(C=C1)OC(=O)C2=CC=CC3=C2C4=CC=CC=C4C3=O)N5C(=O)C6=C7C(=CC=C8C7=C(C=C6)C(=O)N(C8=O)C9=C(C=CC(=C9)C(C)(C)CC)OC(=O)C1=CC=CC2=C1C1=CC=CC=C1C2=O)C5=O"
102283564,C30H14N2O4,466.09535692799994,"C#CC1=CC=C(C=C1)N2C(=O)C3=C4C(=CC=C5C4=C(C=C3)C(=O)N(C5=O)C6=CC=C(C=C6)C#C)C2=O"
102284516,C31H36N2O6,532.2573368719999,"CCCCCCCCCCN1C(=O)C2=C3C(=CC=C4C3=C(C=C2)C(=O)N(C4=O)CCCOC(=O)C(=C)C)C1=O"
102285933,C76H90N2O4,1094.6900593599999,"CCCCC(CC)CC1=C2C=C3C(=C(C2=CC=C1)CN4C(=O)C5=C6C(=CC=C7C6=C(C=C5)C(=O)N(C7=O)CC8=C9C=CC=C(C9=CC1=C(C=CC=C18)CC(CC)CCCC)CC(CC)CCCC)C4=O)C=CC=C3CC(CC)CCCC"
102290410,C56H66N6O4+4,886.5123602723601,"C[N+]1=CC=C(C=C1)C2=CC=[N+](C=C2)CCCCCCCCCCN3C(=O)C4=C5C(=CC=C6C5=C(C=C4)C(=O)N(C6=O)CCCCCCCCCC[N+]7=CC=C(C=C7)C8=CC=[N+](C=C8)C)C3=O"
102292451,C46H38N6O4,738.295453696,"CC1=C(C(=C(C(=C1N=CC2=CC=NC=C2)C)C)N3C(=O)C4=C5C(=CC=C6C5=C(C=C4)C(=O)N(C6=O)C7=C(C(=C(C(=C7C)C)N=CC8=CC=NC=C8)C)C)C3=O)C"
102292452,C52H40N4O4S4,912.1932397600001,"CC1=C(C(=C(C(=C1N=CC2=CC=C(S2)C3=CC=CS3)C)C)N4C(=O)C5=C6C(=CC=C7C6=C(C=C5)C(=O)N(C7=O)C8=C(C(=C(C(=C8C)C)N=CC9=CC=C(S9)C1=CC=CS1)C)C)C4=O)C"
102292453,C44H36N4O4S2,748.217797632,"CC1=C(C(=C(C(=C1N=CC2=CC=CS2)C)C)N3C(=O)C4=C5C(=CC=C6C5=C(C=C4)C(=O)N(C6=O)C7=C(C(=C(C(=C7C)C)N=CC8=CC=CS8)C)C)C3=O)C"
102292454,C50H38N6O4S2,850.239595696,"CC1=C(C(=C(C(=C1N=CC2=NC3=CC=CC=C3S2)C)C)N4C(=O)C5=C6C(=CC=C7C6=C(C=C5)C(=O)N(C7=O)C8=C(C(=C(C(=C8C)C)N=CC9=NC1=CC=CC=C1S9)C)C)C4=O)C"
102293272,C40H40N4O6,672.294785,"C1=CC=C(C=C1)C(=O)NCCCCCCN2C(=O)C3=C4C(=CC=C5C4=C(C=C3)C(=O)N(C5=O)CCCCCCNC(=O)C6=CC=CC=C6)C2=O"
102293273,C40H38N2O8,674.262816176,"C1=CC=C(C=C1)C(=O)OCCCCCCN2C(=O)C3=C4C(=CC=C5C4=C(C=C3)C(=O)N(C5=O)CCCCCCOC(=O)C6=CC=CC=C6)C2=O"
102293274,C112H182N2O14,1779.3591085039998,"CCCCCCCCCCCCOC1=CC(=CC(=C1OCCCCCCCCCCCC)OCCCCCCCCCCCC)C(=O)OCCCCCCN2C(=O)C3=C4C(=CC=C5C4=C(C=C3)C(=O)N(C5=O)CCCCCCOC(=O)C6=CC(=C(C(=C6)OCCCCCCCCCCCC)OCCCCCCCCCCCC)OCCCCCCCCCCCC)C2=O"
102293275,C112H184N4O12,1777.3910773279997,"CCCCCCCCCCCCOC1=CC(=CC(=C1OCCCCCCCCCCCC)OCCCCCCCCCCCC)C(=O)NCCCCCCN2C(=O)C3=C4C(=CC=C5C4=C(C=C3)C(=O)N(C5=O)CCCCCCNC(=O)C6=CC(=C(C(=C6)OCCCCCCCCCCCC)OCCCCCCCCCCCC)OCCCCCCCCCCCC)C2=O"
102293414,C58H85N2O4+,873.65038562009,"CCCCCCCCCCC(CCCCCCCC)CN1C(=O)C2=CC(=C3C4=C(C=C(C(=C24)C1=O)C#C)C(=O)N(C3=O)CC(CCCCCCCC)CCCCCCCCCC)C#[C+]"
102293415,C98H128N4O8,1488.9732170559998,"CCCCCCCCCCC(CCCCCCCC)CN1C(=O)C2=CC(=C3C4=C(C=C(C(=C24)C1=O)C#CC5=C6C=CC=C7C6=C(C=C5)C(=O)N(C7=O)CCCCCCCC)C(=O)N(C3=O)CC(CCCCCCCC)CCCCCCCCCC)C#CC8=C9C=CC=C1C9=C(C=C8)C(=O)N(C1=O)CCCCCCCC"
102294644,C34H34N6O4,590.2641535680001,"CCCCCCCCN1C(=O)C2=C3C(=C(C(=C4C3=C(C(=C2C#N)C#N)C(=O)N(C4=O)CCCCCCCC)C#N)C#N)C1=O"
102294645,C52H60N4O4S2,868.4055984,"CCCCCCCCN1C(=O)C2=C(C(=C3C4=C2C(=C(C(=C4C(=O)N(C3=O)CCCCCCCC)C#N)SC5=CC=C(C=C5)C(C)(C)C)C1=O)SC6=CC=C(C=C6)C(C)(C)C)C#N"
102296949,C40H32N4O16S4,952.0696149440004,"C1C(NC(=O)COC2=CC3=C(C=C2)C=C(C=C3)OCC(=O)NC(CSSCC(N4C(=O)C5=C6C(=CC=C7C6=C(C=C5)C(=O)N(C7=O)C(CSS1)C(=O)O)C4=O)C(=O)O)C(=O)O)C(=O)O"
102303051,C34H36N4O4,564.273655632,"CN(CCCN1C(=O)C2=C3C(=CC=C4C3=C(C=C2)C(=O)N(C4=O)CCCN(C)CC5C=CC=C5)C1=O)CC6C=CC=C6"
102303054,C48H72N10O6S2,948.507772024,"CC1(CC(CC(N1[O-])(C)C)NC(=S)NCCCN(C)CCCN2C(=O)C3=C4C(=CC=C5C4=C(C=C3)C(=O)N(C5=O)CCCN(C)CCCNC(=S)NC6CC([N+](=O)C(C6)(C)C)(C)C)C2=O)C"
102303621,C156H154N12O8,2323.201259888,"CCCCCCCCN1C(=O)C2=C3C(=CC=C4C3=C(C=C2)C(=O)N(C4=O)C5=CC=C(C=C5)C#CC6=C7C=CC(=C(C8=NC(=C(C9=CC=C(N9)C(=C2C=CC6=N2)C2=CC(=CC(=C2)C(C)(C)C)C(C)(C)C)C2=C3C=CC(=N3)C(=C3C=CC(=C(C4=NC(=C(C5=CC=C2N5)C2=CC(=CC(=C2)C(C)(C)C)C(C)(C)C)C=C4)C#CC2=CC=C(C=C2)N2C(=O)C4=C5C(=CC=C6C5=C(C=C4)C(=O)N(C6=O)CCCCCCCC)C2=O)N3)C2=CC(=CC(=C2)C(C)(C)C)C(C)(C)C)C=C8)C2=CC(=CC(=C2)C(C)(C)C)C(C)(C)C)N7)C1=O"
102303740,C110H110N10O4,1634.8711519999997,"CC(C)(C)C1=CC(=CC(=C1)C2=C3C=CC(=CC4=NC(=C(C5=CC=C(N5)C(=C6C=CC2=N6)N7C(=O)C8=C9C(=CC=C1C9=C(C=C8)C(=O)N(C1=O)C1=C2C=CC(=N2)C(=C2C=CC(=CC5=NC(=C(C6=CC=C1N6)C1=CC(=CC(=C1)C(C)(C)C)C(C)(C)C)C=C5)N2)C1=CC(=CC(=C1)C(C)(C)C)C(C)(C)C)C7=O)C1=CC(=CC(=C1)C(C)(C)C)C(C)(C)C)C=C4)N3)C(C)(C)C"
102307436,C28H34N2O4S,494.2239285679999,"CCCCCCCCCCCCN1C(=O)C2=C3C(=CC=C4C3=C(C=C2)C(=O)N(C4=O)CCS)C1=O"
102307701,C35H20N4O12S2,752.0519140800002,"C1=CC2=C3C(=CC=C4C3=C1C(=O)N(C4=O)CN5C(=O)C6=C7C(=CC=C8C7=C(C=C6)C(=O)N(C8=O)C(CS)C(=O)O)C5=O)C(=O)N(C2=O)C(CS)C(=O)O"
102307702,C41H32N4O12S2,836.1458144640002,"C1=CC2=C3C(=CC=C4C3=C1C(=O)N(C4=O)CCCCCCCN5C(=O)C6=C7C(=CC=C8C7=C(C=C6)C(=O)N(C8=O)C(CS)C(=O)O)C5=O)C(=O)N(C2=O)C(CS)C(=O)O"
102307703,C43H34N4O12S2,862.1614645280002,"C1CCCCN2C(=O)C3=C4C(=CC=C5C4=C(C=C3)C(=O)N(C5=O)C(CSSCC(N6C(=O)C7=C8C(=CC=C9C8=C(C=C7)C(=O)N(C9=O)CCCC1)C6=O)C(=O)O)C(=O)O)C2=O"
102310671,C74H78N2O4S8,1314.372726976,"CCCCCCC1=S=C(C=C1)C2=CC=C(S2)C3=CC=C(S3)C4=CC=C(S4)C5=C6C7=C(C=C(C8=C7C(=C5)C(=O)N(C8=O)CC(CC)CCCC)C9=CC=C(S9)C1=CC=C(S1)C1=CC=C(S1)C1=CC=C(S1)CCCCCC)C(=O)N(C6=O)CC(CC)CCCC"
102310672,C46H46N2O4S4,818.2340419520001,"CCCCC(CC)CN1C(=O)C2=CC(=C3C4=C(C=C(C(=C24)C1=O)C5=CC=C(S5)C6=CC=CS6)C(=O)N(C3=O)CC(CC)CCCC)C7=CC=C(S7)C8=CC=CS8"
102310673,C62H54N2O4S8,1146.184926208,"CCCCC(CC)CN1C(=O)C2=CC(=C3C4=C(C=C(C(=C24)C1=O)C5=CC=C(S5)C6=CC=C(S6)C7=CC=C(S7)C8=CC=CS8)C(=O)N(C3=O)CC(CC)CCCC)C9=CC=C(S9)C1=CC=C(S1)C1=CC=C(S1)C1=S=CC=C1"
102310674,C54H50N2O4S6,982.2094840800002,"CCCCC(CC)CN1C(=O)C2=CC(=C3C4=C(C=C(C(=C24)C1=O)C5=CC=C(S5)C6=CC=C(S6)C7=CC=CS7)C(=O)N(C3=O)CC(CC)CCCC)C8=CC=C(S8)C9=CC=C(S9)C1=S=CC=C1"
102317332,C119H102N10O10,1830.7780394639997,"CCCCCC1=C2C=CC(=C(C3=NC(=C(C4=CC=C(N4)C(=C5C=CC1=N5)CCCCC)C6=CC=C(C=C6)N7C(=O)C8=CC9=C(C=C8C7=O)C(=O)N(C9=O)C1=C(C=C(C(=C1)C)N1C(=O)C4=C5C(=CC=C6C5=C(C=C4)C(=O)N(C6=O)N4C(=O)C5=CC(=C6C7=C8C(=C(C=C7)N7CCCC7)C=CC=C8C7=C6C5=C(C4=O)C=C7C4=CC=C(C=C4)C(C)(C)C)C4=CC=C(C=C4)C(C)(C)C)C1=O)C)C=C3)CCCCC)N2"
102318894,C31H37N3O4,515.2784066639999,"CCCCCCCCN1C(=O)C2=C3C(=CC(=C4C3=C(C=C2)C(=O)N(C4=O)CCCCCCCC)C#N)C1=O"
102322642,C108H124N4O4,1540.9622584479998,"CCCCCCC1=CC(=C(C=C1C#CC2=CC(=C(C(=C2)C(C)C)N3C(=O)C4=C5C(=CC=C6C5=C(C=C4)C(=O)N(C6=O)C7=C(C=C(C=C7C(C)C)C#CC8=CC(=C(C=C8CCCCCC)C#CC9=CC(=C(C(=C9)C(C)C)[N+]#[C-])C(C)C)CCCCCC)C(C)C)C3=O)C(C)C)CCCCCC)C#CC1=CC(=C(C(=C1)C(C)C)[N+]#[C-])C(C)C"
102322643,C148H180N4O4,2077.4004602399996,"CCCCCCC1=CC(=C(C=C1C#CC2=CC(=C(C=C2CCCCCC)C#CC3=CC(=C(C(=C3)C(C)C)N4C(=O)C5=C6C(=CC=C7C6=C(C=C5)C(=O)N(C7=O)C8=C(C=C(C=C8C(C)C)C#CC9=C(C=C(C(=C9)CCCCCC)C#CC1=CC(=C(C=C1CCCCCC)C#CC1=CC(=C(C(=C1)C(C)C)[N+]#[C-])C(C)C)CCCCCC)CCCCCC)C(C)C)C4=O)C(C)C)CCCCCC)CCCCCC)C#CC1=CC(=C(C(=C1)C(C)C)[N+]#[C-])C(C)C"
102322644,C188H236N4O4,2613.838662032,"CCCCCCC1=CC(=CC(=C1C#CC2=CC(=C(C(=C2)C(C)C)N3C(=O)C4=C5C(=CC=C6C5=C(C=C4)C(=O)N(C6=O)C7=C(C=C(C=C7C(C)C)C#CC8=C(C=C(C=C8CCCCCC)C#CC9=C(C=C(C(=C9)CCCCCC)C#CC1=CC(=C(C=C1CCCCCC)C#CC1=CC(=C(C(=C1)C(C)C)[N+]#[C-])C(C)C)CCCCCC)CCCCCC)CCCCCC)C(C)C)C3=O)C(C)C)CCCCCC)C#CC1=C(C=C(C(=C1)CCCCCC)C#CC1=CC(=C(C=C1CCCCCC)C#CC1=CC(=C(C(=C1)C(C)C)[N+]#[C-])C(C)C)CCCCCC)CCCCCC"
102322645,C228H292N4O4,3150.276863824,"CCCCCCC1=CC(=CC(=C1C#CC2=C(C=C(C=C2CCCCCC)C#CC3=C(C=C(C(=C3)CCCCCC)C#CC4=CC(=C(C=C4CCCCCC)C#CC5=CC(=C(C(=C5)C(C)C)[N+]#[C-])C(C)C)CCCCCC)CCCCCC)CCCCCC)CCCCCC)C#CC6=CC(=C(C(=C6)C(C)C)N7C(=O)C8=C9C(=CC=C1C9=C(C=C8)C(=O)N(C1=O)C1=C(C=C(C=C1C(C)C)C#CC1=CC(=C(C(=C1)CCCCCC)C#CC1=C(C=C(C=C1CCCCCC)C#CC1=C(C=C(C(=C1)CCCCCC)C#CC1=CC(=C(C=C1CCCCCC)C#CC1=CC(=C(C(=C1)C(C)C)[N+]#[C-])C(C)C)CCCCCC)CCCCCC)CCCCCC)CCCCCC)C(C)C)C7=O)C(C)C"
102335951,C154H214N12O18,2519.619908007999,"CCCCCCCCCCC(CCCCCCCC)CN1C(=O)C2=C3C(=CC=C4C3=C(C=C2)C(=O)N(C4=O)CCN(CCN=C(CCCCC(=NCCN(CCN5C(=O)C6=C7C(=CC=C8C7=C(C=C6)C(=O)N(C8=O)CC(CCCCCCCC)CCCCCCCCCC)C5=O)CCN9C(=O)C2=C3C(=CC=C4C3=C(C=C2)C(=O)N(C4=O)CC(CCCCCCCC)CCCCCCCCCC)C9=O)O)O)CCN2C(=O)C3=C4C(=CC=C5C4=C(C=C3)C(=O)N(C5=O)CC(CCCCCCCC)CCCCCCCCCC)C2=O)C1=O"
102337370,C53H29N7O10S,955.169661128,"CCOC1=C2C3=C4C(=C1)C(=O)N(C(=O)C4=C(C=C3C(=O)N(C2=O)C5=CC6=C(C=C5)NC7=CC=CC=C7S6)OCC)C8=CC=C(C=C8)N9C(=O)C1=CC(=C2C3=C(C=C(C(=C13)C9=O)C#N)C(=O)N(C2=O)C)C#N"
102339358,C33H41N3O7,591.294450652,"CCCCCCNC(=O)C(CCC(=O)O)N1C(=O)C2=C3C(=CC=C4C3=C(C=C2)C(=O)N(C4=O)CC(CC)CCCC)C1=O"
102341034,C32H28N4O4,532.211055376,"CN(CCN1C(=O)C2=C3C(=CC=C4C3=C(C=C2)C(=O)N(C4=O)CCN(C)C5=CC=CC=C5)C1=O)C6=CC=CC=C6"
102341035,C34H32N4O4,560.242355504,"CN(CCCN1C(=O)C2=C3C(=CC=C4C3=C(C=C2)C(=O)N(C4=O)CCCN(C)C5=CC=CC=C5)C1=O)C6=CC=CC=C6"
102341036,C42H32N4O4,656.242355504,"C1=CC=C(C=C1)N(CCN2C(=O)C3=C4C(=CC=C5C4=C(C=C3)C(=O)N(C5=O)CCN(C6=CC=CC=C6)C7=CC=CC=C7)C2=O)C8=CC=CC=C8"
102341037,C44H36N4O4,684.273655632,"C1=CC=C(C=C1)N(CCCN2C(=O)C3=C4C(=CC=C5C4=C(C=C3)C(=O)N(C5=O)CCCN(C6=CC=CC=C6)C7=CC=CC=C7)C2=O)C8=CC=CC=C8"
102341654,C66H104N2O4S,1020.771680808,"CCCCCCCCCCCCC(CCCCCCCCCC)CN1C(=O)C2=C3C(=CC(=C4C3=C(C=C2)C(=O)N(C4=O)CC(CCCCCCCCCC)CCCCCCCCCCCC)C5=CC=CS5)C1=O"
102344281,C28H32N4O8,552.222013984,"CC(C)(C)OC(=O)NCCN1C(=O)C2=C3C(=CC=C4C3=C(C=C2)C(=O)N(C4=O)CCNC(=O)OC(C)(C)C)C1=O"
102344282,C58H72N12O16,1192.5189242239999,"CC1=C(NC(=C1CCC(=O)NCCN2C(=O)C3=C4C(=CC=C5C4=C(C=C3)C(=O)N(C5=O)CCNC(=O)CCC6=C(NC(=C6C)C(=O)OC(C)(C)C)C(=O)NC(=NC(=O)OC(C)(C)C)N)C2=O)C(=O)NC(=NC(=O)OC(C)(C)C)N)C(=O)OC(C)(C)C"
102347082,C32H28N4O4,532.211055376,"CN(C)C1=CC=C(C=C1)CN2C(=O)C3=C4C(=CC=C5C4=C(C=C3)C(=O)N(C5=O)CC6=CC=C(C=C6)N(C)C)C2=O"
102347143,C29H22N2O5S,510.12494280399994,"CC(=O)SCCCCCN1C(=O)C2=C3C(=CC=C4C3=C(C=C2)C(=O)N(C4=O)C5=CC=C(C=C5)C#C)C1=O"
102347158,C54H30N6O20S2,1146.09562936,"C1=CC2=C3C(=CC=C4C3=C1C(=O)N(C4=O)CC(C(=O)O)N5C(=O)C6=C7C(=CC=C8C7=C(C=C6)C(=O)N(C8=O)C(CS)C(=O)O)C5=O)C(=O)N(C2=O)CC(C(=O)O)N9C(=O)C1=C2C(=CC=C3C2=C(C=C1)C(=O)N(C3=O)C(CS)C(=O)O)C9=O"
102349888,C20H14N2O8,410.0750154079999,"CC(C(=O)O)N1C(=O)C2=C3C(=CC=C4C3=C(C=C2)C(=O)N(C4=O)C(C)C(=O)O)C1=O"
102349889,C36H24N4O8,640.1594137280001,"C1=CC=C2C(=C1)C(=CN2)CC(C(=O)O)N3C(=O)C4=C5C(=CC=C6C5=C(C=C4)C(=O)N(C6=O)C(CC7=CNC8=CC=CC=C87)C(=O)O)C3=O"
102352442,C22H23N5O5,437.169918836,"C1=CC2=C3C(=CC=C4C3=C1C(=O)N(C4=O)CCN)C(=O)N(C2=O)C(CCCCN)C(=O)N"
102356075,C27H14N4O4,458.10150492800005,"CN1C(=O)C2=C3C(=CC=C4C3=C(C=C2)C(=O)N(C4=O)C5=C6C=CC=NC6=C7C(=C5)C=CC=N7)C1=O"
102356929,C25H28N4O6,480.20088461599994,"CN(C)CCCN1C(=O)C2=C3C(=CC=C4C3=C(C=C2)C(=O)N(C4=O)CCCCC(C(=O)O)N)C1=O"
102356933,C50H54N10O6,890.422779448,"C1CN(CCN1CCCNC(=O)C2=CC=C(C=C2)C#N)CCCN3C(=O)C4=C5C(=CC=C6C5=C(C=C4)C(=O)N(C6=O)CCCN7CCN(CC7)CCCNC(=O)C8=CC=C(C=C8)C#N)C3=O"
102359057,C40H30N4O12S2,822.1301644000002,"C1=CC2=C3C(=CC=C4C3=C1C(=O)N(C4=O)CCCCCCN5C(=O)C6=C7C(=CC=C8C7=C(C=C6)C(=O)N(C8=O)C(CS)C(=O)O)C5=O)C(=O)N(C2=O)C(CS)C(=O)O"
102359114,C54H62N6O14,1018.4324006640002,"CC(C)CC(C(=O)OC)NC(=O)C(C)(C)NC(=O)C(CC1=CC=C(C=C1)O)N2C(=O)C3=C4C(=CC=C5C4=C(C=C3)C(=O)N(C5=O)C(CC6=CC=C(C=C6)O)C(=O)NC(C)(C)C(=O)NC(CC(C)C)C(=O)OC)C2=O"
102359115,C70H62N6O14,1210.4324006639995,"COC(=O)C(CC1=CC=C(C=C1)O)N=C(C(CC2=CC=CC=C2)N=C(C(CC3=CC=CC=C3)N4C(=O)C5=C6C(=CC=C7C6=C(C=C5)C(=O)N(C7=O)C(CC8=CC=CC=C8)C(=NC(CC9=CC=CC=C9)C(=NC(CC1=CC=C(C=C1)O)C(=O)OC)O)O)C4=O)O)O"
102359307,C72H102N2O6,1090.773788984,"CC(C)CCCC(C)C1CCC2C1(CCC3C2CC=C4C3(CCC(C4)OCCN5C(=O)C6=C7C(=CC=C8C7=C(C=C6)C(=O)N(C8=O)CCOC9CCC1(C2CCC3(C(C2CC=C1C9)CCC3C(C)CCCC(C)C)C)C)C5=O)C)C"
102361857,C43H44N6O7S3,852.2433607480002,"CCCCN1C(=O)C2=C3C(=CC=C4C3=C(C=C2)C(=O)N(C4=O)CCCCC(C(=O)N)NC(=O)C(CCCCN)NC(=O)C5=CC=C(S5)C6=CC=C(S6)C7=CC=CS7)C1=O"
102362295,C70H62N2O4,994.470958464,"CCCCCCCCN1C(=O)C2=C(C(=C3C4=C2C(=C(C(=C4C(=O)N(C3=O)CCCCCCCC)C5=CC6=CC=CC=CC6=C5)C7=CC8=CC=CC=CC8=C7)C1=O)C9=CC1=CC=CC=CC1=C9)C1=CC2=CC=CC=CC2=C1"
102363309,C36H46N2O8,634.325416432,"C1=CC2=C3C(=CC=C4C3=C1C(=O)N(C4=O)CCCCCCCCCCC(=O)O)C(=O)N(C2=O)CCCCCCCCCCC(=O)O"
102363651,C68H90N6O12,1182.6616723199998,"COC(=O)C(CC1=CC=CC=C1)NC(=O)CCCCCNC(=O)CCCCCCCCCCN2C(=O)C3=C4C(=CC=C5C4=C(C=C3)C(=O)N(C5=O)CCCCCCCCCCC(=O)NCCCCCC(=O)NC(CC6=CC=CC=C6)C(=O)OC)C2=O"
102364843,C64H92N4O38,1524.538954503999,"CNCCCN1C(=O)C2=C3C(=CC=C4C3=C(C=C2)C(=O)N(C4=O)CCCN(C)CC5C6C(C(C(O5)OC7C(OC(C(C7O)O)OC8C(OC(C(C8O)O)OC9C(OC(C(C9O)O)OC2C(OC(C(C2O)O)OC2C(OC(C(C2O)O)OC2C(OC(O6)C(C2O)O)CO)CO)CO)CO)CO)CO)O)O)C1=O"
102364844,C106H160N4O72,2640.89815376,"CN(CCCN1C(=O)C2=C3C(=CC=C4C3=C(C=C2)C(=O)N(C4=O)CCCN(C)CC5C6C(C(C(O5)OC7C(OC(C(C7O)O)OC8C(OC(C(C8O)O)OC9C(OC(C(C9O)O)OC2C(OC(C(C2O)O)OC2C(OC(C(C2O)O)OC2C(OC(O6)C(C2O)O)CO)CO)CO)CO)CO)CO)O)O)C1=O)CC1C2C(C(C(O1)OC1C(OC(C(C1O)O)OC1C(OC(C(C1O)O)OC1C(OC(C(C1O)O)OC1C(OC(C(C1O)O)OC1C(OC(C(C1O)O)OC1C(OC(O2)C(C1O)O)CO)CO)CO)CO)CO)CO)O)O"
102364860,C34H20N4O4,548.14845512,"C1=CC2=C(C=CC=C2N3C(=O)C4=C5C(=CC=C6C5=C(C=C4)C(=O)N(C6=O)C7=CC=CC8=C7C=CC=C8N)C3=O)C(=C1)N"
102378216,C60H54N6O8,986.4003126880001,"CCCCCCCCN1C(=O)C2=C3C(=CC=C4C3=C(C=C2)C(=O)N(C4=O)N5C(=O)C6=C7C(=CC(=C8C7=C(C=C6)C9=C(C=C2C3=C(C=CC8=C93)C(=O)N(C2=O)C2CCCCC2)N2CCCC2)N2CCCC2)C5=O)C1=O"
102380735,C48H42N14O12,1006.310662784,"C1CC2(CCC13C(=O)NC(=N3)NNC(=O)CCN4C(=O)C5=C6C(=CC=C7C6=C(C=C5)C(=O)N(C7=O)CCN)C4=O)C(=O)NC(=N2)NNC(=O)CCN8C(=O)C9=C1C(=CC=C2C1=C(C=C9)C(=O)N(C2=O)CCN)C8=O"
102385347,C38H46N2O18,818.2745626320001,"C1=CC2=C3C(=CC=C4C3=C1C(=O)N(C4=O)CCOCCOCCOCCOC(=O)CCC(=O)O)C(=O)N(C2=O)CCOCCOCCOCCOC(=O)CCC(=O)O"
102385348,C85H80N6O18,1472.5529097199997,"CC1=CC=C(C=C1)C2=C3C=CC(=C(C4=NC(=C(C5=CC=C(N5)C(=C6C=CC2=N6)C7=CC=C(C=C7)C)C8=CC(=CC=C8)OC(=O)CCC(=O)OCCOCCOCCOCCN9C(=O)C1=C2C(=CC=C5C2=C(C=C1)C(=O)N(C5=O)CCOCCOCCOCCOC(=O)CCC(=O)O)C9=O)C=C4)C1=CC=C(C=C1)C)N3"
102386610,C28H34N2O4,462.25185756799993,"CCCCCC(C)N1C(=O)C2=C3C(=CC=C4C3=C(C=C2)C(=O)N(C4=O)C(C)CCCCC)C1=O"
102393266,C60H50N2O10,958.3465458000002,"C1=CC2=C3C(=C1)C=CC4=C(C=CC(=C43)C=C2)COCCOCCOCCN5C(=O)C6=C7C(=CC=C8C7=C(C=C6)C(=O)N(C8=O)CCOCCOCCOCC9=C1C=CC2=CC=CC3=C2C1=C(C=C3)C=C9)C5=O"
102394123,C50H54N4O10,870.383993928,"CCCCC(CC)CN1C(=O)C2=C3C(=CC=C4C3=C(C=C2)C(=O)N(C4=O)CCOCCOCCN5C(=O)C6=C7C(=CC=C8C7=C(C=C6)C(=O)N(C8=O)CC(CC)CCCC)C5=O)C1=O"
102394124,C70H70N6O16,1250.4848301599995,"CCCCC(CC)CN1C(=O)C2=C3C(=CC=C4C3=C(C=C2)C(=O)N(C4=O)CCOCCOCCN5C(=O)C6=C7C(=CC=C8C7=C(C=C6)C(=O)N(C8=O)CCOCCOCCN9C(=O)C2=C3C(=CC=C4C3=C(C=C2)C(=O)N(C4=O)CC(CC)CCCC)C9=O)C5=O)C1=O"
102394126,C28H35N3O6,509.25258583999994,"CCCCC(CC)CN1C(=O)C2=C3C(=CC=C4C3=C(C=C2)C(=O)N(C4=O)CCOCCOCCN)C1=O"
102396016,C30H26N2O4,478.18925731199994,"CCCCCCCCN1C(=O)C2=C3C(=CC=C4C3=C(C=C2)C(=O)N(C4=O)C5=CC=C(C=C5)C#C)C1=O"
102403274,C32H26N2O10S2,662.1028870320001,"C1=CC(=CC(=C1)C2=CC(=C(C=C2)N3C(=O)C4=C5C(=CC=C6C5=C(C=C4)C(=O)NC6=O)C3=O)CCCS(=O)(=O)O)CCCS(=O)(=O)O"
102409683,C128H194N14O74,3111.184774088003,"C1CN(CCN1CCCNC(=O)CCC2=CN(N=N2)CC3C4C(C(C(O3)OC5C(OC(C(C5O)O)OC6C(OC(C(C6O)O)OC7C(OC(C(C7O)O)OC8C(OC(C(C8O)O)OC9C(OC(C(C9O)O)OC1C(OC(O4)C(C1O)O)CO)CO)CO)CO)CO)CO)O)O)CCCN1C(=O)C2=C3C(=CC=C4C3=C(C=C2)C(=O)N(C4=O)CCCN2CCN(CC2)CCCNC(=O)CCC2=CN(N=N2)CC2C3C(C(C(O2)OC2C(OC(C(C2O)O)OC2C(OC(C(C2O)O)OC2C(OC(C(C2O)O)OC2C(OC(C(C2O)O)OC2C(OC(C(C2O)O)OC2C(OC(O3)C(C2O)O)CO)CO)CO)CO)CO)CO)O)O)C1=O"
102411407,C21H18N2O6,394.1164862959999,"CCCN1C(=O)C2=C3C(=CC=C4C3=C(C=C2)C(=O)N(C4=O)CCCC(=O)O)C1=O"
102411716,C54H50N2O24,1110.2753504800005,"CC(=O)OCC1C(C(C(C(O1)OC2=CC=C(C=C2)N3C(=O)C4=C5C(=CC=C6C5=C(C=C4)C(=O)N(C6=O)C7=CC=C(C=C7)OC8C(C(C(C(O8)COC(=O)C)OC(=O)C)OC(=O)C)OC(=O)C)C3=O)OC(=O)C)OC(=O)C)OC(=O)C"
102415235,C31H35N4O4+,527.26528202009,"CCCCN1C(=O)C2=C3C4=C(C=C2)C(=O)N(C(=O)C4=C5C(=C3C1=O)C6CCCC[N+]7=C6N5CCC7)CCCC"
102415236,C29H30N4O6,530.2165346799999,"C1CCN2CCCN3C2=C(C1)C4=C5C6=C(C=CC7=C6C(=C43)C(=O)N(C7=O)CCCO)C(=O)N(C5=O)CCCO"
102416826,C71H39N11O12,1237.2779656879998,"C1=CC(=CC(=C1)NC(=O)C2=NC(=CC=C2)C(=NC3=CC=CC(=C3)NC(=O)C4=CC=C(C=C4)N5C(=O)C6=C7C(=CC=C8C7=C(C=C6)C(=O)N(C8=O)C9=CC=NC=C9)C5=O)O)NC(=O)C1=CC=C(C=C1)N1C(=O)C2=C3C(=CC=C4C3=C(C=C2)C(=O)N(C4=O)C2=CC=NC=C2)C1=O"
102416896,C30H38N2O10,586.252645416,"CC(CN1C(=O)C2=C3C(=CC=C4C3=C(C=C2)C(=O)N(C4=O)CC(C)OCCOCCOC)C1=O)OCCOCCOC"
102419640,C36H32N4O10,680.211843224,"C1=CC(=NC(=C1)C=O)COCCOCCN2C(=O)C3=C4C(=CC=C5C4=C(C=C3)C(=O)N(C5=O)CCOCCOCC6=NC(=CC=C6)C=O)C2=O"
102422046,C52H46N2O8,826.3254164320001,"CCC(C)(C)C1=CC(=C(C=C1)OCC(=O)C2=CC=CC=C2)N3C(=O)C4=C5C(=CC=C6C5=C(C=C4)C(=O)N(C6=O)C7=C(C=CC(=C7)C(C)(C)CC)OCC(=O)C8=CC=CC=C8)C3=O"
102422047,C64H54N2O8,978.3880166880001,"CCC(C)(C)C1=CC(=C(C=C1)OCC(=O)C2=CC=C(C=C2)C3=CC=CC=C3)N4C(=O)C5=C6C(=CC=C7C6=C(C=C5)C(=O)N(C7=O)C8=C(C=CC(=C8)C(C)(C)CC)OCC(=O)C9=CC=C(C=C9)C1=CC=CC=C1)C4=O"
102429207,C31H33N3O4,511.247106536,"CCCCCCCCCCCCN1C(=O)C2=C3C(=CC=C4C3=C(C=C2)C(=O)N(C4=O)C5=CC=NC=C5)C1=O"
102429508,C18H6N2O4S2,377.976898672,"C1=CSC2=C3C4=C5C(=C21)C(=O)NC(=O)C5=C6C(=C4C(=O)NC3=O)C=CS6"
102430154,C114H99N7O6,1661.7656838879996,"CCCCCCCCN1C(=O)C2=C3C(=CC=C4C3=C(C=C2)C(=O)N(C4=O)C5=C(C=C(C=C5C)C#CC6=CC=C(C=C6)C7=C8C=CC(=N8)C(=C9C=CC(=C(C2=NC(=C(C3=CC=C7N3)C3=C(C=C(C=C3C)C)C)C=C2)C2=CC=C(C=C2)C#CC2=CC(=C(C(=C2)C)C2=C(C=C(C=C2C)N(C2=CC=C(C=C2)OC)C2=CC=C(C=C2)OC)C)C)N9)C2=C(C=C(C=C2C)C)C)C)C1=O"
102431070,C31H42N3O4+,520.31698324409,"CCCCCCCCCCCCN1C(=O)C2=C3C(=CC=C4C3=C(C=C2)C(=O)N(C4=O)CC[N+](C)(C)C)C1=O"
102431360,C64H86N4O4S4,1102.553191232,"CCCCCCCCCCC(CCCCCCCC)CN1C(=O)C2=C3C(=C4C5=C2C(=C6C(=C5C(=O)N(C4=O)CC(CCCCCCCC)CCCCCCCCCC)SC(=C(C#N)C#N)S6)C1=O)SC7=CC=CC=C7S3"
102431361,C66H90N2O4S4,1102.57834336,"CCCCCCCCCCC(CCCCCCCC)CN1C(=O)C2=C3C(=C4C5=C2C(=C6C(=C5C(=O)N(C4=O)CC(CCCCCCCC)CCCCCCCCCC)SC7=CC=CC=C7S6)C1=O)SC8=CC=CC=C8S3"
102431362,C74H94N2O4S4,1202.6096434879998,"CCCCCCCCCCC(CCCCCCCC)CN1C(=O)C2=C3C(=C4C5=C2C(=C6C(=C5C(=O)N(C4=O)CC(CCCCCCCC)CCCCCCCCCC)SC7=CC8=CC=CC=C8C=C7S6)C1=O)SC9=CC1=CC=CC=C1C=C9S3"
102431363,C68H88N4O4S4,1152.5688412959998,"CCCCCCCCCCC(CCCCCCCC)CN1C(=O)C2=C3C(=C4C5=C2C(=C6C(=C5C(=O)N(C4=O)CC(CCCCCCCC)CCCCCCCCCC)SC(=C(C#N)C#N)S6)C1=O)SC7=CC8=CC=CC=C8C=C7S3"
102432933,C35H39N5O7,641.2849485879999,"CCCCCCNC(=O)C(CCC(=O)O)N1C(=O)C2=CC(=C3C4=C(C=C(C(=C24)C1=O)C#N)C(=O)N(C3=O)CC(CC)CCCC)C#N"
102432934,C33H41N3O7,591.294450652,"CCCCCCNC(=O)C(CCC(=O)O)N1C(=O)C2=C3C(=CC=C4C3=C(C=C2)C(=O)N(C4=O)CC(CC)CCCC)C1=O"
102432935,C29H26N2O6,498.1790865519999,"CCCCC(CC)CN1C(=O)C2=C3C(=CC=C4C3=C(C=C2)C(=O)N(C4=O)C5=CC=CC=C5C(=O)O)C1=O"
102433363,C32H22N2O8,562.137615664,"C1=CC=C(C=C1)CC(C(=O)O)N2C(=O)C3=C4C(=CC=C5C4=C(C=C3)C(=O)N(C5=O)C(CC6=CC=CC=C6)C(=O)O)C2=O"
102436440,C36H34N6O4S4,742.1524375680001,"CC1=CC(=NC(=C1)CSC(=S)NCCN2C(=O)C3=C4C(=CC=C5C4=C(C=C3)C(=O)N(C5=O)CCNC(=S)SCC6=CC(=CC(=N6)C)C)C2=O)C"
102450351,C48H51N3O4,733.387957112,"CCCCCCCCN1C(=O)C2=C3C(=CC=C4C3=C(C=C2)C(=O)N(C4=O)C5=CC=C(C=C5)N(C6=CC=C(C=C6)CCCC)C7=CC=C(C=C7)CCCC)C1=O"
102450963,C38H40N4O14,776.25410196,"C1=CC2=C3C(=CC=C4C3=C1C(=O)N(C4=O)CCOCCOCCOCCN5C(=O)C=CC5=O)C(=O)N(C2=O)CCOCCOCCOCCN6C(=O)C=CC6=O"
102454063,C35H41N8O6+,669.31435745209,"CCCCC(CC)CN1C(=O)C2=CC(=C3C4=C2C(=C(C=C4C(=O)N(C3=O)C5=CC=C(C=C5)C=NNC(=O)C[NH+]=C(N)N)OC)C1=O)N(C)C"
102454064,C35H40N8O6,668.307081,"CCCCC(CC)CN1C(=O)C2=CC(=C3C4=C2C(=C(C=C4C(=O)N(C3=O)C5=CC=C(C=C5)C=NNC(=O)CN=C(N)N)OC)C1=O)N(C)C"
102454065,C70H78N13O12+,1292.5887413560895,"CCCCC(CC)CN1C(=O)C2=CC(=C3C4=C2C(=C(C=C4C(=O)N(C3=O)C5=CC=C(C=C5)C=NNC(=O)CCC(C(=O)NN=CC6=CC=C(C=C6)N7C(=O)C8=CC(=C9C2=C8C(=C(C=C2C(=O)N(C9=O)CC(CC)CCCC)N(C)C)C7=O)OC)[NH+]=C(N)N)OC)C1=O)N(C)C"
102454066,C70H77N13O12,1291.5814649039994,"CCCCC(CC)CN1C(=O)C2=CC(=C3C4=C2C(=C(C=C4C(=O)N(C3=O)C5=CC=C(C=C5)C=NNC(=O)CCC(C(=O)NN=CC6=CC=C(C=C6)N7C(=O)C8=CC(=C9C2=C8C(=C(C=C2C(=O)N(C9=O)CC(CC)CCCC)N(C)C)C7=O)OC)N=C(N)N)OC)C1=O)N(C)C"
102454067,C56H81N10O7+,1005.6284213520901,"CCCCCCCCCCCCCCCCCC=NNC(=O)C(CCC(=O)NN=CC1=CC=C(C=C1)N2C(=O)C3=CC(=C4C5=C3C(=C(C=C5C(=O)N(C4=O)CC(CC)CCCC)N(C)C)C2=O)OC)[NH+]=C(N)N"
102454068,C56H80N10O7,1004.6211449,"CCCCCCCCCCCCCCCCCC=NNC(=O)C(CCC(=O)NN=CC1=CC=C(C=C1)N2C(=O)C3=CC(=C4C5=C3C(=C(C=C5C(=O)N(C4=O)CC(CC)CCCC)N(C)C)C2=O)OC)N=C(N)N"
102454071,C107H118N19O19+,1972.8845889760887,"CCCCC(CC)CN1C(=O)C2=CC(=C3C4=C2C(=C(C=C4C(=O)N(C3=O)C5=CC=C(C=C5)C=NN=C(CCC(C(=NC(CCC(=NN=CC6=CC=C(C=C6)N7C(=O)C8=CC(=C9C2=C8C(=C(C=C2C(=O)N(C9=O)CC(CC)CCCC)N(C)C)C7=O)OC)O)C(=NN=CC2=CC=C(C=C2)N2C(=O)C3=CC(=C4C5=C3C(=C(C=C5C(=O)N(C4=O)CC(CC)CCCC)N(C)C)C2=O)OC)O)O)NC(=[NH2+])N)O)OC)C1=O)N(C)C"
102454072,C107H117N19O19,1971.8773125239989,"CCCCC(CC)CN1C(=O)C2=CC(=C3C4=C2C(=C(C=C4C(=O)N(C3=O)C5=CC=C(C=C5)C=NN=C(CCC(C(=NC(CCC(=NN=CC6=CC=C(C=C6)N7C(=O)C8=CC(=C9C2=C8C(=C(C=C2C(=O)N(C9=O)CC(CC)CCCC)N(C)C)C7=O)OC)O)C(=NN=CC2=CC=C(C=C2)N2C(=O)C3=CC(=C4C5=C3C(=C(C=C5C(=O)N(C4=O)CC(CC)CCCC)N(C)C)C2=O)OC)O)O)NC(=N)N)O)OC)C1=O)N(C)C"
102454073,C32H33N3O6,555.2369357759999,"CCCCC(CC)CN1C(=O)C2=CC(=C3C4=C2C(=C(C=C4C(=O)N(C3=O)C5=CC=C(C=C5)C=O)OC)C1=O)N(C)C"
102455010,C86H64N4O8,1280.4724150079999,"CC1=CC(=C(C=C1N2C(=O)C3=C4C(=CC=C5C4=C(C=C3)C(=O)N(C5=O)C6=C(C=CC(=C6)C(C)(C)C)C(C)(C)C)C2=O)C)N7C(=O)C8=C9C(=CC=C1C9=C(C=C8)C(=O)N(C1=O)C1=CC=C(C=C1)C1=C(C(=C(C(=C1C)C)C1=CC=C2C3=CC=CC4=C3C(=CC=C4)C3=C2C1=CC=C3)C)C)C7=O"
102455011,C64H52N2O4,912.3927081439999,"CC1=C(C(=C(C(=C1C2=CC=C(C=C2)N3C(=O)C4=C5C(=CC=C6C5=C(C=C4)C(=O)N(C6=O)C7=C(C=CC(=C7)C(C)(C)C)C(C)(C)C)C3=O)C)C)C8=CC=C9C1=CC=CC2=C1C(=CC=C2)C1=C9C8=CC=C1)C"
102459133,C77H115N3O11,1257.8531615000002,"CCCCCCCCOC1=CC(=CC(=C1OCCCCCCCC)OCCCCCCCC)C(=O)NCCN2C(=O)C3=C4C(=CC=C5C4=C(C=C3)C(=O)N(C5=O)C6=CC(=C(C(=C6)OCCCCCCCC)OCCCCCCCC)OCCCCCCCC)C2=O"
102460015,C98H104N8O6,1488.807883048,"CC(C)(C)C1=CC=C(C=C1)C(C2=CC=C(C=C2)C(C)(C)C)(C3=CC=C(C=C3)C(C)(C)C)C4=CC=C(C=C4)OCCN5C=C(N=N5)CN6C(=O)C7=C8C(=CC=C9C8=C(C=C7)C(=O)N(C9=O)CC1=CN(N=N1)CCOC1=CC=C(C=C1)C(C1=CC=C(C=C1)C(C)(C)C)(C1=CC=C(C=C1)C(C)(C)C)C1=CC=C(C=C1)C(C)(C)C)C6=O"
102464802,C70H76N4O22,1324.495120072,"C1CN2C(=O)C3=C4C(=CC=C5C4=C(C=C3)C(=O)N(C5=O)CCCOC(OCCCN6C(=O)C7=C8C(=CC=C9C8=C(C=C7)C(=O)N(C9=O)CCCOC(OC1)C1=CC=C(C=C1)OCCOCCOCCOCCO)C6=O)C1=CC=C(C=C1)OCCOCCOCCOCCO)C2=O"
102464803,C66H68N4O22,1268.432519816,"C1COC(OCCN2C(=O)C3=C4C(=CC=C5C4=C(C=C3)C(=O)N(C5=O)CCOC(OCCN6C(=O)C7=C8C(=CC=C9C8=C(C=C7)C(=O)N1C9=O)C6=O)C1=CC=C(C=C1)OCCOCCOCCOCCO)C2=O)C1=CC=C(C=C1)OCCOCCOCCOCCO"
102465016,C69H73N9O23,1395.481929595999,"CC(=NC(CC(=O)O)C(=NCCCOC1=CC=CC2=C1C=CC=C2OCCCC(=NC(CC(=O)O)C(=NCCCOC3=CC=CC4=C3C=CC=C4OCCCC(=NC(CC(=O)O)C(=NCCN5C(=O)C6=C7C(=CC=C8C7=C(C=C6)C(=O)N(C8=O)CCC(=NCC(=O)O)O)C5=O)O)O)O)O)O)O"
102465017,C70H74N8O23,1394.4866806279992,"CC(=NC(CC(=O)O)C(=O)CCCCOC1=CC=CC2=C1C=CC=C2OCCCC(=NC(CC(=O)O)C(=NCCN3C(=O)C4=C5C(=CC=C6C5=C(C=C4)C(=O)N(C6=O)CCCC(=NC(CC(=O)O)C(=NCCOC7=CC=CC8=C7C=CC=C8OCCCC(=NCC(=O)O)O)O)O)C3=O)O)O)O"
102465018,C67H68N8O24,1368.4346450559995,"C1=CC2=C(C=CC=C2OCCCN=C(COC3=CC=CC4=C3C=CC=C4OCCCN=C(C(CC(=O)O)N=C(CCC(=O)O)O)O)O)C(=C1)OCCCC(=NC(CC(=O)O)C(=NCCN5C(=O)C6=C7C(=CC=C8C7=C(C=C6)C(=O)N(C8=O)CCC(=NC(CC(=O)O)C(=O)O)O)C5=O)O)O"
102465019,C50H51N7O19,1053.323972412,"CC(=O)NC(CC(=O)O)C(=O)NCCCOC1=CC=CC2=C1C=CC=C2OCCCC(=O)NC(CC(=O)O)C(=O)NCCN3C(=O)C4=C5C(=CC=C6C5=C(C=C4)C(=O)N(C6=O)CCC(=O)NC(CC(=O)O)C(=O)O)C3=O"
102466346,C44H39N5O6,733.290033968,"CCCCCCCCN1C(=O)C2=C3C(=CC=C4C3=C(C=C2)C(=O)N(C4=O)N5C(=O)C6=C7C(=C(C=C6)N8CCN(CC8)C9=CC=CC=C9)C=CC=C7C5=O)C1=O"
102466347,C48H41N5O6,783.305684032,"CCCCCCCCN1C(=O)C2=C3C(=CC=C4C3=C(C=C2)C(=O)N(C4=O)N5C(=O)C6=C7C(=C(C=C6)N8CCN(CC8)C9=CC=CC2=CC=CC=C29)C=CC=C7C5=O)C1=O"
102466348,C52H43N5O6,833.321334096,"CCCCCCCCN1C(=O)C2=C3C(=CC=C4C3=C(C=C2)C(=O)N(C4=O)N5C(=O)C6=C7C(=C(C=C6)N8CCN(CC8)C9=C2C=CC=CC2=CC2=CC=CC=C29)C=CC=C7C5=O)C1=O"
102471808,C28H26N2O4,454.18925731199994,"CCCCC(CC)CN1C(=O)C2=C3C(=CC=C4C3=C(C=C2)C(=O)N(C4=O)C5=CC=CC=C5)C1=O"
102474126,C99H99N7O16,1641.7148300879994,"CCCCCCCCN1C(=O)C2=C3C(=CC=C4C3=C(C=C2)C(=O)N(C4=O)CC5=CC=C(C=C5)C6=NC(=CC(=C6)C7=CC=C(C=C7)OCCOCCOCCOC)C8=NC(=CC=C8)C9=CC(=CC(=N9)C2=CC=C(C=C2)CN2C(=O)C3=C4C(=CC=C5C4=C(C=C3)C(=O)N(C5=O)CCCCCCCC)C2=O)C2=CC=C(C=C2)OCCOCCOCCOC)C1=O"
102482602,C52H56N4O8,864.4098147520001,"C1CCCCCCN2C(=O)C3=C4C(=CC=C5C4=C(C=C3)C(=O)N(C5=O)CCCCCCCCCCCCN6C(=O)C7=C8C(=CC=C9C8=C(C=C7)C(=O)N(C9=O)CCCCC1)C6=O)C2=O"
102482603,C44H40N4O14,848.25410196,"C1COCCOCCOCCN2C(=O)C3=C4C(=CC=C5C4=C(C=C3)C(=O)N(C5=O)CCOCCOCCOCCN6C(=O)C7=C8C(=CC=C9C8=C(C=C7)C(=O)N1C9=O)C6=O)C2=O"
102483398,C55H35N8O8+,935.25723650009,"CN1C=CC(=C(C=C(C2=CC=[N+](C=C2)C)N3C(=O)C4=C5C(=CC=C6C5=C(C=C4)C(=O)N(C6=O)CC7=CC=NC=C7)C3=O)N8C(=O)C9=C2C(=CC=C3C2=C(C=C9)C(=O)N(C3=O)CC2=CC=NC=C2)C8=O)C=C1"
102484095,C38H48N4O12,752.3268729760001,"CC(C)(C)OC(=O)NCCCCC(C(=O)OC)N1C(=O)C2=C3C(=CC=C4C3=C(C=C2)C(=O)N(C4=O)C(CCCCNC(=O)OC(C)(C)C)C(=O)OC)C1=O"
102484235,C46H46N2O8S2,818.2695584320003,"CCCCCCC1=C2C(=C(S1)C3=C4C(=C(S3)C5=CC=C(C=C5)N6C(=O)C7=C8C(=CC=C9C8=C(C=C7)C(=O)N(C9=O)CC(CC)CCCC)C6=O)OCCO4)OCCO2"
102484236,C44H42N2O8S3,822.2103293040003,"CCCCCCC1=C2C(=C(S1)C3=C4C(=C(S3)C5=CC=C(C=C5)N6C(=O)C7=C8C(=CC=C9C8=C(C=C7)C(=O)N(C9=O)CCCCCCS)C6=O)OCCO4)OCCO2"
102484237,C46H46N2O8S3,850.2416294320002,"CCCCC(CC)CN1C(=O)C2=C3C(=CC=C4C3=C(C=C2)C(=O)N(C4=O)C5=CC=C(C=C5)C6=C7C(=C(S6)C8=C9C(=C(S8)CCCCCCS)OCCO9)OCCO7)C1=O"
102484238,C34H30N2O6S,594.1824576800001,"CCCCC(CC)CN1C(=O)C2=C3C(=CC=C4C3=C(C=C2)C(=O)N(C4=O)C5=CC=C(C=C5)C6=C7C(=CS6)OCCO7)C1=O"
102484239,C48H50N2O8S3,878.2729295600003,"CCCCCCC1=C2C(=C(S1)C3=C4C(=C(S3)C5=CC=C(C=C5)N6C(=O)C7=C8C(=CC=C9C8=C(C=C7)C(=O)N(C9=O)CCCCCCSC(C)(C)C)C6=O)OCCO4)OCCO2"
102484240,C48H48N2O9S3,892.2521941160002,"CCCCC(CC)CN1C(=O)C2=C3C(=CC=C4C3=C(C=C2)C(=O)N(C4=O)C5=CC=C(C=C5)C6=C7C(=C(S6)C8=C9C(=C(S8)CCCCCCSC(=O)C)OCCO9)OCCO7)C1=O"
102484241,C50H54N2O8S3,906.3042296880002,"CCCCC(CC)CN1C(=O)C2=C3C(=CC=C4C3=C(C=C2)C(=O)N(C4=O)C5=CC=C(C=C5)C6=C7C(=C(S6)C8=C9C(=C(S8)CCCCCCSC(C)(C)C)OCCO9)OCCO7)C1=O"
102484242,C46H44N2O9S3,864.2208939880003,"CCCCCCC1=C2C(=C(S1)C3=C4C(=C(S3)C5=CC=C(C=C5)N6C(=O)C7=C8C(=CC=C9C8=C(C=C7)C(=O)N(C9=O)CCCCCCSC(=O)C)C6=O)OCCO4)OCCO2"
102485362,C39H31N7O4,661.243752472,"CCCCCC(C)N1C(=O)C2=C3C(=CC=C4C3=C(C=C2)C(=O)N(C4=O)C5=CC=C(C=C5)N6C=C(N=N6)C7=CC(=NC=C7)C8=CC=CC=N8)C1=O"
102486366,C54H80N8O6S4,1064.50836628,"C1CSSC1CCCCCCC(=O)NCCCN2CCN(CC2)CCCN3C(=O)C4=C5C(=CC=C6C5=C(C=C4)C(=O)N(C6=O)CCCN7CCN(CC7)CCCNC(=O)CCCCCCC8CCSS8)C3=O"
102486367,C32H43N7O5S,637.304638476,"CN(C)CCCN1C(=O)C2=C3C(=CC=C4C3=C(C=C2)C(=O)N(C4=O)CCCN5CCN(CC5)CCCNC(=O)C(CS)N)C1=O"
102487114,C31H28N2O10S,620.1464660959999,"CCCN1C(=O)C2=C3C(=CC=C4C3=C(C=C2)C(=O)N(C4=O)CCOC(=O)CCCC(=O)OCC5COC6=CSC=C6O5)C1=O"
102488998,C32H20N4O4,524.14845512,"CC1=C(C(=CC=C1)C)N2C(=O)C3=CC(=C4C5=C(C=C(C(=C35)C2=O)C#N)C(=O)N(C4=O)C6=C(C=CC=C6C)C)C#N"
102492685,C54H49N5O8,895.3581135280001,"CCCCCCCCN1C(=O)C2=C3C(=CC=C4C3=C(C=C2)C(=O)N(C4=O)C5=CC(=C(C=C5C)N6C(=O)C7=C8C(=C(C=C7)N9CCN(CC9)C2=CC3=C(C=C2)OCCO3)C=CC=C8C6=O)C)C1=O"
102492686,C70H63N5O10,1133.4574932159999,"CC1=CC(=C(C=C1N2C(=O)C3=C4C(=CC=C5C4=C(C=C3)C(=O)N(C5=O)C6=C(C=CC(=C6)C(C)(C)C)C(C)(C)C)C2=O)C)N7C(=O)C8=C9C(=C(C=C8)N1CCN(CC1)C1=CC=C(C=C1)C1=C2C(=CC3=C1OC(O3)(C)C)OC(O2)(C)C)C=CC=C9C7=O"
102492690,C59H53N5O7,943.394499036,"CC1=CC(=C(C=C1N2C(=O)C3=C4C(=CC=C5C4=C(C=C3)C(=O)N(C5=O)C6=C(C=CC(=C6)C(C)(C)C)C(C)(C)C)C2=O)C)N7C(=O)C8=C9C(=C(C=C8)N1CCN(CC1)C1=CC=C(C=C1)OC)C=CC=C9C7=O"
102492849,C46H40N4O4S2,776.2490977599999,"C1CCC(CC1)NC2=C3C4=C5C(=C2)C(=O)N(C(=O)C5=C(C=C4C(=O)N(C3=O)C6=CC=C(C=C6)C7=CC=CS7)NC8CCCCC8)C9=CC=C(C=C9)C1=CC=CS1"
102492851,C58H64N4O4S2,944.4368985279999,"CCCCCCC1=C(SC=C1)C2=CC=C(C=C2)N3C(=O)C4=CC(=C5C6=C4C(=C(C=C6C(=O)N(C5=O)C7=CC=C(C=C7)C8=C(C=CS8)CCCCCC)NC9CCCCC9)C3=O)NC1CCCCC1"
102492852,C62H76N4O4S2,1004.5307989119999,"CCCCCCC1=C(SC=C1)C2=CC=C(C=C2)N3C(=O)C4=CC(=C5C6=C4C(=C(C=C6C(=O)N(C5=O)C7=CC=C(C=C7)C8=C(C=CS8)CCCCCC)NCC(CC)CCCC)C3=O)NCC(CC)CCCC"
102492853,C50H52N4O4S2,836.3429981439999,"CCCCC(CC)CNC1=C2C3=C4C(=C1)C(=O)N(C(=O)C4=C(C=C3C(=O)N(C2=O)C5=CC=C(C=C5)C6=CC=CS6)NCC(CC)CCCC)C7=CC=C(C=C7)C8=CC=CS8"
102494133,C62H102N2O4,938.7839597440001,"CCCCCCCCC1=C(C2=C3C(=C(C(=C4C3=C1C(=O)N(C4=O)CC(CC)CCCC)CCCCCCCC)CCCCCCCC)C(=O)N(C2=O)CC(CC)CCCC)CCCCCCCC"
102494677,C64H87N3O4S6,1153.5020842640001,"CCCCCCCCCCC(CCCCCCCC)CN1C(=O)C2=C3C(=C4C5=C2C(=C6C(=C5C(=O)N(C4=O)CC(CCCCCCCC)CCCCCCCCCC)SC7=C(S6)SC(=S)S7)C1=O)SC(=N3)C8=CC=CC=C8"
102494678,C62H85N3O4S7,1159.4585052000002,"CCCCCCCCCCC(CCCCCCCC)CN1C(=O)C2=C3C(=C4C5=C2C(=C6C(=C5C(=O)N(C4=O)CC(CCCCCCCC)CCCCCCCCCC)SC7=C(S6)SC(=S)S7)C1=O)SC(=N3)C8=CC=CS8"
102494679,C63H85N5O4S4,1103.5484402,"CCCCCCCCCCC(CCCCCCCC)CN1C(=O)C2=C3C(=C4C5=C2C(=C6C(=C5C(=O)N(C4=O)CC(CCCCCCCC)CCCCCCCCCC)SC(=C(C#N)C#N)S6)C1=O)SC(=N3)C7=CC=CS7"
102494680,C65H87N5O4S3,1097.5920192639999,"CCCCCCCCCCC(CCCCCCCC)CN1C(=O)C2=C3C(=C4C5=C2C(=C6C(=C5C(=O)N(C4=O)CC(CCCCCCCC)CCCCCCCCCC)SC(=C(C#N)C#N)S6)C1=O)SC(=N3)C7=CC=CC=C7"
102494995,C38H24N4O4,600.1797552479999,"C1=CC(=CC=C1C2=CC=C(C=C2)N3C(=O)C4=C5C(=CC=C6C5=C(C=C4)C(=O)N(C6=O)C7=CC=C(C=C7)C8=CC=C(C=C8)N)C3=O)N"
102494996,C50H30N6O4,778.23285344,"C1=CC=NC(=C1)C=NC2=CC=C(C=C2)C3=CC=C(C=C3)N4C(=O)C5=C6C(=CC=C7C6=C(C=C5)C(=O)N(C7=O)C8=CC=C(C=C8)C9=CC=C(C=C9)N=CC1=CC=CC=N1)C4=O"
102497746,C106H136N6O10,1653.0317945519996,"CCCCC(CC)CN1C(=O)C2=C3C(=CC(=C4C3=C(C=C2)C(=O)N(C4=O)CC(CC)CCCC)C5=CC6=C(C=C5)N(C(=CC7=C(C(=CC8=[N+](C9=C(C8(C)C)C=C(C=C9)C2=C3C4=C(C=CC5=C4C(=C2)C(=O)N(C5=O)CC(CC)CCCC)C(=O)N(C3=O)CC(CC)CCCC)CCC(C)CCCC(C)C)C7=O)[O-])C6(C)C)CCC(C)CCCC(C)C)C1=O"
102497747,C106H137N6O10+,1654.0390710040897,"CCCCC(CC)CN1C(=O)C2=C3C(=CC(=C4C3=C(C=C2)C(=O)N(C4=O)CC(CC)CCCC)C5=CC6=C(C=C5)N(C(=CC7=C(C(=CC8=[N+](C9=C(C8(C)C)C=C(C=C9)C2=C3C4=C(C=CC5=C4C(=C2)C(=O)N(C5=O)CC(CC)CCCC)C(=O)N(C3=O)CC(CC)CCCC)CCC(C)CCCC(C)C)C7=O)O)C6(C)C)CCC(C)CCCC(C)C)C1=O"
102500750,C54H78N8O18+2,1126.54231049618,"CN1C(=C[N+](=N1)CCCCCCCCCCON2C(=O)C3=C4C(=CC=C5C4=C(C=C3)C(=O)N(C5=O)OCCCCCCCCCC[N+]6=NN(C(=C6)COC7C(C(C(C(O7)CO)O)O)O)C)C2=O)COC8C(C(C(C(O8)CO)O)O)O"
102503198,C43H32N4O12S2-2,860.1469116238201,"C1CCCCN2C(=O)C3=C4C(=CC=C5C4=C(C=C3)C(=O)N(C5=O)C(CSSCC(N6C(=O)C7=C8C(=CC=C9C8=C(C=C7)C(=O)N(C9=O)CCCC1)C6=O)C(=O)[O-])C(=O)[O-])C2=O"
102503199,C46H29N7O19S4-4,1111.0423000276398,"C1C(N=C(CN2C(=O)C3=C4C(=CC=C5C4=C(C=C3)C(=O)N(C5=O)C(CSSCC(N=C(CN6C(=O)C7=C8C(=CC=C9C8=C(C=C7)C(=O)N(C9=O)CC(=NC(CSS1)C(=O)[O-])[O-])C6=O)[O-])C(=O)O)C(=O)O)C2=O)[O-])C(=O)O"
102503200,C46H33N7O19S4,1115.0714058360002,"C1C(NC(=O)CN2C(=O)C3=C4C(=CC=C5C4=C(C=C3)C(=O)N(C5=O)CC(=O)NC(CSSCC(N6C(=O)C7=C8C(=CC=C9C8=C(C=C7)C(=O)N(C9=O)CC(=O)NC(CSS1)C(=O)O)C6=O)C(=O)O)C(=O)O)C2=O)C(=O)O"
102503201,C41H28N4O12S2-2,832.1156114958201,"C1CCCN2C(=O)C3=C4C(=CC=C5C4=C(C=C3)C(=O)N(C5=O)C(CSSCC(N6C(=O)C7=C8C(=CC=C9C8=C(C=C7)C(=O)N(C9=O)CCC1)C6=O)C(=O)[O-])C(=O)[O-])C2=O"
102503202,C41H30N4O12S2,834.1301644000002,"C1CCCN2C(=O)C3=C4C(=CC=C5C4=C(C=C3)C(=O)N(C5=O)C(CSSCC(N6C(=O)C7=C8C(=CC=C9C8=C(C=C7)C(=O)N(C9=O)CCC1)C6=O)C(=O)O)C(=O)O)C2=O"
102503203,C40H28N4O16S4-4,948.0405091356403,"C1C(N=C(COC2=CC3=C(C=C2)C=C(C=C3)OCC(=NC(CSSCC(N4C(=O)C5=C6C(=CC=C7C6=C(C=C5)C(=O)N(C7=O)C(CSS1)C(=O)O)C4=O)C(=O)O)C(=O)[O-])[O-])[O-])C(=O)[O-]"
102503205,C44H36N4O16S4-4,1004.1031093916401,"C1CC(=NC(CSSCC(N2C(=O)C3=C4C(=CC=C5C4=C(C=C3)C(=O)N(C5=O)C(CSSCC(N=C(CCCOC6=CC=CC7=C6C(=CC=C7)OC1)[O-])C(=O)[O-])C(=O)O)C2=O)C(=O)O)C(=O)[O-])[O-]"
102503206,C44H40N4O16S4,1008.1322152000004,"C1CC(=O)NC(CSSCC(N2C(=O)C3=C4C(=CC=C5C4=C(C=C3)C(=O)N(C5=O)C(CSSCC(NC(=O)CCCOC6=CC=CC7=C6C(=CC=C7)OC1)C(=O)O)C(=O)O)C2=O)C(=O)O)C(=O)O"
102503207,C44H36N4O16S4-4,1004.1031093916401,"C1CC(=NC(CSSCC(N2C(=O)C3=C4C(=CC=C5C4=C(C=C3)C(=O)N(C5=O)C(CSSCC(N=C(CCCOC6=CC7=C(C=C6)C=C(C=C7)OC1)[O-])C(=O)[O-])C(=O)O)C2=O)C(=O)O)C(=O)[O-])[O-]"
102503465,C56H42N4O12,962.2799227840002,"CCOC1=C2C3=C4C(=C1)C(=O)N(C(=O)C4=C(C=C3C(=O)N(C2=O)C5=CC=C(C=C5)N6C(=O)C7=CC(=C8C9=C7C(=C(C=C9C(=O)N(C8=O)CC1=CC=CC=C1)OCC)C6=O)OCC)OCC)CC1=CC=CC=C1"
102503466,C35H32N2O6,576.2260367439999,"CCOC1=C2C3=C4C(=C1)C(=O)N(C(=O)C4=C(C=C3C(=O)N(C2=O)C5=CC=C(C=C5)C(C)(C)C)OCC)CC6=CC=CC=C6"
102503467,C33H29N3O6,563.205635648,"CCOC1=C2C3=C4C(=C1)C(=O)N(C(=O)C4=C(C=C3C(=O)N(C2=O)C5=CC=NC=C5)OCC)C6=CC=C(C=C6)C(C)(C)C"
102503468,C37H41N3O9,671.284279892,"CCOC1=C2C3=C4C(=C1)C(=O)N(C(=O)C4=C(C=C3C(=O)N(C2=O)C5=CC=C(C=C5)C(C)(C)C)OCC)CCCCC(C(=O)OC)NC(=O)C"
102514008,C113H148N8O12,1809.1216721759997,"CCCCCCCCCCCCOC1=CC(=CC(=C1)C(=O)OCCCCCCNC2=C3C4=C5C(=C2)C(=O)N(C(=O)C5=C(C=C4C(=O)N(C3=O)C6=C(C=CC=C6C(C)C)C(C)C)NCCCCCCOC(=O)CCC7C(C8=NC7=C9CC(=O)C1=C9NC(=C1C)C=C1C(=C(C(=N1)C=C1C(=C(C(=C8)N1)C)CO)C)CC)C)C1=C(C=CC=C1C(C)C)C(C)C)OCCCCCCCCCCCC"
102520663,C108H127N7O17,1793.928845604,"CCOC(=O)CCC(=O)OCCOCCOCCOCCN1C(=O)C2=C3C(=CC=C4C3=C(C=C2)C(=O)N(C4=O)CCOCCOCCOCCOC(=O)CCC(=O)NC5=CC=C(C=C5)C6=C7C=CC(=C(C8=NC(=C(C9=CC=C(N9)C(=C2C=CC6=N2)C2=CC(=CC(=C2)C(C)(C)C)C(C)(C)C)C2=CC(=CC(=C2)C(C)(C)C)C(C)(C)C)C=C8)C2=CC(=CC(=C2)C(C)(C)C)C(C)(C)C)N7)C1=O"
102520664,C108H126N6O18,1794.912861192,"CCOC(=O)CCC(=O)OCCOCCOCCOCCN1C(=O)C2=C3C(=CC=C4C3=C(C=C2)C(=O)N(C4=O)CCOCCOCCOCCOC(=O)CCC(=O)OC5=CC=CC(=C5)C6=C7C=CC(=C(C8=NC(=C(C9=CC=C(N9)C(=C2C=CC6=N2)C2=CC(=CC(=C2)C(C)(C)C)C(C)(C)C)C2=CC(=CC(=C2)C(C)(C)C)C(C)(C)C)C=C8)C2=CC(=CC(=C2)C(C)(C)C)C(C)(C)C)N7)C1=O"
102520665,C174H200N12O16,2713.52052832,"CC(C)(C)C1=CC(=CC(=C1)C2=C3C=CC(=C(C4=NC(=C(C5=CC=C(N5)C(=C6C=CC2=N6)C7=CC(=CC(=C7)C(C)(C)C)C(C)(C)C)C8=CC(=CC(=C8)C(C)(C)C)C(C)(C)C)C=C4)C9=CC=C(C=C9)NC(=O)CCC(=O)OCCOCCOCCOCCN1C(=O)C2=C4C(=CC=C5C4=C(C=C2)C(=O)N(C5=O)CCOCCOCCOCCOC(=O)CCC(=O)NC2=CC=C(C=C2)C2=C4C=CC(=C(C5=NC(=C(C6=CC=C(N6)C(=C6C=CC2=N6)C2=CC(=CC(=C2)C(C)(C)C)C(C)(C)C)C2=CC(=CC(=C2)C(C)(C)C)C(C)(C)C)C=C5)C2=CC(=CC(=C2)C(C)(C)C)C(C)(C)C)N4)C1=O)N3)C(C)(C)C"
102520666,C174H198N10O18,2715.4885594959997,"CC(C)(C)C1=CC(=CC(=C1)C2=C3C=CC(=C(C4=NC(=C(C5=CC=C(N5)C(=C6C=CC2=N6)C7=CC(=CC(=C7)C(C)(C)C)C(C)(C)C)C8=CC(=CC(=C8)C(C)(C)C)C(C)(C)C)C=C4)C9=CC(=CC=C9)OC(=O)CCC(=O)OCCOCCOCCOCCN1C(=O)C2=C4C(=CC=C5C4=C(C=C2)C(=O)N(C5=O)CCOCCOCCOCCOC(=O)CCC(=O)OC2=CC=CC(=C2)C2=C4C=CC(=C(C5=NC(=C(C6=CC=C(N6)C(=C6C=CC2=N6)C2=CC(=CC(=C2)C(C)(C)C)C(C)(C)C)C2=CC(=CC(=C2)C(C)(C)C)C(C)(C)C)C=C5)C2=CC(=CC(=C2)C(C)(C)C)C(C)(C)C)N4)C1=O)N3)C(C)(C)C"
102520667,C100H110N6O14,1618.8080022,"CCOC(=O)CCC(=O)OCCOCCN1C(=O)C2=C3C(=CC=C4C3=C(C=C2)C(=O)N(C4=O)CCOCCOC(=O)CCC(=O)OC5=CC=CC(=C5)C6=C7C=CC(=C(C8=NC(=C(C9=CC=C(N9)C(=C2C=CC6=N2)C2=CC(=CC(=C2)C(C)(C)C)C(C)(C)C)C2=CC(=CC(=C2)C(C)(C)C)C(C)(C)C)C=C8)C2=CC(=CC(=C2)C(C)(C)C)C(C)(C)C)N7)C1=O"
102520668,C182H204N12O14,2781.561999207999,"CC(C)(C)C1=CC(=CC(=C1)C2=C3C=CC(=C(C4=NC(=C(C5=CC=C(N5)C(=C6C=CC2=N6)C7=CC(=CC(=C7)C(C)(C)C)C(C)(C)C)C8=CC(=CC(=C8)C(C)(C)C)C(C)(C)C)C=C4)C9=CC=C(C=C9)NCC1=CC=C(C=C1)C(=O)OCCOCCOCCOCCN1C(=O)C2=C4C(=CC=C5C4=C(C=C2)C(=O)N(C5=O)CCOCCOCCOCCOC(=O)C2=CC=C(C=C2)CNC2=CC=C(C=C2)C2=C4C=CC(=C(C5=NC(=C(C6=CC=C(N6)C(=C6C=CC2=N6)C2=CC(=CC(=C2)C(C)(C)C)C(C)(C)C)C2=CC(=CC(=C2)C(C)(C)C)C(C)(C)C)C=C5)C2=CC(=CC(=C2)C(C)(C)C)C(C)(C)C)N4)C1=O)N3)C(C)(C)C"
102520670,C52H60N4O16,996.4004318400001,"CC1=CC=C(C=C1)NC(=O)CCC(=O)OCCOCCOCCOCCN2C(=O)C3=C4C(=CC=C5C4=C(C=C3)C(=O)N(C5=O)CCOCCOCCOCCOC(=O)CCC(=O)NC6=CC=C(C=C6)C)C2=O"
102520671,C50H50N6O26,1150.2774757199998,"C1=CC(=C(C=C1[N+](=O)[O-])[N+](=O)[O-])OC(=O)CCC(=O)OCCOCCOCCOCCN2C(=O)C3=C4C(=CC=C5C4=C(C=C3)C(=O)N(C5=O)CCOCCOCCOCCOC(=O)CCC(=O)OC6=C(C=C(C=C6)[N+](=O)[O-])[N+](=O)[O-])C2=O"
102520672,C166H182N10O14,2539.383700504,"CC(C)(C)C1=CC(=CC(=C1)C2=C3C=CC(=C(C4=NC(=C(C5=CC=C(N5)C(=C6C=CC2=N6)C7=CC(=CC(=C7)C(C)(C)C)C(C)(C)C)C8=CC(=CC(=C8)C(C)(C)C)C(C)(C)C)C=C4)C9=CC(=CC=C9)OC(=O)CCC(=O)OCCOCCN1C(=O)C2=C4C(=CC=C5C4=C(C=C2)C(=O)N(C5=O)CCOCCOC(=O)CCC(=O)OC2=CC=CC(=C2)C2=C4C=CC(=C(C5=NC(=C(C6=CC=C(N6)C(=C6C=CC2=N6)C2=CC(=CC(=C2)C(C)(C)C)C(C)(C)C)C2=CC(=CC(=C2)C(C)(C)C)C(C)(C)C)C=C5)C2=CC(=CC(=C2)C(C)(C)C)C(C)(C)C)N4)C1=O)N3)C(C)(C)C"
102524591,C28H14N2O10,538.064844648,"C1=CC(=C(C=C1C(=O)O)N2C(=O)C3=C4C(=CC=C5C4=C(C=C3)C(=O)N(C5=O)C6=C(C=CC(=C6)C(=O)O)O)C2=O)O"
102524592,C28H14N2O10,538.064844648,"C1=CC(=C(C=C1O)C(=O)O)N2C(=O)C3=C4C(=CC=C5C4=C(C=C3)C(=O)N(C5=O)C6=C(C=C(C=C6)O)C(=O)O)C2=O"
102524593,C28H14N2O10,538.064844648,"C1=CC(=C(C=C1C(=O)O)O)N2C(=O)C3=C4C(=CC=C5C4=C(C=C3)C(=O)N(C5=O)C6=C(C=C(C=C6)C(=O)O)O)C2=O"
102526378,C44H42N2O4S4,790.202741824,"CCCCCCN1C(=O)C2=CC(=C3C4=C(C=C(C(=C24)C1=O)C5=CC=C(S5)C6=CC=C(S6)C)C(=O)N(C3=O)CCCCCC)C7=CC=C(S7)C8=CC=C(S8)C"
102533526,C36H34N2O8,622.2315160479999,"C1=CC(=CC=C1N2C(=O)C3=C4C(=CC=C5C4=C(C=C3)C(=O)N(C5=O)C6=CC=C(C=C6)OCCCCCO)C2=O)OCCCCCO"
102572377,C26H26N2O8,494.1689157919999,"CC1(OCC(O1)CN2C(=O)C3=C4C(=CC=C5C4=C(C=C3)C(=O)N(C5=O)CC6COC(O6)(C)C)C2=O)C"
102572378,C20H14N2O6,378.08518616799995,"C1C(O1)CN2C(=O)C3=C4C(=CC=C5C4=C(C=C3)C(=O)N(C5=O)CC6CO6)C2=O"
102587412,C92H144N4O6,1401.108588328,"CC(C)CCCC(C)CCC1=CC(=CC(=C1CCC(C)CCCC(C)C)CCC(C)CCCC(C)C)C(=O)NCCN2C(=O)C3=C4C(=CC=C5C4=C(C=C3)C(=O)N(C5=O)CCNC(=O)C6=CC(=C(C(=C6)CCC(C)CCCC(C)C)CCC(C)CCCC(C)C)CCC(C)CCCC(C)C)C2=O"
102587413,C104H168N4O12,1665.2658768159997,"CCCCCCCCCCCCOC1=CC(=CC(=C1OCCCCCCCCCCCC)OCCCCCCCCCCCC)C(=O)NCCN2C(=O)C3=C4C(=CC=C5C4=C(C=C3)C(=O)N(C5=O)CCNC(=O)C6=CC(=C(C(=C6)OCCCCCCCCCCCC)OCCCCCCCCCCCC)OCCCCCCCCCCCC)C2=O"
102592528,C56H64N8O8S4,1104.372995008,"C1CSSC1CCCCC(=O)NCCCCC(C(=O)NN=CC2=CC=CC=C2)N3C(=O)C4=C5C(=CC=C6C5=C(C=C4)C(=O)N(C6=O)C(CCCCNC(=O)CCCCC7CCSS7)C(=O)NN=CC8=CC=CC=C8)C3=O"
102597497,C32H32N4O4,536.242355504,"CN(CCCN1C(=O)C2=C3C(=CC=C4C3=C(C=C2)C(=O)N(C4=O)CCCN(C)C5C=CC=C5)C1=O)C6C=CC=C6"
102597498,C44H54N6O6,762.410483448,"CN(CCCNC(=O)CCC1C=CC=C1)CCCN2C(=O)C3=C4C(=CC=C5C4=C(C=C3)C(=O)N(C5=O)CCCN(C)CCCNC(=O)CCC6C=CC=C6)C2=O"
102597499,C50H64N8O6,872.4948817679999,"C1CN(CCN1CCCNC(=O)CCC2C=CC=C2)CCCN3C(=O)C4=C5C(=CC=C6C5=C(C=C4)C(=O)N(C6=O)CCCN7CCN(CC7)CCCNC(=O)CCC8C=CC=C8)C3=O"
102597500,C48H60N8O6,844.4635816399999,"C1CN(CCN1CCCNC(=O)CC2C=CC=C2)CCCN3C(=O)C4=C5C(=CC=C6C5=C(C=C4)C(=O)N(C6=O)CCCN7CCN(CC7)CCCNC(=O)CC8C=CC=C8)C3=O"
102597502,C56H78N14O16,1202.5720224159993,"C1CN(CCN1CCCNC(=O)CCC2=CN(N=N2)CC3C(C(C(C(O3)O)O)O)O)CCCN4C(=O)C5=C6C(=CC=C7C6=C(C=C5)C(=O)N(C7=O)CCCN8CCN(CC8)CCCNC(=O)CCC9=CN(N=N9)CC1C(C(C(C(O1)O)O)O)O)C4=O"
122205210,C40H24N4O16S4,944.0070146880005,"C1C(N2C(=O)C3=C4C(=CC=C5C4=C(C=C3)C(=O)N(C5=O)C(CSSCC(N6C(=O)C7=C8C(=CC=C9C8=C(C=C7)C(=O)N(C9=O)C(CSS1)C(=O)O)C6=O)C(=O)O)C(=O)O)C2=O)C(=O)O"
122208813,C24H28N4O6,468.20088461599994,"C[N+](C)(CCCN1C(=O)C2=C3C(=CC=C4C3=C(C=C2)C(=O)N(C4=O)CCC[N+](C)(C)[O-])C1=O)[O-]"
122214852,C40H28N4O8,692.1907138560001,"C1CCC2C(C1)N3C(=O)C4=C5C(=CC=C6C5=C(C=C4)C(=O)N(C6=O)C7CCCCC7N8C(=O)C9=C1C(=CC=C4C1=C(C=C9)C(=O)N2C4=O)C8=O)C3=O"
122217063,C42H46N6O4,698.3580539520001,"CCN(CC)C1=CC=C(C=C1)C=NCCCN2C(=O)C3=C4C(=CC=C5C4=C(C=C3)C(=O)N(C5=O)CCCN=CC6=CC=C(C=C6)N(CC)CC)C2=O"
122218809,C60H42N6O12,1038.2860707840002,"C1CCC2C(C1)N3C(=O)C4=C5C(=CC=C6C5=C(C=C4)C(=O)N(C6=O)C7CCCCC7N8C(=O)C9=C1C(=CC=C4C1=C(C=C9)C(=O)N(C4=O)C1CCCCC1N1C(=O)C4=C5C(=CC=C6C5=C(C=C4)C(=O)N2C6=O)C1=O)C8=O)C3=O"
122219081,C18H12N4O6,380.075684104,"C1=CC2=C3C(=CC=C4C3=C1C(=O)N(C4=O)CC(=O)N)C(=O)N(C2=O)CC(=O)N"
122219082,C20H14N2O8,410.0750154079999,"COC(=O)CN1C(=O)C2=C3C(=CC=C4C3=C(C=C2)C(=O)N(C4=O)CC(=O)OC)C1=O"
122220644,C39H56N2O6,648.413837512,"CCCCCCCCCCCCC(CCCCCCCC)CN1C(=O)C2=C3C(=CC=C4C3=C(C=C2)C(=O)N(C4=O)C(CO)CO)C1=O"
122220645,C38H54N2O5,618.403272828,"CCCCCCCCCCCCC(CCCCCCCC)CN1C(=O)C2=C3C(=CC=C4C3=C(C=C2)C(=O)N(C4=O)CCO)C1=O"
122222964,C32H22N2O8,562.137615664,"CC(=O)CC(=O)OCC1=CC=CC=C1N2C(=O)C3=C4C(=CC=C5C4=C(C=C3)C(=O)N(C5=O)C6=CC=CC=C6CO)C2=O"
122222965,C44H46N2O10,762.3152456720002,"CCC(C)(C)C1=CC(=C(C=C1)OCCO)N2C(=O)C3=C4C(=CC=C5C4=C(C=C3)C(=O)N(C5=O)C6=C(C=CC(=C6)C(C)(C)CC)OCCOC(=O)CC(=O)C)C2=O"
122222966,C78H72N4O16,1320.4943322239997,"CC(=O)CC(=O)OC1COC2=C(C=C(C=C2)C(C)(C)C)N3C(=O)C4=C5C(=CC=C6C5=C(C=C4)C(=O)N(C6=O)C7=C(C=CC(=C7)C(C)(C)C)OCC(COC8=C(C=C(C=C8)C(C)(C)C)N9C(=O)C2=C4C(=CC=C5C4=C(C=C2)C(=O)N(C5=O)C2=C(C=CC(=C2)C(C)(C)C)OC1)C9=O)O)C3=O"
122223380,C26H30N2O4S,466.1926284399999,"CCCCCCN1C(=O)C2=C3C(=CC=C4C3=C(C=C2)C(=O)N(C4=O)CCCCCCS)C1=O"
122224452,C54H74N2O6,846.554688088,"CCCCCCCCC(CCCCCC)CN1C(=O)C2=CC(=C3C4=C(C=C(C(=C24)C1=O)C5=CC=CO5)C(=O)N(C3=O)CC(CCCCCC)CCCCCCCC)C6=CC=CO6"
122224453,C54H74N2O4S2,878.509000848,"CCCCCCCCC(CCCCCC)CN1C(=O)C2=CC(=C3C4=C(C=C(C(=C24)C1=O)C5=CC=CS5)C(=O)N(C3=O)CC(CCCCCC)CCCCCCCC)C6=CC=CS6"
122224454,C62H90N2O6,958.6798885999999,"CCCCCCCCCCC(CCCCCCCC)CN1C(=O)C2=CC(=C3C4=C(C=C(C(=C24)C1=O)C5=CC=CO5)C(=O)N(C3=O)CC(CCCCCCCC)CCCCCCCCCC)C6=CC=CO6"
122226409,C72H64N8O4,1104.5050525279999,"CCCCCCCCN1C(=O)C2=CC(=C3C4=C(C=C(C(=C24)C1=O)C5=CC=C(C=C5)C6=CC(=NC(=C6)C7=CC=CC=N7)C8=CC=CC=N8)C(=O)N(C3=O)CCCCCCCC)C9=CC=C(C=C9)C1=CC(=NC(=C1)C1=CC=CC=N1)C1=CC=CC=N1"
122226410,C72H64N8O4,1104.5050525279999,"CCCCCCCCN1C(=O)C2=CC(=C3C4=C(C=C(C(=C24)C1=O)C5=CC=CC(=C5)C6=CC(=NC(=C6)C7=CC=CC=N7)C8=CC=CC=N8)C(=O)N(C3=O)CCCCCCCC)C9=CC=CC(=C9)C1=CC(=NC(=C1)C1=CC=CC=N1)C1=CC=CC=N1"
122226559,C68H59N3O4,981.4505573680001,"CC(C)C1=C(C(=CC=C1)C(C)C)N2CC3=C4C(=CC=C5C4=C(C=C3)C6=C7C5=CC=C(C7=CC=C6)C8=CC=C(C=C8)N9C(=O)C1=C3C(=CC=C4C3=C(C=C1)C(=O)N(C4=O)C1=C(C=CC(=C1)C(C)(C)C)C(C)(C)C)C9=O)C2"
122226560,C65H53N3O7,987.388351036,"CC(C)(C)C1=CC(=C(C=C1)C(C)(C)C)N2C(=O)C3=C4C(=CC=C5C4=C(C=C3)C(=O)N(C5=O)C6=CC=C(C=C6)C7=CC=C8C9=CC=C1CN(CC3=C1C9=C(C=C3)C1=C8C7=CC=C1)C1=CC(=C(C(=C1)OC)OC)OC)C2=O"
122226561,C64H52N4O4,940.3988561439999,"CC(C)(C)C1=CC(=C(C=C1)C(C)(C)C)N2C(=O)C3=C4C(=CC=C5C4=C(C=C3)C(=O)N(C5=O)C6=CC=C(C=C6)C7=CC=C8C9=CC=C1CN(CC3=C1C9=C(C=C3)C1=C8C7=CC=C1)C1=CC=C(C=C1)N(C)C)C2=O"
122228534,C38H58N10O4,718.464250336,"C1CNCCN(CCNCCN1)CCCCN2C(=O)C3=C4C(=CC=C5C4=C(C=C3)C(=O)N(C5=O)CCCCN6CCNCCNCCNCC6)C2=O"
122229723,C54H74N2O4S2,878.509000848,"CCCCC(CC)CC1=CC=C(S1)C2=CC3=C4C5=C2C(=O)N(C(=O)C5=CC(=C4C(=O)N(C3=O)CC(CC)CCCC)C6=CC=C(S6)CC(CC)CCCC)CC(CC)CCCC"
122229724,C54H54N2O4S2,858.352500208,"CCCCC(CC)CC1=CC=C(S1)C2=CC3=C4C5=C2C(=O)N(C(=O)C5=CC(=C4C(=O)N(C3=O)C=CC6=CC=CC=C6)C7=CC=C(S7)CC(CC)CCCC)C=CC8=CC=CC=C8"
122229725,C38H42N2O4S2,654.258599824,"CCCCC(CC)CC1=CC=C(S1)C2=CC3=C4C5=C2C(=O)NC(=O)C5=CC(=C4C(=O)NC3=O)C6=CC=C(S6)CC(CC)CCCC"
122229727,C30H18N2O4,470.12665705599994,"C1=CC=C(C=C1)C=CN2C(=O)C3=C4C(=CC=C5C4=C(C=C3)C(=O)N(C5=O)C=CC6=CC=CC=C6)C2=O"
122233828,C52H66N2O6,814.492087832,"CCCCCN1C(=O)C2=CC(=C3C4=C(C=C(C(=C24)C1=O)C5=CC(=C(C(=C5)C(C)(C)C)O)C(C)(C)C)C(=O)N(C3=O)CCCCC)C6=CC(=C(C(=C6)C(C)(C)C)O)C(C)(C)C"
122233829,C38H46N2O5,610.340672572,"CCCCCN1C(=O)C2=C3C(=CC(=C4C3=C(C=C2)C(=O)N(C4=O)CCCCC)C5=CC(=C(C(=C5)C(C)(C)C)O)C(C)(C)C)C1=O"
122233830,C39H48N2O5,624.356322636,"CCCCCN1C(=O)C2=C3C(=CC(=C4C3=C(C=C2)C(=O)N(C4=O)CCCCC)C5=CC(=C(C(=C5)C(C)(C)C)OC)C(C)(C)C)C1=O"
122363694,C117H146N6O10,1795.1100448719997,"CCCCCCCCCCCCOC1=C(C(=CC=C1)OCCCCCCCCCCCC)C2=C3C=CC(=C(C4=NC(=C(C5=CC=C(N5)C(=C6C=CC2=N6)C7=CC=C(C=C7)C(=O)O)C8=C(C=CC=C8OCCCCCCCCCCCC)OCCCCCCCCCCCC)C=C4)C#CC9=CC=C(C=C9)N1C(=O)C2=C4C(=CC=C5C4=C(C=C2)C(=O)N(C5=O)CCCCCCCC)C1=O)N3"
122364036,C32H42N2O4,518.314457824,"CCCCCCCC(C)N1C(=O)C2=C3C(=CC=C4C3=C(C=C2)C(=O)N(C4=O)C(C)CCCCCCC)C1=O"
122364041,C43H32N2O4,640.2362075039999,"CCCCN1C(=O)C2=C3C4=C(C(=C2)C5=CC=CC=C5)C(=O)N(C(=O)C4=CC(=C3C1=O)C6=CC=CC=C6)C(C7=CC=CC=C7)C8=CC=CC=C8"
122364043,C34H22N2O4,522.157957184,"C1=CC=C(C=C1)CN2C(=O)C3=C4C(=CC(=C5C4=C(C=C3)C(=O)N(C5=O)CC6=CC=CC=C6)C7=CC=CC=C7)C2=O"
122364044,C35H24N2O4,536.1736072479999,"CC1=CC=C(C=C1)C2=C3C4=C(C=CC5=C4C(=C2)C(=O)N(C5=O)CC6=CC=CC=C6)C(=O)N(C3=O)CC7=CC=CC=C7"
122364045,C35H24N2O5,552.168521868,"COC1=CC=C(C=C1)C2=C3C4=C(C=CC5=C4C(=C2)C(=O)N(C5=O)CC6=CC=CC=C6)C(=O)N(C3=O)CC7=CC=CC=C7"
122364046,C34H21N3O6,567.143035392,"C1=CC=C(C=C1)CN2C(=O)C3=C4C(=CC(=C5C4=C(C=C3)C(=O)N(C5=O)CC6=CC=CC=C6)C7=CC=C(C=C7)[N+](=O)[O-])C2=O"
122364692,C78H82N2O10,1206.5969468239998,"CC1(OC2=C(C=CC(=C2)COC3=CC=CC(=C3)OCCCCCN4C(=O)C5=C6C(=CC=C7C6=C(C=C5)C(=O)N(C7=O)CCCCCOC8=CC=C(C=C8)C(C9=CC=C(C=C9)C(C)(C)C)(C2=CC=C(C=C2)C(C)(C)C)C2=CC=C(C=C2)C(C)(C)C)C4=O)C(=O)O1)C"
122365477,C51H63N3O7S2,893.4107433560002,"CCCCCCCCCCC(CCCCCCCC)CC1=CC=C(S1)C2=CC=C(S2)CCN3C(=O)C4=C5C(=CC=C6C5=C(C=C4)C(=O)N(C6=O)CCCCC7C(=O)OC(=O)N7)C3=O"
122365478,C55H65N3O7S3,975.3984644200002,"CCCCCCCCCCC(CCCCCCCC)CC1=CC=C(S1)C2=CC=C(S2)C3=CC=C(S3)CCN4C(=O)C5=C6C(=CC=C7C6=C(C=C5)C(=O)N(C7=O)CCCCC8C(=O)OC(=O)N8)C4=O"
122365569,C46H44N4O8,780.315914368,"CCCCC(CC)CN1C(=O)C2=C3C(=CC=C4C3=C(C=C2)C(=O)N(C4=O)C5=CC=CC(=C5)N6C(=O)C7=C(C6=O)C=C8C(=C7)C(=O)N(C8=O)CC(CC)CCCC)C1=O"
122365570,C48H48N4O8,808.347214496,"CCCCC(CC)CN1C(=O)C2=C3C(=CC=C4C3=C(C=C2)C(=O)N(C4=O)C5=CC(=C(C=C5C)N6C(=O)C7=C(C6=O)C=C8C(=C7)C(=O)N(C8=O)CC(CC)CCCC)C)C1=O"
122365571,C36H29N3O6,599.2056356480001,"CCCCC(CC)CN1C(=O)C2=C3C(=CC=C4C3=C(C=C2)C(=O)N(C4=O)C5=CC=CC(=C5)N6C(=O)C7=CC=CC=C7C6=O)C1=O"
122365572,C54H52N4O8,884.3785146240001,"CCCCC(CC)CN1C(=O)C2=C3C(=CC=C4C3=C(C=C2)C(=O)N(C4=O)C5=C(C=C(C=C5)C6=CC(=C(C=C6)N7C(=O)C8=C(C7=O)C=C9C(=C8)C(=O)N(C9=O)CC(CC)CCCC)C)C)C1=O"
122365573,C50H35N3O6,773.25258584,"CCCCC(CC)CN1C(=O)C2=C3C(=CC=C4C3=C(C=C2)C(=O)N(C4=O)C5=CC=CC(=C5)N6C(=O)C7=C8C(=CC=C9C8=C(C=C7)C2=CC=CC3=C2C9=CC=C3)C6=O)C1=O"
122365574,C40H31N3O6,649.221285712,"CCCCC(CC)CN1C(=O)C2=C3C(=CC=C4C3=C(C=C2)C(=O)N(C4=O)C5=CC=CC(=C5)N6C(=O)C7=CC=CC8=C7C(=CC=C8)C6=O)C1=O"
122367924,C66H82N6O10,1118.6092428240001,"CCCCCCC(CCCCCC)N1C(=O)C2=C3C(=CC=C4C3=C(C=C2)C(=O)N(C4=O)CCC(=O)NC5CCCCC5NC(=O)CCN6C(=O)C7=C8C(=CC=C9C8=C(C=C7)C(=O)N(C9=O)C(CCCCCC)CCCCCC)C6=O)C1=O"
122367925,C66H82N6O10,1118.6092428240001,"CCCCCCC(CCCCCC)N1C(=O)C2=C3C(=CC=C4C3=C(C=C2)C(=O)N(C4=O)CCC(=O)NC5CCCCC5NC(=O)CCN6C(=O)C7=C8C(=CC=C9C8=C(C=C7)C(=O)N(C9=O)C(CCCCCC)CCCCCC)C6=O)C1=O"
122376189,C90H102N22O20,1810.7640736639985,"C1C(=NC(C(=NC(C(=NC(C(=NC(C(=N1)O)CCCNC(=N)N)O)CCCCN=C(C(CC2=CNC3=CC=CC=C32)N4C(=O)C5=C6C(=CC=C7C6=C(C=C5)C(=O)N(C7=O)C(CC8=CNC9=CC=CC=C98)C(=NCCCCC1C(=NC(C(=NCC(=NC(C(=NC(C(=N1)O)CC1=CC=CC=C1)O)CC(=O)O)O)O)CCCNC(=N)N)O)O)C4=O)O)O)CC1=CC=CC=C1)O)CC(=O)O)O"
122377248,C44H54N10O16,978.3719256480005,"CN(CCCN1C(=O)C2=C3C(=CC=C4C3=C(C=C2)C(=O)N(C4=O)CCCN(C)C(=O)CCC5=CN(N=N5)CC6C(C(C(C(O6)O)O)O)O)C1=O)C(=O)CCC7=CN(N=N7)CC8C(C(C(C(O8)O)O)O)O"
122383446,C124H162N6O10S2,1959.1793873839995,"CCCCCCCCN1C(=O)C2=C3C(=CC(=C4C3=C(C=C2)C(=O)N(C4=O)CCCCCCCC)C5=CC=C(S5)C6=CC=C(S6)C7=C8C=CC(=C(C9=NC(=C(C2=CC=C(N2)C(=C2C=CC7=N2)C2=CC(=CC(=C2)OCCCCCCCC)OCCCCCCCC)C2=CC(=CC(=C2)OCCCCCCCC)OCCCCCCCC)C=C9)C2=CC(=CC(=C2)OCCCCCCCC)OCCCCCCCC)N8)C1=O"
122386615,C88H74N8O6,1338.5731320879997,"CCCCCCCCN1C(=O)C2=C3C(=CC=C4C3=C(C=C2)C(=O)N(C4=O)C5=C(C=C(C=C5C)C#CC6=CC(=CC(=C6)C#CC7=CC(=C(C(=C7)C)C8=C(C=C(C=C8C)N(C9=CC=C(C=C9)OC)C2=CC=C(C=C2)OC)C)C)N2C(=NC3=CC=CC=N3)C3=CC=CC=C3C2=NC2=CC=CC=N2)C)C1=O"
122387265,C49H40N4O4,748.3049557599999,"CC(C)(C)C1=CC(=C(C=C1)C(C)(C)C)N2C(=O)C3=C4C(=CC=C5C4=C(C=C3)C(=O)N(C5=O)C6=CC=C(C=C6)C7=CC=C(C=C7)C(=C8C=CC=N8)C9=CC=CN9)C2=O"
122387732,C32H22N2O4,498.15795718399994,"C=CC1=CC=C(C=C1)CN2C(=O)C3=C4C(=CC=C5C4=C(C=C3)C(=O)N(C5=O)CC6=CC=C(C=C6)C=C)C2=O"
122390663,C58H56N4O8S2,1000.353956752,"CCC(CC)N1C(=O)C2=C(C1=O)C=C(C=C2)C3=CC=C(S3)C4=CC5=C6C7=C4C(=O)N(C(=O)C7=CC(=C6C(=O)N(C5=O)C(CC)CC)C8=CC=C(S8)C9=CC1=C(C=C9)C(=O)N(C1=O)C(CC)CC)C(CC)CC"
122393544,C84H114N2O4S4,1342.766144128,"CCCCCCCCCCCCCC(CCCCCCCCCC)CN1C(=O)C2=C3C=C(SC3=C4C5=C2C(=C6C(=C5C(=O)N(C4=O)CC(CCCCCCCCCC)CCCCCCCCCCCCC)C=C(S6)C7=CC8=CC=CC=C8S7)C1=O)C9=CC1=CC=CC=C1S9"
122393545,C92H118N2O4S4,1442.7974442559998,"CCCCCCCCCCCCCC(CCCCCCCCCC)CN1C(=O)C2=C3C=C(SC3=C4C5=C2C(=C6C(=C5C(=O)N(C4=O)CC(CCCCCCCCCC)CCCCCCCCCCCCC)C=C(S6)C7=CC8=CC9=CC=CC=C9C=C8S7)C1=O)C1=CC2=CC3=CC=CC=C3C=C2S1"
122396199,C48H56N3O18-,962.3564355319099,"COCCOCCOCCOC1=CC(=CC(=C1OCCOCCOCCOC)OCCOCCOCCOC)N2C(=O)C3=C4C(=CC=C5C4=C(C=C3)C(=O)N(C5=O)NC(=O)C6=CC=C(C=C6)[O-])C2=O"
122396200,C48H57N3O18,963.363711984,"COCCOCCOCCOC1=CC(=CC(=C1OCCOCCOCCOC)OCCOCCOCCOC)N2C(=O)C3=C4C(=CC=C5C4=C(C=C3)C(=O)N(C5=O)NC(=O)C6=CC=C(C=C6)O)C2=O"
122397534,C50H64N8O6,872.4948817679999,"C1CN(CCN1CCCNC(=O)CCC2=CC=CC2)CCCN3C(=O)C4=C5C(=CC=C6C5=C(C=C4)C(=O)N(C6=O)CCCN7CCN(CC7)CCCNC(=O)CCC8=CC=CC8)C3=O"
122399315,C34H30N6O6,618.22268268,"COC1=CC=CC(=N1)C=NCCCN2C(=O)C3=C4C(=CC=C5C4=C(C=C3)C(=O)N(C5=O)CCCN=CC6=NC(=CC=C6)OC)C2=O"
122399316,C34H32N4O6,592.2321847439999,"CC1=C(OC(=C1)C=NCCCN2C(=O)C3=C4C(=CC=C5C4=C(C=C3)C(=O)N(C5=O)CCCN=CC6=CC(=C(O6)C)C)C2=O)C"
122399317,C32H28N8O4,588.223351376,"C1=CC(=C(N=C1)N)C=NCCCN2C(=O)C3=C4C(=CC=C5C4=C(C=C3)C(=O)N(C5=O)CCCN=CC6=C(N=CC=C6)N)C2=O"
122403537,C56H68N4O10,956.493544376,"COC(=O)CCCCCCCCCCNC(=O)C(CC1=CC=CC=C1)N2C(=O)C3=C4C(=CC=C5C4=C(C=C3)C(=O)N(C5=O)C(CC6=CC=CC=C6)C(=O)NCCCCCCCCCCC(=O)OC)C2=O"
122404259,C72H60N8O6,1132.4635816400003,"CC1=CC=C(C=C1)C2=C3C=CC(=C(C4=CC=C(N4)C(=C5C=CC(=N5)C(C6=CC=C2N6)C7=CC=C(C=C7)NC(=O)CN8C(=O)C9=C1C(=CC=C2C1=C(C=C9)C(=O)N(C2=O)C1CC([N+](=O)C(C1)(C)C)(C)C)C8=O)C1=CC=C(C=C1)C)C1=CC=C(C=C1)C)[N-]3"
122404260,C72H61N8O6+,1133.47085809209,"CC1=CC=C(C=C1)C2=C3C=CC(=C(C4=CC=C(N4)C(=C5C=CC(=N5)C(C6=CC=C2N6)C7=CC=C(C=C7)NC(=O)CN8C(=O)C9=C1C(=CC=C2C1=C(C=C9)C(=O)N(C2=O)C1CC([N+](=O)C(C1)(C)C)(C)C)C8=O)C1=CC=C(C=C1)C)C1=CC=C(C=C1)C)N3"
122549011,C60H42N6O12,1038.2860707840002,"C1CCC2C(C1)N3C(=O)C4=C5C(=CC=C6C5=C(C=C4)C(=O)N(C6=O)C7CCCCC7N8C(=O)C9=C1C(=CC=C4C1=C(C=C9)C(=O)N(C4=O)C1CCCCC1N1C(=O)C4=C5C(=CC=C6C5=C(C=C4)C(=O)N2C6=O)C1=O)C8=O)C3=O"
124457568,C28H32N4O4,488.24235550399993,"C1CCN(CC1)CCN2C(=O)C3=C4C(=CC=C5C4=C(C=C3)C(=O)N(C5=O)CCN6CCCCC6)C2=O"
124457573,C32H26N2O4,502.18925731199994,"C1=CC=C(C=C1)CCCN2C(=O)C3=C4C(=CC=C5C4=C(C=C3)C(=O)N(C5=O)CCCC6=CC=CC=C6)C2=O"
124602532,C26H12N8O12,628.0574678240001,"C1=CC(=C(C=C1[N+](=O)[O-])[N+](=O)[O-])NN2C(=O)C3=C4C(=CC=C5C4=C(C=C3)C(=O)N(C5=O)NC6=C(C=C(C=C6)[N+](=O)[O-])[N+](=O)[O-])C2=O"
124818030,C30H34N2O4,486.25185756799993,"CC1CCCC(C1C)N2C(=O)C3=C4C(=CC=C5C4=C(C=C3)C(=O)N(C5=O)C6CCCC(C6C)C)C2=O"
124818031,C30H34N2O4,486.25185756799993,"CC1CCCC(C1C)N2C(=O)C3=C4C(=CC=C5C4=C(C=C3)C(=O)N(C5=O)C6CCCC(C6C)C)C2=O"
124818032,C30H34N2O4,486.25185756799993,"CC1CCCC(C1C)N2C(=O)C3=C4C(=CC=C5C4=C(C=C3)C(=O)N(C5=O)C6CCCC(C6C)C)C2=O"
125738234,C28H18N2O6,478.11648629599995,"COC1=CC=CC=C1N2C(=O)C3=C4C(=CC=C5C4=C(C=C3)C(=O)N(C5=O)C6=CC=CC=C6OC)C2=O"
125740247,C30H22N2O8,538.137615664,"COC1=CC(=C(C=C1)N2C(=O)C3=C4C(=CC=C5C4=C(C=C3)C(=O)N(C5=O)C6=C(C=C(C=C6)OC)OC)C2=O)OC"
125740697,C34H32N4O4,560.242355504,"CCN(CC)C1=CC=C(C=C1)N2C(=O)C3=C4C(=CC=C5C4=C(C=C3)C(=O)N(C5=O)C6=CC=C(C=C6)N(CC)CC)C2=O"
129907625,C32H38N6O4+2,570.2943565361801,"C[N+](C)(C)CCCN1C(=O)C2=C3C4=C(C=C2)C(=O)N(C(=O)C4=C5C(=C3C1=O)NC6=CC=CC=C6N5)CCC[N+](C)(C)C"
131882174,C26H28N4O4,460.21105537599993,"CC(=C)CNCCN1C(=O)C2=C3C(=CC=C4C3=C(C=C2)C(=O)N(C4=O)CCNCC(=C)C)C1=O"
131882175,C26H28N4O4,460.21105537599993,"CC=CCNCCN1C(=O)C2=C3C(=CC=C4C3=C(C=C2)C(=O)N(C4=O)CCNCC=CC)C1=O"
131882176,C30H40N4O6,552.2947849999999,"CCCOC(C)CNCCN1C(=O)C2=C3C(=CC=C4C3=C(C=C2)C(=O)N(C4=O)CCNCC(C)OCCC)C1=O"
132341914,C18H12N2O10S2-2,479.99443374381985,"C1=CC2=C3C(=CC=C4C3=C1C(=O)N(C4=O)CCS(=O)(=O)[O-])C(=O)N(C2=O)CCS(=O)(=O)[O-]"
132492898,C24H24N2O6,436.1634364879999,"CCCCC(CC)CN1C(=O)C2=C3C(=CC=C4C3=C(C=C2)C(=O)N(C4=O)CC(=O)O)C1=O"
132492938,C62H82N2O4,918.627459104,"CCCCCCCCC(CCCCCCCC)CN1C(=O)C2=C3C4=C(C5=C2C6=CC=CC=C65)C(=O)N(C(=O)C4=C7C8=CC=CC=C8C7=C3C1=O)CC(CCCCCCCC)CCCCCCCC"
132495136,C44H46N6O6,754.347883192,"CN(C)CCN1C(=O)C2=CC(=C3C4=C(C=C(C(=C24)C1=O)C#CC5=CC(=C(C=C5)O)CN(C)C)C(=O)N(C3=O)CCN(C)C)C#CC6=CC(=C(C=C6)O)CN(C)C"
132495137,C48H50N6O8,838.36901256,"CN(C)CCN1C(=O)C2=CC(=C3C4=C(C=C(C(=C24)C1=O)C#CC5=CC(=C(C=C5)O)CN6CCOCC6)C(=O)N(C3=O)CCN(C)C)C#CC7=CC(=C(C=C7)O)CN8CCOCC8"
132495138,C35H37N5O6,623.274383904,"CN(C)CCN1C(=O)C2=C3C(=CC(=C4C3=C(C=C2)C(=O)N(C4=O)CCN(C)C)C#CC5=CC(=C(C=C5)O)CN6CCOCC6)C1=O"
132495139,C33H35N5O5,581.26381922,"CN(C)CCN1C(=O)C2=C3C(=CC(=C4C3=C(C=C2)C(=O)N(C4=O)CCN(C)C)C#CC5=CC(=C(C=C5)O)CN(C)C)C1=O"
132495663,C123H129N19O19,2175.9712129079985,"CCCCN1C(=O)C2=C3C(=CC=C4C3=C(C=C2)C(=O)N(C4=O)CCN=C(CCC(C(=NC(C(C)C)C(=NC(CCCCNC(=O)C5=CC=C(C=C5)C6=C7C=CC(=N7)C(=C8C=CC(=C(C9=NC(=C(C2=CC=C6N2)C2=CC=CC=C2)C=C9)C2=CC=CC=C2)N8)C2=CC=CC=C2)C(=NC(C(C)C)C(=NC(CCC(=NCCN2C(=O)C3=C4C(=CC=C5C4=C(C=C3)C(=O)N(C5=O)CCCC)C2=O)O)C(=NC(C(C)C)C(=N)O)O)O)O)O)O)N=C(C(C(C)C)N=C(C)O)O)O)C1=O"
132497259,C38H32N6O4+2,636.24740634418,"C1=CC=C(C=C1)C[N+]2=CN(C=C2)CCN3C(=O)C4=C5C(=CC=C6C5=C(C=C4)C(=O)N(C6=O)CCN7C=C[N+](=C7)CC8=CC=CC=C8)C3=O"
132497261,C32H36N6O4+2,568.27870647218,"CCCC[N+]1=CN(C=C1)CCN2C(=O)C3=C4C(=CC=C5C4=C(C=C3)C(=O)N(C5=O)CCN6C=C[N+](=C6)CCCC)C2=O"
132500955,C88H116N4O4S4,1420.787942192,"CCCCCCCCCCCCC(CCCCCCCCCC)CN1C(=O)C2=CC(=C3C4=C(C=C(C(=C24)C1=O)C5=CC=C(S5)C6=C(C=CS6)C7=CC=NC=C7)C(=O)N(C3=O)CC(CCCCCCCCCC)CCCCCCCCCCCC)C8=CC=C(S8)C9=S=CC=C9C1=CC=NC=C1"
132500956,C88H116N4O4S4,1420.787942192,"CCCCCCCCCCCCC(CCCCCCCCCC)CN1C(=O)C2=CC(=C3C4=C(C=C(C(=C24)C1=O)C5=CC=C(S5)C6=CC=C(S6)C7=CC=NC=C7)C(=O)N(C3=O)CC(CCCCCCCCCC)CCCCCCCCCCCC)C8=CC=C(S8)C9=S=C(C=C9)C1=CC=NC=C1"
132502332,C61H83N5O4S4,1077.532790136,"CCCCCCCCCCC(CCCCCCCC)CN1C(=O)C2=C3C(=C4C5=C2C(=C6C(=C5C(=O)N(C4=O)CC(CCCCCCCC)CCCCCCCCCC)SC(=C(C#N)C#N)S6)C1=O)SC(=CC#N)S3"
132502334,C122H164N10O8S8,2153.049930207999,"CCCCCCCCCCC(CCCCCCCC)CN1C(=O)C2=C3C(=C4C5=C2C(=C6C(=C5C(=O)N(C4=O)CC(CCCCCCCC)CCCCCCCCCC)SC(=C(C#N)C(=C7SC8=C9C2=C4C(=C5C(=C2C(=O)N(C9=O)CC(CCCCCCCC)CCCCCCCCCC)SC(=C(C#N)C#N)S5)C(=O)N(C(=O)C4=C8S7)CC(CCCCCCCC)CCCCCCCCCC)C#N)S6)C1=O)SC(=C(C#N)C#N)S3"
132502335,C66H72N6O8S4,1204.429447264,"CCCCCCCCN1C(=O)C2=C3C4=C(C=C2)C(=O)N(C(=O)C4=C5C(=C3C1=O)SC(=C(C#N)C(=C6SC7=C8C9=C(C=CC1=C9C(=C7S6)C(=O)N(C1=O)CCCCCCCC)C(=O)N(C8=O)CCCCCCCC)C#N)S5)CCCCCCCC"
132502337,C33H37N3O4S2,603.222548664,"CCCCCCCCN1C(=O)C2=C3C4=C(C=C2)C(=O)N(C(=O)C4=C5C(=C3C1=O)SC(=CC#N)S5)CCCCCCCC"
132503038,C57H82N4O7,934.6183509640001,"CCCCCCCCCCCCN1C(=O)C2=C3C(=CC=C4C3=C(C=C2)C(=O)N(C4=O)CCCC(=O)N(CC5=CC=CC=C5[N+](=O)[O-])CC(CCCCCCCC)CCCCCCCCCC)C1=O"
132503039,C50H77N3O5,799.586322564,"CCCCCCCCCCCCN1C(=O)C2=C3C(=CC=C4C3=C(C=C2)C(=O)N(C4=O)CCCC(=O)NCC(CCCCCCCC)CCCCCCCCCC)C1=O"
132504062,C26H12N2O10S2-2,575.9944337438199,"C1=CC(=CC=C1N2C(=O)C3=C4C(=CC=C5C4=C(C=C3)C(=O)N(C5=O)C6=CC=C(C=C6)S(=O)(=O)[O-])C2=O)S(=O)(=O)[O-]"
132504364,C70H80N4O8,1104.59761552,"CCCCCCCCN1C(=O)C2=C3C(=C(C=C2)C4=CC5=C6C7=C4C(=O)N(C(=O)C7=CC(=C6C(=O)N(C5=O)CCCCCCCC)C8=C9C=CC=C2C9=C(C=C8)C(=O)N(C2=O)CCCCCCCC)CCCCCCCC)C=CC=C3C1=O"
132504365,C78H84N4O8S2,1268.573057648,"CCCCCCCCN1C(=O)C2=C3C(=C(C=C2)C4=CC=C(S4)C5=CC6=C7C8=C5C(=O)N(C(=O)C8=CC(=C7C(=O)N(C6=O)CCCCCCCC)C9=CC=C(S9)C2=C4C=CC=C5C4=C(C=C2)C(=O)N(C5=O)CCCCCCCC)CCCCCCCC)C=CC=C3C1=O"
132508620,C150H146N10O12+2,2279.1110729521797,"CC(C)(C)C1=CC=C(C=C1)C(C2=CC=C(C=C2)C(C)(C)C)(C3=CC=C(C=C3)C(C)(C)C)C4=CC=C(C=C4)OCCCN5C(=O)C6=C7C(=CC=C8C7=C(C=C6)C(=O)N(C8=O)CC9=CC=C(C=C9)C1=CC=C(C=C1)CN1C=C([N+](=N1)C)COC1=CC=C(C=C1)OCC1=CN(N=[N+]1C)CC1=CC=C(C=C1)C1=CC=C(C=C1)CN1C(=O)C2=C3C(=CC=C4C3=C(C=C2)C(=O)N(C4=O)CCCOC2=CC=C(C=C2)C(C2=CC=C(C=C2)C(C)(C)C)(C2=CC=C(C=C2)C(C)(C)C)C2=CC=C(C=C2)C(C)(C)C)C1=O)C5=O"
132511244,C30H20N2O4,472.14230711999994,"C=CC1=CC=C(C=C1)CN2C(=O)C3=C4C(=CC=C5C4=C(C=C3)C(=O)N(C5=O)CC6=CC=CC=C6)C2=O"
132518115,C58H80N8O6,984.6200822799999,"C1CN(CCN1CCCNC(=O)CC23CC4CC(C2)CC(C4)C3)CCCN5C(=O)C6=C7C(=CC=C8C7=C(C=C6)C(=O)N(C8=O)CCCN9CCN(CC9)CCCNC(=O)CC12CC3CC(C1)CC(C3)C2)C5=O"
132520490,C58H96N4O4,912.7431575519998,"CCCCCCCCCCCCN(CCCCCCCCCC)C1=C2C3=C4C(=C1)C(=O)NC(=O)C4=C(C=C3C(=O)NC2=O)N(CCCCCCCCCC)CCCCCCCCCCCC"
132522645,C38H52N4O7S2,740.3277420040001,"CCCCCCNC(=O)C(CC(C)C)N1C(=O)C2=CC(=C3C4=C2C(=C(C=C4C(=O)N(C3=O)C5CCCCC5N(C)C)S(=O)CC)C1=O)S(=O)CC"
132522646,C38H52N4O9S2,772.3175712440002,"CCCCCCNC(=O)C(CC(C)C)N1C(=O)C2=CC(=C3C4=C2C(=C(C=C4C(=O)N(C3=O)C5CCCCC5N(C)C)S(=O)(=O)CC)C1=O)S(=O)(=O)CC"
132522648,C34H46N4O5S2,654.2909625720001,"CCCCCCNC(=O)C(CC(C)C)N1C(=O)C2=CC(=C3C4=C2C(=C(C=C4C(=O)N(C3=O)CCN(C)C)SCC)C1=O)SCC"
132522649,C34H46N4O7S2,686.2807918120002,"CCCCCCNC(=O)C(CC(C)C)N1C(=O)C2=CC(=C3C4=C2C(=C(C=C4C(=O)N(C3=O)CCN(C)C)S(=O)CC)C1=O)S(=O)CC"
132522650,C34H46N4O9S2,718.2706210520003,"CCCCCCNC(=O)C(CC(C)C)N1C(=O)C2=CC(=C3C4=C2C(=C(C=C4C(=O)N(C3=O)CCN(C)C)S(=O)(=O)CC)C1=O)S(=O)(=O)CC"
132522651,C38H52N4O5S2,708.3379127640001,"CCCCCCNC(=O)C(CC(C)C)N1C(=O)C2=CC(=C3C4=C2C(=C(C=C4C(=O)N(C3=O)C5CCCCC5N(C)C)SCC)C1=O)SCC"
132522652,C65H83N7O14S4,1313.4880843359997,"CCCCCCNC(=O)C(CC(C)C)N1C(=O)C2=CC(=C3C4=C2C(=C(C=C4C(=O)N(C3=O)CCN(C)CCN5C(=O)C6=CC(=C7C8=C6C(=C(C=C8C(=O)N(C7=O)C(CC(C)C)C(=O)NCCCCCC)S(=O)CC)C5=O)S(=O)CC)S(=O)CC)C1=O)S(=O)CC"
132522653,C36H50N4O5S2,682.3222627000001,"CCCCCCNC(=O)C(CC(C)C)N1C(=O)C2=CC(=C3C4=C2C(=C(C=C4C(=O)N(C3=O)CCCCN(C)C)SCC)C1=O)SCC"
132522654,C36H50N4O7S2,714.3120919400002,"CCCCCCNC(=O)C(CC(C)C)N1C(=O)C2=CC(=C3C4=C2C(=C(C=C4C(=O)N(C3=O)CCCCN(C)C)S(=O)CC)C1=O)S(=O)CC"
132522655,C36H50N4O9S2,746.3019211800002,"CCCCCCNC(=O)C(CC(C)C)N1C(=O)C2=CC(=C3C4=C2C(=C(C=C4C(=O)N(C3=O)CCCCN(C)C)S(=O)(=O)CC)C1=O)S(=O)(=O)CC"
132522656,C38H54N4O9S2,774.3332213080002,"CCCCCCNC(=O)C(CC(C)C)N1C(=O)C2=CC(=C3C4=C2C(=C(C=C4C(=O)N(C3=O)CCN(C(C)C)C(C)C)S(=O)(=O)CC)C1=O)S(=O)(=O)CC"
132522658,C65H83N7O10S4,1249.508425856,"CCCCCCNC(=O)C(CC(C)C)N1C(=O)C2=CC(=C3C4=C2C(=C(C=C4C(=O)N(C3=O)CCN(C)CCN5C(=O)C6=CC(=C7C8=C6C(=C(C=C8C(=O)N(C7=O)C(CC(C)C)C(=O)NCCCCCC)SCC)C5=O)SCC)SCC)C1=O)SCC"
132523445,C30H30N6O4,538.23285344,"CN(C)CCCN1C(=O)C2=CC=C3C4=C(C5=NC6=CC=CC=C6N=C5C(=C24)C1=O)C(=O)N(C3=O)CCCN(C)C"
132523574,C98H110N6O12S4,1690.7064569599995,"CCCCCCCCN1C(=O)C2=C3C4=C(C=C2)C(=O)N(C(=O)C4=C5C(=C3C1=O)C=C(S5)C6=CC7=C8C9=C(C1=S=C(C=C1C1=C9C(=C7S6)C(=O)N(C1=O)CCCCCCCC)C1=CC2=C3C4=C(C=CC5=C4C(=C2S1)C(=O)N(C5=O)CCCCCCCC)C(=O)N(C3=O)CCCCCCCC)C(=O)N(C8=O)CCCCCCCC)CCCCCCCC"
132523575,C102H114N6O12S3,1710.7656860879995,"CCCCCCCCN1C(=O)C2=C3C4=C(C=C2)C(=O)N(C(=O)C4=C5C(=C3C1=O)C=C(S5)C6=CC(=CC(=C6)C7=CC8=C9C1=C(C=CC2=C1C(=C8S7)C(=O)N(C2=O)CCCCCCCC)C(=O)N(C9=O)CCCCCCCC)C1=CC2=C3C4=C(C=CC5=C4C(=C2S1)C(=O)N(C5=O)CCCCCCCC)C(=O)N(C3=O)CCCCCCCC)CCCCCCCC"
132523576,C93H115N5O8S2,1493.8187076399997,"CCCCCCCCC(CCCCCCCC)N1C2=C(C=CC(=C2)C3=CC4=C5C6=C(C=CC7=C6C(=C4S3)C(=O)N(C7=O)CCCCCCCC)C(=O)N(C5=O)CCCCCCCC)C8=C1C=C(C=C8)C9=CC1=C2C3=C(C=CC4=C3C(=C1S9)C(=O)N(C4=O)CCCCCCCC)C(=O)N(C2=O)CCCCCCCC"
132525821,C84H100N4O6,1260.7642869200001,"CCCCCCCCCCCCCCCCCCOC1=CC=C(C=C1)C=NC2=CC=CC3=C2C=CC=C3N4C(=O)C5=C6C(=CC=C7C6=C(C=C5)C(=O)N(C7=O)C8=CC=CC9=C8C=CC=C9N=CC1=CC=C(C=C1)OCCCCCCCCCCCCCCCCCC)C4=O"
132528356,C27H26N2O4,442.18925731199994,"CCCCCCCCN1C(=O)C2=C3C(=CC=C4C3=C(C=C2)C(=O)N(C4=O)C5=CC=CC5)C1=O"
132529547,C44H54N6O6,762.410483448,"CN(CCCNC(=O)CCC1=CC=CC1)CCCN2C(=O)C3=C4C(=CC=C5C4=C(C=C3)C(=O)N(C5=O)CCCN(C)CCCNC(=O)CCC6=CC=CC6)C2=O"
132529565,C69H57N3O6,1023.424736544,"CCCCCN1C(=O)C2=C3C(=CC=C4C3=C(C=C2)C(=O)N(C4=O)C5=C(C=C(C=C5C)C#CC6=CC(=CC(=C6)C#CC7=CC(=C(C(=C7)C)C8=C(C=C(C=C8C)N(C9=CC=C(C=C9)OC)C2=CC=C(C=C2)OC)C)C)C#C)C)C1=O"
132531497,C86H148N4O6S2,1397.0840304560002,"CCCCCCCCCCCCSC1=C2C3=C4C(=C1)C(=O)N(C(=O)C4=C(C=C3C(=O)N(C2=O)CCCC(=O)NCC(CCCCCCCC)CCCCCCCCCC)SCCCCCCCCCCCC)CCCC(=O)NCC(CCCCCCCC)CCCCCCCCCC"
132536466,C72H87N13O17,1405.6342883239995,"CCCCN1C(=O)C2=C3C(=CC=C4C3=C(C=C2)C(=O)N(C4=O)CC(C(=NC(CCCCN)C(=NC(CC5=CC=CC=C5)C(=NC(CCC(=O)O)C(=N)O)O)O)O)N=C(C(CCC(=O)O)N=C(C(CC6=CC=CC=C6)N=C(C(CCCCN)N=C(C(CC7=CC=CC=C7)N=C(C)O)O)O)O)O)C1=O"
132536856,C132H200N4O12,2033.5162778399995,"CCCCCCCCCCCCOC1=CC(=CC(=C1OCCCCCCCCCCCC)OCCCCCCCCCCCC)C(=O)NC2=CC=C(C=C2)C#CC3=CC4=C5C6=C3C(=O)N(C(=O)C6=CC(=C5C(=O)N(C4=O)CC(CC)CCCC)C#CC7=CC=C(C=C7)NC(=O)C8=CC(=C(C(=C8)OCCCCCCCCCCCC)OCCCCCCCCCCCC)OCCCCCCCCCCCC)CC(CC)CCCC"
132537094,C60H56N4O6S2,992.3641275119999,"CCCCCCCCN1C(=O)C2=CC(=C3C4=C(C=C(C(=C24)C1=O)C5=CC=C(S5)C=C(C#N)C(=O)O)C(=O)N(C3=O)CCCCCCCC)C6=CC=C(S6)C7=CC=C(C=C7)N(C8=CC=CC=C8)C9=CC=CC=C9"
132547391,C16H6N10O4,402.0573486720001,"C1=CC2=C3C(=CC=C4C3=C1C(=O)N(C4=O)C5=NNN=N5)C(=O)N(C2=O)C6=NNN=N6"
132548626,C146H214N6O16,2307.611634768,"CCCCCCCCCCCCOC1=CC(=CC(=C1OCCCCCCCCCCCC)OCCCCCCCCCCCC)C2=C(C(=CC3=[N+](C4=C(C3(C)C)C=C(C=C4)C(=NCCN5C(=O)C6=C7C(=CC=C8C7=C(C=C6)C(=O)N(C8=O)CCN=C(C9=CC1=C(C=C9)[N+](=C(C1(C)C)C=C1C(=C(C1=O)C1=CC(=C(C(=C1)OCCCCCCCCCCCC)OCCCCCCCCCCCC)OCCCCCCCCCCCC)O)CCCCCC)[O-])C5=O)[O-])CCCCCC)C2=O)O"
132548627,C146H216N6O16+2,2309.6261876721796,"CCCCCCCCCCCCOC1=CC(=CC(=C1OCCCCCCCCCCCC)OCCCCCCCCCCCC)C2=C(C(=CC3=[N+](C4=C(C3(C)C)C=C(C=C4)C(=NCCN5C(=O)C6=C7C(=CC=C8C7=C(C=C6)C(=O)N(C8=O)CCN=C(C9=CC1=C(C=C9)[N+](=C(C1(C)C)C=C1C(=C(C1=O)C1=CC(=C(C(=C1)OCCCCCCCCCCCC)OCCCCCCCCCCCC)OCCCCCCCCCCCC)O)CCCCCC)O)C5=O)O)CCCCCC)C2=O)O"
132549436,C65H60N4O8,1024.44111488,"CCCCCCC(CCCCCC)N1C(=O)C2=C3C(=CC=C4C3=C(C=C2)C5=C6C4=CC=C7C6=C(C=C5)C(=O)N(C7=O)C8=CC(=CC=C8)N9C(=O)C2=C3C(=CC=C4C3=C(C=C2)C(=O)N(C4=O)CC(CC)CCCC)C9=O)C1=O"
132549502,C84H81N5O10,1319.5983437919995,"CCCCCCCCN1C(=O)C2=C3C(=CC=C4C3=C(C=C2)C(=O)N(C4=O)C5=CC=C(C=C5)C#CC6=CC=C(C=C6)C7=C8C(=C(N(C8=O)CC(CC)CCCC)C9=CC=C(C=C9)C2=CC=C(C=C2)N(C2=CC=C(C=C2)C(=O)O)C2=CC=C(C=C2)C(=O)O)C(=O)N7CC(CC)CCCC)C1=O"
132549503,C78H77N5O10,1243.5670436639998,"CCCCCCCCN1C(=O)C2=C3C(=CC=C4C3=C(C=C2)C(=O)N(C4=O)C5=CC=C(C=C5)C#CC6=CC=C(C=C6)C7=C8C(=C(N(C8=O)CC(CC)CCCC)C9=CC=C(C=C9)N(C2=CC=C(C=C2)C(=O)O)C2=CC=C(C=C2)C(=O)O)C(=O)N7CC(CC)CCCC)C1=O"
132559061,C40H34N6O4+4,662.2619592483601,"C[N+]1=CC=C(C=C1)C2=CC=[N+](C=C2)CCN3C(=O)C4=C5C(=CC=C6C5=C(C=C4)C(=O)N(C6=O)CC[N+]7=CC=C(C=C7)C8=CC=[N+](C=C8)C)C3=O"
132569186,C70H70N10O16,1306.4971261599997,"C1C2=CC=CC=C2C3=C(C4=CC=CC=C4N1C(=O)CCCC(=O)O)N(N=N3)CCOCCOCCOCCN5C(=O)C6=C7C(=CC=C8C7=C(C=C6)C(=O)N(C8=O)CCOCCOCCOCCN9C1=C(C2=CC=CC=C2CN(C2=CC=CC=C21)C(=O)CCCC(=O)O)N=N9)C5=O"
132574475,C61H72N4O4S2,988.4994987839999,"CCCCC(CC)CN1C(=O)C2=C3C(=CC(=C4C3=C(C=C2)C(=O)N(C4=O)CC(CC)CCCC)C5=CC=C(S5)C6=CC7=C(C=C6)C8=C(C7(CCCN(C)C)CCCN(C)C)C=C(C=C8)C9=CC=CS9)C1=O"
132574891,C42H42N2O4S4,766.2027418240001,"CCCCCCCCN1C(=O)C2=C3C=C(SC3=C4C5=C2C(=C6C(=C5C(=O)N(C4=O)CCCCCCCC)C=C(S6)C7=CC=CS7)C1=O)C8=CC=CS8"
132574892,C50H46N2O4S4,866.2340419520001,"CCCCCCCCN1C(=O)C2=C3C=C(SC3=C4C5=C2C(=C6C(=C5C(=O)N(C4=O)CCCCCCCC)C=C(S6)C7=CC8=CC=CC=C8S7)C1=O)C9=CC1=CC=CC=C1S9"
132574893,C58H50N2O4S4,966.2653420800001,"CCCCCCCCN1C(=O)C2=C3C=C(SC3=C4C5=C2C(=C6C(=C5C(=O)N(C4=O)CCCCCCCC)C=C(S6)C7=CC8=CC9=CC=CC=C9C=C8S7)C1=O)C1=CC2=CC3=CC=CC=C3C=C2S1"
132574894,C46H46N2O4S2,754.289899952,"CCCCCCCCN1C(=O)C2=C3C=C(SC3=C4C5=C2C(=C6C(=C5C(=O)N(C4=O)CCCCCCCC)C=C(S6)C7=CC=CC=C7)C1=O)C8=CC=CC=C8"
132574895,C36H36N4O4S2,652.2177976319999,"CCCCCCCCN1C(=O)C2=C3C=C(SC3=C4C5=C2C(=C6C(=C5C(=O)N(C4=O)CCCCCCCC)C=C(S6)C#N)C1=O)C#N"
132577623,C58H86N2O4S2,938.602901232,"CCCCCCCCCCC(CCCCCCCC)CN1C(=O)C2=C3C=CSC3=C4C5=C2C(=C6C(=C5C(=O)N(C4=O)CC(CCCCCCCC)CCCCCCCCCC)C=CS6)C1=O"
132577624,C83H118N2O4S2,1270.853302256,"CCCCCCCCCCC(CCCCCCCC)CN1C(=O)C2=C3C=CSC3=C4C5=C2C(=C6C(=C5C(=O)N(C4=O)CC(CCCCCCCC)CCCCCCCCCC)C=C(S6)C7=CC8=C(C=C7)C9=CC=CC=C9C8(CCCCCC)CCCCCC)C1=O"
132577625,C108H150N2O4S2,1603.10370328,"CCCCCCCCCCC(CCCCCCCC)CN1C(=O)C2=C3C=C(SC3=C4C5=C2C(=C6C(=C5C(=O)N(C4=O)CC(CCCCCCCC)CCCCCCCCCC)C=C(S6)C7=CC8=C(C=C7)C9=CC=CC=C9C8(CCCCCC)CCCCCC)C1=O)C1=CC2=C(C=C1)C1=CC=CC=C1C2(CCCCCC)CCCCCC"
132596609,C46H46N4O4+2,718.35080879218,"C[N+](C)(CCCN1C(=O)C2=C3C(=CC=C4C3=C(C=C2)C(=O)N(C4=O)CCC[N+](C)(C)CC5=CC6=CC=CC=C6C=C5)C1=O)CC7=CC8=CC=CC=C8C=C7"
132597464,C88H113N5O8,1367.8589155759998,"CCCCCCCCC(CCCCCC)CN1C2=C(C=CC(=C2)C3=C4C5=C(C=CC6=C5C(=C3)C(=O)N(C6=O)CCCCCCCC)C(=O)N(C4=O)CCCCCCCC)C7=C1C=C(C=C7)C8=C9C1=C(C=CC2=C1C(=C8)C(=O)N(C2=O)CCCCCCCC)C(=O)N(C9=O)CCCCCCCC"
132597465,C66H76N6O8S,1112.544534392,"CCCCCCCCN1C(=O)C2=C3C(=CC(=C4C3=C(C=C2)C(=O)N(C4=O)CCCCCCCC)C5=CC=C(C6=NSN=C56)C7=C8C9=C(C=CC2=C9C(=C7)C(=O)N(C2=O)CCCCCCCC)C(=O)N(C8=O)CCCCCCCC)C1=O"
132597466,C100H130N6O10,1574.9848443599997,"CCCCCCCCCCCCN1C2=C(C=CC(=C2)C3=C4C5=C(C=CC6=C5C(=C3)C(=O)N(C6=O)CCCCCCCC)C(=O)N(C4=O)CCCCCCCC)C(=C7C8=C(C=C(C=C8)C9=C2C3=C(C=CC4=C3C(=C9)C(=O)N(C4=O)CCCCCCCC)C(=O)N(C2=O)CCCCCCCC)N(C7=O)CCCCCCCCCCCC)C1=O"
132597467,C90H112N6O10S2,1500.7881357839997,"CCCCCCCCN1C(=C2C(=C(N(C2=O)CCCCCCCC)C3=CC=C(S3)C4=C5C6=C(C=CC7=C6C(=C4)C(=O)N(C7=O)CCCCCCCC)C(=O)N(C5=O)CCCCCCCC)C1=O)C8=S=C(C=C8)C9=C1C2=C(C=CC3=C2C(=C9)C(=O)N(C3=O)CCCCCCCC)C(=O)N(C1=O)CCCCCCCC"
132603560,C30H27N3O8,557.1798148239999,"CCCCN1C(=O)C2=C3C(=CC=C4C3=C(C=C2)C(=O)N(C4=O)CCC(=O)NC(CC5=CC=C(C=C5)O)C(=O)O)C1=O"
132607243,C62H76N4O4S4,1068.474940912,"CCCCCCCCN1C2=C(C3=C1C=C(S3)C4=CC5=C6C7=C4C(=O)N(C(=O)C7=CC(=C6C(=O)N(C5=O)CCCCCCCC)C8=CC9=C(S8)C1=C(N9CCCCCCCC)C=CS1)CCCCCCCC)SC=C2"
132607315,C58H54N6O12,1026.379971168,"COC1=C(C(=CC=C1)OC)C2=NOC(=C2)COC3=CC=C(C=C3)CNCCCN4C(=O)C5=C6C(=CC=C7C6=C(C=C5)C(=O)N(C7=O)CCCNCC8=CC=C(C=C8)OCC9=CC(=NO9)C1=C(C=CC=C1OC)OC)C4=O"
132608851,C28H20N4O4,476.14845512,"C1=CC=C(C(=C1)CN2C(=O)C3=C4C(=CC=C5C4=C(C=C3)C(=O)N(C5=O)CC6=CC=CC=C6N)C2=O)N"
132608852,C28H20N4O4,476.14845511999994,"C1=CC(=CC(=C1)N)CN2C(=O)C3=C4C(=CC=C5C4=C(C=C3)C(=O)N(C5=O)CC6=CC(=CC=C6)N)C2=O"
132608853,C28H20N4O4,476.14845512,"C1=CC(=CC=C1CN2C(=O)C3=C4C(=CC=C5C4=C(C=C3)C(=O)N(C5=O)CC6=CC=C(C=C6)N)C2=O)N"
132609875,C24H18N2O4S2,462.07079905599994,"CCCN1C(=O)C2=C3C=CSC3=C4C5=C2C(=C6C(=C5C(=O)N(C4=O)CCC)C=CS6)C1=O"
132609876,C54H78N2O4S2,882.5403009760001,"CCCCCCCCCCCCCCCCCCN1C(=O)C2=C3C=CSC3=C4C5=C2C(=C6C(=C5C(=O)N(C4=O)CCCCCCCCCCCCCCCCCC)C=CS6)C1=O"
132609877,C66H102N2O4S2,1050.728101744,"CCCCCCCCCCCCC(CCCCCCCCCC)CN1C(=O)C2=C3C=CSC3=C4C5=C2C(=C6C(=C5C(=O)N(C4=O)CC(CCCCCCCCCC)CCCCCCCCCCCC)C=CS6)C1=O"
132822230,C40H28N4O8,692.1907138560001,"C1CCC2C(C1)N3C(=O)C4=C5C(=CC=C6C5=C(C=C4)C(=O)N(C6=O)C7CCCCC7N8C(=O)C9=C1C(=CC=C4C1=C(C=C9)C(=O)N2C4=O)C8=O)C3=O"
132837892,C43H42N2O10,746.2839455440001,"CC(C)(C)C1=CC2=C(C=C1)OCCCOC(=O)CC(=O)OCCCOC3=C(C=C(C=C3)C(C)(C)C)N4C(=O)C5=C6C(=CC=C7C6=C(C=C5)C(=O)N2C7=O)C4=O"
132837893,C45H46N2O10S2,838.259387672,"CCSC1=C2C3=C4C(=C1)C(=O)N5C6=C(C=CC(=C6)C(C)(C)C)OCCOC(=O)CC(=O)OCCOC7=C(C=C(C=C7)C(C)(C)C)N(C2=O)C(=O)C3=CC(=C4C5=O)SCC"
132837894,C47H50N2O14S2,930.2703462800002,"CCC(C)(C)C1=CC2=C(C=C1)OCCOC(=O)CC(=O)OCCOC3=C(C=C(C=C3)C(C)(C)CC)N4C(=O)C5=CC(=C6C7=C5C(=C(C=C7C(=O)N2C6=O)S(=O)(=O)CC)C4=O)S(=O)(=O)CC"
132837895,C45H45N2O14S2-,901.23176969991,"CCS(=O)(=O)C1=C2C3=C4C(=C1)C(=O)N5C6=C(C=CC(=C6)C(C)(C)C)OCCOC(=CC(=O)OCCOC7=C(C=C(C=C7)C(C)(C)C)N(C2=O)C(=O)C3=CC(=C4C5=O)S(=O)(=O)CC)[O-]"
132837896,C45H46N2O14S2,902.2390461520001,"CCS(=O)(=O)C1=C2C3=C4C(=C1)C(=O)N5C6=C(C=CC(=C6)C(C)(C)C)OCCOC(=CC(=O)OCCOC7=C(C=C(C=C7)C(C)(C)C)N(C2=O)C(=O)C3=CC(=C4C5=O)S(=O)(=O)CC)O"
132837897,C43H42N2O10,746.2839455440001,"CCC(C)(C)C1=CC2=C(C=C1)OCCOC(=O)CC(=O)OCCOC3=C(C=C(C=C3)C(C)(C)CC)N4C(=O)C5=C6C(=CC=C7C6=C(C=C5)C(=O)N2C7=O)C4=O"
132837898,C45H45N2O12-,805.2977984599099,"CCOC1=C2C3=C4C(=C1)C(=O)N5C6=C(C=CC(=C6)C(C)(C)C)OCCOC(=CC(=O)OCCOC7=C(C=C(C=C7)C(C)(C)C)N(C2=O)C(=O)C3=CC(=C4C5=O)OCC)[O-]"
132837899,C45H46N2O12,806.305074912,"CCOC1=C2C3=C4C(=C1)C(=O)N5C6=C(C=CC(=C6)C(C)(C)C)OCCOC(=CC(=O)OCCOC7=C(C=C(C=C7)C(C)(C)C)N(C2=O)C(=O)C3=CC(=C4C5=O)OCC)O"
132837900,C42H40N2O10,732.26829548,"CC1C(=O)OCCOC2=C(C=C(C=C2)C(C)(C)C)N3C(=O)C4=C5C(=CC=C6C5=C(C=C4)C(=O)N(C6=O)C7=C(C=CC(=C7)C(C)(C)C)OCCOC1=O)C3=O"
132837901,C47H48N3O11-,830.3294329359098,"CCOC1=C2C3=C4C(=C1)C(=O)N5C6=C(C=CC(=C6)C(C)(C)C)OCCOC(=O)C=C(OCCOC7=C(C=C(C=C7)C(C)(C)C)N(C2=O)C(=O)C3=CC(=C4C5=O)N8CCCC8)[O-]"
132837902,C47H49N3O11,831.3367093879999,"CCOC1=C2C3=C4C(=C1)C(=O)N5C6=C(C=CC(=C6)C(C)(C)C)OCCOC(=O)C=C(OCCOC7=C(C=C(C=C7)C(C)(C)C)N(C2=O)C(=O)C3=CC(=C4C5=O)N8CCCC8)O"
132837903,C49H51N4O10-,855.3610674119099,"CC(C)(C)C1=CC2=C(C=C1)OCCOC(=CC(=O)OCCOC3=C(C=C(C=C3)C(C)(C)C)N4C(=O)C5=CC(=C6C7=C5C(=C(C=C7C(=O)N2C6=O)N8CCCC8)C4=O)N9CCCC9)[O-]"
132837904,C49H52N4O10,856.3683438639999,"CC(C)(C)C1=CC2=C(C=C1)OCCOC(=CC(=O)OCCOC3=C(C=C(C=C3)C(C)(C)C)N4C(=O)C5=CC(=C6C7=C5C(=C(C=C7C(=O)N2C6=O)N8CCCC8)C4=O)N9CCCC9)O"
132837905,C43H42N2O8S2,778.2382583040002,"CCC(C)(C)C1=CC2=C(C=C1)OCCSC(=O)CC(=O)SCCOC3=C(C=C(C=C3)C(C)(C)CC)N4C(=O)C5=C6C(=CC=C7C6=C(C=C5)C(=O)N2C7=O)C4=O"
132849646,C69H101N4O5+,1065.77664875209,"CCCCCCCCCCCCC1=CC(=CC(=C1CCCCCCCCCCCC)CCCCCCCCCCCC)C(=O)NCCN2C(=O)C3=C4C(=CC=C5C4=C(C=C3)C(=O)N(C5=O)CC6=CC=[N+](C=C6)CCCC)C2=O"
132849647,C66H89N4O5+,1017.6827483680901,"CCCC[N+]1=CC=C(C=C1)CN2C(=O)C3=C4C(=CC=C5C4=C(C=C3)C(=O)N(C5=O)CCNC(=O)C6=CC(=C(C(=C6)CCCCCCCCCC=C)CCCCCCCCCC=C)CCCCCCCCCC=C)C2=O"
132850035,C20H14N2O8S2,474.0191574079999,"C1=CC2=C3C(=CC=C4C3=C1C(=O)N(C4=O)C(CS)C(=O)O)C(=O)N(C2=O)C(CS)C(=O)O"
132850036,C30H20N4O8S4,692.0163976,"C1=CC=NC(=C1)SSCC(C(=O)O)N2C(=O)C3=C4C(=CC=C5C4=C(C=C3)C(=O)N(C5=O)C(CSSC6=CC=CC=N6)C(=O)O)C2=O"
132917629,C70H102N2O28,1418.6619106239993,"COCCOCCOCCOC1=CC(=CC(=C1OCCOCCOCCOC)OCCOCCOCCOC)CN2C(=O)C3=C4C(=CC=C5C4=C(C=C3)C(=O)N(C5=O)CC6=CC(=C(C(=C6)OCCOCCOCCOC)OCCOCCOCCOC)OCCOCCOCCOC)C2=O"
132917630,C100H162N2O10,1551.2229493839998,"CCCCCCCCCCCCOC1=CC(=CC(=C1OCCCCCCCCCCCC)OCCCCCCCCCCCC)CN2C(=O)C3=C4C(=CC=C5C4=C(C=C3)C(=O)N(C5=O)CC6=CC(=C(C(=C6)OCCCCCCCCCCCC)OCCCCCCCCCCCC)OCCCCCCCCCCCC)C2=O"
132917631,C85H132N2O19,1484.9424300039993,"CCCCCCCCCCCCOC1=CC(=CC(=C1OCCCCCCCCCCCC)OCCCCCCCCCCCC)CN2C(=O)C3=C4C(=CC=C5C4=C(C=C3)C(=O)N(C5=O)CC6=CC(=C(C(=C6)OCCOCCOCCOC)OCCOCCOCCOC)OCCOCCOCCOC)C2=O"
132917671,C32H26N6O4,558.2015533120001,"C1CCN(C1)C2=C3C4=C5C(=C2)C(=O)N(C(=O)C5=C(C=C4C(=O)N(C3=O)C6=CC=NC=C6)N7CCCC7)C8=CC=NC=C8"
132933166,C45H44N2O4S2,740.274249888,"CC(C)C1=C(C(=CC=C1)C(C)C)N2C(=O)C3=C4C5=C(C(=C3)C6=CC=CS6)C(=O)N(C(=O)C5=CC(=C4C2=O)C7=CC=CS7)C(=C(C)C(C)C)C(=C)C(C)C"
132933353,C26H30N6O6,522.22268268,"CC(C(=O)NCCCN1C(=O)C2=C3C(=CC=C4C3=C(C=C2)C(=O)N(C4=O)CCCNC(=O)C(C)N)C1=O)N"
132933354,C38H54N10O8,778.412608688,"CC(C(=O)NC(CCCCN)C(=O)NCCCN1C(=O)C2=C3C(=CC=C4C3=C(C=C2)C(=O)N(C4=O)CCCNC(=O)C(CCCCN)NC(=O)C(C)N)C1=O)N"
132936808,C45H66N4O4S4,854.3966905920001,"CCCCC(CC)CN1C(=O)C2=CC(=C3C4=C2C(=C(C=C4C(=O)N(C3=O)CC(CC)CCCC)N5CCCCC5)C1=O)N6CCSCCSCCSCCSCC6"
132938430,C50H46N4O8,830.3315644320002,"CCCCC(CC)CN1C(=O)C2=C3C(=CC=C4C3=C(C=C2)C(=O)N(C4=O)C5=CC(=CC=C5)N6C(=O)C7=C8C(=CC=C9C8=C(C=C7)C(=O)N(C9=O)CC(CC)CCCC)C6=O)C1=O"
132938431,C52H50N4O8,858.3628645600002,"CCCCC(CC)CN1C(=O)C2=C3C(=CC=C4C3=C(C=C2)C(=O)N(C4=O)C5=CC(=C(C=C5C)N6C(=O)C7=C8C(=CC=C9C8=C(C=C7)C(=O)N(C9=O)CC(CC)CCCC)C6=O)C)C1=O"
132965833,C69H70N4O8S,1114.4914362,"CCCCCCCCN1C(=O)C2=C3C(=CC=C4C3=C(C=C2)C(=O)N(C4=O)C5=CC=C(C=C5)C#CC6=CC=C(C=C6)C7=C8C(=C(N(C8=O)CC(CC)CCCC)C9=CC=C(C=C9)C2=S=C(C=C2)C(=O)O)C(=O)N7CC(CC)CCCC)C1=O"
132965945,C36H43N3O5,597.320271476,"CCCCC(CC)CN1C(=O)C2=C3C(=CC=C4C3=C(C=C2)C(=O)N(C4=O)C5=C(C=CC(=C5)OCCN(C)C)C(C)(C)C)C1=O"
135402690,C93H119N7O4,1397.9323552879996,"CCCCCCC1=C(C2=C(C3=NC(=CC4=C(C(=C(N4)C(=C5C(=C(C(=N5)C=C1N2)CCCCCC)C)C6=CC(=CC(=C6)C(C)(C)C)C(C)(C)C)C)CCCCCC)C(=C3C)CCCCCC)C7=CC=C(C=C7)N8CCC(CC8)N9C(=O)C1=C2C(=CC=C3C2=C(C=C1)C(=O)N(C3=O)CCCCCC)C9=O)C"
136174570,C70H58N6O4,1046.451954336,"CC1=CC(=C(C=C1)C)N2C(=O)C3=C4C(=CC=C5C4=C(C=C3)C(=O)N(C5=O)C6=C7C=CC(=N7)C(=C8C=CC(=C(C9=NC(=C(C1=CC=C6N1)C1=C(C(=CC(=C1C)C)C)C)C=C9)C1=CC(=CC(=C1)C)C)N8)C1=C(C(=CC(=C1C)C)C)C)C2=O"
136205738,C26H14N6O10,570.0771406480002,"C1=CC2=C3C(=CC=C4C3=C1C(=O)N(C4=O)NC(=O)C5=CC(=NC(=C5)O)O)C(=O)N(C2=O)NC(=O)C6=CC(=NC(=C6)O)O"
136660988,C29H20N2O7S,540.09912198,"CC1=CC(C(=C2C=CC(=CC2=C)N3C(=O)C4=C5C(=CC=C6C5=C(C=C4)C(=O)N(C6=O)C)C3=O)C=C1)S(=O)(=O)O"
136671189,C62H62N6O7,1002.4679983240001,"CCCCCCCCN1C(=O)C2=C3C(=CC=C4C3=C(C=C2)C(=O)N(C4=O)C5=CC=C(C=C5)C6=C7C(C(C(=N7)C8=C9C(=C(C(=CC2=NC(=CC3=C(C(=C6N3)C)CC)C(=C2CC)C)N9)C)C(=O)C8)CCC(=O)OC)C)C1=O"
136671192,C63H68N6O4,972.5302046559999,"CCCCCCCCN1C(=O)C2=C3C(=CC=C4C3=C(C=C2)C(=O)N(C4=O)C5=CC=C(C=C5)C6=C7C=CC(=N7)C(=C8C=CC(=C(C9=NC(=C(C2=CC=C6N2)CCCCC)C=C9)CCCCC)N8)CCCCC)C1=O"
136682720,C38H42N6O4,646.3267538240001,"CC(C)(C)C1=CNC(=C1)C=NCCCN2C(=O)C3=C4C(=CC=C5C4=C(C=C3)C(=O)N(C5=O)CCCN=CC6=CC(=CN6)C(C)(C)C)C2=O"
136683334,C68H50N6O6,1046.37918332,"CC(C)(C)C1=CC=C(C=C1)C2=C3C=CC(=C(C4=NC(=C(C5=CC=C(N5)C(=C6C=CC2=N6)N7C(=O)C8=C9C(=CC=C1C9=C(C=C8)C(=O)N(C1=O)C1=CC=C(C=C1)O)C7=O)C1=CC=C(C=C1)C(C)(C)C)C=C4)C#CC1=CC=C(C=C1)O)N3"
136690005,C72H64N8O10,1200.4745402479996,"CCCCCCCCN1C(=O)C2=C3C(=CC=C4C3=C(C=C2)C(=O)N(C4=O)N5C(=O)C6=C(C5=O)C=C7C(=C6)C(=O)N(C7=O)C8=CC=C(C=C8)C=CC9=C(C2=CC3=NC(=C4CCC5=C4NC(=C5C)C=C4C(=C(C(=N4)C=C9N2)C)CC)C(C3C)CCC(=O)OC)C)C1=O"
136716472,C48H57N5O18,991.369859984,"COCCOCCOCCOC1=CC(=CC(=C1OCCOCCOCCOC)OCCOCCOCCOC)C(=NN2C(=O)C3=C4C(=CC=C5C4=C(C=C3)C(=O)N(C5=O)NC(=O)C6=CC=NC=C6)C2=O)O"
136717577,C29H19N5O5,517.138618708,"C1=CC=C(C=C1)N2C(=O)C3=C4C(=CC=C5C4=C(C=C3)C(=O)N(C5=O)C6=CC=C(C=C6)C=NN=C(CN)O)C2=O"
136723284,C32H34N6O8,630.243812048,"CCCCCCCCCC1=CC(=O)NC(=N1)NC(=O)NCCOC(=O)CN2C(=O)C3=C4C(=CC=C5C4=C(C=C3)C(=O)NC5=O)C2=O"
136723286,C40H50N6O8,742.36901256,"CCCCCCCCCC1=CC(=O)NC(=N1)NC(=O)NCCOC(=O)CN2C(=O)C3=C4C(=CC=C5C4=C(C=C3)C(=O)N(C5=O)CCCCCCCC)C2=O"
136750405,C40H46N6O4,674.3580539520001,"CC(C)(C)C1=CNC(=C1)C=NCCCCN2C(=O)C3=C4C(=CC=C5C4=C(C=C3)C(=O)N(C5=O)CCCCN=CC6=CC(=CN6)C(C)(C)C)C2=O"
136753105,C112H134N6O12,1755.0059737279998,"CCCCCCCC(CCCCCCC)N1C(=O)C2=C3C4=C(C=C2)C(=O)N(C(=O)C4=C5C6=CC7=C8C(=CC9=C2C8=C6C4=C6C2=C(C=C2C6=C(C=C4C5=C3C1=O)C(=NC2=O)O)C1=C2C3=C(C=CC4=C3C(=C91)C(=O)N(C4=O)C(CCCCCCC)CCCCCCC)C(=O)N(C2=O)C(CCCCCCC)CCCCCCC)C(=O)N=C7O)C(CCCCCCC)CCCCCCC"
136753106,C100H110N6O12,1586.8181729599996,"CCCCCCCCCCCCN1C(=O)C2=C3C4=C(C=C2)C(=O)N(C(=O)C4=C5C6=CC7=C8C(=CC9=C2C8=C6C4=C6C2=C(C=C2C6=C(C=C4C5=C3C1=O)C(=NC2=O)O)C1=C2C3=C(C=CC4=C3C(=C91)C(=O)N(C4=O)CCCCCCCCCCCC)C(=O)N(C2=O)CCCCCCCCCCCC)C(=O)N=C7O)CCCCCCCCCCCC"
136765110,C70H74N6O4,1062.577154848,"CCCCCCCCN1C(=O)C2=C3C(=CC=C4C3=C(C=C2)C(=O)N(C4=O)C5=C6C=CC(=N6)C(=C7C=CC(=CC8=NC(=C(C9=CC=C5N9)C2=CC(=CC(=C2)C(C)(C)C)C(C)(C)C)C=C8)N7)C2=CC(=CC(=C2)C(C)(C)C)C(C)(C)C)C1=O"
136777449,C53H44N8O4,856.3485518879999,"CCCCCCCCN1C(=O)C2=C3C(=CC=C4C3=C(C=C2)C(=O)N(C4=O)CC5=CC=C(C=C5)C6=C7C=CC(=N7)C=C8C=CC(=N8)C(=C9NC=CN9C)C2=NC(=CC3=CC=C6N3)C=C2)C1=O"
136807985,C74H66N6O4,1102.5145545919997,"CCCCCCCCN1C(=O)C2=C3C(=CC(=C4C3=C(C=C2)C(=O)N(C4=O)CCCCCCCC)C5=CC=C(C=C5)C6=C7C=CC(=N7)C(=C8C=CC(=C(C9=NC(=C(C2=CC=C6N2)C2=CC=CC=C2)C=C9)C2=CC=CC=C2)N8)C2=CC=CC=C2)C1=O"
136830775,C76H112N4O12,1272.827675024,"CCCCCCCCOC1=CC(=CC(=C1OCCCCCCCC)OCCCCCCCC)C(=NN2C(=O)C3=C4C(=CC=C5C4=C(C=C3)C(=O)N(C5=O)N=C(C6=CC(=C(C(=C6)OCCCCCCCC)OCCCCCCCC)OCCCCCCCC)O)C2=O)O"
136857648,C46H36N4O6,740.263484872,"CC1=C(C(=CC=C1)C(=NC(C)C2=CC=CC=C2)O)N3C(=O)C4=C5C(=CC=C6C5=C(C=C4)C(=O)N(C6=O)C7=C(C=CC=C7C(=NC(C)C8=CC=CC=C8)O)C)C3=O"
136862195,C32H18N10O6,638.141078296,"C1=CC=NC(=C1)C2=CC(=NN2)C(=O)NN3C(=O)C4=C5C(=CC=C6C5=C(C=C4)C(=O)N(C6=O)NC(=O)C7=NNC(=C7)C8=CC=CC=N8)C3=O"
136865528,C62H64N4O8,992.472415008,"CC1(C2=CC(=CC(=C2OC3=C1C=C(C=C3N4C(=O)C5=C6C(=CC=C7C6=C(C=C5)C(=O)N(C7=O)C8=CC(=CC9=C8OC1=C(C=C(C=C1C9(C)C)C(C)(C)C)C(=N)O)C(C)(C)C)C4=O)C(C)(C)C)C(=N)O)C(C)(C)C)C"
136870012,C70H100N4O30,1476.6422377999993,"COCCOCCOCCOC1=CC(=CC(=C1OCCOCCOCCOC)OCCOCCOCCOC)C(=NN2C(=O)C3=C4C(=CC=C5C4=C(C=C3)C(=O)N(C5=O)N=C(C6=CC(=C(C(=C6)OCCOCCOCCOC)OCCOCCOCCOC)OCCOCCOCCOC)O)C2=O)O"
136884094,C55H42N6O10,946.2962415440002,"CCCCCCCCN1C(=O)C2=C3C(=CC=C4C3=C(C=C2)C(=O)N(C4=O)C5=CC(=CC(=C5)N6C(=O)C7=C8C(=C(C=C7)N9CCCCC9)C=CC=C8C6=O)N2C(=O)C3=C(C2=O)C=C2C(=C3)C(=NC2=O)O)C1=O"
136901153,C38H46N6O8,714.337712432,"CCCCCCCCCC1=CC(=O)NC(=N1)NC(=O)NCCOC(=O)CN2C(=O)C3=C4C(=CC=C5C4=C(C=C3)C(=O)N(C5=O)CCCCCC)C2=O"
136901154,C79H96N6O9,1272.723878652,"CCCCCCCCCC1=CC(=O)NC(=N1)NC(=O)NCCOC(=O)CN2C(=O)C3=C4C(=CC=C5C4=C(C=C3)C(=O)N(C5=O)CCCCCCCCCCOC6=CC=C(C=C6)C(C7=CC=C(C=C7)C(C)(C)C)(C8=CC=C(C=C8)C(C)(C)C)C9=CC=C(C=C9)C(C)(C)C)C2=O"
137081524,C74H67N7O4,1117.525453624,"CCCCCCCCN1C(=O)C2=C3C(=CC(=C4C3=C(C=C2)C(=O)N(C4=O)CCCCCCCC)NC5=CC=C(C=C5)C6=C7C=CC(=N7)C(=C8C=CC(=C(C9=NC(=C(C2=CC=C6N2)C2=CC=CC=C2)C=C9)C2=CC=CC=C2)N8)C2=CC=CC=C2)C1=O"
137083030,C48H56N3O18-,962.3564355319099,"COCCOCCOCCOC1=CC(=CC(=C1OCCOCCOCCOC)OCCOCCOCCOC)C(=NN2C(=O)C3=C4C(=CC=C5C4=C(C=C3)C(=O)N(C5=O)C6=CC=C(C=C6)[O-])C2=O)O"
137083031,C48H57N3O18,963.363711984,"COCCOCCOCCOC1=CC(=CC(=C1OCCOCCOCCOC)OCCOCCOCCOC)C(=NN2C(=O)C3=C4C(=CC=C5C4=C(C=C3)C(=O)N(C5=O)C6=CC=C(C=C6)O)C2=O)O"
137098674,C32H24N4O7,576.164499108,"C1=CC(=CC=C1N=NC2=CC=C(C=C2)O)N3C(=O)C4=C5C(=CC=C6C5=C(C=C4)C(=O)N(C6=O)CCCCCC(=O)O)C3=O"
137098739,C82H96N10O7,1332.7463454119993,"CCCCCCCCCCCC(CCCCCCCCCCC)N1C(=O)C2=C3C(=CC=C4C3=C(C=C2)C(=O)N(C4=O)C5=CC(=C(C=C5C)N6C(=O)C7=C8C(=C(C=C7)N9CCN(CC9)C2=CC=C(C=C2)C#CC2=NC3=C(N2CCCCCCCC)NC(=N)N=C3O)C=CC=C8C6=O)C)C1=O"
137248547,C60H46N6O8,978.3377124320002,"C1=CC=C(C=C1)C2=C3C=CC(=CC4=NC(=C(C5=CC=C(N5)C(=C6C=CC2=N6)C7=CC=C(C=C7)N8C(=O)C9=C1C(=CC=C2C1=C(C=C9)C(=O)N(C2=O)CCOCCOCCOCCO)C8=O)C1=CC=CC=C1)C=C4)N3"
137249342,C36H32N4O6,616.232184744,"C1=CC=C(C(=C1)C=NCCCCN2C(=O)C3=C4C(=CC=C5C4=C(C=C3)C(=O)N(C5=O)CCCCN=CC6=CC=CC=C6O)C2=O)O"
137249343,C34H28N4O6,588.200884616,"C1=CC=C(C(=C1)C=NCCCN2C(=O)C3=C4C(=CC=C5C4=C(C=C3)C(=O)N(C5=O)CCCN=CC6=CC=CC=C6O)C2=O)O"
137249344,C38H36N4O6,644.263484872,"C1=CC=C(C(=C1)C=NCCCCCN2C(=O)C3=C4C(=CC=C5C4=C(C=C3)C(=O)N(C5=O)CCCCCN=CC6=CC=CC=C6O)C2=O)O"
137249345,C40H40N4O6,672.294785,"C1=CC=C(C(=C1)C=NCCCCCCN2C(=O)C3=C4C(=CC=C5C4=C(C=C3)C(=O)N(C5=O)CCCCCCN=CC6=CC=CC=C6O)C2=O)O"
137252290,C31H31N4O7+,571.2187257520899,"CCCCCCCCN1C(=O)C2=C3C(=CC=C4C3=C(C=C2)C(=O)N(C4=O)CCN=CC5=C(C=CC(=C5)[N+](=O)O)O)C1=O"
137700573,C28H14N2O10,538.0648446479998,"C1=CC(=C(C=C1N2C(=O)C3=C4C(=CC=C5C4=C(C=C3)C(=O)N(C5=O)C6=CC(=C(C=C6)O)C(=O)O)C2=O)C(=O)O)O"
139040982,C50H42N2O4S2,798.2585998240002,"CC(C)C1=CC(=C(C=C1)C(C)C)N2C(=O)C3=C4C5=CC=CC=C5SC4=C6C7=C3C(=C8C(=C7C(=O)N(C6=O)C9=C(C=CC=C9C(C)C)C(C)C)C1=CC=CC=C1S8)C2=O"
139047945,C38H22N6O4,626.1702531840001,"C1=CC=NC(=C1)C=NC2=CC=C(C=C2)N3C(=O)C4=C5C(=CC=C6C5=C(C=C4)C(=O)N(C6=O)C7=CC=C(C=C7)N=CC8=CC=CC=N8)C3=O"
139051992,C46H30N4O10,798.19619316,"C1=CC=C(C=C1)N2C(=O)C3=C4C(=CC=C5C4=C(C=C3)C(=O)N(C5=O)CCOCCOCCN6C(=O)C7=C8C(=CC=C9C8=C(C=C7)C(=O)N(C9=O)C1=CC=CC=C1)C6=O)C2=O"
139088166,C56H50N6O8S2,998.3131545600002,"CN(C)C1=CC=CC2=C1C=CC=C2S(=O)(=O)N(CCN3C(=O)C4=C5C(=CC=C6C5=C(C=C4)C(=O)N(C6=O)CCN(CC7=CC=CC=C7)S(=O)(=O)C8=CC=CC9=C8C=CC=C9N(C)C)C3=O)CC1=CC=CC=C1"
139124692,C56H40N6O12,988.2704207200001,"C1CCC2C(C1)N3C(=O)C4=C5C(=CC=C6C5=C(C=C4)C(=O)N(C6=O)C7CCCCC7N8C(=O)C9=CC1=C(C=C9C8=O)C(=O)N(C1=O)C1CCCCC1N1C(=O)C4=C5C(=CC=C6C5=C(C=C4)C(=O)N2C6=O)C1=O)C3=O"
139165004,C32H18N10O6,638.1410782960002,"C1=CC=NC(=C1)C2=NNC(=C2)C(=NN3C(=O)C4=C5C(=CC=C6C5=C(C=C4)C(=O)N(C6=O)N=C(C7=CC(=NN7)C8=CC=CC=N8)O)C3=O)O"
139165850,C24H14N4O4+2,422.10040776818,"C1=CC2=C3C(=CC=C4C3=C1C(=O)[N+](=C5C=CNC=C5)C4=O)C(=O)[N+](=C6C=CNC=C6)C2=O"
139165852,C28H22N4O4+2,478.16300802418,"CCN1C=CC(=[N+]2C(=O)C3=C4C(=CC=C5C4=C(C=C3)C(=O)[N+](=C6C=CN(C=C6)CC)C5=O)C2=O)C=C1"
139176248,C26H24N6O4+2,484.18480608818004,"C1=CC2=C3C(=CC=C4C3=C1C(=O)N(C4=O)CCC[N+]5=CNC=C5)C(=O)N(C2=O)CCC[N+]6=CNC=C6"
139187643,C58H92N8O4S8,1220.5007214240002,"CCCCC(CC)CN1C(=O)C2=CC(=C3C4=C2C(=C(C=C4C(=O)N(C3=O)CC(CC)CCCC)N(CCSC(=S)N(CC)CC)CCSC(=S)N(CC)CC)C1=O)N(CCSC(=S)N(CC)CC)CCSC(=S)N(CC)CC"
139188766,C40H46N4O4+2,646.35080879218,"CCCCC(CC)CN1C(=O)C2=CC(=C3C4=C2C(=C(C=C4C(=O)N(C3=O)CC(CC)CCCC)[N+]5=CC=CC=C5)C1=O)[N+]6=CC=CC=C6"
139188768,C40H46N4O4+2,646.35080879218,"CCCCC(CC)CN1C(=O)C2=CC(=C3C4=C2C(=C(C=C4C(=O)N(C3=O)CC(CC)CCCC)[N+]5=CC=CC=C5)C1=O)[N+]6=CC=CC=C6"
139191445,C20H14N4O4S2+2,438.04454976817993,"C1=CC2=C3C(=CC=C4C3=C1C(=O)N(C4=O)CC[N+]#CS)C(=O)N(C2=O)CC[N+]#CS"
139194782,C22H10N6O8,486.05601128,"C1=CC2=C3C(=CC=C4C3=C1C(=O)N(C4=O)C5=CC(=O)NC(=O)N5)C(=O)N(C2=O)C6=CC(=O)NC(=O)N6"
139204127,C40H33N3O4S,651.2191775360001,"CCCCCCCCN1C(=O)C2=C3C(=CC=C4C3=C(C=C2)C(=O)N(C4=O)C5=CC=C(C=C5)N6C7=CC=CC=C7SC8=CC=CC=C86)C1=O"
139251901,C72H88N10O6+2,1188.68773337618,"CC(C)(C)C1=CC(=CC(=C1)C[N+]2=NN(C(=C2)COC3=CC=C(C=C3)CNCCCN4C(=O)C5=C6C(=CC=C7C6=C(C=C5)C(=O)N(C7=O)CCCNCC8=CC=C(C=C8)OCC9=C[N+](=NN9C)CC1=CC(=CC(=C1)C(C)(C)C)C(C)(C)C)C4=O)C)C(C)(C)C"
140828594,C52H32N6O5+2,820.24232096418,"C1=CC=C(C=C1)C2N=C3C=CC=CC3=[N+]2C4=CC(=CC(=C4)N5C(=O)C6=C7C(=CC=C8C7=C(C=C6)C(=O)N(C8=O)C9=CC=C(C=C9)O)C5=O)[N+]1=C2C=CC=CC2=NC1C1=CC=CC=C1"
140840818,C65H82N4O4S2+2,1046.57665194418,"CCCCC(CC)CN1C(=O)C2=CC(=C3C4=C(C=C(C(=C24)C1=O)C5=CC=C(S5)C)C(=O)N(C3=O)CC(CC)CCCC)C6=CC=C(S6)C7=CC8=C(C=C7)C9=C(C8(CCC[N+](C)(C)C)CCC[N+](C)(C)C)C=C(C=C9)C"
140840821,C75H102N4O4S2+2,1186.7331525841798,"CCCCC(CC)CN1C(=O)C2=CC(=C3C4=C(C=C(C(=C24)C1=O)C5=CC=C(S5)C)C(=O)N(C3=O)CC(CC)CCCC)C6=CC=C(S6)C7=CC8=C(C=C7)C9=C(C8(CCCCCC[N+](C)(CC)CC)CCCCCC[N+](C)(CC)CC)C=C(C=C9)C"
142423590,C36H32N6O4+2,612.24740634418,"CC=C(C=CNC)C1=CC=[N+](C=C1)N2C(=O)C3=C4C(=CC=C5C4=C(C=C3)C(=O)N(C5=O)NC=CC(=CC)C6=CC=[N+](C=C6)C)C2=O"
143129682,C44H34N2O6,686.241686808,"CC1(C=CC=C(C=C1)OC2=CC=C(C=C2)C3=CC=C(C=C3)OC4=CC=CC=C4)N5C(=O)C6=C7C(=CC=C8C7=C(C=C6)C(=O)N(C8=O)C(C)(C)C)C5=O"
143531767,C49H46N4O4,754.351905952,"CC1=CC=C(C=C1)NC2=C3C4=C5C(=C2)C(=O)N(C(=O)C5=C(C=C4C(=O)N(C3=O)C6=C(C=CC=C6C(C)C)C(C)C)NC7=CC=CC=C7)C8=C(C=CC=C8C(C)C)C"
143531769,C52H52N4O4,796.3988561439999,"CCCCC1=CC=C(C=C1)NC2=C3C4=C5C(=C2)C(=O)N(C(=O)C5=C(C=C4C(=O)N(C3=O)C6=C(C=CC=C6C(C)C)C(C)C)NC7=CC=CC=C7)C8=C(C=CC=C8C(C)C)C"
143668371,C35H36N4O7S,656.230470492,"CC(C)(CCOC(C)(C)CC1COC2=CSC=C2O1)N3C(=O)C4=C5C(=CC=C6C5=C(C=C4)C(=O)N(C6=O)CCCN7C=CN=C7)C3=O"
143925339,C32H30N2O4S2,570.16469944,"CC(C)(C)C1=CC=C(S1)C2=CC3=C4C5=C2C(=O)N(C(=O)C5=CC(=C4C(=O)N(C3=O)C)C6=CC=C(S6)C(C)(C)C)C"
144460551,C21H20N2O4,364.14230711999994,"CCCCCCN1C(=O)C2=C3C(=CC(=C4C3=C(C=C2)C(=O)NC4=O)C)C1=O"
145022959,C26H18N2O4S2,486.070799056,"CC1=CC=C(S1)C2=CC3=C4C5=C2C(=O)NC(=O)C5=CC(=C4C(=O)NC3=O)C6=CC=C(S6)C(C)C"
145146495,C29H20N2O10S2,620.0559368400001,"CC(C)C1=CC(=C(C=C1)C2=C(C=C(C=C2)N3C(=O)C4=C5C(=CC=C6C5=C(C=C4)C(=O)NC6=O)C3=O)S(=O)(=O)O)S(=O)(=O)O"
145558415,C15H8N2O4,280.048406736,"CC1=C2C3=C(C=CC4=C3C(=C1)C(=O)NC4=O)C(=O)NC2=O"
145560032,C23H24N2O4,392.17360724799994,"CCCN1C(=O)C2=C3C(=C(C=C4C3=C(C(=C2)C)C(=O)N(C4=O)CC(C)C)C)C1=O"
145926273,C46H64N4O12,864.4520734880001,"CCCCC(CC)CN1C(=O)C2=CC(=C3C4=C2C(=C(C=C4C(=O)N(C3=O)CC(CC)CCCC)N(CCOC(=O)C)CCOC(=O)C)C1=O)N(CCOC(=O)C)CCOC(=O)C"
145926274,C66H72N4O12,1112.5146737440002,"CCCCC(CC)CN1C(=O)C2=CC(=C3C4=C2C(=C(C=C4C(=O)N(C3=O)CC(CC)CCCC)N(CCOC(=O)C5=CC=CC=C5)CCOC(=O)C6=CC=CC=C6)C1=O)N(CCOC(=O)C7=CC=CC=C7)CCOC(=O)C8=CC=CC=C8"
145926292,C46H72N4O4S4,872.4436407840001,"CCCCC(CC)CN1C(=O)C2=CC(=C3C4=C2C(=C(C=C4C(=O)N(C3=O)CC(CC)CCCC)N(CCSCC)CCSCC)C1=O)N(CCSCC)CCSCC"
148748568,C84H63N5O12,1333.4473224559997,"CC1=CC=C(C=C1)N(C2=CC=C(C=C2)C)C3=CC=C(C=C3)CC(C(=O)OC4=CC=C(C=C4)N5C(=O)C6=C7C(=CC=C8C7=C(C=C6)C(=O)N(C8=O)C9=CC=C(C=C9)C(C)(C)C)C5=O)C(=O)OC1=CC=C(C=C1)N1C(=O)C2=C3C(=CC=C4C3=C(C=C2)C(=O)N(C4=O)C2=CC=C(C=C2)C(C)(C)C)C1=O"
148759672,C88H59N5O12,1377.4160223279998,"CC1=CC=C(C=C1)N(C2=CC=C(C=C2)C)C3=CC=C(C=C3)CC(C(=O)OC4=CC=C(C=C4)N5C(=O)C6=C7C(=CC=C8C7=C(C=C6)C(=O)N(C8=O)C9=CC=C(C=C9)C(C)(C)C)C5=O)C(=O)OC1=CC=C(C=C1)N1C(=O)C2=C3C(=CC=C4C3=C(C=C2)C(=O)N(C4=O)C2=CC3=CC4=CC=CC=C4C=C3C=C2)C1=O"
149126296,C20H14N2O8,410.0750154079999,"CC(C(=O)O)N1C(=O)C2=C3C(=CC=C4C3=C(C=C2)C(=O)N(C4=O)C(C)C(=O)O)C1=O"
152968395,C92H55N5O12,1421.3847221999997,"CC1=CC=C(C=C1)N(C2=CC=C(C=C2)C)C3=CC=C(C=C3)CC(C(=O)OC4=CC=C(C=C4)N5C(=O)C6=C7C(=CC=C8C7=C(C=C6)C(=O)N(C8=O)C9=CC1=CC2=CC=CC=C2C=C1C=C9)C5=O)C(=O)OC1=CC=C(C=C1)N1C(=O)C2=C3C(=CC=C4C3=C(C=C2)C(=O)N(C4=O)C2=CC3=CC4=CC=CC=C4C=C3C=C2)C1=O"
157145095,C27H16N2O5,448.1059216119999,"CC1=CC(=CC=C1)N2C(=O)C3=C4C(=CC=C5C4=C(C=C3)C(=O)N(C5=O)C6=CC(=CC=C6)O)C2=O"
157385014,C20H12N4O4,372.085854864,"CCN1C(=O)C2=CC(=C3C4=C(C(=CC(=C24)C1=O)C#N)C(=O)N(C3=O)CC)[N+]#[C-]"
157385015,C20H12N4O4,372.085854864,"CCN1C(=O)C2=CC(=C3C4=C(C=C(C(=C24)C1=O)C#N)C(=O)N(C3=O)CC)[N+]#[C-]"
157385016,C22H10N6O4,422.0763528,"CCN1C(=O)C2=C3C4=C(C(=C2C#N)C#N)C(=O)N(C(=O)C4=C(C(=C3C1=O)[N+]#[C-])[N+]#[C-])CC"
157807822,C23H16N2O7S,464.0678218519999,"CC1=C(C=C(C=C1)N2C(=O)C3=C4C(=CC=C5C4=C(C=C3)C(=O)N(C5=O)C)C2=O)S(=O)(=O)OC"
157807824,C24H18N2O10S2,558.040286776,"CC1=CC(=C(C=C1S(=O)(=O)OC)N2C(=O)C3=C4C(=CC=C5C4=C(C=C3)C(=O)N(C5=O)C)C2=O)CS(=O)(=O)O"
157937802,C27H16N2O8,496.0906654719999,"CC(C(=O)OC)N1C(=O)C2=C3C(=CC=C4C3=C(C=C2)C(=O)N(C4=O)C(C)C(=O)OC#CC#CC#C)C1=O"
158558388,C78H51N5O14,1281.3432513119997,"CC1=CC=C(C=C1)N(C2=CC=C(C=C2)C)C3=CC=C(C=C3)CC(C(=O)OC4=CC=C(C=C4)N5C(=O)C6=C7C(=CC=C8C7=C(C=C6)C(=O)N(C8=O)C9=CC=C(C=C9)CO)C5=O)C(=O)OC1=CC=C(C=C1)N1C(=O)C2=C3C(=CC=C4C3=C(C=C2)C(=O)N(C4=O)C2=CC=C(C=C2)OC)C1=O"
158558389,C81H57N5O13,1307.3952868839997,"CC1=CC=C(C=C1)N(C2=CC=C(C=C2)C)C3=CC=C(C=C3)CC(C(=O)OC4=CC=C(C=C4)N5C(=O)C6=C7C(=CC=C8C7=C(C=C6)C(=O)N(C8=O)C9=CC=C(C=C9)CO)C5=O)C(=O)OC1=CC=C(C=C1)N1C(=O)C2=C3C(=CC=C4C3=C(C=C2)C(=O)N(C4=O)C2=CC=C(C=C2)C(C)(C)C)C1=O"
158746658,C96H125N9O27,1835.8684897399992,"CN(C)CCN1C(=O)C2=C3C(=CC=C4C3=C(C=C2)C(=O)N(C4=O)CCCCCC(=O)CCCOCCOCCOCCOCCC(=O)CCCCOC5=CC(=CC(=C5)C(=O)NCCCCCC(=O)ON6C(=O)CCC6=O)OCCCCC(=O)CCOCCOCCOCCOCCNC(=O)CCCCCN7C(=O)C8=C9C(=CC=C2C9=C(C=C8)C(=O)N(C2=O)CCN(C)C)C7=O)C1=O"
158760669,C45H26N4O4,686.195405312,"[C-]#[N+]C1=C2C3=C(C=C(C4=C3C(=C1)C(=O)N(C4=O)C5=CC=CC=C5)C6=CC=C(C=C6)N(C7=CC=CC=C7)C8=CC=CC=C8)C(=O)N(C2=O)C9=CC=CC=C9"
159175816,C54H56N6O8,916.415962752,"CCCCCCN1C(=O)C2=CC(=C3C4=C(C=C(C(=C24)C1=O)C#N)C(=O)N(C3=O)CCCCCC)C5=CC6=C7C8=C5C(=O)N(C(=O)C8=CC(=C7C(=O)N(C6=O)CCCCCC)[N+]#[C-])CCCCCC"
159175817,C68H71N7O8S2,1177.480554232,"CCCCCCN1C2=C(C3=C1C=C(S3)C4=C5C6=C(C=C(C7=C6C(=C4)C(=O)N(C7=O)CCCCCC)C#N)C(=O)N(C5=O)CCCCCC)SC(=C2)C8=CC9=C1C2=C8C(=O)N(C(=O)C2=CC(=C1C(=O)N(C9=O)CCCCCC)[N+]#[C-])CCCCCC"
159205889,C109H122N10O27S4,2130.7363726439985,"CCCN1C(=O)C2=C3C(=CC=C4C3=C(C=C2)C(=C)N(C4=O)CCCCC(CC(=O)C(C(C)C)NC(=O)C(CCC(=O)O)CC(=O)C(C(C)C)NC(=O)CCC(=O)CNC(=O)C5=CC=C(S5)C6=CC=C(S6)C7=CC=C(S7)C8=CC=C(S8)C(=O)CCC(=O)NCC(=O)CC(C(C)C)C(=O)NC(CCC(=O)O)C(=O)CC(C(C)C)C(=O)NC(CCCCN9C(=O)C2=C3C(=CC=C4C3=C(C=C2)C(=O)N(C4=O)CCC)C9=O)C(=O)O)C(=O)O)C1=O"
159205890,C109H122N10O27S4,2130.736372643998,"CCCN1C(=O)C2=C3C(=CC=C4C3=C(C=C2)C(=O)N(C4=O)CCCCC(CC(=O)CNC(=O)CCC(=O)C5=CC=C(S5)C6=CC=C(S6)C7=CC=C(S7)C8=CC=C(S8)C(=O)NCC(=O)CCC(=O)NC(CCCCN9C(=O)C2=C3C(=CC=C4C3=C(C=C2)C(=O)N(C4=O)CCC)C9=O)C(=O)CC(C(C)C)C(=O)NC(CCC(=O)O)C(=O)CC(C(C)C)C(=O)C)C(=O)NC(C(C)C)C(=O)CC(CCC(=O)O)C(=O)NC(C(C)C)C(=O)O)C1=O"
159718506,C59H77N7O4,947.6037039439999,"CCCCCCC(CCCCCC)N1C(=O)C2=C3CC(=NC3=C4C5=C2C(=C6C(=C5C(=O)N(C4=O)C(CCCCCC)CCCCCC)NC(=N6)C7=CC=CC=C7N(C)C)C1=O)C8=CC=CC=C8N(C)C"
159927605,C60H42N6O12,1038.2860707840002,"C1CCC2C(C1)N3C(=O)C4=C5C(=CC=C6C5=C(C=C4)C(=O)N(C6=O)C7CCCCC7N8C(=O)C9=C1C(=CC=C4C1=C(C=C9)C(=O)N(C4=O)C1CCCCC1N1C(=O)C4=C5C(=CC=C6C5=C(C=C4)C(=O)N2C6=O)C1=O)C8=O)C3=O"
160021952,C97H127N9O26,1833.8892251839989,"CN(C)CCN1C(=O)C2=C3C(=CC=C4C3=C(C=C2)C(=O)N(C4=O)CCCCCC(=O)CCCOCCOCCOCCOCCC(=O)CCCCOC5=CC(=CC(=C5)C(=O)NCCCCCC(=O)ON6C(=C)CCC6=O)OCCCCC(=O)CCOCCOCCOCCOCCNC(=O)CCCCCN7C(=O)C8=C9C(=CC=C2C9=C(C=C8)C(=O)N(C2=O)CCN(C)C)C7=O)C1=O"
160107671,C100H102N10O30S4,2050.564615863998,"CCCN1C(=O)C2=C3C(=CC=C4C3=C(C=C2)C(=O)N(C4=O)CCCCC(CC(=O)CNC(=O)CCC(=O)C5=CC=C(S5)C6=CC=C(S6)C7=CC=C(S7)C8=CC=C(S8)C(=O)NCC(=O)CCC(=O)NC(CCCCN9C(=O)C2=C3C(=CC=C4C3=C(C=C2)C(=O)N(C4=O)CCC)C9=O)C(=O)CC(CC(=O)O)C(=O)NC(C)C(=O)CC(CC)C(=O)O)C(=O)NC(COC=O)C(=O)CC(C)C(=O)NC(COC=O)C(=O)O)C1=O"
160107672,C109H122N10O27S4,2130.736372643998,"CCCN1C(=O)C2=C3C(=CC=C4C3=C(C=C2)C(=O)N(C4=O)CCCCC(CC(=O)CNC(=O)C5=CC=C(S5)C6=CC=C(S6)C7=CC=C(S7)C8=CC=C(S8)C(=O)CCC(=O)NC(CCCCN9C(=O)C2=C3C(=CC=C4C3=C(C=C2)C(=O)N(C4=O)CCC)C9=O)C(=O)CCC(=O)NC(C(C)C)C(=O)CC(CCC(=O)O)C(=O)NC(C(C)C)C(=O)O)C(=O)NCC(=O)CC(C(C)C)C(=O)NC(CCC(=O)O)C(=O)CC(C(C)C)C(=O)C)C1=O"
160252191,C56H58N6O12,1006.4112712960002,"CC(C)(C)OC(=O)NC1CCCCC1N2C(=O)C3=C4C(=CC=C5C4=C(C=C3)C(=O)N(C5=O)C6CCCCC6N7C(=O)C8=C9C(=CC=C1C9=C(C=C8)C(=O)N(C1=O)C1CCCCC1NC(=O)OC(C)(C)C)C7=O)C2=O"
160605454,C65H72N6O19,1240.4852240839998,"CC(C)C(CC(=O)C(CC(=O)O)NC(=O)C(CC1=CC=CC=C1)CC(=O)C(C)NC(=O)CN2C(=O)C3=C4C(=CC=C5C4=C(C=C3)C(=O)N(C5=O)CC(=O)CC(C)C(=O)NC(CC6=CC=CC=C6)C(=O)CC(CC(=O)O)C(=O)NC(C(C)C)C(=O)C)C2=O)C(=O)O"
160991660,C55H67N5O4,861.519305624,"CCCCCCC(CCCCCC)N1C(=O)C2=C3CC(=NC3=C4C5=C2C(=C6C(=C5C(=O)N(C4=O)C(CCCCCC)CCCCCC)NC(=N6)C7=CC=CC=C7)C1=O)C8=CC=CC=C8"
160991661,C63H71N5O4,961.5506057519999,"CCCCCCC(CCCCCC)N1C(=O)C2=C3CC(=NC3=C4C5=C2C(=C6C(=C5C(=O)N(C4=O)C(CCCCCC)CCCCCC)NC(=N6)C7=CC8=CC=CC=C8C=C7)C1=O)C9=CC1=CC=CC=C1C=C9"
161525288,C85H53N5O13,1351.3639867559996,"CC1=CC=C(C=C1)N(C2=CC=C(C=C2)C)C3=CC=C(C=C3)CC(C(=O)OC4=CC=C(C=C4)N5C(=O)C6=C7C(=CC=C8C7=C(C=C6)C(=O)N(C8=O)C9=CC=C(C=C9)CO)C5=O)C(=O)OC1=CC=C(C=C1)N1C(=O)C2=C3C(=CC=C4C3=C(C=C2)C(=O)N(C4=O)C2=CC3=CC4=CC=CC=C4C=C3C=C2)C1=O"
161538077,C65H72N6O19,1240.4852240839998,"CC(C)C(CC(=O)C(CC(=O)O)NC(=O)C(CC1=CC=CC=C1)CC(=O)C(C)NC(=O)CN2C(=O)C3=C4C(=CC=C5C4=C(C=C3)C(=O)N(C5=O)CC(=O)CC(C)C(=O)NC(CC6=CC=CC=C6)C(=O)CC(CC(=O)O)C(=O)NC(C(C)C)C(=O)C)C2=O)C(=O)O"
161876554,C23H21N3O6,435.143035392,"CCC(=O)CN1C(=O)C2=C3C(=CC=C4C3=C(C=C2)C(=O)N(C4=O)CC(=O)NC(C)C)C1=O"
162368320,C20H11N3O4,357.07495583200006,"C1=CC2=C3C(=CC=C4C3=C1C(=O)NC4=O)C(=O)N(C2=O)CC5=CC=NC=C5"
163485036,C38H31N3O9,673.206029572,"CC(=O)C(CC1=CC=CC=C1)NC(=O)CN2C(=O)C3=C4C(=CC=C5C4=C(C=C3)C(=O)N(C5=O)CC(=O)CC(CC6=CC=CC=C6)C(=O)O)C2=O"
163485037,C38H31N3O9,673.206029572,"CC(=O)C(CC1=CC=CC=C1)NC(=O)CN2C(=O)C3=C4C(=CC=C5C4=C(C=C3)C(=O)N(C5=O)CC(=O)CC(CC6=CC=CC=C6)C(=O)O)C2=O"
163962776,C18H12N2O4,320.07970686399995,"CC(=C)N1C(=O)C2=C3C(=CC=C4C3=C(C=C2)C(=O)N(C4=O)C)C1=O"
164015405,C32H12N4O4,516.085854864,"C#CC1=C(C=C(C=C1)N2C(=O)C3=C4C(=CC=C5C4=C(C=C3)C(=O)N(C5=O)C6=CC(=C(C=C6)C#N)C#N)C2=O)C#C"
164985692,C26H18N2O4S2,486.070799056,"CC1=CC=C(S1)C2=CC3=C4C5=C2C(=O)N(C(=O)C5=CC(=C4C(=O)N(C3=O)C)C6=CC=C(S6)C)C"
165043877,C33H41N5O7,619.300598652,"CCCCN1C(=O)C2=C3C(=CC=C4C3=C(C=C2)C(=O)N(C4=O)CCCCC(CC(=O)C(CCCCN)NC(=O)C)C(=O)N)C1=O"
165043878,C46H49N5O8,799.358113528,"CCCCN1C(=O)C2=C3C(=CC=C4C3=C(C=C2)C(=O)N(C4=O)CCCCC(CC(=O)C(CCCCN)NC(=O)OCC5C6=CC=CC=C6C7=CC=CC=C57)C(=O)N)C1=O"
165051468,C20H14N2O6,378.08518616799995,"CC(=O)CN1C(=O)C2=C3C(=CC=C4C3=C(C=C2)C(=O)N(C4=O)CC(=O)C)C1=O"
165070399,C21H16N2O7,408.0957508519999,"CCOC(=O)CN1C(=O)C2=C3C(=CC=C4C3=C(C=C2)C(=O)N(C4=O)CC(=O)C)C1=O"
165087236,C35H45N5O6,631.33698416,"C1CCN(C1)CCCC2=C3C4=C(C=CC5=C4C(=C2)C(=O)N(C5=O)CCCN6CCOCC6)C(=O)N(C3=O)CCCN7CCOCC7"
165412381,C76H94N4O10S2,1286.641137208,"CCCCC(CC)CN1C(=O)C2=CC(=C3C4=C(C=C(C(=C24)C1=O)C5=CC=C(S5)C6=CC=C(S6)C7=CC8=C9C1=C7C(=O)N(C(=O)C1=CC(=C9C(=O)N(C8=O)CC(CC)CCCC)OCCCC)CC(CC)CCCC)C(=O)N(C3=O)CC(CC)CCCC)OCCCC"
165412382,C76H96N6O8S2,1284.6731060319999,"CCCCC(CC)CN1C(=O)C2=CC(=C3C4=C(C=C(C(=C24)C1=O)C5=CC=C(S5)C6=CC=C(S6)C7=CC8=C9C1=C7C(=O)N(C(=O)C1=CC(=C9C(=O)N(C8=O)CC(CC)CCCC)NCCCC)CC(CC)CCCC)C(=O)N(C3=O)CC(CC)CCCC)NCCCC"
165412383,C44H50N2O6,702.36688732,"CCCCC(CC)CN1C(=O)C2=CC(=C3C4=C(C=C(C(=C24)C1=O)C5=CC=C(C=C5)OC)C(=O)N(C3=O)CC(CC)CCCC)C6=CC=C(C=C6)OC"
165412384,C42H46N2O4,642.345757952,"CCCCC(CC)CN1C(=O)C2=CC(=C3C4=C(C=C(C(=C24)C1=O)C5=CC=CC=C5)C(=O)N(C3=O)CC(CC)CCCC)C6=CC=CC=C6"
165412385,C44H50N2O4,670.37705808,"CCCCC(CC)CN1C(=O)C2=CC(=C3C4=C(C=C(C(=C24)C1=O)C5=CC=C(C=C5)C)C(=O)N(C3=O)CC(CC)CCCC)C6=CC=C(C=C6)C"
165412386,C44H50N2O4,670.37705808,"CCCCC(CC)CN1C(=O)C2=CC(=C3C4=C(C=C(C(=C24)C1=O)C5=CC=CC=C5C)C(=O)N(C3=O)CC(CC)CCCC)C6=CC=CC=C6C"
165412387,C46H54N2O4,698.408358208,"CCCCC(CC)CN1C(=O)C2=CC(=C3C4=C(C=C(C(=C24)C1=O)C5=C(C=CC=C5C)C)C(=O)N(C3=O)CC(CC)CCCC)C6=C(C=CC=C6C)C"
165412388,C50H50N2O4,742.37705808,"CCCCC(CC)CN1C(=O)C2=CC(=C3C4=C(C=C(C(=C24)C1=O)C5=CC=CC6=CC=CC=C65)C(=O)N(C3=O)CC(CC)CCCC)C7=CC=CC8=CC=CC=C87"
165412389,C40H46N2O4S2,682.289899952,"CCCCC(CC)CN1C(=O)C2=CC(=C3C4=C(C=C(C(=C24)C1=O)C5=CC(=CS5)C)C(=O)N(C3=O)CC(CC)CCCC)C6=CC(=CS6)C"
165412390,C42H44N4O8,732.3159143679999,"CCCCC(CC)CN1C(=O)C2=CC(=C3C4=C(C=C(C(=C24)C1=O)C5=CC=C(C=C5)[N+](=O)[O-])C(=O)N(C3=O)CC(CC)CCCC)C6=CC=C(C=C6)[N+](=O)[O-]"
165412392,C46H46N2O4,690.345757952,"CCCCC(CC)CN1C(=O)C2=CC(=C3C4=C(C=C(C(=C24)C1=O)C#CC5=CC=CC=C5)C(=O)N(C3=O)CC(CC)CCCC)C#CC6=CC=CC=C6"
165412393,C48H50N2O6,750.36688732,"CCCCC(CC)CN1C(=O)C2=CC(=C3C4=C(C=C(C(=C24)C1=O)C#CC5=CC=C(C=C5)OC)C(=O)N(C3=O)CC(CC)CCCC)C#CC6=CC=C(C=C6)OC"
165412394,C50H56N4O4,776.430156272,"CCCCC(CC)CN1C(=O)C2=CC(=C3C4=C(C=C(C(=C24)C1=O)C#CC5=CC=C(C=C5)N(C)C)C(=O)N(C3=O)CC(CC)CCCC)C#CC6=CC=C(C=C6)N(C)C"
165412396,C50H50N2O6,774.36688732,"CCCCC(CC)CN1C(=O)C2=CC(=C3C4=C(C=C(C(=C24)C1=O)C#CC5=CC=C(C=C5)C(=O)C)C(=O)N(C3=O)CC(CC)CCCC)C#CC6=CC=C(C=C6)C(=O)C"
165412397,C42H42N2O4S2,702.258599824,"CCCCC(CC)CN1C(=O)C2=CC(=C3C4=C(C=C(C(=C24)C1=O)C#CC5=CC=CS5)C(=O)N(C3=O)CC(CC)CCCC)C#CC6=CC=CS6"
165412398,C54H56N4O4,824.430156272,"CCCCC(CC)CN1C(=O)C2=CC(=C3C4=C2C(=C(C=C4C(=O)N(C3=O)CC(CC)CCCC)N(C5=CC=CC=C5)C6=CC=CC=C6)C1=O)N(C7=CC=CC=C7)C8=CC=CC=C8"
165412399,C54H52N4O4,820.398856144,"CCCCC(CC)CN1C(=O)C2=CC(=C3C4=C2C(=C(C=C4C(=O)N(C3=O)CC(CC)CCCC)N5C6=CC=CC=C6C7=CC=CC=C75)C1=O)N8C9=CC=CC=C9C1=CC=CC=C18"
165412400,C58H64N4O8,944.4724150080001,"CCCCC(CC)CN1C(=O)C2=CC(=C3C4=C2C(=C(C=C4C(=O)N(C3=O)CC(CC)CCCC)N(C5=CC=C(C=C5)OC)C6=CC=C(C=C6)OC)C1=O)N(C7=CC=C(C=C7)OC)C8=CC=C(C=C8)OC"
165412401,C46H56N4O4,728.430156272,"CCCCC(CC)CN1C(=O)C2=CC(=C3C4=C2C(=C(C=C4C(=O)N(C3=O)CC(CC)CCCC)N(CC)C5=CC=CC=C5)C1=O)N(CC)C6=CC=CC=C6"
165998761,C28H20N4O4,476.14845511999994,"C1=CC=NC(=C1)CCN2C(=O)C3=C4C(=CC=C5C4=C(C=C3)C(=O)N(C5=O)CCC6=CC=CC=N6)C2=O"
168303497,C22H22N2O4,378.15795718399994,"CCCCC(CC)CN1C(=O)C2=C3C(=CC=C4C3=C(C=C2)C(=O)NC4=O)C1=O"
168331899,C46H46N2O12,818.305074912,"CCCCN1C(=O)C2=C3C(=CC=C4C3=C(C=C2)C(=O)N(C4=O)C5=CC6=CC(=C5)OCCOCCOCCOC7=CC8=CC=CC=C8C=C7OCCOCCOCCO6)C1=O"
168331901,C42H47N3O10,753.326144704,"CCCCN1C(=O)C2=C3C(=CC=C4C3=C(C=C2)C(=O)N(C4=O)CCN5CCOCCOCCOC6=CC7=CC=CC=C7C=C6OCCOCCOCC5)C1=O"
168333673,C36H40N2O12,692.25812472,"C1COCCOCCOCCOCC#CC#CCOCCOCCOCCOCCN2C(=O)C3=C4C(=CC=C5C4=C(C=C3)C(=O)N1C5=O)C2=O"
168339233,C32H22N2O8,562.137615664,"C1=CC=C(C=C1)CC(C(=O)O)N2C(=O)C3=C4C(=CC=C5C4=C(C=C3)C(=O)N(C5=O)C(CC6=CC=CC=C6)C(=O)O)C2=O"
168340237,C40H26N2O4,598.189257312,"C1=CC=C(C=C1)CC2=CC=CC=C2N3C(=O)C4=C5C(=CC=C6C5=C(C=C4)C(=O)N(C6=O)C7=CC=CC=C7CC8=CC=CC=C8)C3=O"
168400170,C26H26N2O4,430.189257312,"CC#CC1=C2C3=C(C=C(C4=C3C(=C1)C(=O)N(C4=O)CC(C)C)C)C(=O)N(C2=O)CC(C)C"
168403716,C64H94N2O4S2,1018.665501488,"CCCCCCCCCCC(CCCCCCCC)CN1C(=O)C2=CC(=C3C4=C(C=C(C(=C24)C1=O)C5=CC=C(S5)C)C(=O)N(C3=O)CC(CCCCCCCC)CCCCCCCCCC)C6=CC=C(S6)C"
168406087,C26H28N2O4,432.204907376,"CC=CC1=C2C3=C(C=C(C4=C3C(=C1)C(=O)N(C4=O)CC(C)C)C)C(=O)N(C2=O)CC(C)C"
168435911,C50H62N2O6,786.460787704,"CCCCN1C(=O)C2=CC(=C3C4=C(C=C(C(=C24)C1=O)C5=CC(=C(C(=C5)C(C)(C)C)O)C(C)(C)C)C(=O)N(C3=O)CCCC)C6=CC(=C(C(=C6)C(C)(C)C)O)C(C)(C)C"
168438370,C36H42N2O5,582.309372444,"CCCCN1C(=O)C2=C3C(=CC(=C4C3=C(C=C2)C(=O)N(C4=O)CCCC)C5=CC(=C(C(=C5)C(C)(C)C)O)C(C)(C)C)C1=O"
168440596,C22H22N2O6,410.14778642399995,"CCN1C(=O)C2=CC(=C3C4=C2C(=C(C=C4C(=O)N(C3=O)CC)OCC)C1=O)OCC"
168447551,C62H90N2O6S2,1022.6240306000001,"CCCCCCCCCCC(CCCCCCCC)CON1C(=O)C2=C3C(=CC(=C4C3=C(C=C2)C(=O)N(C4=O)OCC(CCCCCCCC)CCCCCCCCCC)C5=CC=C(S5)C6=CC=CS6)C1=O"
169239886,C40H28N4O8,692.1907138560001,"CCC(=O)C1=C2C(=CC=C3C2=C(C=C1)C(=O)N(C3=O)C4=CC=C(C=C4)C(C)(C)N5C(=O)C6=C7C(=CC=C8C7=C(C=C6)C(=O)N(C8=O)C)C5=O)C(=O)N"
169239890,C69H58N8O4,1062.458102336,"CCC(CC)C1=CC=C(C=C1)C2=NC(=NC(=N2)C3=CC=C(C=C3)C)C(C)(C)C4=CC=C(C=C4)N5C(=O)C6=C7C(=CC=C8C7=C(C=C6)C(=O)N(C8=O)C9=CC=C(C=C9)C1=NC(=NC(=N1)C1=CC=C(C=C1)C(C)C)C1=CC=C(C=C1)C)C5=O"
169501338,C20H10N6O4,398.0763528,"C1=CC2=C3C(=CC=C4C3=C1C(=O)N(C4=O)C5=CNN=C5)C(=O)N(C2=O)C6=CNN=C6"
170900601,C30H42N4O4+2,522.31950866418,"CCC[N+](C)(C)CCCN1C(=O)C2=C3C(=CC=C4C3=C(C=C2)C(=O)N(C4=O)CCC[N+](C)(C)CCC)C1=O"
170920619,C26H28N4O4,460.21105537599993,"C1CCC(C(C1)N)N2C(=O)C3=C4C(=CC=C5C4=C(C=C3)C(=O)N(C5=O)C6CCCCC6N)C2=O"
171378510,C30H38N4O6+2,550.27803777618,"C[N+]1(CCOCC1)CCCN2C(=O)C3=C4C(=CC=C5C4=C(C=C3)C(=O)N(C5=O)CCC[N+]6(CCOCC6)C)C2=O"
172638707,C71H100N22O13,1468.7840212599992,"CCCCCCN1C(=O)C2=C3C(=CC=C4C3=C(C=C2)C(=O)N(C4=O)CCC(=O)NC(CC5=CC=CC=C5)C(=O)NC(CC6=CC=CC=C6)C(=O)NC(CCCNC(=N)N)C(=O)NC(CCCNC(=N)N)C(=O)NC(CCCNC(=N)N)C(=O)NC(CCCNC(=N)N)C(=O)NC(CCCCN)C(=O)O)C1=O"
172878727,C16H6N2O8,354.01241515199996,"C1=CC2=C3C(=CC=C4C3=C1C(=O)N(C4=O)C(=O)O)C(=O)N(C2=O)C(=O)O"
175687125,C70H58N2O4,990.4396583360001,"CCCCCCCCN1C(=O)C2=C3C4=C(C5=C2C6=CC7=CC=CC=CC7=C6C8=C9C=CC=CC=C9C=C85)C(=O)N(C(=O)C4=C2C4=CC5=CC=CC=CC5=C4C4=C5C=CC=CC=C5C=C4C2=C3C1=O)CCCCCCCC"
